query_id,dataset,scenario,best_method,best_recall,rule_pred,XGBoost_pred,RandomForest_pred,MLP_pred,LogisticRegression_pred
0,LAION1M,and,UNG,1.0,UNG,UNG,UNG,UNG,UNG
0,LAION1M,equal,UNG,1.0,UNG,UNG,UNG,UNG,UNG
0,LAION1M,or,UNG,1.0,Post-filter,StitchedVamana,UNG,UNG,StitchedVamana
0,arxiv,and,UNG,1.0,SIEVE,UNG,UNG,UNG,UNG
0,arxiv,equal,UNG,1.0,UNG,UNG,UNG,UNG,UNG
0,arxiv,or,UNG,1.0,Post-filter,Post-filter,StitchedVamana,Post-filter,UNG
0,tripclick,and,UNG,1.0,UNG,UNG,UNG,UNG,UNG
0,tripclick,equal,UNG,1.0,UNG,UNG,UNG,UNG,UNG
0,tripclick,or,UNG,1.0,Post-filter,UNG,UNG,UNG,UNG
0,yfcc,and,FilteredVamana,1.0,SIEVE,UNG,UNG,UNG,StitchedVamana
0,yfcc,equal,UNG,1.0,UNG,UNG,UNG,UNG,StitchedVamana
0,yfcc,or,FilteredVamana,1.0,Post-filter,StitchedVamana,StitchedVamana,UNG,StitchedVamana
0,ytb_audio,and,SIEVE,1.0,SIEVE,UNG,UNG,UNG,Post-filter
0,ytb_audio,equal,UNG,1.0,UNG,UNG,UNG,UNG,Post-filter
0,ytb_audio,or,StitchedVamana,1.0,Post-filter,UNG,FilteredVamana,UNG,Post-filter
0,ytb_video,and,UNG,1.0,UNG,UNG,UNG,UNG,Post-filter
0,ytb_video,equal,UNG,1.0,UNG,UNG,UNG,UNG,UNG
0,ytb_video,or,StitchedVamana,1.0,UNG,UNG,UNG,UNG,Post-filter
1,LAION1M,and,UNG,1.0,UNG,Post-filter,UNG,UNG,UNG
1,LAION1M,equal,UNG,1.0,UNG,UNG,UNG,UNG,UNG
1,LAION1M,or,UNG,1.0,Post-filter,UNG,UNG,UNG,UNG
1,arxiv,and,FilteredVamana,1.0,SIEVE,UNG,UNG,UNG,UNG
1,arxiv,equal,UNG,1.0,UNG,UNG,UNG,UNG,UNG
1,arxiv,or,FilteredVamana,1.0,Post-filter,Post-filter,StitchedVamana,Post-filter,UNG
1,tripclick,and,UNG,1.0,UNG,UNG,UNG,UNG,UNG
1,tripclick,equal,UNG,1.0,UNG,UNG,UNG,UNG,UNG
1,tripclick,or,UNG,1.0,Post-filter,UNG,UNG,UNG,UNG
1,yfcc,and,FilteredVamana,1.0,SIEVE,UNG,UNG,UNG,StitchedVamana
1,yfcc,equal,UNG,1.0,UNG,UNG,UNG,UNG,StitchedVamana
1,yfcc,or,FilteredVamana,1.0,Post-filter,StitchedVamana,StitchedVamana,UNG,StitchedVamana
1,ytb_audio,and,UNG,1.0,SIEVE,UNG,UNG,UNG,Post-filter
1,ytb_audio,equal,UNG,1.0,UNG,UNG,UNG,UNG,Post-filter
1,ytb_audio,or,UNG,1.0,Post-filter,UNG,UNG,UNG,Post-filter
1,ytb_video,and,UNG,1.0,UNG,UNG,UNG,UNG,Post-filter
1,ytb_video,equal,UNG,1.0,UNG,UNG,UNG,UNG,UNG
1,ytb_video,or,StitchedVamana,1.0,UNG,UNG,UNG,UNG,Post-filter
2,LAION1M,and,UNG,1.0,UNG,Post-filter,UNG,UNG,UNG
2,LAION1M,equal,UNG,1.0,UNG,UNG,UNG,UNG,UNG
2,LAION1M,or,UNG,1.0,Post-filter,UNG,UNG,UNG,StitchedVamana
2,arxiv,and,UNG,1.0,SIEVE,UNG,UNG,UNG,UNG
2,arxiv,equal,UNG,1.0,UNG,UNG,UNG,UNG,UNG
2,arxiv,or,UNG,1.0,Post-filter,UNG,UNG,Post-filter,UNG
2,tripclick,and,UNG,1.0,UNG,UNG,UNG,UNG,UNG
2,tripclick,equal,UNG,1.0,UNG,UNG,UNG,UNG,UNG
2,tripclick,or,UNG,1.0,Post-filter,UNG,UNG,UNG,UNG
2,yfcc,and,UNG,1.0,SIEVE,UNG,UNG,UNG,StitchedVamana
2,yfcc,equal,UNG,1.0,UNG,UNG,UNG,UNG,StitchedVamana
2,yfcc,or,FilteredVamana,1.0,Post-filter,FilteredVamana,StitchedVamana,UNG,StitchedVamana
2,ytb_audio,and,UNG,1.0,SIEVE,UNG,UNG,UNG,Post-filter
2,ytb_audio,equal,UNG,1.0,UNG,UNG,UNG,UNG,Post-filter
2,ytb_audio,or,StitchedVamana,1.0,Post-filter,UNG,FilteredVamana,UNG,Post-filter
2,ytb_video,and,UNG,1.0,UNG,UNG,UNG,UNG,Post-filter
2,ytb_video,equal,UNG,1.0,UNG,UNG,UNG,UNG,UNG
2,ytb_video,or,StitchedVamana,1.0,UNG,UNG,UNG,UNG,Post-filter
3,LAION1M,and,UNG,1.0,UNG,Post-filter,UNG,UNG,UNG
3,LAION1M,equal,UNG,1.0,UNG,UNG,UNG,UNG,UNG
3,LAION1M,or,UNG,1.0,Post-filter,Post-filter,UNG,UNG,UNG
3,arxiv,and,FilteredVamana,1.0,SIEVE,UNG,UNG,UNG,UNG
3,arxiv,equal,UNG,1.0,UNG,UNG,UNG,UNG,UNG
3,arxiv,or,FilteredVamana,1.0,Post-filter,Post-filter,StitchedVamana,Post-filter,UNG
3,tripclick,and,UNG,1.0,UNG,UNG,UNG,UNG,UNG
3,tripclick,equal,UNG,1.0,UNG,UNG,UNG,UNG,UNG
3,tripclick,or,UNG,1.0,Post-filter,UNG,UNG,UNG,UNG
3,yfcc,and,FilteredVamana,1.0,SIEVE,UNG,UNG,UNG,StitchedVamana
3,yfcc,equal,UNG,1.0,UNG,UNG,UNG,UNG,StitchedVamana
3,yfcc,or,FilteredVamana,1.0,Post-filter,StitchedVamana,StitchedVamana,UNG,StitchedVamana
3,ytb_audio,and,SIEVE,1.0,SIEVE,UNG,UNG,UNG,Post-filter
3,ytb_audio,equal,UNG,1.0,UNG,UNG,UNG,UNG,Post-filter
3,ytb_audio,or,StitchedVamana,1.0,Post-filter,UNG,FilteredVamana,UNG,Post-filter
3,ytb_video,and,UNG,1.0,UNG,UNG,UNG,UNG,Post-filter
3,ytb_video,equal,UNG,1.0,UNG,UNG,UNG,UNG,UNG
3,ytb_video,or,StitchedVamana,1.0,UNG,UNG,UNG,UNG,Post-filter
4,LAION1M,and,UNG,1.0,UNG,UNG,UNG,UNG,UNG
4,LAION1M,equal,UNG,1.0,UNG,UNG,UNG,UNG,UNG
4,LAION1M,or,UNG,1.0,Post-filter,UNG,UNG,UNG,StitchedVamana
4,arxiv,and,UNG,1.0,SIEVE,UNG,UNG,UNG,UNG
4,arxiv,equal,UNG,1.0,UNG,UNG,UNG,UNG,UNG
4,arxiv,or,FilteredVamana,1.0,Post-filter,Post-filter,StitchedVamana,Post-filter,Post-filter
4,tripclick,and,UNG,1.0,UNG,UNG,UNG,UNG,UNG
4,tripclick,equal,UNG,1.0,UNG,UNG,UNG,UNG,UNG
4,tripclick,or,UNG,1.0,Post-filter,UNG,UNG,UNG,UNG
4,yfcc,and,Post-filter,1.0,SIEVE,UNG,UNG,UNG,StitchedVamana
4,yfcc,equal,UNG,1.0,UNG,UNG,UNG,UNG,StitchedVamana
4,yfcc,or,FilteredVamana,1.0,Post-filter,StitchedVamana,StitchedVamana,UNG,StitchedVamana
4,ytb_audio,and,UNG,1.0,SIEVE,UNG,UNG,UNG,Post-filter
4,ytb_audio,equal,UNG,1.0,UNG,UNG,UNG,UNG,Post-filter
4,ytb_audio,or,StitchedVamana,1.0,Post-filter,UNG,FilteredVamana,UNG,Post-filter
4,ytb_video,and,UNG,0.9,UNG,UNG,UNG,UNG,Post-filter
4,ytb_video,equal,UNG,1.0,UNG,UNG,UNG,UNG,UNG
4,ytb_video,or,UNG,1.0,UNG,UNG,UNG,UNG,Post-filter
5,LAION1M,and,UNG,1.0,UNG,UNG,UNG,UNG,UNG
5,LAION1M,equal,UNG,1.0,UNG,UNG,UNG,UNG,UNG
5,LAION1M,or,UNG,1.0,Post-filter,UNG,UNG,UNG,UNG
5,arxiv,and,UNG,1.0,SIEVE,UNG,UNG,UNG,UNG
5,arxiv,equal,UNG,1.0,UNG,UNG,UNG,UNG,UNG
5,arxiv,or,UNG,1.0,Post-filter,UNG,UNG,Post-filter,UNG
5,tripclick,and,UNG,1.0,UNG,UNG,UNG,UNG,UNG
5,tripclick,equal,UNG,1.0,UNG,UNG,UNG,UNG,UNG
5,tripclick,or,UNG,1.0,Post-filter,UNG,UNG,UNG,UNG
5,yfcc,and,UNG,1.0,SIEVE,UNG,UNG,UNG,StitchedVamana
5,yfcc,equal,UNG,1.0,UNG,UNG,UNG,UNG,StitchedVamana
5,yfcc,or,FilteredVamana,1.0,Post-filter,StitchedVamana,StitchedVamana,UNG,StitchedVamana
5,ytb_audio,and,UNG,1.0,SIEVE,UNG,UNG,UNG,Post-filter
5,ytb_audio,equal,UNG,1.0,UNG,UNG,UNG,UNG,Post-filter
5,ytb_audio,or,StitchedVamana,1.0,Post-filter,UNG,UNG,UNG,Post-filter
5,ytb_video,and,UNG,1.0,UNG,UNG,UNG,UNG,Post-filter
5,ytb_video,equal,UNG,1.0,UNG,UNG,UNG,UNG,UNG
5,ytb_video,or,StitchedVamana,1.0,UNG,UNG,UNG,UNG,Post-filter
6,LAION1M,and,UNG,1.0,UNG,Post-filter,UNG,UNG,UNG
6,LAION1M,equal,UNG,1.0,UNG,UNG,UNG,UNG,UNG
6,LAION1M,or,Post-filter,1.0,Post-filter,UNG,UNG,UNG,UNG
6,arxiv,and,UNG,1.0,SIEVE,UNG,UNG,UNG,UNG
6,arxiv,equal,UNG,1.0,UNG,UNG,UNG,UNG,UNG
6,arxiv,or,FilteredVamana,1.0,Post-filter,Post-filter,StitchedVamana,Post-filter,UNG
6,tripclick,and,UNG,1.0,UNG,UNG,UNG,UNG,UNG
6,tripclick,equal,UNG,1.0,UNG,UNG,UNG,UNG,UNG
6,tripclick,or,UNG,1.0,Post-filter,UNG,UNG,UNG,UNG
6,yfcc,and,FilteredVamana,1.0,SIEVE,UNG,UNG,UNG,StitchedVamana
6,yfcc,equal,UNG,1.0,UNG,UNG,UNG,UNG,StitchedVamana
6,yfcc,or,FilteredVamana,1.0,Post-filter,FilteredVamana,StitchedVamana,UNG,StitchedVamana
6,ytb_audio,and,UNG,1.0,SIEVE,UNG,UNG,UNG,Post-filter
6,ytb_audio,equal,UNG,1.0,UNG,UNG,UNG,UNG,Post-filter
6,ytb_audio,or,UNG,1.0,Post-filter,UNG,UNG,UNG,Post-filter
6,ytb_video,and,UNG,1.0,UNG,UNG,UNG,UNG,Post-filter
6,ytb_video,equal,UNG,1.0,UNG,UNG,UNG,UNG,UNG
6,ytb_video,or,UNG,1.0,UNG,UNG,UNG,UNG,Post-filter
7,LAION1M,and,UNG,1.0,UNG,UNG,UNG,UNG,UNG
7,LAION1M,equal,UNG,1.0,UNG,UNG,UNG,UNG,UNG
7,LAION1M,or,UNG,1.0,Post-filter,UNG,UNG,UNG,StitchedVamana
7,arxiv,and,UNG,1.0,SIEVE,UNG,UNG,UNG,UNG
7,arxiv,equal,UNG,1.0,UNG,UNG,UNG,UNG,UNG
7,arxiv,or,UNG,1.0,Post-filter,Post-filter,StitchedVamana,UNG,UNG
7,tripclick,and,UNG,1.0,UNG,UNG,UNG,UNG,UNG
7,tripclick,equal,UNG,1.0,UNG,UNG,UNG,UNG,UNG
7,tripclick,or,UNG,1.0,Post-filter,UNG,UNG,UNG,UNG
7,yfcc,and,UNG,1.0,SIEVE,UNG,UNG,UNG,StitchedVamana
7,yfcc,equal,UNG,1.0,UNG,UNG,UNG,UNG,StitchedVamana
7,yfcc,or,FilteredVamana,1.0,Post-filter,StitchedVamana,StitchedVamana,UNG,StitchedVamana
7,ytb_audio,and,UNG,1.0,SIEVE,UNG,UNG,UNG,Post-filter
7,ytb_audio,equal,UNG,1.0,UNG,UNG,UNG,UNG,Post-filter
7,ytb_audio,or,StitchedVamana,1.0,Post-filter,UNG,FilteredVamana,UNG,Post-filter
7,ytb_video,and,UNG,1.0,UNG,UNG,UNG,UNG,Post-filter
7,ytb_video,equal,UNG,0.9,UNG,UNG,UNG,UNG,UNG
7,ytb_video,or,ACORN,1.0,UNG,UNG,UNG,UNG,Post-filter
8,LAION1M,and,UNG,1.0,UNG,UNG,UNG,UNG,UNG
8,LAION1M,equal,UNG,1.0,UNG,UNG,UNG,UNG,UNG
8,LAION1M,or,UNG,1.0,Post-filter,Post-filter,UNG,UNG,UNG
8,arxiv,and,UNG,1.0,SIEVE,UNG,UNG,UNG,UNG
8,arxiv,equal,UNG,1.0,UNG,UNG,UNG,UNG,UNG
8,arxiv,or,UNG,1.0,Post-filter,Post-filter,StitchedVamana,Post-filter,UNG
8,tripclick,and,UNG,1.0,UNG,UNG,UNG,UNG,UNG
8,tripclick,equal,UNG,1.0,UNG,UNG,UNG,UNG,UNG
8,tripclick,or,UNG,1.0,Post-filter,UNG,UNG,UNG,UNG
8,yfcc,and,UNG,1.0,SIEVE,UNG,UNG,UNG,StitchedVamana
8,yfcc,equal,UNG,1.0,UNG,UNG,UNG,UNG,StitchedVamana
8,yfcc,or,FilteredVamana,1.0,Post-filter,StitchedVamana,StitchedVamana,UNG,StitchedVamana
8,ytb_audio,and,UNG,1.0,SIEVE,UNG,UNG,UNG,Post-filter
8,ytb_audio,equal,UNG,1.0,UNG,UNG,UNG,UNG,Post-filter
8,ytb_audio,or,StitchedVamana,1.0,Post-filter,UNG,FilteredVamana,UNG,Post-filter
8,ytb_video,and,UNG,1.0,UNG,UNG,UNG,UNG,Post-filter
8,ytb_video,equal,UNG,1.0,UNG,UNG,UNG,UNG,UNG
8,ytb_video,or,StitchedVamana,1.0,UNG,UNG,UNG,UNG,Post-filter
9,LAION1M,and,UNG,1.0,UNG,Post-filter,UNG,UNG,UNG
9,LAION1M,equal,UNG,1.0,UNG,UNG,UNG,UNG,UNG
9,LAION1M,or,UNG,1.0,Post-filter,UNG,UNG,UNG,StitchedVamana
9,arxiv,and,UNG,1.0,SIEVE,UNG,UNG,UNG,UNG
9,arxiv,equal,UNG,1.0,UNG,UNG,UNG,UNG,UNG
9,arxiv,or,UNG,1.0,Post-filter,UNG,StitchedVamana,FilteredVamana,UNG
9,tripclick,and,UNG,1.0,UNG,UNG,UNG,UNG,UNG
9,tripclick,equal,UNG,1.0,UNG,UNG,UNG,UNG,UNG
9,tripclick,or,UNG,1.0,Post-filter,UNG,UNG,UNG,UNG
9,yfcc,and,UNG,1.0,SIEVE,UNG,UNG,UNG,StitchedVamana
9,yfcc,equal,UNG,1.0,UNG,UNG,UNG,UNG,StitchedVamana
9,yfcc,or,FilteredVamana,1.0,Post-filter,StitchedVamana,StitchedVamana,UNG,StitchedVamana
9,ytb_audio,and,SIEVE,1.0,SIEVE,UNG,UNG,UNG,Post-filter
9,ytb_audio,equal,UNG,1.0,UNG,UNG,UNG,UNG,Post-filter
9,ytb_audio,or,StitchedVamana,1.0,Post-filter,UNG,UNG,UNG,Post-filter
9,ytb_video,and,Post-filter,0.7,UNG,UNG,UNG,UNG,Post-filter
9,ytb_video,equal,UNG,1.0,UNG,UNG,UNG,UNG,UNG
9,ytb_video,or,UNG,1.0,UNG,UNG,UNG,UNG,Post-filter
10,LAION1M,and,UNG,1.0,UNG,UNG,UNG,UNG,UNG
10,LAION1M,equal,UNG,1.0,UNG,UNG,UNG,UNG,UNG
10,LAION1M,or,UNG,1.0,Post-filter,Post-filter,UNG,UNG,UNG
10,arxiv,and,UNG,1.0,SIEVE,UNG,UNG,UNG,UNG
10,arxiv,equal,UNG,1.0,UNG,UNG,UNG,UNG,UNG
10,arxiv,or,UNG,1.0,Post-filter,Post-filter,StitchedVamana,Post-filter,UNG
10,tripclick,and,UNG,1.0,UNG,UNG,UNG,UNG,UNG
10,tripclick,equal,UNG,1.0,UNG,UNG,UNG,UNG,UNG
10,tripclick,or,Post-filter,1.0,Post-filter,UNG,UNG,UNG,UNG
10,yfcc,and,UNG,1.0,SIEVE,UNG,UNG,UNG,StitchedVamana
10,yfcc,equal,UNG,1.0,UNG,UNG,UNG,UNG,StitchedVamana
10,yfcc,or,FilteredVamana,1.0,Post-filter,StitchedVamana,StitchedVamana,UNG,StitchedVamana
10,ytb_audio,and,UNG,1.0,SIEVE,UNG,UNG,UNG,Post-filter
10,ytb_audio,equal,UNG,1.0,UNG,UNG,UNG,UNG,Post-filter
10,ytb_audio,or,UNG,1.0,Post-filter,UNG,UNG,UNG,Post-filter
10,ytb_video,and,UNG,1.0,UNG,UNG,UNG,UNG,Post-filter
10,ytb_video,equal,UNG,1.0,UNG,UNG,UNG,UNG,UNG
10,ytb_video,or,StitchedVamana,0.9,UNG,UNG,UNG,UNG,Post-filter
11,LAION1M,and,UNG,1.0,UNG,UNG,UNG,UNG,UNG
11,LAION1M,equal,UNG,1.0,UNG,UNG,UNG,UNG,UNG
11,LAION1M,or,UNG,1.0,Post-filter,UNG,UNG,UNG,UNG
11,arxiv,and,UNG,1.0,SIEVE,UNG,UNG,UNG,UNG
11,arxiv,equal,UNG,1.0,UNG,UNG,UNG,UNG,UNG
11,arxiv,or,UNG,1.0,Post-filter,Post-filter,StitchedVamana,Post-filter,UNG
11,tripclick,and,UNG,1.0,UNG,UNG,UNG,UNG,UNG
11,tripclick,equal,UNG,1.0,UNG,UNG,UNG,UNG,UNG
11,tripclick,or,UNG,1.0,Post-filter,UNG,UNG,UNG,UNG
11,yfcc,and,UNG,1.0,SIEVE,UNG,UNG,UNG,StitchedVamana
11,yfcc,equal,UNG,1.0,UNG,UNG,UNG,UNG,StitchedVamana
11,yfcc,or,FilteredVamana,1.0,Post-filter,StitchedVamana,StitchedVamana,UNG,StitchedVamana
11,ytb_audio,and,UNG,1.0,SIEVE,UNG,UNG,UNG,Post-filter
11,ytb_audio,equal,UNG,1.0,UNG,UNG,UNG,UNG,Post-filter
11,ytb_audio,or,Post-filter,1.0,Post-filter,UNG,UNG,UNG,Post-filter
11,ytb_video,and,UNG,1.0,UNG,UNG,UNG,UNG,Post-filter
11,ytb_video,equal,UNG,1.0,UNG,UNG,UNG,UNG,UNG
11,ytb_video,or,StitchedVamana,1.0,UNG,UNG,UNG,UNG,Post-filter
12,LAION1M,and,UNG,1.0,UNG,Post-filter,UNG,UNG,UNG
12,LAION1M,equal,UNG,1.0,UNG,UNG,UNG,UNG,UNG
12,LAION1M,or,UNG,1.0,Post-filter,UNG,UNG,UNG,UNG
12,arxiv,and,UNG,1.0,SIEVE,UNG,UNG,UNG,UNG
12,arxiv,equal,UNG,1.0,UNG,UNG,UNG,UNG,UNG
12,arxiv,or,StitchedVamana,1.0,Post-filter,Post-filter,StitchedVamana,Post-filter,UNG
12,tripclick,and,UNG,1.0,UNG,UNG,UNG,UNG,UNG
12,tripclick,equal,UNG,1.0,UNG,UNG,UNG,UNG,UNG
12,tripclick,or,UNG,1.0,Post-filter,UNG,UNG,UNG,UNG
12,yfcc,and,FilteredVamana,1.0,SIEVE,UNG,UNG,UNG,StitchedVamana
12,yfcc,equal,UNG,1.0,UNG,UNG,UNG,UNG,StitchedVamana
12,yfcc,or,FilteredVamana,1.0,Post-filter,StitchedVamana,StitchedVamana,UNG,StitchedVamana
12,ytb_audio,and,SIEVE,1.0,SIEVE,UNG,UNG,UNG,Post-filter
12,ytb_audio,equal,UNG,1.0,UNG,UNG,UNG,UNG,Post-filter
12,ytb_audio,or,StitchedVamana,1.0,Post-filter,UNG,UNG,UNG,Post-filter
12,ytb_video,and,Post-filter,1.0,UNG,UNG,UNG,UNG,Post-filter
12,ytb_video,equal,UNG,1.0,UNG,UNG,UNG,UNG,UNG
12,ytb_video,or,UNG,0.9,UNG,UNG,UNG,UNG,Post-filter
13,LAION1M,and,UNG,1.0,UNG,UNG,UNG,UNG,UNG
13,LAION1M,equal,UNG,1.0,UNG,UNG,UNG,UNG,UNG
13,LAION1M,or,UNG,1.0,Post-filter,Post-filter,UNG,FilteredVamana,StitchedVamana
13,arxiv,and,FilteredVamana,1.0,SIEVE,UNG,UNG,UNG,UNG
13,arxiv,equal,UNG,1.0,UNG,UNG,UNG,UNG,UNG
13,arxiv,or,UNG,1.0,Post-filter,Post-filter,StitchedVamana,Post-filter,UNG
13,tripclick,and,UNG,1.0,UNG,UNG,UNG,UNG,UNG
13,tripclick,equal,UNG,1.0,UNG,UNG,UNG,UNG,UNG
13,tripclick,or,UNG,1.0,Post-filter,UNG,UNG,UNG,UNG
13,yfcc,and,UNG,1.0,SIEVE,UNG,UNG,UNG,StitchedVamana
13,yfcc,equal,UNG,1.0,UNG,UNG,UNG,UNG,StitchedVamana
13,yfcc,or,FilteredVamana,1.0,Post-filter,StitchedVamana,StitchedVamana,UNG,StitchedVamana
13,ytb_audio,and,UNG,1.0,SIEVE,UNG,UNG,UNG,Post-filter
13,ytb_audio,equal,UNG,1.0,UNG,UNG,UNG,UNG,Post-filter
13,ytb_audio,or,StitchedVamana,1.0,Post-filter,UNG,FilteredVamana,UNG,Post-filter
13,ytb_video,and,UNG,1.0,UNG,UNG,UNG,UNG,Post-filter
13,ytb_video,equal,UNG,1.0,UNG,UNG,UNG,UNG,UNG
13,ytb_video,or,StitchedVamana,1.0,UNG,UNG,UNG,UNG,Post-filter
14,LAION1M,and,UNG,1.0,UNG,Post-filter,UNG,UNG,UNG
14,LAION1M,equal,UNG,1.0,UNG,UNG,UNG,UNG,UNG
14,LAION1M,or,UNG,1.0,Post-filter,UNG,UNG,UNG,UNG
14,arxiv,and,UNG,1.0,SIEVE,UNG,UNG,UNG,UNG
14,arxiv,equal,UNG,1.0,UNG,UNG,UNG,UNG,UNG
14,arxiv,or,UNG,1.0,Post-filter,Post-filter,StitchedVamana,Post-filter,UNG
14,tripclick,and,UNG,1.0,UNG,UNG,UNG,UNG,UNG
14,tripclick,equal,UNG,1.0,UNG,UNG,UNG,UNG,UNG
14,tripclick,or,UNG,1.0,Post-filter,UNG,UNG,UNG,UNG
14,yfcc,and,UNG,1.0,SIEVE,UNG,UNG,UNG,StitchedVamana
14,yfcc,equal,UNG,1.0,UNG,UNG,UNG,UNG,StitchedVamana
14,yfcc,or,FilteredVamana,1.0,Post-filter,StitchedVamana,StitchedVamana,UNG,StitchedVamana
14,ytb_audio,and,UNG,1.0,SIEVE,UNG,UNG,UNG,Post-filter
14,ytb_audio,equal,UNG,1.0,UNG,UNG,UNG,UNG,Post-filter
14,ytb_audio,or,UNG,1.0,Post-filter,UNG,UNG,UNG,Post-filter
14,ytb_video,and,Post-filter,0.9,UNG,UNG,UNG,UNG,Post-filter
14,ytb_video,equal,UNG,0.9,UNG,UNG,UNG,UNG,UNG
14,ytb_video,or,UNG,0.9,UNG,UNG,UNG,UNG,Post-filter
15,LAION1M,and,UNG,1.0,UNG,UNG,UNG,UNG,UNG
15,LAION1M,equal,UNG,1.0,UNG,UNG,UNG,UNG,UNG
15,LAION1M,or,UNG,1.0,Post-filter,UNG,UNG,UNG,UNG
15,arxiv,and,FilteredVamana,1.0,SIEVE,UNG,UNG,UNG,UNG
15,arxiv,equal,UNG,1.0,UNG,UNG,UNG,UNG,UNG
15,arxiv,or,UNG,1.0,Post-filter,Post-filter,StitchedVamana,Post-filter,UNG
15,tripclick,and,UNG,1.0,UNG,UNG,UNG,UNG,UNG
15,tripclick,equal,UNG,1.0,UNG,UNG,UNG,UNG,UNG
15,tripclick,or,UNG,1.0,Post-filter,UNG,UNG,UNG,UNG
15,yfcc,and,UNG,1.0,SIEVE,UNG,UNG,UNG,StitchedVamana
15,yfcc,equal,UNG,1.0,UNG,UNG,UNG,UNG,StitchedVamana
15,yfcc,or,FilteredVamana,1.0,Post-filter,StitchedVamana,StitchedVamana,UNG,StitchedVamana
15,ytb_audio,and,UNG,1.0,SIEVE,UNG,UNG,UNG,Post-filter
15,ytb_audio,equal,UNG,1.0,UNG,UNG,UNG,UNG,Post-filter
15,ytb_audio,or,StitchedVamana,1.0,Post-filter,UNG,FilteredVamana,UNG,Post-filter
15,ytb_video,and,UNG,0.9,UNG,UNG,UNG,UNG,Post-filter
15,ytb_video,equal,UNG,1.0,UNG,UNG,UNG,UNG,UNG
15,ytb_video,or,UNG,1.0,UNG,UNG,UNG,UNG,Post-filter
16,LAION1M,and,UNG,1.0,UNG,Post-filter,UNG,UNG,UNG
16,LAION1M,equal,UNG,1.0,UNG,UNG,UNG,UNG,UNG
16,LAION1M,or,UNG,1.0,Post-filter,UNG,UNG,UNG,UNG
16,arxiv,and,UNG,1.0,SIEVE,UNG,UNG,UNG,UNG
16,arxiv,equal,UNG,1.0,UNG,UNG,UNG,UNG,UNG
16,arxiv,or,FilteredVamana,1.0,Post-filter,UNG,StitchedVamana,UNG,UNG
16,tripclick,and,UNG,1.0,UNG,UNG,UNG,UNG,UNG
16,tripclick,equal,UNG,1.0,UNG,UNG,UNG,UNG,UNG
16,tripclick,or,UNG,1.0,Post-filter,UNG,UNG,UNG,UNG
16,yfcc,and,UNG,1.0,SIEVE,UNG,UNG,UNG,StitchedVamana
16,yfcc,equal,UNG,1.0,UNG,UNG,UNG,UNG,StitchedVamana
16,yfcc,or,FilteredVamana,1.0,Post-filter,StitchedVamana,StitchedVamana,UNG,StitchedVamana
16,ytb_audio,and,UNG,1.0,SIEVE,UNG,UNG,UNG,Post-filter
16,ytb_audio,equal,UNG,1.0,UNG,UNG,UNG,UNG,Post-filter
16,ytb_audio,or,Post-filter,1.0,Post-filter,UNG,UNG,UNG,Post-filter
16,ytb_video,and,SIEVE,1.0,UNG,UNG,UNG,UNG,Post-filter
16,ytb_video,equal,UNG,1.0,UNG,UNG,UNG,UNG,UNG
16,ytb_video,or,StitchedVamana,1.0,UNG,UNG,UNG,UNG,Post-filter
17,LAION1M,and,UNG,1.0,UNG,UNG,UNG,UNG,UNG
17,LAION1M,equal,UNG,1.0,UNG,UNG,UNG,UNG,UNG
17,LAION1M,or,UNG,1.0,Post-filter,UNG,UNG,UNG,StitchedVamana
17,arxiv,and,FilteredVamana,1.0,SIEVE,UNG,UNG,UNG,UNG
17,arxiv,equal,UNG,1.0,UNG,UNG,UNG,UNG,UNG
17,arxiv,or,FilteredVamana,1.0,Post-filter,Post-filter,StitchedVamana,Post-filter,UNG
17,tripclick,and,UNG,1.0,UNG,UNG,UNG,UNG,UNG
17,tripclick,equal,UNG,1.0,UNG,UNG,UNG,UNG,UNG
17,tripclick,or,UNG,1.0,Post-filter,UNG,UNG,UNG,UNG
17,yfcc,and,UNG,1.0,SIEVE,UNG,UNG,UNG,StitchedVamana
17,yfcc,equal,UNG,1.0,UNG,UNG,UNG,UNG,StitchedVamana
17,yfcc,or,FilteredVamana,1.0,Post-filter,StitchedVamana,StitchedVamana,UNG,StitchedVamana
17,ytb_audio,and,SIEVE,0.8,SIEVE,UNG,UNG,UNG,Post-filter
17,ytb_audio,equal,UNG,1.0,UNG,UNG,UNG,UNG,Post-filter
17,ytb_audio,or,StitchedVamana,1.0,Post-filter,UNG,UNG,UNG,Post-filter
17,ytb_video,and,UNG,1.0,UNG,UNG,UNG,UNG,Post-filter
17,ytb_video,equal,UNG,0.9,UNG,UNG,UNG,UNG,UNG
17,ytb_video,or,StitchedVamana,1.0,UNG,UNG,UNG,UNG,Post-filter
18,LAION1M,and,UNG,1.0,UNG,UNG,UNG,UNG,UNG
18,LAION1M,equal,UNG,1.0,UNG,UNG,UNG,UNG,UNG
18,LAION1M,or,UNG,1.0,Post-filter,Post-filter,UNG,FilteredVamana,StitchedVamana
18,arxiv,and,UNG,1.0,SIEVE,UNG,UNG,UNG,UNG
18,arxiv,equal,UNG,1.0,UNG,UNG,UNG,UNG,UNG
18,arxiv,or,UNG,1.0,Post-filter,Post-filter,StitchedVamana,Post-filter,Post-filter
18,tripclick,and,Post-filter,1.0,UNG,UNG,UNG,UNG,UNG
18,tripclick,equal,UNG,1.0,UNG,UNG,UNG,UNG,UNG
18,tripclick,or,UNG,1.0,Post-filter,UNG,UNG,UNG,UNG
18,yfcc,and,UNG,1.0,SIEVE,UNG,UNG,UNG,StitchedVamana
18,yfcc,equal,UNG,1.0,UNG,UNG,UNG,UNG,StitchedVamana
18,yfcc,or,FilteredVamana,1.0,Post-filter,FilteredVamana,StitchedVamana,UNG,StitchedVamana
18,ytb_audio,and,UNG,1.0,SIEVE,UNG,UNG,UNG,Post-filter
18,ytb_audio,equal,UNG,1.0,UNG,UNG,UNG,UNG,Post-filter
18,ytb_audio,or,UNG,1.0,Post-filter,UNG,UNG,UNG,Post-filter
18,ytb_video,and,Post-filter,0.9,UNG,UNG,UNG,UNG,Post-filter
18,ytb_video,equal,UNG,1.0,UNG,UNG,UNG,UNG,UNG
18,ytb_video,or,UNG,1.0,UNG,UNG,UNG,UNG,Post-filter
19,LAION1M,and,UNG,1.0,UNG,UNG,UNG,UNG,UNG
19,LAION1M,equal,UNG,1.0,UNG,UNG,UNG,UNG,UNG
19,LAION1M,or,UNG,1.0,Post-filter,UNG,UNG,UNG,UNG
19,arxiv,and,FilteredVamana,1.0,SIEVE,UNG,UNG,UNG,UNG
19,arxiv,equal,UNG,1.0,UNG,UNG,UNG,UNG,UNG
19,arxiv,or,UNG,1.0,Post-filter,UNG,StitchedVamana,Post-filter,UNG
19,tripclick,and,UNG,1.0,UNG,UNG,UNG,UNG,UNG
19,tripclick,equal,UNG,1.0,UNG,UNG,UNG,UNG,UNG
19,tripclick,or,UNG,1.0,Post-filter,UNG,UNG,UNG,UNG
19,yfcc,and,UNG,1.0,SIEVE,UNG,UNG,UNG,StitchedVamana
19,yfcc,equal,UNG,1.0,UNG,UNG,UNG,UNG,StitchedVamana
19,yfcc,or,FilteredVamana,1.0,Post-filter,StitchedVamana,StitchedVamana,UNG,StitchedVamana
19,ytb_audio,and,UNG,1.0,SIEVE,UNG,UNG,UNG,Post-filter
19,ytb_audio,equal,UNG,1.0,UNG,UNG,UNG,UNG,Post-filter
19,ytb_audio,or,UNG,1.0,Post-filter,UNG,UNG,UNG,Post-filter
19,ytb_video,and,UNG,1.0,UNG,UNG,UNG,UNG,Post-filter
19,ytb_video,equal,UNG,1.0,UNG,UNG,UNG,UNG,UNG
19,ytb_video,or,StitchedVamana,1.0,UNG,UNG,UNG,UNG,Post-filter
20,LAION1M,and,UNG,1.0,UNG,Post-filter,UNG,UNG,UNG
20,LAION1M,equal,UNG,1.0,UNG,UNG,UNG,UNG,UNG
20,LAION1M,or,UNG,1.0,Post-filter,Post-filter,UNG,FilteredVamana,StitchedVamana
20,arxiv,and,UNG,1.0,SIEVE,UNG,UNG,UNG,UNG
20,arxiv,equal,UNG,1.0,UNG,UNG,UNG,UNG,UNG
20,arxiv,or,UNG,1.0,Post-filter,Post-filter,StitchedVamana,Post-filter,UNG
20,tripclick,and,UNG,1.0,UNG,UNG,UNG,UNG,UNG
20,tripclick,equal,UNG,1.0,UNG,UNG,UNG,UNG,UNG
20,tripclick,or,UNG,1.0,Post-filter,UNG,UNG,UNG,UNG
20,yfcc,and,Post-filter,1.0,SIEVE,UNG,UNG,UNG,StitchedVamana
20,yfcc,equal,UNG,1.0,UNG,UNG,UNG,UNG,StitchedVamana
20,yfcc,or,FilteredVamana,1.0,Post-filter,StitchedVamana,StitchedVamana,UNG,StitchedVamana
20,ytb_audio,and,SIEVE,0.9,SIEVE,UNG,UNG,UNG,Post-filter
20,ytb_audio,equal,UNG,1.0,UNG,UNG,UNG,UNG,Post-filter
20,ytb_audio,or,UNG,1.0,Post-filter,UNG,UNG,UNG,Post-filter
20,ytb_video,and,SIEVE,1.0,UNG,UNG,UNG,UNG,Post-filter
20,ytb_video,equal,UNG,1.0,UNG,UNG,UNG,UNG,UNG
20,ytb_video,or,StitchedVamana,1.0,UNG,UNG,UNG,UNG,Post-filter
21,LAION1M,and,UNG,1.0,UNG,Post-filter,UNG,UNG,UNG
21,LAION1M,equal,UNG,1.0,UNG,UNG,UNG,UNG,UNG
21,LAION1M,or,UNG,1.0,Post-filter,Post-filter,UNG,UNG,UNG
21,arxiv,and,UNG,1.0,SIEVE,UNG,UNG,UNG,UNG
21,arxiv,equal,UNG,1.0,UNG,UNG,UNG,UNG,UNG
21,arxiv,or,UNG,1.0,Post-filter,UNG,UNG,Post-filter,UNG
21,tripclick,and,UNG,1.0,UNG,UNG,UNG,UNG,UNG
21,tripclick,equal,UNG,1.0,UNG,UNG,UNG,UNG,UNG
21,tripclick,or,UNG,1.0,Post-filter,UNG,UNG,UNG,UNG
21,yfcc,and,FilteredVamana,1.0,SIEVE,UNG,UNG,UNG,StitchedVamana
21,yfcc,equal,UNG,1.0,UNG,UNG,UNG,UNG,StitchedVamana
21,yfcc,or,FilteredVamana,1.0,Post-filter,FilteredVamana,StitchedVamana,UNG,StitchedVamana
21,ytb_audio,and,SIEVE,1.0,SIEVE,UNG,UNG,UNG,Post-filter
21,ytb_audio,equal,UNG,1.0,UNG,UNG,UNG,UNG,Post-filter
21,ytb_audio,or,Post-filter,1.0,Post-filter,UNG,UNG,UNG,Post-filter
21,ytb_video,and,UNG,0.9,UNG,UNG,UNG,UNG,Post-filter
21,ytb_video,equal,UNG,1.0,UNG,UNG,UNG,UNG,UNG
21,ytb_video,or,StitchedVamana,1.0,UNG,UNG,UNG,UNG,Post-filter
22,LAION1M,and,UNG,1.0,UNG,Post-filter,UNG,UNG,UNG
22,LAION1M,equal,UNG,1.0,UNG,UNG,UNG,UNG,UNG
22,LAION1M,or,UNG,1.0,Post-filter,UNG,UNG,UNG,StitchedVamana
22,arxiv,and,UNG,1.0,SIEVE,UNG,UNG,UNG,UNG
22,arxiv,equal,UNG,1.0,UNG,UNG,UNG,UNG,UNG
22,arxiv,or,UNG,1.0,Post-filter,Post-filter,StitchedVamana,UNG,UNG
22,tripclick,and,UNG,1.0,UNG,UNG,UNG,UNG,UNG
22,tripclick,equal,UNG,1.0,UNG,UNG,UNG,UNG,UNG
22,tripclick,or,Post-filter,1.0,Post-filter,UNG,UNG,UNG,UNG
22,yfcc,and,UNG,1.0,SIEVE,UNG,UNG,UNG,StitchedVamana
22,yfcc,equal,UNG,1.0,UNG,UNG,UNG,UNG,StitchedVamana
22,yfcc,or,FilteredVamana,1.0,Post-filter,FilteredVamana,StitchedVamana,UNG,StitchedVamana
22,ytb_audio,and,UNG,1.0,SIEVE,UNG,UNG,UNG,Post-filter
22,ytb_audio,equal,UNG,1.0,UNG,UNG,UNG,UNG,Post-filter
22,ytb_audio,or,StitchedVamana,1.0,Post-filter,UNG,FilteredVamana,UNG,Post-filter
22,ytb_video,and,UNG,1.0,UNG,UNG,UNG,UNG,Post-filter
22,ytb_video,equal,UNG,1.0,UNG,UNG,UNG,UNG,UNG
22,ytb_video,or,UNG,1.0,UNG,UNG,UNG,UNG,Post-filter
23,LAION1M,and,UNG,1.0,UNG,UNG,UNG,UNG,UNG
23,LAION1M,equal,UNG,1.0,UNG,UNG,UNG,UNG,UNG
23,LAION1M,or,UNG,1.0,Post-filter,UNG,UNG,UNG,UNG
23,arxiv,and,UNG,1.0,SIEVE,UNG,UNG,UNG,UNG
23,arxiv,equal,UNG,1.0,UNG,UNG,UNG,UNG,UNG
23,arxiv,or,UNG,1.0,Post-filter,UNG,StitchedVamana,Post-filter,UNG
23,tripclick,and,UNG,1.0,UNG,UNG,UNG,UNG,UNG
23,tripclick,equal,UNG,1.0,UNG,UNG,UNG,UNG,UNG
23,tripclick,or,UNG,1.0,Post-filter,UNG,UNG,UNG,UNG
23,yfcc,and,FilteredVamana,1.0,SIEVE,UNG,UNG,UNG,StitchedVamana
23,yfcc,equal,UNG,1.0,UNG,UNG,UNG,UNG,StitchedVamana
23,yfcc,or,FilteredVamana,1.0,Post-filter,StitchedVamana,StitchedVamana,UNG,StitchedVamana
23,ytb_audio,and,UNG,1.0,SIEVE,UNG,UNG,UNG,Post-filter
23,ytb_audio,equal,UNG,1.0,UNG,UNG,UNG,UNG,Post-filter
23,ytb_audio,or,StitchedVamana,1.0,Post-filter,UNG,FilteredVamana,UNG,Post-filter
23,ytb_video,and,Post-filter,0.8,UNG,UNG,UNG,UNG,Post-filter
23,ytb_video,equal,UNG,1.0,UNG,UNG,UNG,UNG,UNG
23,ytb_video,or,UNG,1.0,UNG,UNG,UNG,UNG,Post-filter
24,LAION1M,and,UNG,1.0,UNG,UNG,UNG,UNG,UNG
24,LAION1M,equal,UNG,1.0,UNG,UNG,UNG,UNG,UNG
24,LAION1M,or,UNG,1.0,Post-filter,UNG,UNG,UNG,UNG
24,arxiv,and,UNG,1.0,SIEVE,UNG,UNG,UNG,UNG
24,arxiv,equal,UNG,1.0,UNG,UNG,UNG,UNG,UNG
24,arxiv,or,UNG,1.0,Post-filter,Post-filter,StitchedVamana,Post-filter,UNG
24,tripclick,and,UNG,1.0,UNG,UNG,UNG,UNG,UNG
24,tripclick,equal,UNG,1.0,UNG,UNG,UNG,UNG,UNG
24,tripclick,or,UNG,1.0,Post-filter,UNG,UNG,UNG,UNG
24,yfcc,and,FilteredVamana,1.0,SIEVE,UNG,UNG,UNG,StitchedVamana
24,yfcc,equal,UNG,1.0,UNG,UNG,UNG,UNG,StitchedVamana
24,yfcc,or,FilteredVamana,1.0,Post-filter,StitchedVamana,StitchedVamana,UNG,StitchedVamana
24,ytb_audio,and,UNG,1.0,SIEVE,UNG,UNG,UNG,Post-filter
24,ytb_audio,equal,UNG,1.0,UNG,UNG,UNG,UNG,Post-filter
24,ytb_audio,or,StitchedVamana,1.0,Post-filter,UNG,FilteredVamana,UNG,Post-filter
24,ytb_video,and,SIEVE,1.0,UNG,UNG,UNG,UNG,Post-filter
24,ytb_video,equal,UNG,1.0,UNG,UNG,UNG,UNG,UNG
24,ytb_video,or,UNG,1.0,UNG,UNG,UNG,UNG,Post-filter
25,LAION1M,and,UNG,1.0,UNG,UNG,UNG,UNG,UNG
25,LAION1M,equal,UNG,1.0,UNG,UNG,UNG,UNG,UNG
25,LAION1M,or,UNG,1.0,Post-filter,UNG,UNG,UNG,StitchedVamana
25,arxiv,and,UNG,1.0,SIEVE,UNG,UNG,UNG,UNG
25,arxiv,equal,UNG,1.0,UNG,UNG,UNG,UNG,UNG
25,arxiv,or,UNG,1.0,Post-filter,Post-filter,StitchedVamana,FilteredVamana,UNG
25,tripclick,and,UNG,1.0,UNG,UNG,UNG,UNG,UNG
25,tripclick,equal,UNG,1.0,UNG,UNG,UNG,UNG,UNG
25,tripclick,or,UNG,1.0,Post-filter,UNG,UNG,UNG,UNG
25,yfcc,and,Post-filter,1.0,SIEVE,UNG,UNG,UNG,StitchedVamana
25,yfcc,equal,UNG,1.0,UNG,UNG,UNG,UNG,StitchedVamana
25,yfcc,or,FilteredVamana,1.0,Post-filter,StitchedVamana,UNG,UNG,StitchedVamana
25,ytb_audio,and,SIEVE,1.0,SIEVE,UNG,UNG,UNG,Post-filter
25,ytb_audio,equal,UNG,1.0,UNG,UNG,UNG,UNG,Post-filter
25,ytb_audio,or,StitchedVamana,1.0,Post-filter,UNG,FilteredVamana,UNG,Post-filter
25,ytb_video,and,UNG,0.8,UNG,UNG,UNG,UNG,Post-filter
25,ytb_video,equal,UNG,1.0,UNG,UNG,UNG,UNG,UNG
25,ytb_video,or,ACORN,1.0,UNG,UNG,UNG,UNG,Post-filter
26,LAION1M,and,UNG,1.0,UNG,UNG,UNG,UNG,UNG
26,LAION1M,equal,UNG,1.0,UNG,UNG,UNG,UNG,UNG
26,LAION1M,or,UNG,1.0,Post-filter,Post-filter,UNG,FilteredVamana,StitchedVamana
26,arxiv,and,FilteredVamana,1.0,SIEVE,UNG,UNG,UNG,UNG
26,arxiv,equal,UNG,1.0,UNG,UNG,UNG,UNG,UNG
26,arxiv,or,UNG,1.0,Post-filter,Post-filter,StitchedVamana,Post-filter,Post-filter
26,tripclick,and,UNG,1.0,UNG,UNG,UNG,UNG,UNG
26,tripclick,equal,UNG,1.0,UNG,UNG,UNG,UNG,UNG
26,tripclick,or,UNG,1.0,Post-filter,UNG,UNG,UNG,UNG
26,yfcc,and,UNG,1.0,SIEVE,UNG,UNG,UNG,StitchedVamana
26,yfcc,equal,UNG,1.0,UNG,UNG,UNG,UNG,StitchedVamana
26,yfcc,or,FilteredVamana,1.0,Post-filter,StitchedVamana,StitchedVamana,UNG,StitchedVamana
26,ytb_audio,and,UNG,0.9,SIEVE,UNG,UNG,UNG,Post-filter
26,ytb_audio,equal,UNG,1.0,UNG,UNG,UNG,UNG,Post-filter
26,ytb_audio,or,Post-filter,1.0,Post-filter,UNG,UNG,UNG,Post-filter
26,ytb_video,and,Post-filter,1.0,UNG,UNG,UNG,UNG,Post-filter
26,ytb_video,equal,UNG,1.0,UNG,UNG,UNG,UNG,UNG
26,ytb_video,or,UNG,1.0,UNG,UNG,UNG,UNG,Post-filter
27,LAION1M,and,UNG,1.0,UNG,UNG,UNG,UNG,UNG
27,LAION1M,equal,UNG,1.0,UNG,UNG,UNG,UNG,UNG
27,LAION1M,or,UNG,1.0,Post-filter,UNG,UNG,UNG,UNG
27,arxiv,and,UNG,1.0,SIEVE,UNG,UNG,UNG,UNG
27,arxiv,equal,UNG,1.0,UNG,UNG,UNG,UNG,UNG
27,arxiv,or,FilteredVamana,1.0,Post-filter,UNG,UNG,Post-filter,UNG
27,tripclick,and,UNG,1.0,UNG,UNG,UNG,UNG,UNG
27,tripclick,equal,UNG,1.0,UNG,UNG,UNG,UNG,UNG
27,tripclick,or,UNG,1.0,Post-filter,UNG,UNG,UNG,UNG
27,yfcc,and,FilteredVamana,1.0,SIEVE,UNG,UNG,UNG,StitchedVamana
27,yfcc,equal,UNG,1.0,UNG,UNG,UNG,UNG,StitchedVamana
27,yfcc,or,FilteredVamana,1.0,Post-filter,StitchedVamana,StitchedVamana,UNG,StitchedVamana
27,ytb_audio,and,UNG,1.0,SIEVE,UNG,UNG,UNG,Post-filter
27,ytb_audio,equal,UNG,1.0,UNG,UNG,UNG,UNG,Post-filter
27,ytb_audio,or,StitchedVamana,1.0,Post-filter,UNG,FilteredVamana,UNG,Post-filter
27,ytb_video,and,UNG,0.9,UNG,UNG,UNG,UNG,Post-filter
27,ytb_video,equal,UNG,1.0,UNG,UNG,UNG,UNG,UNG
27,ytb_video,or,StitchedVamana,0.8,UNG,UNG,UNG,UNG,Post-filter
28,LAION1M,and,UNG,1.0,UNG,UNG,UNG,UNG,UNG
28,LAION1M,equal,UNG,1.0,UNG,UNG,UNG,UNG,UNG
28,LAION1M,or,UNG,1.0,Post-filter,UNG,UNG,UNG,UNG
28,arxiv,and,FilteredVamana,1.0,SIEVE,UNG,UNG,UNG,UNG
28,arxiv,equal,UNG,1.0,UNG,UNG,UNG,UNG,UNG
28,arxiv,or,UNG,1.0,Post-filter,Post-filter,StitchedVamana,FilteredVamana,UNG
28,tripclick,and,UNG,1.0,UNG,UNG,UNG,UNG,UNG
28,tripclick,equal,UNG,1.0,UNG,UNG,UNG,UNG,UNG
28,tripclick,or,UNG,1.0,Post-filter,UNG,UNG,UNG,UNG
28,yfcc,and,FilteredVamana,1.0,SIEVE,UNG,UNG,UNG,StitchedVamana
28,yfcc,equal,UNG,1.0,UNG,UNG,UNG,UNG,StitchedVamana
28,yfcc,or,FilteredVamana,1.0,Post-filter,FilteredVamana,StitchedVamana,UNG,StitchedVamana
28,ytb_audio,and,SIEVE,1.0,SIEVE,UNG,UNG,UNG,Post-filter
28,ytb_audio,equal,UNG,1.0,UNG,UNG,UNG,UNG,Post-filter
28,ytb_audio,or,StitchedVamana,1.0,Post-filter,UNG,UNG,UNG,Post-filter
28,ytb_video,and,UNG,0.9,UNG,UNG,UNG,UNG,Post-filter
28,ytb_video,equal,UNG,1.0,UNG,UNG,UNG,UNG,UNG
28,ytb_video,or,UNG,1.0,UNG,UNG,UNG,UNG,Post-filter
29,LAION1M,and,UNG,1.0,UNG,UNG,UNG,UNG,UNG
29,LAION1M,equal,UNG,1.0,UNG,UNG,UNG,UNG,UNG
29,LAION1M,or,UNG,1.0,Post-filter,UNG,UNG,UNG,StitchedVamana
29,arxiv,and,UNG,1.0,SIEVE,UNG,UNG,UNG,UNG
29,arxiv,equal,UNG,1.0,UNG,UNG,UNG,UNG,UNG
29,arxiv,or,UNG,1.0,Post-filter,StitchedVamana,StitchedVamana,Post-filter,UNG
29,tripclick,and,UNG,1.0,UNG,UNG,UNG,UNG,UNG
29,tripclick,equal,UNG,1.0,UNG,UNG,UNG,UNG,UNG
29,tripclick,or,UNG,1.0,Post-filter,UNG,UNG,UNG,UNG
29,yfcc,and,FilteredVamana,1.0,SIEVE,UNG,UNG,UNG,StitchedVamana
29,yfcc,equal,UNG,1.0,UNG,UNG,UNG,UNG,StitchedVamana
29,yfcc,or,FilteredVamana,1.0,Post-filter,StitchedVamana,UNG,UNG,StitchedVamana
29,ytb_audio,and,UNG,1.0,SIEVE,UNG,UNG,UNG,Post-filter
29,ytb_audio,equal,UNG,1.0,UNG,UNG,UNG,UNG,Post-filter
29,ytb_audio,or,UNG,1.0,Post-filter,UNG,UNG,UNG,Post-filter
29,ytb_video,and,UNG,0.9,UNG,UNG,UNG,UNG,Post-filter
29,ytb_video,equal,UNG,1.0,UNG,UNG,UNG,UNG,UNG
29,ytb_video,or,StitchedVamana,1.0,UNG,UNG,UNG,UNG,Post-filter
30,LAION1M,and,UNG,1.0,UNG,UNG,UNG,UNG,UNG
30,LAION1M,equal,UNG,1.0,UNG,UNG,UNG,UNG,UNG
30,LAION1M,or,UNG,1.0,Post-filter,Post-filter,UNG,UNG,UNG
30,arxiv,and,UNG,1.0,SIEVE,UNG,UNG,UNG,UNG
30,arxiv,equal,UNG,1.0,UNG,UNG,UNG,UNG,UNG
30,arxiv,or,UNG,1.0,Post-filter,Post-filter,StitchedVamana,Post-filter,UNG
30,tripclick,and,Post-filter,1.0,UNG,UNG,UNG,UNG,UNG
30,tripclick,equal,UNG,1.0,UNG,UNG,UNG,UNG,UNG
30,tripclick,or,UNG,1.0,Post-filter,UNG,UNG,UNG,UNG
30,yfcc,and,UNG,1.0,SIEVE,UNG,UNG,UNG,StitchedVamana
30,yfcc,equal,UNG,1.0,UNG,UNG,UNG,UNG,StitchedVamana
30,yfcc,or,FilteredVamana,1.0,Post-filter,StitchedVamana,StitchedVamana,UNG,StitchedVamana
30,ytb_audio,and,UNG,0.9,SIEVE,UNG,UNG,UNG,Post-filter
30,ytb_audio,equal,UNG,1.0,UNG,UNG,UNG,UNG,Post-filter
30,ytb_audio,or,UNG,1.0,Post-filter,UNG,UNG,UNG,Post-filter
30,ytb_video,and,UNG,0.7,UNG,UNG,UNG,UNG,Post-filter
30,ytb_video,equal,UNG,1.0,UNG,UNG,UNG,UNG,UNG
30,ytb_video,or,UNG,1.0,UNG,UNG,UNG,UNG,Post-filter
31,LAION1M,and,UNG,1.0,UNG,UNG,UNG,UNG,UNG
31,LAION1M,equal,UNG,1.0,UNG,UNG,UNG,UNG,UNG
31,LAION1M,or,UNG,1.0,Post-filter,UNG,UNG,UNG,StitchedVamana
31,arxiv,and,UNG,1.0,SIEVE,UNG,UNG,UNG,UNG
31,arxiv,equal,UNG,1.0,UNG,UNG,UNG,UNG,UNG
31,arxiv,or,UNG,1.0,Post-filter,UNG,UNG,UNG,UNG
31,tripclick,and,UNG,1.0,UNG,UNG,UNG,UNG,UNG
31,tripclick,equal,UNG,1.0,UNG,UNG,UNG,UNG,UNG
31,tripclick,or,UNG,1.0,Post-filter,UNG,UNG,UNG,UNG
31,yfcc,and,FilteredVamana,1.0,SIEVE,UNG,UNG,UNG,StitchedVamana
31,yfcc,equal,UNG,1.0,UNG,UNG,UNG,UNG,StitchedVamana
31,yfcc,or,FilteredVamana,1.0,Post-filter,StitchedVamana,StitchedVamana,UNG,StitchedVamana
31,ytb_audio,and,SIEVE,1.0,SIEVE,UNG,UNG,UNG,Post-filter
31,ytb_audio,equal,UNG,1.0,UNG,UNG,UNG,UNG,Post-filter
31,ytb_audio,or,StitchedVamana,1.0,Post-filter,UNG,FilteredVamana,UNG,Post-filter
31,ytb_video,and,UNG,1.0,UNG,UNG,UNG,UNG,Post-filter
31,ytb_video,equal,UNG,1.0,UNG,UNG,UNG,UNG,UNG
31,ytb_video,or,StitchedVamana,1.0,UNG,UNG,UNG,UNG,Post-filter
32,LAION1M,and,UNG,1.0,UNG,UNG,UNG,UNG,UNG
32,LAION1M,equal,UNG,1.0,UNG,UNG,UNG,UNG,UNG
32,LAION1M,or,UNG,1.0,Post-filter,Post-filter,UNG,UNG,UNG
32,arxiv,and,UNG,1.0,SIEVE,UNG,UNG,UNG,UNG
32,arxiv,equal,UNG,1.0,UNG,UNG,UNG,UNG,UNG
32,arxiv,or,FilteredVamana,1.0,Post-filter,Post-filter,StitchedVamana,Post-filter,UNG
32,tripclick,and,UNG,1.0,UNG,UNG,UNG,UNG,UNG
32,tripclick,equal,UNG,1.0,UNG,UNG,UNG,UNG,UNG
32,tripclick,or,UNG,1.0,Post-filter,UNG,UNG,UNG,UNG
32,yfcc,and,UNG,1.0,SIEVE,UNG,UNG,UNG,StitchedVamana
32,yfcc,equal,UNG,1.0,UNG,UNG,UNG,UNG,StitchedVamana
32,yfcc,or,FilteredVamana,1.0,Post-filter,StitchedVamana,StitchedVamana,UNG,StitchedVamana
32,ytb_audio,and,UNG,1.0,SIEVE,UNG,UNG,UNG,Post-filter
32,ytb_audio,equal,UNG,1.0,UNG,UNG,UNG,UNG,Post-filter
32,ytb_audio,or,Post-filter,1.0,Post-filter,UNG,FilteredVamana,UNG,Post-filter
32,ytb_video,and,SIEVE,1.0,UNG,UNG,UNG,UNG,Post-filter
32,ytb_video,equal,UNG,1.0,UNG,UNG,UNG,UNG,UNG
32,ytb_video,or,UNG,1.0,UNG,UNG,UNG,UNG,Post-filter
33,LAION1M,and,UNG,1.0,UNG,UNG,UNG,UNG,UNG
33,LAION1M,equal,UNG,1.0,UNG,UNG,UNG,UNG,UNG
33,LAION1M,or,Post-filter,1.0,Post-filter,UNG,UNG,UNG,StitchedVamana
33,arxiv,and,UNG,1.0,SIEVE,UNG,UNG,UNG,UNG
33,arxiv,equal,UNG,1.0,UNG,UNG,UNG,UNG,UNG
33,arxiv,or,FilteredVamana,1.0,Post-filter,Post-filter,StitchedVamana,UNG,UNG
33,tripclick,and,UNG,1.0,UNG,UNG,UNG,UNG,UNG
33,tripclick,equal,UNG,1.0,UNG,UNG,UNG,UNG,UNG
33,tripclick,or,UNG,1.0,Post-filter,UNG,UNG,UNG,UNG
33,yfcc,and,UNG,1.0,SIEVE,UNG,UNG,UNG,StitchedVamana
33,yfcc,equal,UNG,1.0,UNG,UNG,UNG,UNG,StitchedVamana
33,yfcc,or,FilteredVamana,1.0,Post-filter,StitchedVamana,StitchedVamana,UNG,StitchedVamana
33,ytb_audio,and,SIEVE,0.9,SIEVE,UNG,UNG,UNG,Post-filter
33,ytb_audio,equal,UNG,1.0,UNG,UNG,UNG,UNG,Post-filter
33,ytb_audio,or,StitchedVamana,1.0,Post-filter,UNG,FilteredVamana,UNG,Post-filter
33,ytb_video,and,UNG,1.0,UNG,UNG,UNG,UNG,Post-filter
33,ytb_video,equal,UNG,1.0,UNG,UNG,UNG,UNG,UNG
33,ytb_video,or,StitchedVamana,1.0,UNG,UNG,UNG,UNG,Post-filter
34,LAION1M,and,UNG,1.0,UNG,UNG,UNG,UNG,UNG
34,LAION1M,equal,UNG,1.0,UNG,UNG,UNG,UNG,UNG
34,LAION1M,or,UNG,1.0,Post-filter,Post-filter,UNG,UNG,UNG
34,arxiv,and,UNG,1.0,SIEVE,UNG,UNG,UNG,UNG
34,arxiv,equal,UNG,1.0,UNG,UNG,UNG,UNG,UNG
34,arxiv,or,UNG,1.0,Post-filter,UNG,UNG,UNG,UNG
34,tripclick,and,UNG,1.0,UNG,UNG,UNG,UNG,UNG
34,tripclick,equal,UNG,1.0,UNG,UNG,UNG,UNG,UNG
34,tripclick,or,UNG,1.0,Post-filter,UNG,UNG,UNG,UNG
34,yfcc,and,UNG,1.0,SIEVE,UNG,UNG,UNG,StitchedVamana
34,yfcc,equal,UNG,1.0,UNG,UNG,UNG,UNG,StitchedVamana
34,yfcc,or,FilteredVamana,1.0,Post-filter,StitchedVamana,StitchedVamana,UNG,StitchedVamana
34,ytb_audio,and,UNG,0.9,SIEVE,UNG,UNG,UNG,Post-filter
34,ytb_audio,equal,UNG,1.0,UNG,UNG,UNG,UNG,Post-filter
34,ytb_audio,or,StitchedVamana,1.0,Post-filter,UNG,FilteredVamana,UNG,Post-filter
34,ytb_video,and,UNG,1.0,UNG,UNG,UNG,UNG,Post-filter
34,ytb_video,equal,UNG,1.0,UNG,UNG,UNG,UNG,UNG
34,ytb_video,or,StitchedVamana,1.0,UNG,UNG,UNG,UNG,Post-filter
35,LAION1M,and,UNG,1.0,UNG,UNG,UNG,UNG,UNG
35,LAION1M,equal,UNG,1.0,UNG,UNG,UNG,UNG,UNG
35,LAION1M,or,UNG,1.0,Post-filter,UNG,UNG,UNG,StitchedVamana
35,arxiv,and,FilteredVamana,1.0,SIEVE,UNG,UNG,UNG,UNG
35,arxiv,equal,UNG,1.0,UNG,UNG,UNG,UNG,UNG
35,arxiv,or,UNG,1.0,Post-filter,Post-filter,UNG,Post-filter,UNG
35,tripclick,and,UNG,1.0,UNG,UNG,UNG,UNG,UNG
35,tripclick,equal,UNG,1.0,UNG,UNG,UNG,UNG,UNG
35,tripclick,or,UNG,1.0,Post-filter,UNG,UNG,UNG,UNG
35,yfcc,and,UNG,1.0,SIEVE,UNG,UNG,UNG,StitchedVamana
35,yfcc,equal,UNG,1.0,UNG,UNG,UNG,UNG,StitchedVamana
35,yfcc,or,FilteredVamana,1.0,Post-filter,StitchedVamana,StitchedVamana,UNG,StitchedVamana
35,ytb_audio,and,UNG,1.0,SIEVE,UNG,UNG,UNG,Post-filter
35,ytb_audio,equal,UNG,1.0,UNG,UNG,UNG,UNG,Post-filter
35,ytb_audio,or,StitchedVamana,1.0,Post-filter,UNG,FilteredVamana,UNG,Post-filter
35,ytb_video,and,UNG,1.0,UNG,UNG,UNG,UNG,Post-filter
35,ytb_video,equal,UNG,1.0,UNG,UNG,UNG,UNG,UNG
35,ytb_video,or,Post-filter,0.8,UNG,UNG,UNG,UNG,Post-filter
36,LAION1M,and,UNG,1.0,UNG,Post-filter,UNG,UNG,UNG
36,LAION1M,equal,UNG,1.0,UNG,UNG,UNG,UNG,UNG
36,LAION1M,or,UNG,1.0,Post-filter,UNG,UNG,UNG,UNG
36,arxiv,and,UNG,1.0,SIEVE,UNG,UNG,UNG,UNG
36,arxiv,equal,UNG,1.0,UNG,UNG,UNG,UNG,UNG
36,arxiv,or,UNG,1.0,Post-filter,Post-filter,StitchedVamana,UNG,UNG
36,tripclick,and,UNG,1.0,UNG,UNG,UNG,UNG,UNG
36,tripclick,equal,UNG,1.0,UNG,UNG,UNG,UNG,UNG
36,tripclick,or,UNG,1.0,Post-filter,UNG,UNG,UNG,UNG
36,yfcc,and,UNG,1.0,SIEVE,UNG,UNG,UNG,StitchedVamana
36,yfcc,equal,UNG,1.0,UNG,UNG,UNG,UNG,StitchedVamana
36,yfcc,or,FilteredVamana,1.0,Post-filter,StitchedVamana,StitchedVamana,UNG,StitchedVamana
36,ytb_audio,and,UNG,1.0,SIEVE,UNG,UNG,UNG,Post-filter
36,ytb_audio,equal,UNG,1.0,UNG,UNG,UNG,UNG,Post-filter
36,ytb_audio,or,UNG,1.0,Post-filter,UNG,UNG,UNG,Post-filter
36,ytb_video,and,UNG,1.0,UNG,UNG,UNG,UNG,Post-filter
36,ytb_video,equal,UNG,1.0,UNG,UNG,UNG,UNG,UNG
36,ytb_video,or,StitchedVamana,1.0,UNG,UNG,UNG,UNG,Post-filter
37,LAION1M,and,UNG,1.0,UNG,UNG,UNG,UNG,UNG
37,LAION1M,equal,UNG,1.0,UNG,UNG,UNG,UNG,UNG
37,LAION1M,or,UNG,1.0,Post-filter,StitchedVamana,UNG,UNG,StitchedVamana
37,arxiv,and,UNG,1.0,SIEVE,UNG,UNG,UNG,UNG
37,arxiv,equal,UNG,1.0,UNG,UNG,UNG,UNG,UNG
37,arxiv,or,UNG,1.0,Post-filter,UNG,UNG,UNG,UNG
37,tripclick,and,UNG,1.0,UNG,UNG,UNG,UNG,UNG
37,tripclick,equal,UNG,1.0,UNG,UNG,UNG,UNG,UNG
37,tripclick,or,UNG,1.0,Post-filter,UNG,UNG,UNG,UNG
37,yfcc,and,FilteredVamana,1.0,SIEVE,UNG,UNG,UNG,StitchedVamana
37,yfcc,equal,UNG,1.0,UNG,UNG,UNG,UNG,StitchedVamana
37,yfcc,or,FilteredVamana,1.0,Post-filter,StitchedVamana,StitchedVamana,UNG,StitchedVamana
37,ytb_audio,and,UNG,1.0,SIEVE,UNG,UNG,UNG,Post-filter
37,ytb_audio,equal,UNG,1.0,UNG,UNG,UNG,UNG,Post-filter
37,ytb_audio,or,StitchedVamana,1.0,Post-filter,UNG,FilteredVamana,UNG,Post-filter
37,ytb_video,and,UNG,1.0,UNG,UNG,UNG,UNG,Post-filter
37,ytb_video,equal,UNG,1.0,UNG,UNG,UNG,UNG,UNG
37,ytb_video,or,ACORN,0.7,UNG,UNG,UNG,UNG,Post-filter
38,LAION1M,and,UNG,1.0,UNG,UNG,UNG,UNG,UNG
38,LAION1M,equal,UNG,1.0,UNG,UNG,UNG,UNG,UNG
38,LAION1M,or,UNG,1.0,Post-filter,UNG,UNG,UNG,UNG
38,arxiv,and,UNG,1.0,SIEVE,UNG,UNG,UNG,UNG
38,arxiv,equal,UNG,1.0,UNG,UNG,UNG,UNG,UNG
38,arxiv,or,UNG,1.0,Post-filter,Post-filter,StitchedVamana,Post-filter,UNG
38,tripclick,and,UNG,1.0,UNG,UNG,UNG,UNG,UNG
38,tripclick,equal,UNG,1.0,UNG,UNG,UNG,UNG,UNG
38,tripclick,or,UNG,1.0,Post-filter,UNG,UNG,UNG,UNG
38,yfcc,and,UNG,1.0,SIEVE,UNG,UNG,UNG,StitchedVamana
38,yfcc,equal,UNG,1.0,UNG,UNG,UNG,UNG,StitchedVamana
38,yfcc,or,FilteredVamana,1.0,Post-filter,StitchedVamana,UNG,UNG,StitchedVamana
38,ytb_audio,and,UNG,1.0,SIEVE,UNG,UNG,UNG,Post-filter
38,ytb_audio,equal,UNG,1.0,UNG,UNG,UNG,UNG,Post-filter
38,ytb_audio,or,Post-filter,1.0,Post-filter,UNG,UNG,UNG,Post-filter
38,ytb_video,and,UNG,1.0,UNG,UNG,UNG,UNG,Post-filter
38,ytb_video,equal,UNG,1.0,UNG,UNG,UNG,UNG,UNG
38,ytb_video,or,ACORN,1.0,UNG,UNG,UNG,UNG,Post-filter
39,LAION1M,and,UNG,1.0,UNG,UNG,UNG,UNG,UNG
39,LAION1M,equal,UNG,1.0,UNG,UNG,UNG,UNG,UNG
39,LAION1M,or,UNG,1.0,Post-filter,UNG,UNG,UNG,UNG
39,arxiv,and,UNG,1.0,SIEVE,UNG,UNG,UNG,UNG
39,arxiv,equal,UNG,1.0,UNG,UNG,UNG,UNG,UNG
39,arxiv,or,FilteredVamana,1.0,Post-filter,Post-filter,StitchedVamana,Post-filter,UNG
39,tripclick,and,UNG,1.0,UNG,UNG,UNG,UNG,UNG
39,tripclick,equal,UNG,1.0,UNG,UNG,UNG,UNG,UNG
39,tripclick,or,UNG,1.0,Post-filter,UNG,UNG,UNG,UNG
39,yfcc,and,UNG,1.0,SIEVE,UNG,UNG,UNG,StitchedVamana
39,yfcc,equal,UNG,1.0,UNG,UNG,UNG,UNG,StitchedVamana
39,yfcc,or,FilteredVamana,1.0,Post-filter,StitchedVamana,StitchedVamana,UNG,StitchedVamana
39,ytb_audio,and,UNG,1.0,SIEVE,UNG,UNG,UNG,Post-filter
39,ytb_audio,equal,UNG,1.0,UNG,UNG,UNG,UNG,Post-filter
39,ytb_audio,or,StitchedVamana,1.0,Post-filter,UNG,FilteredVamana,UNG,Post-filter
39,ytb_video,and,UNG,1.0,UNG,UNG,UNG,UNG,Post-filter
39,ytb_video,equal,UNG,0.7,UNG,UNG,UNG,UNG,UNG
39,ytb_video,or,UNG,1.0,UNG,UNG,UNG,UNG,Post-filter
40,LAION1M,and,UNG,1.0,UNG,Post-filter,UNG,UNG,UNG
40,LAION1M,equal,UNG,1.0,UNG,UNG,UNG,UNG,UNG
40,LAION1M,or,UNG,1.0,Post-filter,Post-filter,UNG,FilteredVamana,StitchedVamana
40,arxiv,and,UNG,1.0,SIEVE,UNG,UNG,UNG,UNG
40,arxiv,equal,UNG,1.0,UNG,UNG,UNG,UNG,UNG
40,arxiv,or,UNG,1.0,Post-filter,Post-filter,UNG,Post-filter,UNG
40,tripclick,and,UNG,1.0,UNG,UNG,UNG,UNG,UNG
40,tripclick,equal,UNG,1.0,UNG,UNG,UNG,UNG,UNG
40,tripclick,or,Post-filter,1.0,Post-filter,UNG,UNG,UNG,UNG
40,yfcc,and,FilteredVamana,1.0,SIEVE,UNG,UNG,UNG,StitchedVamana
40,yfcc,equal,UNG,1.0,UNG,UNG,UNG,UNG,StitchedVamana
40,yfcc,or,FilteredVamana,1.0,Post-filter,UNG,StitchedVamana,UNG,StitchedVamana
40,ytb_audio,and,UNG,1.0,SIEVE,UNG,UNG,UNG,Post-filter
40,ytb_audio,equal,UNG,1.0,UNG,UNG,UNG,UNG,Post-filter
40,ytb_audio,or,UNG,1.0,Post-filter,UNG,FilteredVamana,UNG,Post-filter
40,ytb_video,and,UNG,1.0,UNG,UNG,UNG,UNG,Post-filter
40,ytb_video,equal,UNG,1.0,UNG,UNG,UNG,UNG,UNG
40,ytb_video,or,StitchedVamana,0.9,UNG,UNG,UNG,UNG,Post-filter
41,LAION1M,and,UNG,1.0,UNG,Post-filter,UNG,UNG,UNG
41,LAION1M,equal,UNG,1.0,UNG,UNG,UNG,UNG,UNG
41,LAION1M,or,UNG,1.0,Post-filter,Post-filter,UNG,FilteredVamana,StitchedVamana
41,arxiv,and,UNG,1.0,SIEVE,UNG,UNG,UNG,UNG
41,arxiv,equal,UNG,1.0,UNG,UNG,UNG,UNG,UNG
41,arxiv,or,UNG,1.0,Post-filter,Post-filter,StitchedVamana,Post-filter,UNG
41,tripclick,and,UNG,1.0,UNG,UNG,UNG,UNG,UNG
41,tripclick,equal,UNG,1.0,UNG,UNG,UNG,UNG,UNG
41,tripclick,or,Post-filter,1.0,Post-filter,UNG,UNG,UNG,UNG
41,yfcc,and,FilteredVamana,1.0,SIEVE,UNG,UNG,UNG,StitchedVamana
41,yfcc,equal,UNG,1.0,UNG,UNG,UNG,UNG,StitchedVamana
41,yfcc,or,FilteredVamana,1.0,Post-filter,StitchedVamana,StitchedVamana,UNG,StitchedVamana
41,ytb_audio,and,UNG,1.0,SIEVE,UNG,UNG,UNG,Post-filter
41,ytb_audio,equal,UNG,1.0,UNG,UNG,UNG,UNG,Post-filter
41,ytb_audio,or,Post-filter,1.0,Post-filter,UNG,UNG,UNG,Post-filter
41,ytb_video,and,UNG,1.0,UNG,UNG,UNG,UNG,Post-filter
41,ytb_video,equal,UNG,1.0,UNG,UNG,UNG,UNG,UNG
41,ytb_video,or,StitchedVamana,1.0,UNG,UNG,UNG,UNG,Post-filter
42,LAION1M,and,UNG,1.0,UNG,UNG,UNG,UNG,UNG
42,LAION1M,equal,UNG,1.0,UNG,UNG,UNG,UNG,UNG
42,LAION1M,or,UNG,1.0,Post-filter,UNG,UNG,UNG,StitchedVamana
42,arxiv,and,UNG,1.0,SIEVE,Post-filter,UNG,UNG,UNG
42,arxiv,equal,UNG,1.0,UNG,UNG,UNG,UNG,UNG
42,arxiv,or,UNG,1.0,Post-filter,Post-filter,StitchedVamana,Post-filter,Post-filter
42,tripclick,and,UNG,1.0,UNG,UNG,UNG,UNG,UNG
42,tripclick,equal,UNG,1.0,UNG,UNG,UNG,UNG,UNG
42,tripclick,or,UNG,1.0,Post-filter,UNG,UNG,UNG,UNG
42,yfcc,and,FilteredVamana,1.0,SIEVE,UNG,UNG,UNG,StitchedVamana
42,yfcc,equal,UNG,1.0,UNG,UNG,UNG,UNG,StitchedVamana
42,yfcc,or,FilteredVamana,1.0,Post-filter,StitchedVamana,StitchedVamana,UNG,StitchedVamana
42,ytb_audio,and,SIEVE,1.0,SIEVE,UNG,UNG,UNG,Post-filter
42,ytb_audio,equal,UNG,1.0,UNG,UNG,UNG,UNG,Post-filter
42,ytb_audio,or,StitchedVamana,1.0,Post-filter,UNG,UNG,UNG,Post-filter
42,ytb_video,and,UNG,1.0,UNG,UNG,UNG,UNG,Post-filter
42,ytb_video,equal,UNG,1.0,UNG,UNG,UNG,UNG,UNG
42,ytb_video,or,StitchedVamana,1.0,UNG,UNG,UNG,UNG,Post-filter
43,LAION1M,and,UNG,1.0,UNG,UNG,UNG,UNG,UNG
43,LAION1M,equal,UNG,1.0,UNG,UNG,UNG,UNG,UNG
43,LAION1M,or,UNG,1.0,Post-filter,UNG,UNG,UNG,UNG
43,arxiv,and,UNG,1.0,SIEVE,UNG,UNG,UNG,UNG
43,arxiv,equal,UNG,1.0,UNG,UNG,UNG,UNG,UNG
43,arxiv,or,UNG,1.0,Post-filter,Post-filter,StitchedVamana,Post-filter,UNG
43,tripclick,and,UNG,1.0,UNG,UNG,UNG,UNG,UNG
43,tripclick,equal,UNG,1.0,UNG,UNG,UNG,UNG,UNG
43,tripclick,or,UNG,1.0,Post-filter,UNG,UNG,UNG,UNG
43,yfcc,and,FilteredVamana,1.0,SIEVE,UNG,UNG,UNG,StitchedVamana
43,yfcc,equal,UNG,1.0,UNG,UNG,UNG,UNG,StitchedVamana
43,yfcc,or,FilteredVamana,1.0,Post-filter,StitchedVamana,StitchedVamana,UNG,StitchedVamana
43,ytb_audio,and,SIEVE,1.0,SIEVE,UNG,UNG,UNG,Post-filter
43,ytb_audio,equal,UNG,1.0,UNG,UNG,UNG,UNG,Post-filter
43,ytb_audio,or,StitchedVamana,0.7,Post-filter,UNG,UNG,UNG,Post-filter
43,ytb_video,and,UNG,1.0,UNG,UNG,UNG,UNG,Post-filter
43,ytb_video,equal,UNG,1.0,UNG,UNG,UNG,UNG,UNG
43,ytb_video,or,UNG,1.0,UNG,UNG,UNG,UNG,Post-filter
44,LAION1M,and,UNG,1.0,UNG,Post-filter,UNG,UNG,UNG
44,LAION1M,equal,UNG,1.0,UNG,UNG,UNG,UNG,UNG
44,LAION1M,or,UNG,1.0,Post-filter,UNG,UNG,UNG,UNG
44,arxiv,and,UNG,1.0,SIEVE,UNG,UNG,UNG,UNG
44,arxiv,equal,UNG,1.0,UNG,UNG,UNG,UNG,UNG
44,arxiv,or,UNG,1.0,Post-filter,UNG,StitchedVamana,UNG,UNG
44,tripclick,and,UNG,1.0,UNG,UNG,UNG,UNG,UNG
44,tripclick,equal,UNG,1.0,UNG,UNG,UNG,UNG,UNG
44,tripclick,or,UNG,1.0,Post-filter,UNG,UNG,UNG,UNG
44,yfcc,and,UNG,1.0,SIEVE,UNG,UNG,UNG,StitchedVamana
44,yfcc,equal,UNG,1.0,UNG,UNG,UNG,UNG,StitchedVamana
44,yfcc,or,FilteredVamana,1.0,Post-filter,StitchedVamana,UNG,UNG,StitchedVamana
44,ytb_audio,and,SIEVE,0.9,SIEVE,UNG,UNG,UNG,Post-filter
44,ytb_audio,equal,UNG,1.0,UNG,UNG,UNG,UNG,Post-filter
44,ytb_audio,or,StitchedVamana,1.0,Post-filter,UNG,FilteredVamana,UNG,Post-filter
44,ytb_video,and,UNG,1.0,UNG,UNG,UNG,UNG,Post-filter
44,ytb_video,equal,UNG,0.9,UNG,UNG,UNG,UNG,UNG
44,ytb_video,or,StitchedVamana,1.0,UNG,UNG,UNG,UNG,Post-filter
45,LAION1M,and,UNG,1.0,UNG,UNG,UNG,UNG,UNG
45,LAION1M,equal,UNG,1.0,UNG,UNG,UNG,UNG,UNG
45,LAION1M,or,UNG,1.0,Post-filter,UNG,UNG,UNG,UNG
45,arxiv,and,UNG,1.0,SIEVE,UNG,UNG,UNG,UNG
45,arxiv,equal,UNG,1.0,UNG,UNG,UNG,UNG,UNG
45,arxiv,or,UNG,1.0,Post-filter,Post-filter,StitchedVamana,Post-filter,UNG
45,tripclick,and,UNG,1.0,UNG,UNG,UNG,UNG,UNG
45,tripclick,equal,UNG,1.0,UNG,UNG,UNG,UNG,UNG
45,tripclick,or,UNG,1.0,Post-filter,UNG,UNG,UNG,UNG
45,yfcc,and,UNG,1.0,SIEVE,UNG,UNG,UNG,StitchedVamana
45,yfcc,equal,UNG,1.0,UNG,UNG,UNG,UNG,StitchedVamana
45,yfcc,or,FilteredVamana,1.0,Post-filter,StitchedVamana,StitchedVamana,UNG,StitchedVamana
45,ytb_audio,and,UNG,1.0,SIEVE,UNG,UNG,UNG,Post-filter
45,ytb_audio,equal,UNG,1.0,UNG,UNG,UNG,UNG,Post-filter
45,ytb_audio,or,StitchedVamana,1.0,Post-filter,UNG,FilteredVamana,UNG,Post-filter
45,ytb_video,and,UNG,1.0,UNG,UNG,UNG,UNG,Post-filter
45,ytb_video,equal,UNG,1.0,UNG,UNG,UNG,UNG,UNG
45,ytb_video,or,StitchedVamana,1.0,UNG,UNG,UNG,UNG,Post-filter
46,LAION1M,and,UNG,1.0,UNG,UNG,UNG,UNG,UNG
46,LAION1M,equal,UNG,1.0,UNG,UNG,UNG,UNG,UNG
46,LAION1M,or,UNG,1.0,Post-filter,Post-filter,UNG,UNG,UNG
46,arxiv,and,FilteredVamana,1.0,SIEVE,UNG,UNG,UNG,UNG
46,arxiv,equal,UNG,1.0,UNG,UNG,UNG,UNG,UNG
46,arxiv,or,UNG,1.0,Post-filter,UNG,UNG,Post-filter,UNG
46,tripclick,and,UNG,1.0,UNG,UNG,UNG,UNG,UNG
46,tripclick,equal,UNG,1.0,UNG,UNG,UNG,UNG,UNG
46,tripclick,or,UNG,1.0,Post-filter,UNG,UNG,UNG,UNG
46,yfcc,and,StitchedVamana,1.0,SIEVE,UNG,UNG,UNG,StitchedVamana
46,yfcc,equal,UNG,1.0,UNG,UNG,UNG,UNG,StitchedVamana
46,yfcc,or,FilteredVamana,1.0,Post-filter,UNG,UNG,UNG,StitchedVamana
46,ytb_audio,and,UNG,1.0,SIEVE,UNG,UNG,UNG,Post-filter
46,ytb_audio,equal,UNG,1.0,UNG,UNG,UNG,UNG,Post-filter
46,ytb_audio,or,StitchedVamana,1.0,Post-filter,UNG,FilteredVamana,UNG,Post-filter
46,ytb_video,and,UNG,1.0,UNG,UNG,UNG,UNG,Post-filter
46,ytb_video,equal,UNG,0.8,UNG,UNG,UNG,UNG,UNG
46,ytb_video,or,StitchedVamana,0.9,UNG,UNG,UNG,UNG,Post-filter
47,LAION1M,and,UNG,1.0,UNG,UNG,UNG,UNG,UNG
47,LAION1M,equal,UNG,1.0,UNG,UNG,UNG,UNG,UNG
47,LAION1M,or,UNG,1.0,Post-filter,UNG,UNG,UNG,StitchedVamana
47,arxiv,and,UNG,1.0,SIEVE,UNG,UNG,UNG,UNG
47,arxiv,equal,UNG,1.0,UNG,UNG,UNG,UNG,UNG
47,arxiv,or,UNG,1.0,Post-filter,Post-filter,UNG,Post-filter,UNG
47,tripclick,and,UNG,1.0,UNG,UNG,UNG,UNG,UNG
47,tripclick,equal,UNG,1.0,UNG,UNG,UNG,UNG,UNG
47,tripclick,or,UNG,1.0,Post-filter,UNG,UNG,UNG,UNG
47,yfcc,and,UNG,1.0,SIEVE,UNG,UNG,UNG,StitchedVamana
47,yfcc,equal,UNG,1.0,UNG,UNG,UNG,UNG,StitchedVamana
47,yfcc,or,FilteredVamana,1.0,Post-filter,StitchedVamana,StitchedVamana,UNG,StitchedVamana
47,ytb_audio,and,UNG,1.0,SIEVE,UNG,UNG,UNG,Post-filter
47,ytb_audio,equal,UNG,1.0,UNG,UNG,UNG,UNG,Post-filter
47,ytb_audio,or,Post-filter,1.0,Post-filter,UNG,UNG,UNG,Post-filter
47,ytb_video,and,UNG,0.7,UNG,UNG,UNG,UNG,Post-filter
47,ytb_video,equal,UNG,1.0,UNG,UNG,UNG,UNG,UNG
47,ytb_video,or,StitchedVamana,0.9,UNG,UNG,UNG,UNG,Post-filter
48,LAION1M,and,UNG,1.0,UNG,UNG,UNG,UNG,UNG
48,LAION1M,equal,UNG,1.0,UNG,UNG,UNG,UNG,UNG
48,LAION1M,or,UNG,1.0,Post-filter,StitchedVamana,UNG,UNG,StitchedVamana
48,arxiv,and,UNG,1.0,SIEVE,UNG,UNG,UNG,UNG
48,arxiv,equal,UNG,1.0,UNG,UNG,UNG,UNG,UNG
48,arxiv,or,FilteredVamana,1.0,Post-filter,Post-filter,StitchedVamana,Post-filter,Post-filter
48,tripclick,and,UNG,1.0,UNG,UNG,UNG,UNG,UNG
48,tripclick,equal,UNG,1.0,UNG,UNG,UNG,UNG,UNG
48,tripclick,or,UNG,1.0,Post-filter,UNG,UNG,UNG,UNG
48,yfcc,and,UNG,1.0,SIEVE,UNG,UNG,UNG,StitchedVamana
48,yfcc,equal,UNG,1.0,UNG,UNG,UNG,UNG,StitchedVamana
48,yfcc,or,FilteredVamana,1.0,Post-filter,StitchedVamana,StitchedVamana,UNG,StitchedVamana
48,ytb_audio,and,UNG,1.0,SIEVE,UNG,UNG,UNG,Post-filter
48,ytb_audio,equal,UNG,1.0,UNG,UNG,UNG,UNG,Post-filter
48,ytb_audio,or,StitchedVamana,1.0,Post-filter,UNG,FilteredVamana,UNG,Post-filter
48,ytb_video,and,UNG,1.0,UNG,UNG,UNG,UNG,Post-filter
48,ytb_video,equal,UNG,1.0,UNG,UNG,UNG,UNG,UNG
48,ytb_video,or,StitchedVamana,1.0,UNG,UNG,UNG,UNG,Post-filter
49,LAION1M,and,UNG,1.0,UNG,UNG,UNG,UNG,UNG
49,LAION1M,equal,UNG,1.0,UNG,UNG,UNG,UNG,UNG
49,LAION1M,or,UNG,1.0,Post-filter,Post-filter,UNG,UNG,UNG
49,arxiv,and,UNG,1.0,SIEVE,UNG,UNG,UNG,UNG
49,arxiv,equal,UNG,1.0,UNG,UNG,UNG,UNG,UNG
49,arxiv,or,UNG,1.0,Post-filter,UNG,UNG,Post-filter,UNG
49,tripclick,and,Post-filter,1.0,UNG,UNG,UNG,UNG,UNG
49,tripclick,equal,UNG,1.0,UNG,UNG,UNG,UNG,UNG
49,tripclick,or,UNG,1.0,Post-filter,UNG,UNG,UNG,UNG
49,yfcc,and,UNG,1.0,SIEVE,UNG,UNG,UNG,StitchedVamana
49,yfcc,equal,UNG,1.0,UNG,UNG,UNG,UNG,StitchedVamana
49,yfcc,or,FilteredVamana,1.0,Post-filter,StitchedVamana,StitchedVamana,UNG,StitchedVamana
49,ytb_audio,and,UNG,1.0,SIEVE,UNG,UNG,UNG,Post-filter
49,ytb_audio,equal,UNG,1.0,UNG,UNG,UNG,UNG,Post-filter
49,ytb_audio,or,StitchedVamana,1.0,Post-filter,UNG,UNG,UNG,Post-filter
49,ytb_video,and,UNG,1.0,UNG,UNG,UNG,UNG,Post-filter
49,ytb_video,equal,UNG,1.0,UNG,UNG,UNG,UNG,UNG
49,ytb_video,or,UNG,1.0,UNG,UNG,UNG,UNG,Post-filter
50,LAION1M,and,UNG,1.0,UNG,UNG,UNG,UNG,UNG
50,LAION1M,equal,UNG,1.0,UNG,UNG,UNG,UNG,UNG
50,LAION1M,or,UNG,1.0,Post-filter,UNG,UNG,UNG,UNG
50,arxiv,and,UNG,1.0,SIEVE,UNG,UNG,UNG,UNG
50,arxiv,equal,UNG,1.0,UNG,UNG,UNG,UNG,UNG
50,arxiv,or,FilteredVamana,1.0,Post-filter,Post-filter,StitchedVamana,Post-filter,UNG
50,tripclick,and,UNG,1.0,UNG,UNG,UNG,UNG,UNG
50,tripclick,equal,UNG,1.0,UNG,UNG,UNG,UNG,UNG
50,tripclick,or,UNG,1.0,Post-filter,UNG,UNG,UNG,UNG
50,yfcc,and,UNG,1.0,SIEVE,UNG,UNG,UNG,StitchedVamana
50,yfcc,equal,UNG,1.0,UNG,UNG,UNG,UNG,StitchedVamana
50,yfcc,or,Post-filter,1.0,Post-filter,StitchedVamana,StitchedVamana,UNG,StitchedVamana
50,ytb_audio,and,UNG,1.0,SIEVE,UNG,UNG,UNG,Post-filter
50,ytb_audio,equal,UNG,1.0,UNG,UNG,UNG,UNG,Post-filter
50,ytb_audio,or,StitchedVamana,1.0,Post-filter,UNG,FilteredVamana,UNG,Post-filter
50,ytb_video,and,UNG,1.0,UNG,UNG,UNG,UNG,Post-filter
50,ytb_video,equal,UNG,1.0,UNG,UNG,UNG,UNG,UNG
50,ytb_video,or,UNG,0.9,UNG,UNG,UNG,UNG,Post-filter
51,LAION1M,and,UNG,1.0,UNG,UNG,UNG,UNG,UNG
51,LAION1M,equal,UNG,1.0,UNG,UNG,UNG,UNG,UNG
51,LAION1M,or,UNG,1.0,Post-filter,UNG,UNG,UNG,UNG
51,arxiv,and,UNG,1.0,SIEVE,UNG,UNG,UNG,UNG
51,arxiv,equal,UNG,1.0,UNG,UNG,UNG,UNG,UNG
51,arxiv,or,StitchedVamana,1.0,Post-filter,UNG,UNG,Post-filter,UNG
51,tripclick,and,UNG,1.0,UNG,UNG,UNG,UNG,UNG
51,tripclick,equal,UNG,1.0,UNG,UNG,UNG,UNG,UNG
51,tripclick,or,UNG,1.0,Post-filter,UNG,UNG,UNG,UNG
51,yfcc,and,UNG,1.0,SIEVE,UNG,UNG,UNG,StitchedVamana
51,yfcc,equal,UNG,1.0,UNG,UNG,UNG,UNG,StitchedVamana
51,yfcc,or,FilteredVamana,1.0,Post-filter,StitchedVamana,UNG,UNG,StitchedVamana
51,ytb_audio,and,UNG,1.0,SIEVE,UNG,UNG,UNG,Post-filter
51,ytb_audio,equal,UNG,1.0,UNG,UNG,UNG,UNG,Post-filter
51,ytb_audio,or,StitchedVamana,1.0,Post-filter,UNG,UNG,UNG,Post-filter
51,ytb_video,and,Post-filter,0.3,UNG,UNG,UNG,UNG,Post-filter
51,ytb_video,equal,UNG,1.0,UNG,UNG,UNG,UNG,UNG
51,ytb_video,or,ACORN,0.9,UNG,UNG,UNG,UNG,Post-filter
52,LAION1M,and,UNG,1.0,UNG,UNG,UNG,UNG,UNG
52,LAION1M,equal,UNG,1.0,UNG,UNG,UNG,UNG,UNG
52,LAION1M,or,UNG,1.0,Post-filter,Post-filter,UNG,UNG,StitchedVamana
52,arxiv,and,FilteredVamana,1.0,SIEVE,Post-filter,UNG,UNG,UNG
52,arxiv,equal,UNG,1.0,UNG,UNG,UNG,UNG,UNG
52,arxiv,or,UNG,1.0,Post-filter,UNG,UNG,Post-filter,UNG
52,tripclick,and,Post-filter,1.0,UNG,UNG,UNG,UNG,UNG
52,tripclick,equal,UNG,1.0,UNG,UNG,UNG,UNG,UNG
52,tripclick,or,UNG,1.0,Post-filter,UNG,UNG,UNG,UNG
52,yfcc,and,UNG,1.0,SIEVE,UNG,UNG,UNG,StitchedVamana
52,yfcc,equal,UNG,1.0,UNG,UNG,UNG,UNG,StitchedVamana
52,yfcc,or,FilteredVamana,1.0,Post-filter,StitchedVamana,StitchedVamana,UNG,StitchedVamana
52,ytb_audio,and,SIEVE,1.0,SIEVE,UNG,UNG,UNG,Post-filter
52,ytb_audio,equal,UNG,1.0,UNG,UNG,UNG,UNG,Post-filter
52,ytb_audio,or,StitchedVamana,1.0,Post-filter,UNG,FilteredVamana,UNG,Post-filter
52,ytb_video,and,UNG,1.0,UNG,UNG,UNG,UNG,Post-filter
52,ytb_video,equal,UNG,1.0,UNG,UNG,UNG,UNG,UNG
52,ytb_video,or,UNG,0.8,UNG,UNG,UNG,UNG,Post-filter
53,LAION1M,and,UNG,1.0,UNG,Post-filter,UNG,UNG,UNG
53,LAION1M,equal,UNG,1.0,UNG,UNG,UNG,UNG,UNG
53,LAION1M,or,UNG,1.0,Post-filter,UNG,UNG,UNG,StitchedVamana
53,arxiv,and,UNG,1.0,SIEVE,UNG,UNG,UNG,UNG
53,arxiv,equal,UNG,1.0,UNG,UNG,UNG,UNG,UNG
53,arxiv,or,UNG,1.0,Post-filter,UNG,StitchedVamana,UNG,UNG
53,tripclick,and,UNG,1.0,UNG,UNG,UNG,UNG,UNG
53,tripclick,equal,UNG,1.0,UNG,UNG,UNG,UNG,UNG
53,tripclick,or,Post-filter,1.0,Post-filter,UNG,UNG,UNG,UNG
53,yfcc,and,UNG,1.0,SIEVE,UNG,UNG,UNG,StitchedVamana
53,yfcc,equal,UNG,1.0,UNG,UNG,UNG,UNG,StitchedVamana
53,yfcc,or,FilteredVamana,1.0,Post-filter,StitchedVamana,StitchedVamana,UNG,StitchedVamana
53,ytb_audio,and,UNG,1.0,SIEVE,UNG,UNG,UNG,Post-filter
53,ytb_audio,equal,UNG,1.0,UNG,UNG,UNG,UNG,Post-filter
53,ytb_audio,or,StitchedVamana,1.0,Post-filter,UNG,FilteredVamana,UNG,Post-filter
53,ytb_video,and,SIEVE,1.0,UNG,UNG,UNG,UNG,Post-filter
53,ytb_video,equal,UNG,0.8,UNG,UNG,UNG,UNG,UNG
53,ytb_video,or,UNG,1.0,UNG,UNG,UNG,UNG,Post-filter
54,LAION1M,and,UNG,1.0,UNG,UNG,UNG,UNG,UNG
54,LAION1M,equal,UNG,1.0,UNG,UNG,UNG,UNG,UNG
54,LAION1M,or,UNG,1.0,Post-filter,UNG,UNG,FilteredVamana,StitchedVamana
54,arxiv,and,UNG,1.0,SIEVE,UNG,UNG,UNG,UNG
54,arxiv,equal,UNG,1.0,UNG,UNG,UNG,UNG,UNG
54,arxiv,or,UNG,1.0,Post-filter,Post-filter,StitchedVamana,Post-filter,UNG
54,tripclick,and,UNG,1.0,UNG,UNG,UNG,UNG,UNG
54,tripclick,equal,UNG,1.0,UNG,UNG,UNG,UNG,UNG
54,tripclick,or,UNG,1.0,Post-filter,UNG,UNG,UNG,UNG
54,yfcc,and,UNG,1.0,SIEVE,UNG,UNG,UNG,StitchedVamana
54,yfcc,equal,UNG,1.0,UNG,UNG,UNG,UNG,StitchedVamana
54,yfcc,or,FilteredVamana,1.0,Post-filter,StitchedVamana,StitchedVamana,UNG,StitchedVamana
54,ytb_audio,and,UNG,1.0,SIEVE,UNG,UNG,UNG,Post-filter
54,ytb_audio,equal,UNG,1.0,UNG,UNG,UNG,UNG,Post-filter
54,ytb_audio,or,StitchedVamana,1.0,Post-filter,UNG,FilteredVamana,UNG,Post-filter
54,ytb_video,and,UNG,1.0,UNG,UNG,UNG,UNG,Post-filter
54,ytb_video,equal,UNG,1.0,UNG,UNG,UNG,UNG,UNG
54,ytb_video,or,UNG,1.0,UNG,UNG,UNG,UNG,Post-filter
55,LAION1M,and,UNG,1.0,UNG,UNG,UNG,UNG,UNG
55,LAION1M,equal,UNG,1.0,UNG,UNG,UNG,UNG,UNG
55,LAION1M,or,UNG,1.0,Post-filter,Post-filter,UNG,UNG,UNG
55,arxiv,and,UNG,1.0,SIEVE,UNG,UNG,UNG,UNG
55,arxiv,equal,UNG,1.0,UNG,UNG,UNG,UNG,UNG
55,arxiv,or,FilteredVamana,1.0,Post-filter,Post-filter,StitchedVamana,Post-filter,UNG
55,tripclick,and,UNG,1.0,UNG,UNG,UNG,UNG,UNG
55,tripclick,equal,UNG,1.0,UNG,UNG,UNG,UNG,UNG
55,tripclick,or,UNG,1.0,Post-filter,UNG,UNG,UNG,UNG
55,yfcc,and,UNG,1.0,SIEVE,UNG,UNG,UNG,StitchedVamana
55,yfcc,equal,UNG,1.0,UNG,UNG,UNG,UNG,StitchedVamana
55,yfcc,or,FilteredVamana,1.0,Post-filter,StitchedVamana,StitchedVamana,UNG,StitchedVamana
55,ytb_audio,and,UNG,1.0,SIEVE,UNG,UNG,UNG,Post-filter
55,ytb_audio,equal,UNG,1.0,UNG,UNG,UNG,UNG,Post-filter
55,ytb_audio,or,StitchedVamana,1.0,Post-filter,UNG,UNG,UNG,Post-filter
55,ytb_video,and,UNG,1.0,UNG,UNG,UNG,UNG,Post-filter
55,ytb_video,equal,UNG,1.0,UNG,UNG,UNG,UNG,UNG
55,ytb_video,or,StitchedVamana,0.9,UNG,UNG,UNG,UNG,Post-filter
56,LAION1M,and,UNG,1.0,UNG,UNG,UNG,UNG,UNG
56,LAION1M,equal,UNG,1.0,UNG,UNG,UNG,UNG,UNG
56,LAION1M,or,UNG,1.0,Post-filter,Post-filter,UNG,UNG,UNG
56,arxiv,and,UNG,1.0,SIEVE,UNG,UNG,UNG,UNG
56,arxiv,equal,UNG,1.0,UNG,UNG,UNG,UNG,UNG
56,arxiv,or,UNG,1.0,Post-filter,UNG,UNG,Post-filter,UNG
56,tripclick,and,UNG,1.0,UNG,UNG,UNG,UNG,UNG
56,tripclick,equal,UNG,1.0,UNG,UNG,UNG,UNG,UNG
56,tripclick,or,UNG,1.0,Post-filter,UNG,UNG,UNG,UNG
56,yfcc,and,UNG,1.0,SIEVE,UNG,UNG,UNG,StitchedVamana
56,yfcc,equal,UNG,1.0,UNG,UNG,UNG,UNG,StitchedVamana
56,yfcc,or,FilteredVamana,1.0,Post-filter,StitchedVamana,StitchedVamana,UNG,StitchedVamana
56,ytb_audio,and,SIEVE,1.0,SIEVE,UNG,UNG,UNG,Post-filter
56,ytb_audio,equal,UNG,1.0,UNG,UNG,UNG,UNG,Post-filter
56,ytb_audio,or,UNG,0.9,Post-filter,UNG,UNG,UNG,Post-filter
56,ytb_video,and,SIEVE,1.0,UNG,UNG,UNG,UNG,Post-filter
56,ytb_video,equal,UNG,1.0,UNG,UNG,UNG,UNG,UNG
56,ytb_video,or,StitchedVamana,0.9,UNG,UNG,UNG,UNG,Post-filter
57,LAION1M,and,UNG,1.0,UNG,UNG,UNG,UNG,UNG
57,LAION1M,equal,UNG,1.0,UNG,UNG,UNG,UNG,UNG
57,LAION1M,or,Post-filter,1.0,Post-filter,Post-filter,UNG,FilteredVamana,StitchedVamana
57,arxiv,and,UNG,1.0,SIEVE,UNG,UNG,UNG,UNG
57,arxiv,equal,UNG,1.0,UNG,UNG,UNG,UNG,UNG
57,arxiv,or,UNG,1.0,Post-filter,UNG,UNG,Post-filter,UNG
57,tripclick,and,Post-filter,1.0,UNG,UNG,UNG,UNG,UNG
57,tripclick,equal,UNG,1.0,UNG,UNG,UNG,UNG,UNG
57,tripclick,or,UNG,1.0,Post-filter,UNG,UNG,UNG,UNG
57,yfcc,and,FilteredVamana,1.0,SIEVE,UNG,UNG,UNG,StitchedVamana
57,yfcc,equal,UNG,1.0,UNG,UNG,UNG,UNG,StitchedVamana
57,yfcc,or,FilteredVamana,1.0,Post-filter,StitchedVamana,StitchedVamana,UNG,StitchedVamana
57,ytb_audio,and,UNG,0.7,SIEVE,UNG,UNG,UNG,Post-filter
57,ytb_audio,equal,UNG,1.0,UNG,UNG,UNG,UNG,Post-filter
57,ytb_audio,or,UNG,1.0,Post-filter,UNG,FilteredVamana,UNG,Post-filter
57,ytb_video,and,UNG,1.0,UNG,UNG,UNG,UNG,Post-filter
57,ytb_video,equal,UNG,1.0,UNG,UNG,UNG,UNG,UNG
57,ytb_video,or,UNG,1.0,UNG,UNG,UNG,UNG,Post-filter
58,LAION1M,and,UNG,1.0,UNG,UNG,UNG,UNG,UNG
58,LAION1M,equal,UNG,1.0,UNG,UNG,UNG,UNG,UNG
58,LAION1M,or,UNG,1.0,Post-filter,UNG,UNG,UNG,UNG
58,arxiv,and,UNG,1.0,SIEVE,UNG,UNG,UNG,UNG
58,arxiv,equal,UNG,1.0,UNG,UNG,UNG,UNG,UNG
58,arxiv,or,UNG,1.0,Post-filter,UNG,StitchedVamana,Post-filter,UNG
58,tripclick,and,UNG,1.0,UNG,UNG,UNG,UNG,UNG
58,tripclick,equal,UNG,1.0,UNG,UNG,UNG,UNG,UNG
58,tripclick,or,UNG,1.0,Post-filter,UNG,UNG,UNG,UNG
58,yfcc,and,FilteredVamana,1.0,SIEVE,UNG,UNG,UNG,StitchedVamana
58,yfcc,equal,UNG,1.0,UNG,UNG,UNG,UNG,StitchedVamana
58,yfcc,or,FilteredVamana,1.0,Post-filter,StitchedVamana,StitchedVamana,UNG,StitchedVamana
58,ytb_audio,and,UNG,1.0,SIEVE,UNG,UNG,UNG,Post-filter
58,ytb_audio,equal,UNG,1.0,UNG,UNG,UNG,UNG,Post-filter
58,ytb_audio,or,StitchedVamana,1.0,Post-filter,UNG,FilteredVamana,UNG,Post-filter
58,ytb_video,and,UNG,1.0,UNG,UNG,UNG,UNG,Post-filter
58,ytb_video,equal,UNG,1.0,UNG,UNG,UNG,UNG,UNG
58,ytb_video,or,StitchedVamana,1.0,UNG,UNG,UNG,UNG,Post-filter
59,LAION1M,and,UNG,1.0,UNG,UNG,UNG,UNG,UNG
59,LAION1M,equal,UNG,1.0,UNG,UNG,UNG,UNG,UNG
59,LAION1M,or,UNG,1.0,Post-filter,StitchedVamana,UNG,UNG,UNG
59,arxiv,and,UNG,1.0,SIEVE,UNG,UNG,UNG,UNG
59,arxiv,equal,UNG,1.0,UNG,UNG,UNG,UNG,UNG
59,arxiv,or,UNG,1.0,Post-filter,Post-filter,StitchedVamana,Post-filter,UNG
59,tripclick,and,UNG,1.0,UNG,UNG,UNG,UNG,UNG
59,tripclick,equal,UNG,1.0,UNG,UNG,UNG,UNG,UNG
59,tripclick,or,UNG,1.0,Post-filter,UNG,UNG,UNG,UNG
59,yfcc,and,UNG,1.0,SIEVE,UNG,UNG,UNG,StitchedVamana
59,yfcc,equal,UNG,1.0,UNG,UNG,UNG,UNG,StitchedVamana
59,yfcc,or,FilteredVamana,1.0,Post-filter,UNG,StitchedVamana,UNG,StitchedVamana
59,ytb_audio,and,UNG,1.0,SIEVE,UNG,UNG,UNG,Post-filter
59,ytb_audio,equal,UNG,1.0,UNG,UNG,UNG,UNG,Post-filter
59,ytb_audio,or,StitchedVamana,1.0,Post-filter,UNG,FilteredVamana,UNG,Post-filter
59,ytb_video,and,UNG,1.0,UNG,UNG,UNG,UNG,Post-filter
59,ytb_video,equal,UNG,1.0,UNG,UNG,UNG,UNG,UNG
59,ytb_video,or,ACORN,0.8,UNG,UNG,UNG,UNG,Post-filter
60,LAION1M,and,UNG,1.0,UNG,UNG,UNG,UNG,UNG
60,LAION1M,equal,UNG,1.0,UNG,UNG,UNG,UNG,UNG
60,LAION1M,or,UNG,1.0,Post-filter,UNG,UNG,UNG,UNG
60,arxiv,and,FilteredVamana,1.0,SIEVE,UNG,UNG,UNG,UNG
60,arxiv,equal,UNG,1.0,UNG,UNG,UNG,UNG,UNG
60,arxiv,or,UNG,1.0,Post-filter,UNG,StitchedVamana,UNG,UNG
60,tripclick,and,UNG,1.0,UNG,UNG,UNG,UNG,UNG
60,tripclick,equal,UNG,1.0,UNG,UNG,UNG,UNG,UNG
60,tripclick,or,UNG,1.0,Post-filter,UNG,UNG,UNG,UNG
60,yfcc,and,UNG,1.0,SIEVE,UNG,UNG,UNG,StitchedVamana
60,yfcc,equal,UNG,1.0,UNG,UNG,UNG,UNG,StitchedVamana
60,yfcc,or,FilteredVamana,1.0,Post-filter,StitchedVamana,StitchedVamana,UNG,StitchedVamana
60,ytb_audio,and,UNG,1.0,SIEVE,UNG,UNG,UNG,Post-filter
60,ytb_audio,equal,UNG,1.0,UNG,UNG,UNG,UNG,Post-filter
60,ytb_audio,or,Post-filter,1.0,Post-filter,UNG,UNG,UNG,Post-filter
60,ytb_video,and,Post-filter,1.0,UNG,UNG,UNG,UNG,Post-filter
60,ytb_video,equal,UNG,1.0,UNG,UNG,UNG,UNG,UNG
60,ytb_video,or,ACORN,1.0,UNG,UNG,UNG,UNG,Post-filter
61,LAION1M,and,UNG,1.0,UNG,Post-filter,UNG,UNG,UNG
61,LAION1M,equal,UNG,1.0,UNG,UNG,UNG,UNG,UNG
61,LAION1M,or,UNG,1.0,Post-filter,Post-filter,UNG,UNG,UNG
61,arxiv,and,UNG,1.0,SIEVE,UNG,UNG,UNG,UNG
61,arxiv,equal,UNG,1.0,UNG,UNG,UNG,UNG,UNG
61,arxiv,or,FilteredVamana,1.0,Post-filter,Post-filter,StitchedVamana,Post-filter,UNG
61,tripclick,and,UNG,1.0,UNG,UNG,UNG,UNG,UNG
61,tripclick,equal,UNG,1.0,UNG,UNG,UNG,UNG,UNG
61,tripclick,or,UNG,1.0,Post-filter,UNG,UNG,UNG,UNG
61,yfcc,and,UNG,1.0,SIEVE,UNG,UNG,UNG,StitchedVamana
61,yfcc,equal,UNG,1.0,UNG,UNG,UNG,UNG,StitchedVamana
61,yfcc,or,FilteredVamana,1.0,Post-filter,StitchedVamana,StitchedVamana,UNG,StitchedVamana
61,ytb_audio,and,UNG,1.0,SIEVE,UNG,UNG,UNG,Post-filter
61,ytb_audio,equal,UNG,1.0,UNG,UNG,UNG,UNG,Post-filter
61,ytb_audio,or,ACORN,1.0,Post-filter,UNG,UNG,UNG,Post-filter
61,ytb_video,and,SIEVE,1.0,UNG,UNG,UNG,UNG,Post-filter
61,ytb_video,equal,UNG,0.9,UNG,UNG,UNG,UNG,UNG
61,ytb_video,or,StitchedVamana,1.0,UNG,UNG,UNG,UNG,Post-filter
62,LAION1M,and,UNG,1.0,UNG,Post-filter,UNG,UNG,UNG
62,LAION1M,equal,UNG,1.0,UNG,UNG,UNG,UNG,UNG
62,LAION1M,or,UNG,1.0,Post-filter,UNG,UNG,UNG,UNG
62,arxiv,and,UNG,1.0,SIEVE,UNG,UNG,UNG,UNG
62,arxiv,equal,UNG,1.0,UNG,UNG,UNG,UNG,UNG
62,arxiv,or,UNG,1.0,Post-filter,UNG,UNG,Post-filter,UNG
62,tripclick,and,UNG,1.0,UNG,UNG,UNG,UNG,UNG
62,tripclick,equal,UNG,1.0,UNG,UNG,UNG,UNG,UNG
62,tripclick,or,UNG,1.0,Post-filter,UNG,UNG,UNG,UNG
62,yfcc,and,UNG,1.0,SIEVE,UNG,UNG,UNG,StitchedVamana
62,yfcc,equal,UNG,1.0,UNG,UNG,UNG,UNG,StitchedVamana
62,yfcc,or,FilteredVamana,1.0,Post-filter,StitchedVamana,StitchedVamana,UNG,StitchedVamana
62,ytb_audio,and,SIEVE,1.0,SIEVE,UNG,UNG,UNG,Post-filter
62,ytb_audio,equal,UNG,1.0,UNG,UNG,UNG,UNG,Post-filter
62,ytb_audio,or,StitchedVamana,1.0,Post-filter,UNG,FilteredVamana,UNG,Post-filter
62,ytb_video,and,UNG,0.8,UNG,UNG,UNG,UNG,Post-filter
62,ytb_video,equal,UNG,1.0,UNG,UNG,UNG,UNG,UNG
62,ytb_video,or,StitchedVamana,1.0,UNG,UNG,UNG,UNG,Post-filter
63,LAION1M,and,UNG,1.0,UNG,UNG,UNG,UNG,UNG
63,LAION1M,equal,UNG,1.0,UNG,UNG,UNG,UNG,UNG
63,LAION1M,or,UNG,1.0,Post-filter,Post-filter,UNG,UNG,UNG
63,arxiv,and,UNG,1.0,SIEVE,UNG,UNG,UNG,UNG
63,arxiv,equal,UNG,1.0,UNG,UNG,UNG,UNG,UNG
63,arxiv,or,FilteredVamana,1.0,Post-filter,Post-filter,StitchedVamana,Post-filter,UNG
63,tripclick,and,UNG,1.0,UNG,UNG,UNG,UNG,UNG
63,tripclick,equal,UNG,1.0,UNG,UNG,UNG,UNG,UNG
63,tripclick,or,UNG,1.0,Post-filter,UNG,UNG,UNG,UNG
63,yfcc,and,FilteredVamana,1.0,SIEVE,UNG,UNG,UNG,StitchedVamana
63,yfcc,equal,UNG,1.0,UNG,UNG,UNG,UNG,StitchedVamana
63,yfcc,or,FilteredVamana,1.0,Post-filter,FilteredVamana,StitchedVamana,UNG,StitchedVamana
63,ytb_audio,and,UNG,1.0,SIEVE,UNG,UNG,UNG,Post-filter
63,ytb_audio,equal,UNG,1.0,UNG,UNG,UNG,UNG,Post-filter
63,ytb_audio,or,StitchedVamana,1.0,Post-filter,UNG,FilteredVamana,UNG,Post-filter
63,ytb_video,and,UNG,0.8,UNG,UNG,UNG,UNG,Post-filter
63,ytb_video,equal,UNG,1.0,UNG,UNG,UNG,UNG,UNG
63,ytb_video,or,UNG,1.0,UNG,UNG,UNG,UNG,Post-filter
64,LAION1M,and,UNG,1.0,UNG,UNG,UNG,UNG,UNG
64,LAION1M,equal,UNG,1.0,UNG,UNG,UNG,UNG,UNG
64,LAION1M,or,UNG,1.0,Post-filter,Post-filter,UNG,UNG,UNG
64,arxiv,and,FilteredVamana,1.0,SIEVE,UNG,UNG,UNG,UNG
64,arxiv,equal,UNG,1.0,UNG,UNG,UNG,UNG,UNG
64,arxiv,or,UNG,1.0,Post-filter,Post-filter,StitchedVamana,Post-filter,UNG
64,tripclick,and,UNG,1.0,UNG,UNG,UNG,UNG,UNG
64,tripclick,equal,UNG,1.0,UNG,UNG,UNG,UNG,UNG
64,tripclick,or,UNG,1.0,Post-filter,UNG,UNG,UNG,UNG
64,yfcc,and,UNG,1.0,SIEVE,UNG,UNG,UNG,StitchedVamana
64,yfcc,equal,UNG,1.0,UNG,UNG,UNG,UNG,StitchedVamana
64,yfcc,or,FilteredVamana,1.0,Post-filter,StitchedVamana,UNG,UNG,StitchedVamana
64,ytb_audio,and,UNG,1.0,SIEVE,UNG,UNG,UNG,Post-filter
64,ytb_audio,equal,UNG,1.0,UNG,UNG,UNG,UNG,Post-filter
64,ytb_audio,or,Post-filter,1.0,Post-filter,UNG,UNG,UNG,Post-filter
64,ytb_video,and,UNG,1.0,UNG,UNG,UNG,UNG,Post-filter
64,ytb_video,equal,UNG,1.0,UNG,UNG,UNG,UNG,UNG
64,ytb_video,or,StitchedVamana,1.0,UNG,UNG,UNG,UNG,Post-filter
65,LAION1M,and,UNG,1.0,UNG,UNG,UNG,UNG,UNG
65,LAION1M,equal,UNG,1.0,UNG,UNG,UNG,UNG,UNG
65,LAION1M,or,UNG,1.0,Post-filter,Post-filter,UNG,UNG,UNG
65,arxiv,and,UNG,1.0,SIEVE,UNG,UNG,UNG,UNG
65,arxiv,equal,UNG,1.0,UNG,UNG,UNG,UNG,UNG
65,arxiv,or,UNG,1.0,Post-filter,Post-filter,StitchedVamana,UNG,UNG
65,tripclick,and,UNG,1.0,UNG,UNG,UNG,UNG,UNG
65,tripclick,equal,UNG,1.0,UNG,UNG,UNG,UNG,UNG
65,tripclick,or,UNG,1.0,Post-filter,UNG,UNG,UNG,UNG
65,yfcc,and,UNG,1.0,SIEVE,UNG,UNG,UNG,StitchedVamana
65,yfcc,equal,UNG,1.0,UNG,UNG,UNG,UNG,StitchedVamana
65,yfcc,or,FilteredVamana,1.0,Post-filter,StitchedVamana,StitchedVamana,UNG,StitchedVamana
65,ytb_audio,and,SIEVE,1.0,SIEVE,UNG,UNG,UNG,Post-filter
65,ytb_audio,equal,UNG,1.0,UNG,UNG,UNG,UNG,Post-filter
65,ytb_audio,or,StitchedVamana,1.0,Post-filter,UNG,UNG,UNG,Post-filter
65,ytb_video,and,UNG,1.0,UNG,UNG,UNG,UNG,Post-filter
65,ytb_video,equal,UNG,1.0,UNG,UNG,UNG,UNG,UNG
65,ytb_video,or,StitchedVamana,1.0,UNG,UNG,UNG,UNG,Post-filter
66,LAION1M,and,UNG,1.0,UNG,UNG,UNG,UNG,UNG
66,LAION1M,equal,UNG,1.0,UNG,UNG,UNG,UNG,UNG
66,LAION1M,or,UNG,1.0,Post-filter,Post-filter,UNG,UNG,UNG
66,arxiv,and,UNG,1.0,SIEVE,UNG,UNG,UNG,UNG
66,arxiv,equal,UNG,1.0,UNG,UNG,UNG,UNG,UNG
66,arxiv,or,FilteredVamana,1.0,Post-filter,Post-filter,StitchedVamana,Post-filter,UNG
66,tripclick,and,UNG,1.0,UNG,UNG,UNG,UNG,UNG
66,tripclick,equal,UNG,1.0,UNG,UNG,UNG,UNG,UNG
66,tripclick,or,UNG,1.0,Post-filter,UNG,UNG,UNG,UNG
66,yfcc,and,UNG,1.0,SIEVE,UNG,UNG,UNG,StitchedVamana
66,yfcc,equal,UNG,1.0,UNG,UNG,UNG,UNG,StitchedVamana
66,yfcc,or,FilteredVamana,1.0,Post-filter,FilteredVamana,StitchedVamana,UNG,StitchedVamana
66,ytb_audio,and,SIEVE,0.4,SIEVE,UNG,UNG,UNG,Post-filter
66,ytb_audio,equal,UNG,1.0,UNG,UNG,UNG,UNG,Post-filter
66,ytb_audio,or,StitchedVamana,1.0,Post-filter,UNG,FilteredVamana,UNG,Post-filter
66,ytb_video,and,SIEVE,1.0,UNG,UNG,UNG,UNG,Post-filter
66,ytb_video,equal,UNG,1.0,UNG,UNG,UNG,UNG,UNG
66,ytb_video,or,StitchedVamana,1.0,UNG,UNG,UNG,UNG,Post-filter
67,LAION1M,and,UNG,1.0,UNG,UNG,UNG,UNG,UNG
67,LAION1M,equal,UNG,1.0,UNG,UNG,UNG,UNG,UNG
67,LAION1M,or,UNG,1.0,Post-filter,Post-filter,UNG,FilteredVamana,StitchedVamana
67,arxiv,and,UNG,1.0,SIEVE,UNG,UNG,UNG,UNG
67,arxiv,equal,UNG,1.0,UNG,UNG,UNG,UNG,UNG
67,arxiv,or,FilteredVamana,1.0,Post-filter,Post-filter,StitchedVamana,Post-filter,UNG
67,tripclick,and,UNG,1.0,UNG,UNG,UNG,UNG,UNG
67,tripclick,equal,UNG,1.0,UNG,UNG,UNG,UNG,UNG
67,tripclick,or,UNG,1.0,Post-filter,UNG,UNG,UNG,UNG
67,yfcc,and,FilteredVamana,1.0,SIEVE,UNG,UNG,UNG,StitchedVamana
67,yfcc,equal,UNG,1.0,UNG,UNG,UNG,UNG,StitchedVamana
67,yfcc,or,FilteredVamana,1.0,Post-filter,FilteredVamana,StitchedVamana,UNG,StitchedVamana
67,ytb_audio,and,SIEVE,1.0,SIEVE,UNG,UNG,UNG,Post-filter
67,ytb_audio,equal,UNG,1.0,UNG,UNG,UNG,UNG,Post-filter
67,ytb_audio,or,StitchedVamana,1.0,Post-filter,UNG,UNG,UNG,Post-filter
67,ytb_video,and,SIEVE,1.0,UNG,UNG,UNG,UNG,Post-filter
67,ytb_video,equal,UNG,1.0,UNG,UNG,UNG,UNG,UNG
67,ytb_video,or,UNG,1.0,UNG,UNG,UNG,UNG,Post-filter
68,LAION1M,and,UNG,1.0,UNG,UNG,UNG,UNG,UNG
68,LAION1M,equal,UNG,1.0,UNG,UNG,UNG,UNG,UNG
68,LAION1M,or,UNG,1.0,Post-filter,UNG,UNG,UNG,StitchedVamana
68,arxiv,and,UNG,1.0,SIEVE,UNG,UNG,UNG,UNG
68,arxiv,equal,UNG,1.0,UNG,UNG,UNG,UNG,UNG
68,arxiv,or,FilteredVamana,1.0,Post-filter,Post-filter,StitchedVamana,Post-filter,UNG
68,tripclick,and,UNG,1.0,UNG,UNG,UNG,UNG,UNG
68,tripclick,equal,UNG,1.0,UNG,UNG,UNG,UNG,UNG
68,tripclick,or,UNG,1.0,Post-filter,UNG,UNG,UNG,UNG
68,yfcc,and,UNG,1.0,SIEVE,UNG,UNG,UNG,StitchedVamana
68,yfcc,equal,UNG,1.0,UNG,UNG,UNG,UNG,StitchedVamana
68,yfcc,or,FilteredVamana,1.0,Post-filter,StitchedVamana,StitchedVamana,UNG,StitchedVamana
68,ytb_audio,and,SIEVE,1.0,SIEVE,UNG,UNG,UNG,Post-filter
68,ytb_audio,equal,UNG,1.0,UNG,UNG,UNG,UNG,Post-filter
68,ytb_audio,or,StitchedVamana,1.0,Post-filter,UNG,UNG,UNG,Post-filter
68,ytb_video,and,UNG,1.0,UNG,UNG,UNG,UNG,Post-filter
68,ytb_video,equal,UNG,1.0,UNG,UNG,UNG,UNG,UNG
68,ytb_video,or,StitchedVamana,1.0,UNG,UNG,UNG,UNG,Post-filter
69,LAION1M,and,UNG,1.0,UNG,UNG,UNG,UNG,UNG
69,LAION1M,equal,UNG,1.0,UNG,UNG,UNG,UNG,UNG
69,LAION1M,or,UNG,1.0,Post-filter,UNG,UNG,UNG,UNG
69,arxiv,and,UNG,1.0,SIEVE,UNG,UNG,UNG,UNG
69,arxiv,equal,UNG,1.0,UNG,UNG,UNG,UNG,UNG
69,arxiv,or,UNG,1.0,Post-filter,Post-filter,StitchedVamana,Post-filter,UNG
69,tripclick,and,UNG,1.0,UNG,UNG,UNG,UNG,UNG
69,tripclick,equal,UNG,1.0,UNG,UNG,UNG,UNG,UNG
69,tripclick,or,UNG,1.0,Post-filter,UNG,UNG,UNG,UNG
69,yfcc,and,UNG,1.0,SIEVE,UNG,UNG,UNG,StitchedVamana
69,yfcc,equal,UNG,1.0,UNG,UNG,UNG,UNG,StitchedVamana
69,yfcc,or,FilteredVamana,1.0,Post-filter,StitchedVamana,StitchedVamana,UNG,StitchedVamana
69,ytb_audio,and,UNG,1.0,SIEVE,UNG,UNG,UNG,Post-filter
69,ytb_audio,equal,UNG,1.0,UNG,UNG,UNG,UNG,Post-filter
69,ytb_audio,or,StitchedVamana,1.0,Post-filter,UNG,FilteredVamana,UNG,Post-filter
69,ytb_video,and,UNG,1.0,UNG,UNG,UNG,UNG,Post-filter
69,ytb_video,equal,UNG,1.0,UNG,UNG,UNG,UNG,UNG
69,ytb_video,or,Post-filter,1.0,UNG,UNG,UNG,UNG,Post-filter
70,LAION1M,and,UNG,1.0,UNG,UNG,UNG,UNG,UNG
70,LAION1M,equal,UNG,1.0,UNG,UNG,UNG,UNG,UNG
70,LAION1M,or,UNG,1.0,Post-filter,Post-filter,UNG,UNG,UNG
70,arxiv,and,UNG,1.0,SIEVE,UNG,UNG,UNG,UNG
70,arxiv,equal,UNG,1.0,UNG,UNG,UNG,UNG,UNG
70,arxiv,or,UNG,1.0,Post-filter,UNG,UNG,UNG,UNG
70,tripclick,and,UNG,1.0,UNG,UNG,UNG,UNG,UNG
70,tripclick,equal,UNG,1.0,UNG,UNG,UNG,UNG,UNG
70,tripclick,or,UNG,1.0,Post-filter,UNG,UNG,UNG,UNG
70,yfcc,and,FilteredVamana,1.0,SIEVE,UNG,UNG,UNG,StitchedVamana
70,yfcc,equal,UNG,1.0,UNG,UNG,UNG,UNG,StitchedVamana
70,yfcc,or,FilteredVamana,1.0,Post-filter,StitchedVamana,UNG,UNG,StitchedVamana
70,ytb_audio,and,UNG,1.0,SIEVE,UNG,UNG,UNG,Post-filter
70,ytb_audio,equal,UNG,1.0,UNG,UNG,UNG,UNG,Post-filter
70,ytb_audio,or,Post-filter,1.0,Post-filter,UNG,UNG,UNG,Post-filter
70,ytb_video,and,Post-filter,1.0,UNG,UNG,UNG,UNG,Post-filter
70,ytb_video,equal,UNG,0.8,UNG,UNG,UNG,UNG,UNG
70,ytb_video,or,UNG,1.0,UNG,UNG,UNG,UNG,Post-filter
71,LAION1M,and,UNG,1.0,UNG,UNG,UNG,UNG,UNG
71,LAION1M,equal,UNG,1.0,UNG,UNG,UNG,UNG,UNG
71,LAION1M,or,UNG,1.0,Post-filter,UNG,UNG,UNG,UNG
71,arxiv,and,UNG,1.0,SIEVE,UNG,UNG,UNG,UNG
71,arxiv,equal,UNG,1.0,UNG,UNG,UNG,UNG,UNG
71,arxiv,or,FilteredVamana,1.0,Post-filter,Post-filter,StitchedVamana,UNG,UNG
71,tripclick,and,UNG,1.0,UNG,UNG,UNG,UNG,UNG
71,tripclick,equal,UNG,1.0,UNG,UNG,UNG,UNG,UNG
71,tripclick,or,UNG,1.0,Post-filter,UNG,UNG,UNG,UNG
71,yfcc,and,UNG,1.0,SIEVE,UNG,UNG,UNG,StitchedVamana
71,yfcc,equal,UNG,1.0,UNG,UNG,UNG,UNG,StitchedVamana
71,yfcc,or,FilteredVamana,1.0,Post-filter,StitchedVamana,StitchedVamana,UNG,StitchedVamana
71,ytb_audio,and,SIEVE,1.0,SIEVE,UNG,UNG,UNG,Post-filter
71,ytb_audio,equal,UNG,1.0,UNG,UNG,UNG,UNG,Post-filter
71,ytb_audio,or,StitchedVamana,1.0,Post-filter,UNG,FilteredVamana,UNG,Post-filter
71,ytb_video,and,UNG,1.0,UNG,UNG,UNG,UNG,Post-filter
71,ytb_video,equal,UNG,1.0,UNG,UNG,UNG,UNG,UNG
71,ytb_video,or,ACORN,1.0,UNG,UNG,UNG,UNG,Post-filter
72,LAION1M,and,UNG,1.0,UNG,UNG,UNG,UNG,UNG
72,LAION1M,equal,UNG,1.0,UNG,UNG,UNG,UNG,UNG
72,LAION1M,or,UNG,1.0,Post-filter,Post-filter,UNG,UNG,UNG
72,arxiv,and,UNG,1.0,SIEVE,UNG,UNG,UNG,UNG
72,arxiv,equal,UNG,1.0,UNG,UNG,UNG,UNG,UNG
72,arxiv,or,UNG,1.0,Post-filter,Post-filter,StitchedVamana,UNG,UNG
72,tripclick,and,UNG,1.0,UNG,UNG,UNG,UNG,UNG
72,tripclick,equal,UNG,1.0,UNG,UNG,UNG,UNG,UNG
72,tripclick,or,Post-filter,1.0,Post-filter,UNG,UNG,UNG,UNG
72,yfcc,and,UNG,1.0,SIEVE,UNG,UNG,UNG,StitchedVamana
72,yfcc,equal,UNG,1.0,UNG,UNG,UNG,UNG,StitchedVamana
72,yfcc,or,FilteredVamana,1.0,Post-filter,StitchedVamana,StitchedVamana,UNG,StitchedVamana
72,ytb_audio,and,UNG,1.0,SIEVE,UNG,UNG,UNG,Post-filter
72,ytb_audio,equal,UNG,1.0,UNG,UNG,UNG,UNG,Post-filter
72,ytb_audio,or,SIEVE,1.0,Post-filter,UNG,UNG,UNG,Post-filter
72,ytb_video,and,UNG,1.0,UNG,UNG,UNG,UNG,Post-filter
72,ytb_video,equal,UNG,1.0,UNG,UNG,UNG,UNG,UNG
72,ytb_video,or,StitchedVamana,1.0,UNG,UNG,UNG,UNG,Post-filter
73,LAION1M,and,UNG,1.0,UNG,UNG,UNG,UNG,UNG
73,LAION1M,equal,UNG,1.0,UNG,UNG,UNG,UNG,UNG
73,LAION1M,or,UNG,1.0,Post-filter,UNG,UNG,UNG,UNG
73,arxiv,and,UNG,1.0,SIEVE,UNG,UNG,UNG,UNG
73,arxiv,equal,UNG,1.0,UNG,UNG,UNG,UNG,UNG
73,arxiv,or,UNG,1.0,Post-filter,StitchedVamana,StitchedVamana,Post-filter,UNG
73,tripclick,and,UNG,1.0,UNG,UNG,UNG,UNG,UNG
73,tripclick,equal,UNG,1.0,UNG,UNG,UNG,UNG,UNG
73,tripclick,or,UNG,1.0,Post-filter,UNG,UNG,UNG,UNG
73,yfcc,and,FilteredVamana,1.0,SIEVE,UNG,UNG,UNG,StitchedVamana
73,yfcc,equal,UNG,1.0,UNG,UNG,UNG,UNG,StitchedVamana
73,yfcc,or,FilteredVamana,1.0,Post-filter,StitchedVamana,StitchedVamana,UNG,StitchedVamana
73,ytb_audio,and,UNG,1.0,SIEVE,UNG,UNG,UNG,Post-filter
73,ytb_audio,equal,UNG,1.0,UNG,UNG,UNG,UNG,Post-filter
73,ytb_audio,or,StitchedVamana,1.0,Post-filter,UNG,UNG,UNG,Post-filter
73,ytb_video,and,UNG,0.9,UNG,UNG,UNG,UNG,Post-filter
73,ytb_video,equal,UNG,1.0,UNG,UNG,UNG,UNG,UNG
73,ytb_video,or,UNG,1.0,UNG,UNG,UNG,UNG,Post-filter
74,LAION1M,and,UNG,1.0,UNG,UNG,UNG,UNG,UNG
74,LAION1M,equal,UNG,1.0,UNG,UNG,UNG,UNG,UNG
74,LAION1M,or,UNG,1.0,Post-filter,UNG,UNG,UNG,UNG
74,arxiv,and,FilteredVamana,1.0,SIEVE,UNG,UNG,UNG,UNG
74,arxiv,equal,UNG,1.0,UNG,UNG,UNG,UNG,UNG
74,arxiv,or,StitchedVamana,1.0,Post-filter,Post-filter,StitchedVamana,Post-filter,UNG
74,tripclick,and,UNG,1.0,UNG,UNG,UNG,UNG,UNG
74,tripclick,equal,UNG,1.0,UNG,UNG,UNG,UNG,UNG
74,tripclick,or,UNG,1.0,Post-filter,UNG,UNG,UNG,UNG
74,yfcc,and,UNG,1.0,SIEVE,UNG,UNG,UNG,StitchedVamana
74,yfcc,equal,UNG,1.0,UNG,UNG,UNG,UNG,StitchedVamana
74,yfcc,or,FilteredVamana,1.0,Post-filter,FilteredVamana,StitchedVamana,UNG,StitchedVamana
74,ytb_audio,and,UNG,1.0,SIEVE,UNG,UNG,UNG,Post-filter
74,ytb_audio,equal,UNG,1.0,UNG,UNG,UNG,UNG,Post-filter
74,ytb_audio,or,StitchedVamana,1.0,Post-filter,UNG,FilteredVamana,UNG,Post-filter
74,ytb_video,and,UNG,1.0,UNG,UNG,UNG,UNG,Post-filter
74,ytb_video,equal,UNG,1.0,UNG,UNG,UNG,UNG,UNG
74,ytb_video,or,UNG,0.8,UNG,UNG,UNG,UNG,Post-filter
75,LAION1M,and,UNG,1.0,UNG,UNG,UNG,UNG,UNG
75,LAION1M,equal,UNG,1.0,UNG,UNG,UNG,UNG,UNG
75,LAION1M,or,UNG,1.0,Post-filter,Post-filter,UNG,UNG,UNG
75,arxiv,and,UNG,1.0,SIEVE,UNG,UNG,UNG,UNG
75,arxiv,equal,UNG,1.0,UNG,UNG,UNG,UNG,UNG
75,arxiv,or,UNG,1.0,Post-filter,Post-filter,StitchedVamana,UNG,UNG
75,tripclick,and,UNG,1.0,UNG,UNG,UNG,UNG,UNG
75,tripclick,equal,UNG,1.0,UNG,UNG,UNG,UNG,UNG
75,tripclick,or,UNG,1.0,Post-filter,UNG,UNG,UNG,UNG
75,yfcc,and,FilteredVamana,1.0,SIEVE,UNG,UNG,UNG,StitchedVamana
75,yfcc,equal,UNG,1.0,UNG,UNG,UNG,UNG,StitchedVamana
75,yfcc,or,FilteredVamana,1.0,Post-filter,StitchedVamana,StitchedVamana,UNG,StitchedVamana
75,ytb_audio,and,SIEVE,0.9,SIEVE,UNG,UNG,UNG,Post-filter
75,ytb_audio,equal,UNG,1.0,UNG,UNG,UNG,UNG,Post-filter
75,ytb_audio,or,StitchedVamana,1.0,Post-filter,UNG,FilteredVamana,UNG,Post-filter
75,ytb_video,and,UNG,1.0,UNG,UNG,UNG,UNG,Post-filter
75,ytb_video,equal,UNG,0.9,UNG,UNG,UNG,UNG,UNG
75,ytb_video,or,ACORN,1.0,UNG,UNG,UNG,UNG,Post-filter
76,LAION1M,and,UNG,1.0,UNG,UNG,UNG,UNG,UNG
76,LAION1M,equal,UNG,1.0,UNG,UNG,UNG,UNG,UNG
76,LAION1M,or,UNG,1.0,Post-filter,Post-filter,UNG,FilteredVamana,StitchedVamana
76,arxiv,and,FilteredVamana,1.0,SIEVE,UNG,UNG,UNG,UNG
76,arxiv,equal,UNG,1.0,UNG,UNG,UNG,UNG,UNG
76,arxiv,or,UNG,1.0,Post-filter,Post-filter,StitchedVamana,Post-filter,UNG
76,tripclick,and,UNG,1.0,UNG,UNG,UNG,UNG,UNG
76,tripclick,equal,UNG,1.0,UNG,UNG,UNG,UNG,UNG
76,tripclick,or,UNG,1.0,Post-filter,UNG,UNG,UNG,UNG
76,yfcc,and,UNG,1.0,SIEVE,UNG,UNG,UNG,StitchedVamana
76,yfcc,equal,UNG,1.0,UNG,UNG,UNG,UNG,StitchedVamana
76,yfcc,or,FilteredVamana,1.0,Post-filter,FilteredVamana,StitchedVamana,UNG,StitchedVamana
76,ytb_audio,and,UNG,1.0,SIEVE,UNG,UNG,UNG,Post-filter
76,ytb_audio,equal,UNG,1.0,UNG,UNG,UNG,UNG,Post-filter
76,ytb_audio,or,StitchedVamana,1.0,Post-filter,UNG,FilteredVamana,UNG,Post-filter
76,ytb_video,and,UNG,1.0,UNG,UNG,UNG,UNG,Post-filter
76,ytb_video,equal,UNG,1.0,UNG,UNG,UNG,UNG,UNG
76,ytb_video,or,StitchedVamana,1.0,UNG,UNG,UNG,UNG,Post-filter
77,LAION1M,and,UNG,1.0,UNG,Post-filter,UNG,UNG,UNG
77,LAION1M,equal,UNG,1.0,UNG,UNG,UNG,UNG,UNG
77,LAION1M,or,UNG,1.0,Post-filter,UNG,UNG,FilteredVamana,StitchedVamana
77,arxiv,and,FilteredVamana,1.0,SIEVE,Post-filter,UNG,UNG,UNG
77,arxiv,equal,UNG,1.0,UNG,UNG,UNG,UNG,UNG
77,arxiv,or,FilteredVamana,1.0,Post-filter,UNG,UNG,Post-filter,UNG
77,tripclick,and,UNG,1.0,UNG,UNG,UNG,UNG,UNG
77,tripclick,equal,UNG,1.0,UNG,UNG,UNG,UNG,UNG
77,tripclick,or,UNG,1.0,Post-filter,UNG,UNG,UNG,UNG
77,yfcc,and,UNG,1.0,SIEVE,UNG,UNG,UNG,StitchedVamana
77,yfcc,equal,UNG,1.0,UNG,UNG,UNG,UNG,StitchedVamana
77,yfcc,or,FilteredVamana,1.0,Post-filter,StitchedVamana,StitchedVamana,UNG,StitchedVamana
77,ytb_audio,and,SIEVE,1.0,SIEVE,UNG,UNG,UNG,Post-filter
77,ytb_audio,equal,UNG,1.0,UNG,UNG,UNG,UNG,Post-filter
77,ytb_audio,or,StitchedVamana,1.0,Post-filter,UNG,FilteredVamana,UNG,Post-filter
77,ytb_video,and,Post-filter,1.0,UNG,UNG,UNG,UNG,Post-filter
77,ytb_video,equal,UNG,0.9,UNG,UNG,UNG,UNG,UNG
77,ytb_video,or,ACORN,0.8,UNG,UNG,UNG,UNG,Post-filter
78,LAION1M,and,UNG,1.0,UNG,UNG,UNG,UNG,UNG
78,LAION1M,equal,UNG,1.0,UNG,UNG,UNG,UNG,UNG
78,LAION1M,or,UNG,1.0,Post-filter,UNG,UNG,UNG,StitchedVamana
78,arxiv,and,FilteredVamana,1.0,SIEVE,UNG,UNG,UNG,UNG
78,arxiv,equal,UNG,1.0,UNG,UNG,UNG,UNG,UNG
78,arxiv,or,UNG,1.0,Post-filter,Post-filter,UNG,Post-filter,UNG
78,tripclick,and,UNG,1.0,UNG,UNG,UNG,UNG,UNG
78,tripclick,equal,UNG,1.0,UNG,UNG,UNG,UNG,UNG
78,tripclick,or,UNG,1.0,Post-filter,UNG,UNG,UNG,UNG
78,yfcc,and,UNG,1.0,SIEVE,UNG,UNG,UNG,StitchedVamana
78,yfcc,equal,UNG,1.0,UNG,UNG,UNG,UNG,StitchedVamana
78,yfcc,or,FilteredVamana,1.0,Post-filter,StitchedVamana,StitchedVamana,UNG,StitchedVamana
78,ytb_audio,and,UNG,1.0,SIEVE,UNG,UNG,UNG,Post-filter
78,ytb_audio,equal,UNG,1.0,UNG,UNG,UNG,UNG,Post-filter
78,ytb_audio,or,StitchedVamana,1.0,Post-filter,UNG,FilteredVamana,UNG,Post-filter
78,ytb_video,and,UNG,1.0,UNG,UNG,UNG,UNG,Post-filter
78,ytb_video,equal,UNG,1.0,UNG,UNG,UNG,UNG,UNG
78,ytb_video,or,StitchedVamana,1.0,UNG,UNG,UNG,UNG,Post-filter
79,LAION1M,and,UNG,1.0,UNG,UNG,UNG,UNG,UNG
79,LAION1M,equal,UNG,1.0,UNG,UNG,UNG,UNG,UNG
79,LAION1M,or,UNG,1.0,Post-filter,UNG,UNG,UNG,StitchedVamana
79,arxiv,and,UNG,1.0,SIEVE,UNG,UNG,UNG,UNG
79,arxiv,equal,UNG,1.0,UNG,UNG,UNG,UNG,UNG
79,arxiv,or,UNG,1.0,Post-filter,UNG,UNG,Post-filter,UNG
79,tripclick,and,UNG,1.0,UNG,UNG,UNG,UNG,UNG
79,tripclick,equal,UNG,1.0,UNG,UNG,UNG,UNG,UNG
79,tripclick,or,UNG,1.0,Post-filter,UNG,UNG,UNG,UNG
79,yfcc,and,UNG,1.0,SIEVE,UNG,UNG,UNG,StitchedVamana
79,yfcc,equal,UNG,1.0,UNG,UNG,UNG,UNG,StitchedVamana
79,yfcc,or,FilteredVamana,1.0,Post-filter,FilteredVamana,StitchedVamana,UNG,StitchedVamana
79,ytb_audio,and,UNG,1.0,SIEVE,UNG,UNG,UNG,Post-filter
79,ytb_audio,equal,UNG,1.0,UNG,UNG,UNG,UNG,Post-filter
79,ytb_audio,or,StitchedVamana,1.0,Post-filter,UNG,FilteredVamana,UNG,Post-filter
79,ytb_video,and,UNG,1.0,UNG,UNG,UNG,UNG,Post-filter
79,ytb_video,equal,UNG,1.0,UNG,UNG,UNG,UNG,UNG
79,ytb_video,or,StitchedVamana,1.0,UNG,UNG,UNG,UNG,Post-filter
80,LAION1M,and,UNG,1.0,UNG,Post-filter,UNG,UNG,UNG
80,LAION1M,equal,UNG,1.0,UNG,UNG,UNG,UNG,UNG
80,LAION1M,or,UNG,1.0,Post-filter,Post-filter,UNG,UNG,UNG
80,arxiv,and,FilteredVamana,1.0,SIEVE,UNG,UNG,UNG,UNG
80,arxiv,equal,UNG,1.0,UNG,UNG,UNG,UNG,UNG
80,arxiv,or,UNG,1.0,Post-filter,UNG,UNG,Post-filter,UNG
80,tripclick,and,UNG,1.0,UNG,UNG,UNG,UNG,UNG
80,tripclick,equal,UNG,1.0,UNG,UNG,UNG,UNG,UNG
80,tripclick,or,UNG,1.0,Post-filter,UNG,UNG,UNG,UNG
80,yfcc,and,UNG,1.0,SIEVE,UNG,UNG,UNG,StitchedVamana
80,yfcc,equal,UNG,1.0,UNG,UNG,UNG,UNG,StitchedVamana
80,yfcc,or,FilteredVamana,1.0,Post-filter,StitchedVamana,StitchedVamana,UNG,StitchedVamana
80,ytb_audio,and,UNG,1.0,SIEVE,UNG,UNG,UNG,Post-filter
80,ytb_audio,equal,UNG,1.0,UNG,UNG,UNG,UNG,Post-filter
80,ytb_audio,or,StitchedVamana,1.0,Post-filter,UNG,FilteredVamana,UNG,Post-filter
80,ytb_video,and,UNG,1.0,UNG,UNG,UNG,UNG,Post-filter
80,ytb_video,equal,UNG,0.7,UNG,UNG,UNG,UNG,UNG
80,ytb_video,or,Post-filter,1.0,UNG,UNG,UNG,UNG,Post-filter
81,LAION1M,and,UNG,1.0,UNG,UNG,UNG,UNG,UNG
81,LAION1M,equal,UNG,1.0,UNG,UNG,UNG,UNG,UNG
81,LAION1M,or,UNG,1.0,Post-filter,Post-filter,UNG,FilteredVamana,StitchedVamana
81,arxiv,and,UNG,1.0,SIEVE,UNG,UNG,UNG,UNG
81,arxiv,equal,UNG,1.0,UNG,UNG,UNG,UNG,UNG
81,arxiv,or,UNG,1.0,Post-filter,Post-filter,StitchedVamana,Post-filter,UNG
81,tripclick,and,UNG,1.0,UNG,UNG,UNG,UNG,UNG
81,tripclick,equal,UNG,1.0,UNG,UNG,UNG,UNG,UNG
81,tripclick,or,UNG,1.0,Post-filter,UNG,UNG,UNG,UNG
81,yfcc,and,UNG,1.0,SIEVE,UNG,UNG,UNG,StitchedVamana
81,yfcc,equal,UNG,1.0,UNG,UNG,UNG,UNG,StitchedVamana
81,yfcc,or,FilteredVamana,1.0,Post-filter,UNG,StitchedVamana,UNG,StitchedVamana
81,ytb_audio,and,SIEVE,1.0,SIEVE,UNG,UNG,UNG,Post-filter
81,ytb_audio,equal,UNG,1.0,UNG,UNG,UNG,UNG,Post-filter
81,ytb_audio,or,StitchedVamana,1.0,Post-filter,UNG,FilteredVamana,UNG,Post-filter
81,ytb_video,and,SIEVE,1.0,UNG,UNG,UNG,UNG,Post-filter
81,ytb_video,equal,UNG,1.0,UNG,UNG,UNG,UNG,UNG
81,ytb_video,or,UNG,1.0,UNG,UNG,UNG,UNG,Post-filter
82,LAION1M,and,UNG,1.0,UNG,UNG,UNG,UNG,UNG
82,LAION1M,equal,UNG,1.0,UNG,UNG,UNG,UNG,UNG
82,LAION1M,or,UNG,1.0,Post-filter,UNG,UNG,FilteredVamana,StitchedVamana
82,arxiv,and,UNG,1.0,SIEVE,UNG,UNG,UNG,UNG
82,arxiv,equal,UNG,1.0,UNG,UNG,UNG,UNG,UNG
82,arxiv,or,UNG,1.0,Post-filter,UNG,UNG,Post-filter,UNG
82,tripclick,and,UNG,1.0,UNG,UNG,UNG,UNG,UNG
82,tripclick,equal,UNG,1.0,UNG,UNG,UNG,UNG,UNG
82,tripclick,or,UNG,1.0,Post-filter,UNG,UNG,UNG,UNG
82,yfcc,and,UNG,1.0,SIEVE,UNG,UNG,UNG,StitchedVamana
82,yfcc,equal,UNG,1.0,UNG,UNG,UNG,UNG,StitchedVamana
82,yfcc,or,FilteredVamana,1.0,Post-filter,FilteredVamana,StitchedVamana,UNG,StitchedVamana
82,ytb_audio,and,SIEVE,1.0,SIEVE,UNG,UNG,UNG,Post-filter
82,ytb_audio,equal,UNG,1.0,UNG,UNG,UNG,UNG,Post-filter
82,ytb_audio,or,UNG,1.0,Post-filter,UNG,UNG,UNG,Post-filter
82,ytb_video,and,UNG,1.0,UNG,UNG,UNG,UNG,Post-filter
82,ytb_video,equal,UNG,1.0,UNG,UNG,UNG,UNG,UNG
82,ytb_video,or,StitchedVamana,1.0,UNG,UNG,UNG,UNG,Post-filter
83,LAION1M,and,UNG,1.0,UNG,UNG,UNG,UNG,UNG
83,LAION1M,equal,UNG,1.0,UNG,UNG,UNG,UNG,UNG
83,LAION1M,or,UNG,1.0,Post-filter,Post-filter,UNG,FilteredVamana,StitchedVamana
83,arxiv,and,UNG,1.0,SIEVE,UNG,UNG,UNG,UNG
83,arxiv,equal,UNG,1.0,UNG,UNG,UNG,UNG,UNG
83,arxiv,or,FilteredVamana,1.0,Post-filter,Post-filter,StitchedVamana,FilteredVamana,UNG
83,tripclick,and,UNG,1.0,UNG,UNG,UNG,UNG,UNG
83,tripclick,equal,UNG,1.0,UNG,UNG,UNG,UNG,UNG
83,tripclick,or,UNG,1.0,Post-filter,UNG,UNG,UNG,UNG
83,yfcc,and,UNG,1.0,SIEVE,UNG,UNG,UNG,StitchedVamana
83,yfcc,equal,UNG,1.0,UNG,UNG,UNG,UNG,StitchedVamana
83,yfcc,or,FilteredVamana,1.0,Post-filter,UNG,StitchedVamana,UNG,StitchedVamana
83,ytb_audio,and,UNG,1.0,SIEVE,UNG,UNG,UNG,Post-filter
83,ytb_audio,equal,UNG,1.0,UNG,UNG,UNG,UNG,Post-filter
83,ytb_audio,or,StitchedVamana,1.0,Post-filter,UNG,FilteredVamana,UNG,Post-filter
83,ytb_video,and,Post-filter,0.8,UNG,UNG,UNG,UNG,Post-filter
83,ytb_video,equal,UNG,1.0,UNG,UNG,UNG,UNG,UNG
83,ytb_video,or,UNG,1.0,UNG,UNG,UNG,UNG,Post-filter
84,LAION1M,and,Post-filter,1.0,UNG,Post-filter,UNG,UNG,UNG
84,LAION1M,equal,UNG,1.0,UNG,UNG,UNG,UNG,UNG
84,LAION1M,or,UNG,1.0,Post-filter,UNG,UNG,UNG,StitchedVamana
84,arxiv,and,UNG,1.0,SIEVE,UNG,UNG,UNG,UNG
84,arxiv,equal,UNG,1.0,UNG,UNG,UNG,UNG,UNG
84,arxiv,or,UNG,1.0,Post-filter,Post-filter,UNG,Post-filter,UNG
84,tripclick,and,Post-filter,1.0,UNG,UNG,UNG,UNG,UNG
84,tripclick,equal,UNG,1.0,UNG,UNG,UNG,UNG,UNG
84,tripclick,or,UNG,1.0,Post-filter,UNG,UNG,UNG,UNG
84,yfcc,and,UNG,1.0,SIEVE,UNG,UNG,UNG,StitchedVamana
84,yfcc,equal,UNG,1.0,UNG,UNG,UNG,UNG,StitchedVamana
84,yfcc,or,FilteredVamana,1.0,Post-filter,StitchedVamana,StitchedVamana,UNG,StitchedVamana
84,ytb_audio,and,UNG,1.0,SIEVE,UNG,UNG,UNG,Post-filter
84,ytb_audio,equal,UNG,1.0,UNG,UNG,UNG,UNG,Post-filter
84,ytb_audio,or,UNG,1.0,Post-filter,UNG,UNG,UNG,Post-filter
84,ytb_video,and,SIEVE,1.0,UNG,UNG,UNG,UNG,Post-filter
84,ytb_video,equal,UNG,1.0,UNG,UNG,UNG,UNG,UNG
84,ytb_video,or,UNG,1.0,UNG,UNG,UNG,UNG,Post-filter
85,LAION1M,and,UNG,1.0,UNG,UNG,UNG,UNG,UNG
85,LAION1M,equal,UNG,1.0,UNG,UNG,UNG,UNG,UNG
85,LAION1M,or,UNG,1.0,Post-filter,UNG,UNG,UNG,StitchedVamana
85,arxiv,and,UNG,1.0,SIEVE,Post-filter,UNG,UNG,UNG
85,arxiv,equal,UNG,1.0,UNG,UNG,UNG,UNG,UNG
85,arxiv,or,UNG,1.0,Post-filter,Post-filter,StitchedVamana,Post-filter,Post-filter
85,tripclick,and,UNG,1.0,UNG,UNG,UNG,UNG,UNG
85,tripclick,equal,UNG,1.0,UNG,UNG,UNG,UNG,UNG
85,tripclick,or,UNG,1.0,Post-filter,UNG,UNG,UNG,UNG
85,yfcc,and,UNG,1.0,SIEVE,UNG,UNG,UNG,StitchedVamana
85,yfcc,equal,UNG,1.0,UNG,UNG,UNG,UNG,StitchedVamana
85,yfcc,or,FilteredVamana,1.0,Post-filter,StitchedVamana,StitchedVamana,UNG,StitchedVamana
85,ytb_audio,and,UNG,1.0,SIEVE,UNG,UNG,UNG,Post-filter
85,ytb_audio,equal,UNG,1.0,UNG,UNG,UNG,UNG,Post-filter
85,ytb_audio,or,StitchedVamana,1.0,Post-filter,UNG,UNG,UNG,Post-filter
85,ytb_video,and,UNG,1.0,UNG,UNG,UNG,UNG,Post-filter
85,ytb_video,equal,UNG,1.0,UNG,UNG,UNG,UNG,UNG
85,ytb_video,or,StitchedVamana,1.0,UNG,UNG,UNG,UNG,Post-filter
86,LAION1M,and,UNG,1.0,UNG,UNG,UNG,UNG,UNG
86,LAION1M,equal,UNG,1.0,UNG,UNG,UNG,UNG,UNG
86,LAION1M,or,UNG,1.0,Post-filter,UNG,UNG,UNG,StitchedVamana
86,arxiv,and,UNG,1.0,SIEVE,UNG,UNG,UNG,UNG
86,arxiv,equal,UNG,1.0,UNG,UNG,UNG,UNG,UNG
86,arxiv,or,FilteredVamana,1.0,Post-filter,Post-filter,StitchedVamana,Post-filter,UNG
86,tripclick,and,UNG,1.0,UNG,UNG,UNG,UNG,UNG
86,tripclick,equal,UNG,1.0,UNG,UNG,UNG,UNG,UNG
86,tripclick,or,UNG,1.0,Post-filter,UNG,UNG,UNG,UNG
86,yfcc,and,Post-filter,1.0,SIEVE,UNG,UNG,UNG,StitchedVamana
86,yfcc,equal,UNG,1.0,UNG,UNG,UNG,UNG,StitchedVamana
86,yfcc,or,FilteredVamana,1.0,Post-filter,StitchedVamana,StitchedVamana,UNG,StitchedVamana
86,ytb_audio,and,UNG,1.0,SIEVE,UNG,UNG,UNG,Post-filter
86,ytb_audio,equal,UNG,1.0,UNG,UNG,UNG,UNG,Post-filter
86,ytb_audio,or,Post-filter,1.0,Post-filter,UNG,UNG,UNG,Post-filter
86,ytb_video,and,SIEVE,1.0,UNG,UNG,UNG,UNG,Post-filter
86,ytb_video,equal,UNG,1.0,UNG,UNG,UNG,UNG,UNG
86,ytb_video,or,UNG,1.0,UNG,UNG,UNG,UNG,Post-filter
87,LAION1M,and,UNG,1.0,UNG,UNG,UNG,UNG,UNG
87,LAION1M,equal,UNG,1.0,UNG,UNG,UNG,UNG,UNG
87,LAION1M,or,UNG,1.0,Post-filter,Post-filter,UNG,FilteredVamana,StitchedVamana
87,arxiv,and,UNG,1.0,SIEVE,UNG,UNG,UNG,UNG
87,arxiv,equal,UNG,1.0,UNG,UNG,UNG,UNG,UNG
87,arxiv,or,FilteredVamana,1.0,Post-filter,Post-filter,StitchedVamana,Post-filter,UNG
87,tripclick,and,UNG,1.0,UNG,UNG,UNG,UNG,UNG
87,tripclick,equal,UNG,1.0,UNG,UNG,UNG,UNG,UNG
87,tripclick,or,UNG,1.0,Post-filter,UNG,UNG,UNG,UNG
87,yfcc,and,FilteredVamana,1.0,SIEVE,UNG,UNG,UNG,StitchedVamana
87,yfcc,equal,UNG,1.0,UNG,UNG,UNG,UNG,StitchedVamana
87,yfcc,or,FilteredVamana,1.0,Post-filter,FilteredVamana,StitchedVamana,UNG,StitchedVamana
87,ytb_audio,and,SIEVE,0.9,SIEVE,UNG,UNG,UNG,Post-filter
87,ytb_audio,equal,UNG,1.0,UNG,UNG,UNG,UNG,Post-filter
87,ytb_audio,or,UNG,1.0,Post-filter,UNG,FilteredVamana,UNG,Post-filter
87,ytb_video,and,UNG,0.7,UNG,UNG,UNG,UNG,Post-filter
87,ytb_video,equal,UNG,1.0,UNG,UNG,UNG,UNG,UNG
87,ytb_video,or,UNG,1.0,UNG,UNG,UNG,UNG,Post-filter
88,LAION1M,and,UNG,1.0,UNG,Post-filter,UNG,UNG,UNG
88,LAION1M,equal,UNG,1.0,UNG,UNG,UNG,UNG,UNG
88,LAION1M,or,UNG,1.0,Post-filter,UNG,UNG,UNG,UNG
88,arxiv,and,UNG,1.0,SIEVE,UNG,UNG,UNG,UNG
88,arxiv,equal,UNG,1.0,UNG,UNG,UNG,UNG,UNG
88,arxiv,or,FilteredVamana,1.0,Post-filter,UNG,UNG,Post-filter,UNG
88,tripclick,and,UNG,1.0,UNG,UNG,UNG,UNG,UNG
88,tripclick,equal,UNG,1.0,UNG,UNG,UNG,UNG,UNG
88,tripclick,or,UNG,1.0,Post-filter,UNG,UNG,UNG,UNG
88,yfcc,and,Post-filter,1.0,SIEVE,UNG,UNG,UNG,StitchedVamana
88,yfcc,equal,UNG,1.0,UNG,UNG,UNG,UNG,StitchedVamana
88,yfcc,or,FilteredVamana,1.0,Post-filter,StitchedVamana,StitchedVamana,UNG,StitchedVamana
88,ytb_audio,and,SIEVE,0.8,SIEVE,UNG,UNG,UNG,Post-filter
88,ytb_audio,equal,UNG,1.0,UNG,UNG,UNG,UNG,Post-filter
88,ytb_audio,or,UNG,1.0,Post-filter,UNG,UNG,UNG,Post-filter
88,ytb_video,and,SIEVE,1.0,UNG,UNG,UNG,UNG,Post-filter
88,ytb_video,equal,UNG,1.0,UNG,UNG,UNG,UNG,UNG
88,ytb_video,or,StitchedVamana,1.0,UNG,UNG,UNG,UNG,Post-filter
89,LAION1M,and,UNG,1.0,UNG,UNG,UNG,UNG,UNG
89,LAION1M,equal,UNG,1.0,UNG,UNG,UNG,UNG,UNG
89,LAION1M,or,UNG,1.0,Post-filter,Post-filter,UNG,UNG,UNG
89,arxiv,and,UNG,1.0,SIEVE,UNG,UNG,UNG,UNG
89,arxiv,equal,UNG,1.0,UNG,UNG,UNG,UNG,UNG
89,arxiv,or,UNG,1.0,Post-filter,Post-filter,StitchedVamana,UNG,UNG
89,tripclick,and,UNG,1.0,UNG,UNG,UNG,UNG,UNG
89,tripclick,equal,UNG,1.0,UNG,UNG,UNG,UNG,UNG
89,tripclick,or,UNG,1.0,Post-filter,UNG,UNG,UNG,UNG
89,yfcc,and,FilteredVamana,1.0,SIEVE,UNG,UNG,UNG,StitchedVamana
89,yfcc,equal,UNG,1.0,UNG,UNG,UNG,UNG,StitchedVamana
89,yfcc,or,Post-filter,1.0,Post-filter,StitchedVamana,StitchedVamana,UNG,StitchedVamana
89,ytb_audio,and,UNG,1.0,SIEVE,UNG,UNG,UNG,Post-filter
89,ytb_audio,equal,UNG,1.0,UNG,UNG,UNG,UNG,Post-filter
89,ytb_audio,or,StitchedVamana,1.0,Post-filter,UNG,UNG,UNG,Post-filter
89,ytb_video,and,UNG,0.9,UNG,UNG,UNG,UNG,Post-filter
89,ytb_video,equal,UNG,1.0,UNG,UNG,UNG,UNG,UNG
89,ytb_video,or,UNG,1.0,UNG,UNG,UNG,UNG,Post-filter
90,LAION1M,and,UNG,1.0,UNG,Post-filter,UNG,UNG,UNG
90,LAION1M,equal,UNG,1.0,UNG,UNG,UNG,UNG,UNG
90,LAION1M,or,UNG,1.0,Post-filter,UNG,UNG,UNG,StitchedVamana
90,arxiv,and,UNG,1.0,SIEVE,UNG,UNG,UNG,UNG
90,arxiv,equal,UNG,1.0,UNG,UNG,UNG,UNG,UNG
90,arxiv,or,FilteredVamana,1.0,Post-filter,Post-filter,UNG,Post-filter,UNG
90,tripclick,and,Post-filter,1.0,UNG,UNG,UNG,UNG,UNG
90,tripclick,equal,UNG,1.0,UNG,UNG,UNG,UNG,UNG
90,tripclick,or,UNG,1.0,Post-filter,UNG,UNG,UNG,UNG
90,yfcc,and,FilteredVamana,1.0,SIEVE,UNG,UNG,UNG,StitchedVamana
90,yfcc,equal,UNG,1.0,UNG,UNG,UNG,UNG,StitchedVamana
90,yfcc,or,FilteredVamana,1.0,Post-filter,StitchedVamana,StitchedVamana,UNG,StitchedVamana
90,ytb_audio,and,UNG,1.0,SIEVE,UNG,UNG,UNG,Post-filter
90,ytb_audio,equal,UNG,1.0,UNG,UNG,UNG,UNG,Post-filter
90,ytb_audio,or,StitchedVamana,1.0,Post-filter,UNG,FilteredVamana,UNG,Post-filter
90,ytb_video,and,UNG,1.0,UNG,UNG,UNG,UNG,Post-filter
90,ytb_video,equal,UNG,1.0,UNG,UNG,UNG,UNG,UNG
90,ytb_video,or,StitchedVamana,0.9,UNG,UNG,UNG,UNG,Post-filter
91,LAION1M,and,UNG,1.0,UNG,Post-filter,UNG,UNG,UNG
91,LAION1M,equal,UNG,1.0,UNG,UNG,UNG,UNG,UNG
91,LAION1M,or,Post-filter,1.0,Post-filter,UNG,UNG,UNG,UNG
91,arxiv,and,StitchedVamana,1.0,SIEVE,UNG,UNG,UNG,UNG
91,arxiv,equal,UNG,1.0,UNG,UNG,UNG,UNG,UNG
91,arxiv,or,UNG,1.0,Post-filter,Post-filter,StitchedVamana,Post-filter,UNG
91,tripclick,and,UNG,1.0,UNG,UNG,UNG,UNG,UNG
91,tripclick,equal,UNG,1.0,UNG,UNG,UNG,UNG,UNG
91,tripclick,or,UNG,1.0,Post-filter,UNG,UNG,UNG,UNG
91,yfcc,and,UNG,1.0,SIEVE,UNG,UNG,UNG,StitchedVamana
91,yfcc,equal,UNG,1.0,UNG,UNG,UNG,UNG,StitchedVamana
91,yfcc,or,FilteredVamana,1.0,Post-filter,StitchedVamana,StitchedVamana,UNG,StitchedVamana
91,ytb_audio,and,UNG,1.0,SIEVE,UNG,UNG,UNG,Post-filter
91,ytb_audio,equal,UNG,1.0,UNG,UNG,UNG,UNG,Post-filter
91,ytb_audio,or,StitchedVamana,1.0,Post-filter,UNG,FilteredVamana,UNG,Post-filter
91,ytb_video,and,UNG,1.0,UNG,UNG,UNG,UNG,Post-filter
91,ytb_video,equal,UNG,0.9,UNG,UNG,UNG,UNG,UNG
91,ytb_video,or,UNG,0.9,UNG,UNG,UNG,UNG,Post-filter
92,LAION1M,and,UNG,1.0,UNG,UNG,UNG,UNG,UNG
92,LAION1M,equal,UNG,1.0,UNG,UNG,UNG,UNG,UNG
92,LAION1M,or,UNG,1.0,Post-filter,Post-filter,UNG,UNG,UNG
92,arxiv,and,UNG,1.0,SIEVE,Post-filter,UNG,UNG,UNG
92,arxiv,equal,UNG,1.0,UNG,UNG,UNG,UNG,UNG
92,arxiv,or,FilteredVamana,1.0,Post-filter,Post-filter,StitchedVamana,Post-filter,UNG
92,tripclick,and,UNG,1.0,UNG,UNG,UNG,UNG,UNG
92,tripclick,equal,UNG,1.0,UNG,UNG,UNG,UNG,UNG
92,tripclick,or,Post-filter,1.0,Post-filter,UNG,UNG,UNG,UNG
92,yfcc,and,FilteredVamana,1.0,SIEVE,UNG,UNG,UNG,StitchedVamana
92,yfcc,equal,UNG,1.0,UNG,UNG,UNG,UNG,StitchedVamana
92,yfcc,or,FilteredVamana,1.0,Post-filter,StitchedVamana,StitchedVamana,UNG,StitchedVamana
92,ytb_audio,and,SIEVE,1.0,SIEVE,UNG,UNG,UNG,Post-filter
92,ytb_audio,equal,UNG,1.0,UNG,UNG,UNG,UNG,Post-filter
92,ytb_audio,or,UNG,1.0,Post-filter,UNG,UNG,UNG,Post-filter
92,ytb_video,and,UNG,1.0,UNG,UNG,UNG,UNG,Post-filter
92,ytb_video,equal,UNG,1.0,UNG,UNG,UNG,UNG,UNG
92,ytb_video,or,UNG,1.0,UNG,UNG,UNG,UNG,Post-filter
93,LAION1M,and,UNG,1.0,UNG,Post-filter,UNG,UNG,UNG
93,LAION1M,equal,UNG,1.0,UNG,UNG,UNG,UNG,UNG
93,LAION1M,or,UNG,1.0,Post-filter,UNG,UNG,UNG,StitchedVamana
93,arxiv,and,UNG,1.0,SIEVE,UNG,UNG,UNG,UNG
93,arxiv,equal,UNG,1.0,UNG,UNG,UNG,UNG,UNG
93,arxiv,or,UNG,1.0,Post-filter,Post-filter,StitchedVamana,Post-filter,UNG
93,tripclick,and,Post-filter,1.0,UNG,UNG,UNG,UNG,UNG
93,tripclick,equal,UNG,1.0,UNG,UNG,UNG,UNG,UNG
93,tripclick,or,UNG,1.0,Post-filter,UNG,UNG,UNG,UNG
93,yfcc,and,FilteredVamana,1.0,SIEVE,UNG,UNG,UNG,StitchedVamana
93,yfcc,equal,UNG,1.0,UNG,UNG,UNG,UNG,StitchedVamana
93,yfcc,or,FilteredVamana,1.0,Post-filter,StitchedVamana,StitchedVamana,UNG,StitchedVamana
93,ytb_audio,and,UNG,1.0,SIEVE,UNG,UNG,UNG,Post-filter
93,ytb_audio,equal,UNG,1.0,UNG,UNG,UNG,UNG,Post-filter
93,ytb_audio,or,UNG,1.0,Post-filter,UNG,UNG,UNG,Post-filter
93,ytb_video,and,SIEVE,1.0,UNG,UNG,UNG,UNG,Post-filter
93,ytb_video,equal,UNG,1.0,UNG,UNG,UNG,UNG,UNG
93,ytb_video,or,StitchedVamana,1.0,UNG,UNG,UNG,UNG,Post-filter
94,LAION1M,and,UNG,1.0,UNG,UNG,UNG,UNG,UNG
94,LAION1M,equal,UNG,1.0,UNG,UNG,UNG,UNG,UNG
94,LAION1M,or,UNG,1.0,Post-filter,Post-filter,UNG,FilteredVamana,StitchedVamana
94,arxiv,and,UNG,1.0,SIEVE,Post-filter,UNG,UNG,UNG
94,arxiv,equal,UNG,1.0,UNG,UNG,UNG,UNG,UNG
94,arxiv,or,FilteredVamana,1.0,Post-filter,Post-filter,StitchedVamana,Post-filter,UNG
94,tripclick,and,UNG,1.0,UNG,UNG,UNG,UNG,UNG
94,tripclick,equal,UNG,1.0,UNG,UNG,UNG,UNG,UNG
94,tripclick,or,UNG,1.0,Post-filter,UNG,UNG,UNG,UNG
94,yfcc,and,UNG,1.0,SIEVE,UNG,UNG,UNG,StitchedVamana
94,yfcc,equal,UNG,1.0,UNG,UNG,UNG,UNG,StitchedVamana
94,yfcc,or,FilteredVamana,1.0,Post-filter,StitchedVamana,StitchedVamana,UNG,StitchedVamana
94,ytb_audio,and,UNG,0.9,SIEVE,UNG,UNG,UNG,Post-filter
94,ytb_audio,equal,UNG,1.0,UNG,UNG,UNG,UNG,Post-filter
94,ytb_audio,or,StitchedVamana,1.0,Post-filter,UNG,UNG,UNG,Post-filter
94,ytb_video,and,UNG,1.0,UNG,UNG,UNG,UNG,Post-filter
94,ytb_video,equal,UNG,1.0,UNG,UNG,UNG,UNG,UNG
94,ytb_video,or,StitchedVamana,0.9,UNG,UNG,UNG,UNG,Post-filter
95,LAION1M,and,UNG,1.0,UNG,UNG,UNG,UNG,UNG
95,LAION1M,equal,UNG,1.0,UNG,UNG,UNG,UNG,UNG
95,LAION1M,or,UNG,1.0,Post-filter,Post-filter,UNG,FilteredVamana,StitchedVamana
95,arxiv,and,UNG,1.0,SIEVE,UNG,UNG,UNG,UNG
95,arxiv,equal,UNG,1.0,UNG,UNG,UNG,UNG,UNG
95,arxiv,or,UNG,1.0,Post-filter,Post-filter,StitchedVamana,Post-filter,Post-filter
95,tripclick,and,UNG,1.0,UNG,UNG,UNG,UNG,UNG
95,tripclick,equal,UNG,1.0,UNG,UNG,UNG,UNG,UNG
95,tripclick,or,UNG,1.0,Post-filter,UNG,UNG,UNG,UNG
95,yfcc,and,UNG,1.0,SIEVE,UNG,UNG,UNG,StitchedVamana
95,yfcc,equal,UNG,1.0,UNG,UNG,UNG,UNG,StitchedVamana
95,yfcc,or,FilteredVamana,1.0,Post-filter,FilteredVamana,StitchedVamana,UNG,StitchedVamana
95,ytb_audio,and,UNG,1.0,SIEVE,UNG,UNG,UNG,Post-filter
95,ytb_audio,equal,UNG,1.0,UNG,UNG,UNG,UNG,Post-filter
95,ytb_audio,or,StitchedVamana,1.0,Post-filter,UNG,UNG,UNG,Post-filter
95,ytb_video,and,UNG,1.0,UNG,UNG,UNG,UNG,Post-filter
95,ytb_video,equal,UNG,1.0,UNG,UNG,UNG,UNG,UNG
95,ytb_video,or,StitchedVamana,1.0,UNG,UNG,UNG,UNG,Post-filter
96,LAION1M,and,UNG,1.0,UNG,UNG,UNG,UNG,UNG
96,LAION1M,equal,UNG,1.0,UNG,UNG,UNG,UNG,UNG
96,LAION1M,or,UNG,1.0,Post-filter,UNG,UNG,UNG,StitchedVamana
96,arxiv,and,UNG,1.0,SIEVE,UNG,UNG,UNG,UNG
96,arxiv,equal,UNG,1.0,UNG,UNG,UNG,UNG,UNG
96,arxiv,or,StitchedVamana,1.0,Post-filter,UNG,UNG,UNG,UNG
96,tripclick,and,Post-filter,1.0,UNG,UNG,UNG,UNG,UNG
96,tripclick,equal,UNG,1.0,UNG,UNG,UNG,UNG,UNG
96,tripclick,or,UNG,1.0,Post-filter,UNG,UNG,UNG,UNG
96,yfcc,and,UNG,1.0,SIEVE,UNG,UNG,UNG,StitchedVamana
96,yfcc,equal,UNG,1.0,UNG,UNG,UNG,UNG,StitchedVamana
96,yfcc,or,FilteredVamana,1.0,Post-filter,StitchedVamana,StitchedVamana,UNG,StitchedVamana
96,ytb_audio,and,SIEVE,1.0,SIEVE,UNG,UNG,UNG,Post-filter
96,ytb_audio,equal,UNG,1.0,UNG,UNG,UNG,UNG,Post-filter
96,ytb_audio,or,Post-filter,1.0,Post-filter,UNG,UNG,UNG,Post-filter
96,ytb_video,and,Post-filter,0.8,UNG,UNG,UNG,UNG,Post-filter
96,ytb_video,equal,UNG,0.9,UNG,UNG,UNG,UNG,UNG
96,ytb_video,or,ACORN,1.0,UNG,UNG,UNG,UNG,Post-filter
97,LAION1M,and,UNG,1.0,UNG,Post-filter,UNG,UNG,UNG
97,LAION1M,equal,UNG,1.0,UNG,UNG,UNG,UNG,UNG
97,LAION1M,or,UNG,1.0,Post-filter,UNG,UNG,UNG,StitchedVamana
97,arxiv,and,FilteredVamana,1.0,SIEVE,UNG,UNG,UNG,UNG
97,arxiv,equal,UNG,1.0,UNG,UNG,UNG,UNG,UNG
97,arxiv,or,FilteredVamana,1.0,Post-filter,Post-filter,StitchedVamana,Post-filter,Post-filter
97,tripclick,and,UNG,1.0,UNG,UNG,UNG,UNG,UNG
97,tripclick,equal,UNG,1.0,UNG,UNG,UNG,UNG,UNG
97,tripclick,or,UNG,1.0,Post-filter,UNG,UNG,UNG,UNG
97,yfcc,and,UNG,1.0,SIEVE,UNG,UNG,UNG,StitchedVamana
97,yfcc,equal,UNG,1.0,UNG,UNG,UNG,UNG,StitchedVamana
97,yfcc,or,FilteredVamana,1.0,Post-filter,StitchedVamana,StitchedVamana,UNG,StitchedVamana
97,ytb_audio,and,UNG,1.0,SIEVE,UNG,UNG,UNG,Post-filter
97,ytb_audio,equal,UNG,1.0,UNG,UNG,UNG,UNG,Post-filter
97,ytb_audio,or,StitchedVamana,1.0,Post-filter,UNG,UNG,UNG,Post-filter
97,ytb_video,and,UNG,1.0,UNG,UNG,UNG,UNG,Post-filter
97,ytb_video,equal,UNG,1.0,UNG,UNG,UNG,UNG,UNG
97,ytb_video,or,ACORN,0.9,UNG,UNG,UNG,UNG,Post-filter
98,LAION1M,and,UNG,1.0,UNG,Post-filter,UNG,UNG,UNG
98,LAION1M,equal,UNG,1.0,UNG,UNG,UNG,UNG,UNG
98,LAION1M,or,UNG,1.0,Post-filter,Post-filter,UNG,UNG,UNG
98,arxiv,and,UNG,1.0,SIEVE,UNG,UNG,UNG,UNG
98,arxiv,equal,UNG,1.0,UNG,UNG,UNG,UNG,UNG
98,arxiv,or,UNG,1.0,Post-filter,Post-filter,UNG,Post-filter,UNG
98,tripclick,and,UNG,1.0,UNG,UNG,UNG,UNG,UNG
98,tripclick,equal,UNG,1.0,UNG,UNG,UNG,UNG,UNG
98,tripclick,or,UNG,1.0,Post-filter,UNG,UNG,UNG,UNG
98,yfcc,and,UNG,1.0,SIEVE,UNG,UNG,UNG,StitchedVamana
98,yfcc,equal,UNG,1.0,UNG,UNG,UNG,UNG,StitchedVamana
98,yfcc,or,FilteredVamana,1.0,Post-filter,StitchedVamana,StitchedVamana,UNG,StitchedVamana
98,ytb_audio,and,UNG,1.0,SIEVE,UNG,UNG,UNG,Post-filter
98,ytb_audio,equal,UNG,1.0,UNG,UNG,UNG,UNG,Post-filter
98,ytb_audio,or,StitchedVamana,1.0,Post-filter,UNG,FilteredVamana,UNG,Post-filter
98,ytb_video,and,UNG,1.0,UNG,UNG,UNG,UNG,Post-filter
98,ytb_video,equal,UNG,1.0,UNG,UNG,UNG,UNG,UNG
98,ytb_video,or,ACORN,0.9,UNG,UNG,UNG,UNG,Post-filter
99,LAION1M,and,UNG,1.0,UNG,UNG,UNG,UNG,UNG
99,LAION1M,equal,UNG,1.0,UNG,UNG,UNG,UNG,UNG
99,LAION1M,or,UNG,1.0,Post-filter,Post-filter,UNG,UNG,UNG
99,arxiv,and,UNG,1.0,SIEVE,UNG,UNG,UNG,UNG
99,arxiv,equal,UNG,1.0,UNG,UNG,UNG,UNG,UNG
99,arxiv,or,UNG,1.0,Post-filter,UNG,UNG,Post-filter,UNG
99,tripclick,and,UNG,1.0,UNG,UNG,UNG,UNG,UNG
99,tripclick,equal,UNG,1.0,UNG,UNG,UNG,UNG,UNG
99,tripclick,or,UNG,1.0,Post-filter,UNG,UNG,UNG,UNG
99,yfcc,and,UNG,1.0,SIEVE,UNG,UNG,UNG,StitchedVamana
99,yfcc,equal,UNG,1.0,UNG,UNG,UNG,UNG,StitchedVamana
99,yfcc,or,FilteredVamana,1.0,Post-filter,FilteredVamana,StitchedVamana,UNG,StitchedVamana
99,ytb_audio,and,UNG,1.0,SIEVE,UNG,UNG,UNG,Post-filter
99,ytb_audio,equal,UNG,1.0,UNG,UNG,UNG,UNG,Post-filter
99,ytb_audio,or,Post-filter,1.0,Post-filter,UNG,UNG,UNG,Post-filter
99,ytb_video,and,UNG,1.0,UNG,UNG,UNG,UNG,Post-filter
99,ytb_video,equal,UNG,1.0,UNG,UNG,UNG,UNG,UNG
99,ytb_video,or,StitchedVamana,1.0,UNG,UNG,UNG,UNG,Post-filter
100,LAION1M,and,UNG,1.0,UNG,Post-filter,UNG,UNG,UNG
100,LAION1M,equal,UNG,1.0,UNG,UNG,UNG,UNG,UNG
100,LAION1M,or,UNG,1.0,Post-filter,Post-filter,UNG,FilteredVamana,StitchedVamana
100,arxiv,and,UNG,1.0,SIEVE,UNG,UNG,UNG,UNG
100,arxiv,equal,UNG,1.0,UNG,UNG,UNG,UNG,UNG
100,arxiv,or,UNG,1.0,Post-filter,Post-filter,StitchedVamana,UNG,UNG
100,tripclick,and,UNG,1.0,UNG,UNG,UNG,UNG,UNG
100,tripclick,equal,UNG,1.0,UNG,UNG,UNG,UNG,UNG
100,tripclick,or,Post-filter,1.0,Post-filter,UNG,UNG,UNG,UNG
100,yfcc,and,FilteredVamana,1.0,SIEVE,UNG,UNG,UNG,StitchedVamana
100,yfcc,equal,UNG,1.0,UNG,UNG,UNG,UNG,StitchedVamana
100,yfcc,or,FilteredVamana,1.0,Post-filter,StitchedVamana,StitchedVamana,UNG,StitchedVamana
100,ytb_audio,and,SIEVE,1.0,SIEVE,UNG,UNG,UNG,Post-filter
100,ytb_audio,equal,UNG,1.0,UNG,UNG,UNG,UNG,Post-filter
100,ytb_audio,or,StitchedVamana,1.0,Post-filter,UNG,FilteredVamana,UNG,Post-filter
100,ytb_video,and,SIEVE,1.0,UNG,UNG,UNG,UNG,Post-filter
100,ytb_video,equal,UNG,1.0,UNG,UNG,UNG,UNG,UNG
100,ytb_video,or,StitchedVamana,1.0,UNG,UNG,UNG,UNG,Post-filter
101,LAION1M,and,UNG,1.0,UNG,UNG,UNG,UNG,UNG
101,LAION1M,equal,UNG,1.0,UNG,UNG,UNG,UNG,UNG
101,LAION1M,or,UNG,1.0,Post-filter,UNG,UNG,UNG,StitchedVamana
101,arxiv,and,UNG,1.0,SIEVE,UNG,UNG,UNG,UNG
101,arxiv,equal,UNG,1.0,UNG,UNG,UNG,UNG,UNG
101,arxiv,or,FilteredVamana,1.0,Post-filter,Post-filter,StitchedVamana,Post-filter,UNG
101,tripclick,and,UNG,1.0,UNG,UNG,UNG,UNG,UNG
101,tripclick,equal,UNG,1.0,UNG,UNG,UNG,UNG,UNG
101,tripclick,or,UNG,1.0,Post-filter,UNG,UNG,UNG,UNG
101,yfcc,and,UNG,1.0,SIEVE,UNG,UNG,UNG,StitchedVamana
101,yfcc,equal,UNG,1.0,UNG,UNG,UNG,UNG,StitchedVamana
101,yfcc,or,FilteredVamana,1.0,Post-filter,StitchedVamana,StitchedVamana,UNG,StitchedVamana
101,ytb_audio,and,UNG,1.0,SIEVE,UNG,UNG,UNG,Post-filter
101,ytb_audio,equal,UNG,1.0,UNG,UNG,UNG,UNG,Post-filter
101,ytb_audio,or,StitchedVamana,1.0,Post-filter,UNG,FilteredVamana,UNG,Post-filter
101,ytb_video,and,Post-filter,1.0,UNG,UNG,UNG,UNG,Post-filter
101,ytb_video,equal,UNG,1.0,UNG,UNG,UNG,UNG,UNG
101,ytb_video,or,Post-filter,0.9,UNG,UNG,UNG,UNG,Post-filter
102,LAION1M,and,UNG,1.0,UNG,UNG,UNG,UNG,UNG
102,LAION1M,equal,UNG,1.0,UNG,UNG,UNG,UNG,UNG
102,LAION1M,or,UNG,1.0,Post-filter,UNG,UNG,UNG,StitchedVamana
102,arxiv,and,UNG,1.0,SIEVE,UNG,UNG,UNG,UNG
102,arxiv,equal,UNG,1.0,UNG,UNG,UNG,UNG,UNG
102,arxiv,or,UNG,1.0,Post-filter,Post-filter,StitchedVamana,Post-filter,UNG
102,tripclick,and,UNG,1.0,UNG,UNG,UNG,UNG,UNG
102,tripclick,equal,UNG,1.0,UNG,UNG,UNG,UNG,UNG
102,tripclick,or,UNG,1.0,Post-filter,UNG,UNG,UNG,UNG
102,yfcc,and,UNG,1.0,SIEVE,UNG,UNG,UNG,StitchedVamana
102,yfcc,equal,UNG,1.0,UNG,UNG,UNG,UNG,StitchedVamana
102,yfcc,or,FilteredVamana,1.0,Post-filter,StitchedVamana,StitchedVamana,UNG,StitchedVamana
102,ytb_audio,and,UNG,1.0,SIEVE,UNG,UNG,UNG,Post-filter
102,ytb_audio,equal,UNG,1.0,UNG,UNG,UNG,UNG,Post-filter
102,ytb_audio,or,Post-filter,1.0,Post-filter,UNG,UNG,UNG,Post-filter
102,ytb_video,and,SIEVE,1.0,UNG,UNG,UNG,UNG,Post-filter
102,ytb_video,equal,UNG,1.0,UNG,UNG,UNG,UNG,UNG
102,ytb_video,or,ACORN,0.9,UNG,UNG,UNG,UNG,Post-filter
103,LAION1M,and,UNG,1.0,UNG,UNG,UNG,UNG,UNG
103,LAION1M,equal,UNG,1.0,UNG,UNG,UNG,UNG,UNG
103,LAION1M,or,UNG,1.0,Post-filter,UNG,UNG,UNG,StitchedVamana
103,arxiv,and,UNG,1.0,SIEVE,UNG,UNG,UNG,UNG
103,arxiv,equal,UNG,1.0,UNG,UNG,UNG,UNG,UNG
103,arxiv,or,UNG,1.0,Post-filter,Post-filter,StitchedVamana,Post-filter,UNG
103,tripclick,and,UNG,1.0,UNG,UNG,UNG,UNG,UNG
103,tripclick,equal,UNG,1.0,UNG,UNG,UNG,UNG,UNG
103,tripclick,or,UNG,1.0,Post-filter,UNG,UNG,UNG,UNG
103,yfcc,and,UNG,1.0,SIEVE,UNG,UNG,UNG,StitchedVamana
103,yfcc,equal,UNG,1.0,UNG,UNG,UNG,UNG,StitchedVamana
103,yfcc,or,FilteredVamana,1.0,Post-filter,StitchedVamana,StitchedVamana,UNG,StitchedVamana
103,ytb_audio,and,SIEVE,1.0,SIEVE,UNG,UNG,UNG,Post-filter
103,ytb_audio,equal,UNG,1.0,UNG,UNG,UNG,UNG,Post-filter
103,ytb_audio,or,StitchedVamana,1.0,Post-filter,UNG,FilteredVamana,UNG,Post-filter
103,ytb_video,and,Post-filter,1.0,UNG,UNG,UNG,UNG,Post-filter
103,ytb_video,equal,UNG,1.0,UNG,UNG,UNG,UNG,UNG
103,ytb_video,or,UNG,1.0,UNG,UNG,UNG,UNG,Post-filter
104,LAION1M,and,UNG,1.0,UNG,Post-filter,UNG,UNG,UNG
104,LAION1M,equal,UNG,1.0,UNG,UNG,UNG,UNG,UNG
104,LAION1M,or,UNG,1.0,Post-filter,Post-filter,UNG,UNG,UNG
104,arxiv,and,UNG,1.0,SIEVE,UNG,UNG,UNG,UNG
104,arxiv,equal,UNG,1.0,UNG,UNG,UNG,UNG,UNG
104,arxiv,or,FilteredVamana,1.0,Post-filter,Post-filter,UNG,Post-filter,UNG
104,tripclick,and,UNG,1.0,UNG,UNG,UNG,UNG,UNG
104,tripclick,equal,UNG,1.0,UNG,UNG,UNG,UNG,UNG
104,tripclick,or,UNG,1.0,Post-filter,UNG,UNG,UNG,UNG
104,yfcc,and,UNG,1.0,SIEVE,UNG,UNG,UNG,StitchedVamana
104,yfcc,equal,UNG,1.0,UNG,UNG,UNG,UNG,StitchedVamana
104,yfcc,or,FilteredVamana,1.0,Post-filter,StitchedVamana,StitchedVamana,UNG,StitchedVamana
104,ytb_audio,and,SIEVE,1.0,SIEVE,UNG,UNG,UNG,Post-filter
104,ytb_audio,equal,UNG,1.0,UNG,UNG,UNG,UNG,Post-filter
104,ytb_audio,or,StitchedVamana,1.0,Post-filter,UNG,FilteredVamana,UNG,Post-filter
104,ytb_video,and,UNG,0.9,UNG,UNG,UNG,UNG,Post-filter
104,ytb_video,equal,UNG,1.0,UNG,UNG,UNG,UNG,UNG
104,ytb_video,or,UNG,0.9,UNG,UNG,UNG,UNG,Post-filter
105,LAION1M,and,UNG,1.0,UNG,UNG,UNG,UNG,UNG
105,LAION1M,equal,UNG,1.0,UNG,UNG,UNG,UNG,UNG
105,LAION1M,or,UNG,1.0,Post-filter,UNG,UNG,UNG,StitchedVamana
105,arxiv,and,UNG,1.0,SIEVE,UNG,UNG,UNG,UNG
105,arxiv,equal,UNG,1.0,UNG,UNG,UNG,UNG,UNG
105,arxiv,or,UNG,1.0,Post-filter,Post-filter,StitchedVamana,Post-filter,UNG
105,tripclick,and,UNG,1.0,UNG,UNG,UNG,UNG,UNG
105,tripclick,equal,UNG,1.0,UNG,UNG,UNG,UNG,UNG
105,tripclick,or,UNG,1.0,Post-filter,UNG,UNG,UNG,UNG
105,yfcc,and,UNG,1.0,SIEVE,UNG,UNG,UNG,StitchedVamana
105,yfcc,equal,UNG,1.0,UNG,UNG,UNG,UNG,StitchedVamana
105,yfcc,or,FilteredVamana,1.0,Post-filter,StitchedVamana,StitchedVamana,UNG,StitchedVamana
105,ytb_audio,and,UNG,1.0,SIEVE,UNG,UNG,UNG,Post-filter
105,ytb_audio,equal,UNG,1.0,UNG,UNG,UNG,UNG,Post-filter
105,ytb_audio,or,StitchedVamana,1.0,Post-filter,UNG,FilteredVamana,UNG,Post-filter
105,ytb_video,and,UNG,1.0,UNG,UNG,UNG,UNG,Post-filter
105,ytb_video,equal,UNG,1.0,UNG,UNG,UNG,UNG,UNG
105,ytb_video,or,StitchedVamana,0.9,UNG,UNG,UNG,UNG,Post-filter
106,LAION1M,and,UNG,1.0,UNG,UNG,UNG,UNG,UNG
106,LAION1M,equal,UNG,1.0,UNG,UNG,UNG,UNG,UNG
106,LAION1M,or,UNG,1.0,Post-filter,StitchedVamana,UNG,UNG,UNG
106,arxiv,and,FilteredVamana,1.0,SIEVE,UNG,UNG,UNG,UNG
106,arxiv,equal,UNG,1.0,UNG,UNG,UNG,UNG,UNG
106,arxiv,or,UNG,1.0,Post-filter,Post-filter,StitchedVamana,FilteredVamana,UNG
106,tripclick,and,Post-filter,1.0,UNG,UNG,UNG,UNG,UNG
106,tripclick,equal,UNG,1.0,UNG,UNG,UNG,UNG,UNG
106,tripclick,or,Post-filter,1.0,Post-filter,UNG,UNG,UNG,UNG
106,yfcc,and,FilteredVamana,1.0,SIEVE,UNG,UNG,UNG,StitchedVamana
106,yfcc,equal,UNG,1.0,UNG,UNG,UNG,UNG,StitchedVamana
106,yfcc,or,FilteredVamana,1.0,Post-filter,StitchedVamana,StitchedVamana,UNG,StitchedVamana
106,ytb_audio,and,UNG,1.0,SIEVE,UNG,UNG,UNG,Post-filter
106,ytb_audio,equal,UNG,1.0,UNG,UNG,UNG,UNG,Post-filter
106,ytb_audio,or,StitchedVamana,1.0,Post-filter,UNG,FilteredVamana,UNG,Post-filter
106,ytb_video,and,UNG,0.7,UNG,UNG,UNG,UNG,Post-filter
106,ytb_video,equal,UNG,1.0,UNG,UNG,UNG,UNG,UNG
106,ytb_video,or,UNG,1.0,UNG,UNG,UNG,UNG,Post-filter
107,LAION1M,and,UNG,1.0,UNG,UNG,UNG,UNG,UNG
107,LAION1M,equal,UNG,1.0,UNG,UNG,UNG,UNG,UNG
107,LAION1M,or,UNG,1.0,Post-filter,UNG,UNG,UNG,UNG
107,arxiv,and,UNG,1.0,SIEVE,UNG,UNG,UNG,UNG
107,arxiv,equal,UNG,1.0,UNG,UNG,UNG,UNG,UNG
107,arxiv,or,FilteredVamana,1.0,Post-filter,Post-filter,StitchedVamana,Post-filter,Post-filter
107,tripclick,and,UNG,1.0,UNG,UNG,UNG,UNG,UNG
107,tripclick,equal,UNG,1.0,UNG,UNG,UNG,UNG,UNG
107,tripclick,or,UNG,1.0,Post-filter,UNG,UNG,UNG,UNG
107,yfcc,and,UNG,1.0,SIEVE,UNG,UNG,UNG,StitchedVamana
107,yfcc,equal,UNG,1.0,UNG,UNG,UNG,UNG,StitchedVamana
107,yfcc,or,FilteredVamana,1.0,Post-filter,StitchedVamana,StitchedVamana,UNG,StitchedVamana
107,ytb_audio,and,UNG,1.0,SIEVE,UNG,UNG,UNG,Post-filter
107,ytb_audio,equal,UNG,1.0,UNG,UNG,UNG,UNG,Post-filter
107,ytb_audio,or,StitchedVamana,1.0,Post-filter,UNG,UNG,UNG,Post-filter
107,ytb_video,and,UNG,1.0,UNG,UNG,UNG,UNG,Post-filter
107,ytb_video,equal,UNG,1.0,UNG,UNG,UNG,UNG,UNG
107,ytb_video,or,StitchedVamana,1.0,UNG,UNG,UNG,UNG,Post-filter
108,LAION1M,and,UNG,1.0,UNG,UNG,UNG,UNG,UNG
108,LAION1M,equal,UNG,1.0,UNG,UNG,UNG,UNG,UNG
108,LAION1M,or,UNG,1.0,Post-filter,UNG,UNG,UNG,UNG
108,arxiv,and,FilteredVamana,1.0,SIEVE,UNG,UNG,UNG,UNG
108,arxiv,equal,UNG,1.0,UNG,UNG,UNG,UNG,UNG
108,arxiv,or,UNG,1.0,Post-filter,Post-filter,StitchedVamana,Post-filter,UNG
108,tripclick,and,Post-filter,1.0,UNG,UNG,UNG,UNG,UNG
108,tripclick,equal,UNG,1.0,UNG,UNG,UNG,UNG,UNG
108,tripclick,or,UNG,1.0,Post-filter,UNG,UNG,UNG,UNG
108,yfcc,and,UNG,1.0,SIEVE,UNG,UNG,UNG,StitchedVamana
108,yfcc,equal,UNG,1.0,UNG,UNG,UNG,UNG,StitchedVamana
108,yfcc,or,FilteredVamana,1.0,Post-filter,StitchedVamana,StitchedVamana,UNG,StitchedVamana
108,ytb_audio,and,UNG,1.0,SIEVE,UNG,UNG,UNG,Post-filter
108,ytb_audio,equal,UNG,0.9,UNG,UNG,UNG,UNG,Post-filter
108,ytb_audio,or,Post-filter,1.0,Post-filter,UNG,FilteredVamana,UNG,Post-filter
108,ytb_video,and,UNG,1.0,UNG,UNG,UNG,UNG,Post-filter
108,ytb_video,equal,UNG,1.0,UNG,UNG,UNG,UNG,UNG
108,ytb_video,or,Post-filter,0.8,UNG,UNG,UNG,UNG,Post-filter
109,LAION1M,and,UNG,1.0,UNG,UNG,UNG,UNG,UNG
109,LAION1M,equal,UNG,1.0,UNG,UNG,UNG,UNG,UNG
109,LAION1M,or,UNG,1.0,Post-filter,UNG,UNG,UNG,UNG
109,arxiv,and,UNG,1.0,SIEVE,UNG,UNG,UNG,UNG
109,arxiv,equal,UNG,1.0,UNG,UNG,UNG,UNG,UNG
109,arxiv,or,UNG,1.0,Post-filter,Post-filter,StitchedVamana,Post-filter,UNG
109,tripclick,and,Post-filter,1.0,UNG,UNG,UNG,UNG,UNG
109,tripclick,equal,UNG,1.0,UNG,UNG,UNG,UNG,UNG
109,tripclick,or,UNG,1.0,Post-filter,UNG,UNG,UNG,UNG
109,yfcc,and,FilteredVamana,1.0,SIEVE,UNG,UNG,UNG,StitchedVamana
109,yfcc,equal,UNG,1.0,UNG,UNG,UNG,UNG,StitchedVamana
109,yfcc,or,FilteredVamana,1.0,Post-filter,StitchedVamana,UNG,UNG,StitchedVamana
109,ytb_audio,and,UNG,0.9,SIEVE,UNG,UNG,UNG,Post-filter
109,ytb_audio,equal,UNG,1.0,UNG,UNG,UNG,UNG,Post-filter
109,ytb_audio,or,StitchedVamana,1.0,Post-filter,UNG,UNG,UNG,Post-filter
109,ytb_video,and,UNG,0.8,UNG,UNG,UNG,UNG,Post-filter
109,ytb_video,equal,UNG,1.0,UNG,UNG,UNG,UNG,UNG
109,ytb_video,or,UNG,0.9,UNG,UNG,UNG,UNG,Post-filter
110,LAION1M,and,UNG,1.0,UNG,Post-filter,UNG,UNG,UNG
110,LAION1M,equal,UNG,1.0,UNG,UNG,UNG,UNG,UNG
110,LAION1M,or,UNG,1.0,Post-filter,UNG,UNG,UNG,UNG
110,arxiv,and,UNG,1.0,SIEVE,UNG,UNG,UNG,UNG
110,arxiv,equal,UNG,1.0,UNG,UNG,UNG,UNG,UNG
110,arxiv,or,FilteredVamana,1.0,Post-filter,UNG,UNG,Post-filter,UNG
110,tripclick,and,UNG,1.0,UNG,UNG,UNG,UNG,UNG
110,tripclick,equal,UNG,1.0,UNG,UNG,UNG,UNG,UNG
110,tripclick,or,UNG,1.0,Post-filter,UNG,UNG,UNG,UNG
110,yfcc,and,FilteredVamana,1.0,SIEVE,UNG,UNG,UNG,StitchedVamana
110,yfcc,equal,UNG,1.0,UNG,UNG,UNG,UNG,StitchedVamana
110,yfcc,or,FilteredVamana,1.0,Post-filter,StitchedVamana,StitchedVamana,UNG,StitchedVamana
110,ytb_audio,and,SIEVE,0.9,SIEVE,UNG,UNG,UNG,Post-filter
110,ytb_audio,equal,UNG,0.6,UNG,UNG,UNG,UNG,Post-filter
110,ytb_audio,or,StitchedVamana,1.0,Post-filter,UNG,FilteredVamana,UNG,Post-filter
110,ytb_video,and,UNG,1.0,UNG,UNG,UNG,UNG,Post-filter
110,ytb_video,equal,UNG,1.0,UNG,UNG,UNG,UNG,UNG
110,ytb_video,or,UNG,0.9,UNG,UNG,UNG,UNG,Post-filter
111,LAION1M,and,UNG,1.0,UNG,UNG,UNG,UNG,UNG
111,LAION1M,equal,UNG,1.0,UNG,UNG,UNG,UNG,UNG
111,LAION1M,or,UNG,1.0,Post-filter,UNG,UNG,UNG,StitchedVamana
111,arxiv,and,UNG,1.0,SIEVE,UNG,UNG,UNG,UNG
111,arxiv,equal,UNG,1.0,UNG,UNG,UNG,UNG,UNG
111,arxiv,or,FilteredVamana,1.0,Post-filter,Post-filter,StitchedVamana,Post-filter,Post-filter
111,tripclick,and,UNG,1.0,UNG,UNG,UNG,UNG,UNG
111,tripclick,equal,UNG,1.0,UNG,UNG,UNG,UNG,UNG
111,tripclick,or,UNG,1.0,Post-filter,UNG,UNG,UNG,UNG
111,yfcc,and,StitchedVamana,1.0,SIEVE,UNG,UNG,UNG,StitchedVamana
111,yfcc,equal,UNG,1.0,UNG,UNG,UNG,UNG,StitchedVamana
111,yfcc,or,FilteredVamana,1.0,Post-filter,StitchedVamana,StitchedVamana,UNG,StitchedVamana
111,ytb_audio,and,UNG,0.8,SIEVE,UNG,UNG,UNG,Post-filter
111,ytb_audio,equal,UNG,1.0,UNG,UNG,UNG,UNG,Post-filter
111,ytb_audio,or,StitchedVamana,1.0,Post-filter,UNG,UNG,UNG,Post-filter
111,ytb_video,and,Post-filter,1.0,UNG,UNG,UNG,UNG,Post-filter
111,ytb_video,equal,UNG,1.0,UNG,UNG,UNG,UNG,UNG
111,ytb_video,or,StitchedVamana,0.9,UNG,UNG,UNG,UNG,Post-filter
112,LAION1M,and,UNG,1.0,UNG,Post-filter,UNG,UNG,UNG
112,LAION1M,equal,UNG,1.0,UNG,UNG,UNG,UNG,UNG
112,LAION1M,or,UNG,1.0,Post-filter,Post-filter,UNG,FilteredVamana,StitchedVamana
112,arxiv,and,UNG,1.0,SIEVE,UNG,UNG,UNG,UNG
112,arxiv,equal,UNG,1.0,UNG,UNG,UNG,UNG,UNG
112,arxiv,or,FilteredVamana,1.0,Post-filter,StitchedVamana,StitchedVamana,Post-filter,UNG
112,tripclick,and,UNG,1.0,UNG,UNG,UNG,UNG,UNG
112,tripclick,equal,UNG,1.0,UNG,UNG,UNG,UNG,UNG
112,tripclick,or,UNG,1.0,Post-filter,UNG,UNG,UNG,UNG
112,yfcc,and,FilteredVamana,1.0,SIEVE,UNG,UNG,UNG,StitchedVamana
112,yfcc,equal,UNG,1.0,UNG,UNG,UNG,UNG,StitchedVamana
112,yfcc,or,FilteredVamana,1.0,Post-filter,FilteredVamana,StitchedVamana,UNG,StitchedVamana
112,ytb_audio,and,UNG,1.0,SIEVE,UNG,UNG,UNG,Post-filter
112,ytb_audio,equal,UNG,1.0,UNG,UNG,UNG,UNG,Post-filter
112,ytb_audio,or,Post-filter,1.0,Post-filter,UNG,UNG,UNG,Post-filter
112,ytb_video,and,SIEVE,1.0,UNG,UNG,UNG,UNG,Post-filter
112,ytb_video,equal,UNG,1.0,UNG,UNG,UNG,UNG,UNG
112,ytb_video,or,UNG,1.0,UNG,UNG,UNG,UNG,Post-filter
113,LAION1M,and,UNG,1.0,UNG,UNG,UNG,UNG,UNG
113,LAION1M,equal,UNG,1.0,UNG,UNG,UNG,UNG,UNG
113,LAION1M,or,UNG,1.0,Post-filter,Post-filter,UNG,UNG,UNG
113,arxiv,and,UNG,1.0,SIEVE,UNG,UNG,UNG,UNG
113,arxiv,equal,UNG,1.0,UNG,UNG,UNG,UNG,UNG
113,arxiv,or,UNG,1.0,Post-filter,Post-filter,StitchedVamana,Post-filter,UNG
113,tripclick,and,UNG,1.0,UNG,UNG,UNG,UNG,UNG
113,tripclick,equal,UNG,1.0,UNG,UNG,UNG,UNG,UNG
113,tripclick,or,UNG,1.0,Post-filter,UNG,UNG,UNG,UNG
113,yfcc,and,FilteredVamana,1.0,SIEVE,UNG,UNG,UNG,StitchedVamana
113,yfcc,equal,UNG,1.0,UNG,UNG,UNG,UNG,StitchedVamana
113,yfcc,or,FilteredVamana,1.0,Post-filter,StitchedVamana,UNG,UNG,StitchedVamana
113,ytb_audio,and,SIEVE,1.0,SIEVE,UNG,UNG,UNG,Post-filter
113,ytb_audio,equal,UNG,1.0,UNG,UNG,UNG,UNG,Post-filter
113,ytb_audio,or,Post-filter,1.0,Post-filter,UNG,UNG,UNG,Post-filter
113,ytb_video,and,UNG,1.0,UNG,UNG,UNG,UNG,Post-filter
113,ytb_video,equal,UNG,1.0,UNG,UNG,UNG,UNG,UNG
113,ytb_video,or,Post-filter,1.0,UNG,UNG,UNG,UNG,Post-filter
114,LAION1M,and,UNG,1.0,UNG,UNG,UNG,UNG,UNG
114,LAION1M,equal,UNG,1.0,UNG,UNG,UNG,UNG,UNG
114,LAION1M,or,UNG,1.0,Post-filter,Post-filter,UNG,UNG,UNG
114,arxiv,and,UNG,1.0,SIEVE,UNG,UNG,UNG,UNG
114,arxiv,equal,UNG,1.0,UNG,UNG,UNG,UNG,UNG
114,arxiv,or,FilteredVamana,1.0,Post-filter,Post-filter,StitchedVamana,Post-filter,UNG
114,tripclick,and,UNG,1.0,UNG,UNG,UNG,UNG,UNG
114,tripclick,equal,UNG,1.0,UNG,UNG,UNG,UNG,UNG
114,tripclick,or,UNG,1.0,Post-filter,UNG,UNG,UNG,UNG
114,yfcc,and,UNG,1.0,SIEVE,UNG,UNG,UNG,StitchedVamana
114,yfcc,equal,UNG,1.0,UNG,UNG,UNG,UNG,StitchedVamana
114,yfcc,or,FilteredVamana,1.0,Post-filter,StitchedVamana,StitchedVamana,UNG,StitchedVamana
114,ytb_audio,and,SIEVE,1.0,SIEVE,UNG,UNG,UNG,Post-filter
114,ytb_audio,equal,UNG,1.0,UNG,UNG,UNG,UNG,Post-filter
114,ytb_audio,or,Post-filter,1.0,Post-filter,UNG,UNG,UNG,Post-filter
114,ytb_video,and,UNG,1.0,UNG,UNG,UNG,UNG,Post-filter
114,ytb_video,equal,UNG,1.0,UNG,UNG,UNG,UNG,UNG
114,ytb_video,or,UNG,1.0,UNG,UNG,UNG,UNG,Post-filter
115,LAION1M,and,UNG,1.0,UNG,UNG,UNG,UNG,UNG
115,LAION1M,equal,UNG,1.0,UNG,UNG,UNG,UNG,UNG
115,LAION1M,or,UNG,1.0,Post-filter,UNG,UNG,UNG,StitchedVamana
115,arxiv,and,UNG,1.0,SIEVE,UNG,UNG,UNG,UNG
115,arxiv,equal,UNG,1.0,UNG,UNG,UNG,UNG,UNG
115,arxiv,or,UNG,1.0,Post-filter,Post-filter,StitchedVamana,Post-filter,UNG
115,tripclick,and,UNG,1.0,UNG,UNG,UNG,UNG,UNG
115,tripclick,equal,UNG,1.0,UNG,UNG,UNG,UNG,UNG
115,tripclick,or,UNG,1.0,Post-filter,UNG,UNG,UNG,UNG
115,yfcc,and,UNG,1.0,SIEVE,UNG,UNG,UNG,StitchedVamana
115,yfcc,equal,UNG,1.0,UNG,UNG,UNG,UNG,StitchedVamana
115,yfcc,or,FilteredVamana,1.0,Post-filter,FilteredVamana,StitchedVamana,UNG,StitchedVamana
115,ytb_audio,and,SIEVE,1.0,SIEVE,UNG,UNG,UNG,Post-filter
115,ytb_audio,equal,UNG,1.0,UNG,UNG,UNG,UNG,Post-filter
115,ytb_audio,or,StitchedVamana,1.0,Post-filter,UNG,FilteredVamana,UNG,Post-filter
115,ytb_video,and,UNG,1.0,UNG,UNG,UNG,UNG,Post-filter
115,ytb_video,equal,UNG,1.0,UNG,UNG,UNG,UNG,UNG
115,ytb_video,or,UNG,1.0,UNG,UNG,UNG,UNG,Post-filter
116,LAION1M,and,UNG,1.0,UNG,UNG,UNG,UNG,UNG
116,LAION1M,equal,UNG,1.0,UNG,UNG,UNG,UNG,UNG
116,LAION1M,or,UNG,1.0,Post-filter,Post-filter,UNG,UNG,UNG
116,arxiv,and,UNG,1.0,SIEVE,UNG,UNG,UNG,UNG
116,arxiv,equal,UNG,1.0,UNG,UNG,UNG,UNG,UNG
116,arxiv,or,UNG,1.0,Post-filter,Post-filter,StitchedVamana,UNG,UNG
116,tripclick,and,UNG,1.0,UNG,UNG,UNG,UNG,UNG
116,tripclick,equal,UNG,1.0,UNG,UNG,UNG,UNG,UNG
116,tripclick,or,UNG,1.0,Post-filter,UNG,UNG,UNG,UNG
116,yfcc,and,UNG,1.0,SIEVE,UNG,UNG,UNG,StitchedVamana
116,yfcc,equal,UNG,1.0,UNG,UNG,UNG,UNG,StitchedVamana
116,yfcc,or,FilteredVamana,1.0,Post-filter,StitchedVamana,StitchedVamana,UNG,StitchedVamana
116,ytb_audio,and,SIEVE,1.0,SIEVE,UNG,UNG,UNG,Post-filter
116,ytb_audio,equal,UNG,1.0,UNG,UNG,UNG,UNG,Post-filter
116,ytb_audio,or,StitchedVamana,1.0,Post-filter,UNG,UNG,UNG,Post-filter
116,ytb_video,and,UNG,1.0,UNG,UNG,UNG,UNG,Post-filter
116,ytb_video,equal,UNG,1.0,UNG,UNG,UNG,UNG,UNG
116,ytb_video,or,UNG,1.0,UNG,UNG,UNG,UNG,Post-filter
117,LAION1M,and,UNG,1.0,UNG,UNG,UNG,UNG,UNG
117,LAION1M,equal,UNG,1.0,UNG,UNG,UNG,UNG,UNG
117,LAION1M,or,Post-filter,1.0,Post-filter,UNG,UNG,UNG,UNG
117,arxiv,and,UNG,1.0,SIEVE,UNG,UNG,UNG,UNG
117,arxiv,equal,UNG,1.0,UNG,UNG,UNG,UNG,UNG
117,arxiv,or,UNG,1.0,Post-filter,UNG,UNG,Post-filter,UNG
117,tripclick,and,UNG,1.0,UNG,UNG,UNG,UNG,UNG
117,tripclick,equal,UNG,1.0,UNG,UNG,UNG,UNG,UNG
117,tripclick,or,UNG,1.0,Post-filter,UNG,UNG,UNG,UNG
117,yfcc,and,UNG,1.0,SIEVE,UNG,UNG,UNG,StitchedVamana
117,yfcc,equal,UNG,1.0,UNG,UNG,UNG,UNG,StitchedVamana
117,yfcc,or,FilteredVamana,1.0,Post-filter,StitchedVamana,StitchedVamana,UNG,StitchedVamana
117,ytb_audio,and,UNG,1.0,SIEVE,UNG,UNG,UNG,Post-filter
117,ytb_audio,equal,UNG,1.0,UNG,UNG,UNG,UNG,Post-filter
117,ytb_audio,or,Post-filter,1.0,Post-filter,UNG,UNG,UNG,Post-filter
117,ytb_video,and,SIEVE,1.0,UNG,UNG,UNG,UNG,Post-filter
117,ytb_video,equal,UNG,1.0,UNG,UNG,UNG,UNG,UNG
117,ytb_video,or,UNG,1.0,UNG,UNG,UNG,UNG,Post-filter
118,LAION1M,and,UNG,1.0,UNG,UNG,UNG,UNG,UNG
118,LAION1M,equal,UNG,1.0,UNG,UNG,UNG,UNG,UNG
118,LAION1M,or,UNG,1.0,Post-filter,UNG,UNG,UNG,UNG
118,arxiv,and,UNG,1.0,SIEVE,UNG,UNG,UNG,UNG
118,arxiv,equal,UNG,1.0,UNG,UNG,UNG,UNG,UNG
118,arxiv,or,UNG,1.0,Post-filter,UNG,StitchedVamana,UNG,UNG
118,tripclick,and,UNG,1.0,UNG,UNG,UNG,UNG,UNG
118,tripclick,equal,UNG,1.0,UNG,UNG,UNG,UNG,UNG
118,tripclick,or,UNG,1.0,Post-filter,UNG,UNG,UNG,UNG
118,yfcc,and,UNG,1.0,SIEVE,UNG,UNG,UNG,StitchedVamana
118,yfcc,equal,UNG,1.0,UNG,UNG,UNG,UNG,StitchedVamana
118,yfcc,or,FilteredVamana,1.0,Post-filter,StitchedVamana,StitchedVamana,UNG,StitchedVamana
118,ytb_audio,and,UNG,1.0,SIEVE,UNG,UNG,UNG,Post-filter
118,ytb_audio,equal,UNG,1.0,UNG,UNG,UNG,UNG,Post-filter
118,ytb_audio,or,SIEVE,1.0,Post-filter,UNG,UNG,UNG,Post-filter
118,ytb_video,and,UNG,1.0,UNG,UNG,UNG,UNG,Post-filter
118,ytb_video,equal,UNG,1.0,UNG,UNG,UNG,UNG,UNG
118,ytb_video,or,ACORN,1.0,UNG,UNG,UNG,UNG,Post-filter
119,LAION1M,and,UNG,1.0,UNG,UNG,UNG,UNG,UNG
119,LAION1M,equal,UNG,1.0,UNG,UNG,UNG,UNG,UNG
119,LAION1M,or,UNG,1.0,Post-filter,UNG,UNG,UNG,UNG
119,arxiv,and,FilteredVamana,1.0,SIEVE,UNG,UNG,UNG,UNG
119,arxiv,equal,UNG,1.0,UNG,UNG,UNG,UNG,UNG
119,arxiv,or,FilteredVamana,1.0,Post-filter,Post-filter,StitchedVamana,UNG,UNG
119,tripclick,and,Post-filter,1.0,UNG,UNG,UNG,UNG,UNG
119,tripclick,equal,UNG,1.0,UNG,UNG,UNG,UNG,UNG
119,tripclick,or,UNG,1.0,Post-filter,UNG,UNG,UNG,UNG
119,yfcc,and,UNG,1.0,SIEVE,UNG,UNG,UNG,StitchedVamana
119,yfcc,equal,UNG,1.0,UNG,UNG,UNG,UNG,StitchedVamana
119,yfcc,or,FilteredVamana,1.0,Post-filter,StitchedVamana,StitchedVamana,UNG,StitchedVamana
119,ytb_audio,and,UNG,1.0,SIEVE,UNG,UNG,UNG,Post-filter
119,ytb_audio,equal,UNG,1.0,UNG,UNG,UNG,UNG,Post-filter
119,ytb_audio,or,StitchedVamana,1.0,Post-filter,UNG,FilteredVamana,UNG,Post-filter
119,ytb_video,and,UNG,1.0,UNG,UNG,UNG,UNG,Post-filter
119,ytb_video,equal,UNG,0.9,UNG,UNG,UNG,UNG,UNG
119,ytb_video,or,UNG,0.8,UNG,UNG,UNG,UNG,Post-filter
120,LAION1M,and,UNG,1.0,UNG,UNG,UNG,UNG,UNG
120,LAION1M,equal,UNG,1.0,UNG,UNG,UNG,UNG,UNG
120,LAION1M,or,UNG,1.0,Post-filter,UNG,UNG,UNG,UNG
120,arxiv,and,UNG,1.0,SIEVE,UNG,UNG,UNG,UNG
120,arxiv,equal,UNG,1.0,UNG,UNG,UNG,UNG,UNG
120,arxiv,or,UNG,1.0,Post-filter,Post-filter,StitchedVamana,Post-filter,UNG
120,tripclick,and,UNG,1.0,UNG,UNG,UNG,UNG,UNG
120,tripclick,equal,UNG,1.0,UNG,UNG,UNG,UNG,UNG
120,tripclick,or,Post-filter,1.0,Post-filter,UNG,UNG,UNG,UNG
120,yfcc,and,UNG,1.0,SIEVE,UNG,UNG,UNG,StitchedVamana
120,yfcc,equal,UNG,1.0,UNG,UNG,UNG,UNG,StitchedVamana
120,yfcc,or,FilteredVamana,1.0,Post-filter,UNG,UNG,UNG,StitchedVamana
120,ytb_audio,and,UNG,1.0,SIEVE,UNG,UNG,UNG,Post-filter
120,ytb_audio,equal,UNG,1.0,UNG,UNG,UNG,UNG,Post-filter
120,ytb_audio,or,UNG,1.0,Post-filter,UNG,UNG,UNG,Post-filter
120,ytb_video,and,UNG,1.0,UNG,UNG,UNG,UNG,Post-filter
120,ytb_video,equal,UNG,1.0,UNG,UNG,UNG,UNG,UNG
120,ytb_video,or,StitchedVamana,1.0,UNG,UNG,UNG,UNG,Post-filter
121,LAION1M,and,UNG,1.0,UNG,Post-filter,UNG,UNG,UNG
121,LAION1M,equal,UNG,1.0,UNG,UNG,UNG,UNG,UNG
121,LAION1M,or,UNG,1.0,Post-filter,Post-filter,UNG,UNG,UNG
121,arxiv,and,UNG,1.0,SIEVE,UNG,UNG,UNG,UNG
121,arxiv,equal,UNG,1.0,UNG,UNG,UNG,UNG,UNG
121,arxiv,or,UNG,1.0,Post-filter,UNG,StitchedVamana,Post-filter,UNG
121,tripclick,and,UNG,1.0,UNG,UNG,UNG,UNG,UNG
121,tripclick,equal,UNG,1.0,UNG,UNG,UNG,UNG,UNG
121,tripclick,or,Post-filter,1.0,Post-filter,UNG,UNG,UNG,UNG
121,yfcc,and,FilteredVamana,1.0,SIEVE,UNG,UNG,UNG,StitchedVamana
121,yfcc,equal,UNG,1.0,UNG,UNG,UNG,UNG,StitchedVamana
121,yfcc,or,FilteredVamana,1.0,Post-filter,FilteredVamana,StitchedVamana,UNG,StitchedVamana
121,ytb_audio,and,UNG,0.7,SIEVE,UNG,UNG,UNG,Post-filter
121,ytb_audio,equal,UNG,1.0,UNG,UNG,UNG,UNG,Post-filter
121,ytb_audio,or,StitchedVamana,1.0,Post-filter,UNG,FilteredVamana,UNG,Post-filter
121,ytb_video,and,UNG,1.0,UNG,UNG,UNG,UNG,Post-filter
121,ytb_video,equal,UNG,1.0,UNG,UNG,UNG,UNG,UNG
121,ytb_video,or,StitchedVamana,1.0,UNG,UNG,UNG,UNG,Post-filter
122,LAION1M,and,UNG,1.0,UNG,Post-filter,UNG,UNG,UNG
122,LAION1M,equal,UNG,1.0,UNG,UNG,UNG,UNG,UNG
122,LAION1M,or,UNG,1.0,Post-filter,Post-filter,UNG,FilteredVamana,StitchedVamana
122,arxiv,and,UNG,1.0,SIEVE,UNG,UNG,UNG,UNG
122,arxiv,equal,UNG,1.0,UNG,UNG,UNG,UNG,UNG
122,arxiv,or,UNG,1.0,Post-filter,UNG,UNG,Post-filter,UNG
122,tripclick,and,UNG,1.0,UNG,UNG,UNG,UNG,UNG
122,tripclick,equal,UNG,1.0,UNG,UNG,UNG,UNG,UNG
122,tripclick,or,UNG,1.0,Post-filter,UNG,UNG,UNG,UNG
122,yfcc,and,UNG,1.0,SIEVE,UNG,UNG,UNG,StitchedVamana
122,yfcc,equal,UNG,1.0,UNG,UNG,UNG,UNG,StitchedVamana
122,yfcc,or,FilteredVamana,1.0,Post-filter,StitchedVamana,StitchedVamana,UNG,StitchedVamana
122,ytb_audio,and,SIEVE,1.0,SIEVE,UNG,UNG,UNG,Post-filter
122,ytb_audio,equal,UNG,1.0,UNG,UNG,UNG,UNG,Post-filter
122,ytb_audio,or,Post-filter,1.0,Post-filter,UNG,UNG,UNG,Post-filter
122,ytb_video,and,SIEVE,1.0,UNG,UNG,UNG,UNG,Post-filter
122,ytb_video,equal,UNG,1.0,UNG,UNG,UNG,UNG,UNG
122,ytb_video,or,Post-filter,0.7,UNG,UNG,UNG,UNG,Post-filter
123,LAION1M,and,UNG,1.0,UNG,UNG,UNG,UNG,UNG
123,LAION1M,equal,UNG,1.0,UNG,UNG,UNG,UNG,UNG
123,LAION1M,or,UNG,1.0,Post-filter,UNG,UNG,UNG,UNG
123,arxiv,and,UNG,1.0,SIEVE,UNG,UNG,UNG,UNG
123,arxiv,equal,UNG,1.0,UNG,UNG,UNG,UNG,UNG
123,arxiv,or,UNG,1.0,Post-filter,Post-filter,StitchedVamana,UNG,UNG
123,tripclick,and,UNG,1.0,UNG,UNG,UNG,UNG,UNG
123,tripclick,equal,UNG,1.0,UNG,UNG,UNG,UNG,UNG
123,tripclick,or,UNG,1.0,Post-filter,UNG,UNG,UNG,UNG
123,yfcc,and,FilteredVamana,1.0,SIEVE,UNG,UNG,UNG,StitchedVamana
123,yfcc,equal,UNG,1.0,UNG,UNG,UNG,UNG,StitchedVamana
123,yfcc,or,FilteredVamana,1.0,Post-filter,StitchedVamana,StitchedVamana,UNG,StitchedVamana
123,ytb_audio,and,UNG,1.0,SIEVE,UNG,UNG,UNG,Post-filter
123,ytb_audio,equal,UNG,1.0,UNG,UNG,UNG,UNG,Post-filter
123,ytb_audio,or,StitchedVamana,1.0,Post-filter,UNG,FilteredVamana,UNG,Post-filter
123,ytb_video,and,UNG,1.0,UNG,UNG,UNG,UNG,Post-filter
123,ytb_video,equal,UNG,1.0,UNG,UNG,UNG,UNG,UNG
123,ytb_video,or,UNG,1.0,UNG,UNG,UNG,UNG,Post-filter
124,LAION1M,and,UNG,1.0,UNG,UNG,UNG,UNG,UNG
124,LAION1M,equal,UNG,1.0,UNG,UNG,UNG,UNG,UNG
124,LAION1M,or,UNG,1.0,Post-filter,Post-filter,UNG,UNG,UNG
124,arxiv,and,UNG,1.0,SIEVE,UNG,UNG,UNG,UNG
124,arxiv,equal,UNG,1.0,UNG,UNG,UNG,UNG,UNG
124,arxiv,or,UNG,1.0,Post-filter,Post-filter,StitchedVamana,Post-filter,UNG
124,tripclick,and,Post-filter,1.0,UNG,UNG,UNG,UNG,UNG
124,tripclick,equal,UNG,1.0,UNG,UNG,UNG,UNG,UNG
124,tripclick,or,Post-filter,1.0,Post-filter,UNG,UNG,UNG,UNG
124,yfcc,and,UNG,1.0,SIEVE,UNG,UNG,UNG,StitchedVamana
124,yfcc,equal,UNG,1.0,UNG,UNG,UNG,UNG,StitchedVamana
124,yfcc,or,FilteredVamana,1.0,Post-filter,StitchedVamana,UNG,UNG,StitchedVamana
124,ytb_audio,and,UNG,0.8,SIEVE,UNG,UNG,UNG,Post-filter
124,ytb_audio,equal,UNG,1.0,UNG,UNG,UNG,UNG,Post-filter
124,ytb_audio,or,StitchedVamana,1.0,Post-filter,UNG,FilteredVamana,UNG,Post-filter
124,ytb_video,and,UNG,1.0,UNG,UNG,UNG,UNG,Post-filter
124,ytb_video,equal,UNG,1.0,UNG,UNG,UNG,UNG,UNG
124,ytb_video,or,UNG,1.0,UNG,UNG,UNG,UNG,Post-filter
125,LAION1M,and,Post-filter,1.0,UNG,Post-filter,UNG,UNG,UNG
125,LAION1M,equal,UNG,1.0,UNG,UNG,UNG,UNG,UNG
125,LAION1M,or,UNG,1.0,Post-filter,StitchedVamana,UNG,UNG,UNG
125,arxiv,and,UNG,1.0,SIEVE,UNG,UNG,UNG,UNG
125,arxiv,equal,UNG,1.0,UNG,UNG,UNG,UNG,UNG
125,arxiv,or,FilteredVamana,1.0,Post-filter,Post-filter,StitchedVamana,Post-filter,UNG
125,tripclick,and,UNG,1.0,UNG,UNG,UNG,UNG,UNG
125,tripclick,equal,UNG,1.0,UNG,UNG,UNG,UNG,UNG
125,tripclick,or,UNG,1.0,Post-filter,UNG,UNG,UNG,UNG
125,yfcc,and,UNG,1.0,SIEVE,UNG,UNG,UNG,StitchedVamana
125,yfcc,equal,UNG,1.0,UNG,UNG,UNG,UNG,StitchedVamana
125,yfcc,or,FilteredVamana,1.0,Post-filter,StitchedVamana,StitchedVamana,UNG,StitchedVamana
125,ytb_audio,and,SIEVE,1.0,SIEVE,UNG,UNG,UNG,Post-filter
125,ytb_audio,equal,UNG,1.0,UNG,UNG,UNG,UNG,Post-filter
125,ytb_audio,or,UNG,1.0,Post-filter,UNG,UNG,UNG,Post-filter
125,ytb_video,and,UNG,0.9,UNG,UNG,UNG,UNG,Post-filter
125,ytb_video,equal,UNG,1.0,UNG,UNG,UNG,UNG,UNG
125,ytb_video,or,StitchedVamana,1.0,UNG,UNG,UNG,UNG,Post-filter
126,LAION1M,and,UNG,1.0,UNG,Post-filter,UNG,UNG,UNG
126,LAION1M,equal,UNG,1.0,UNG,UNG,UNG,UNG,UNG
126,LAION1M,or,UNG,1.0,Post-filter,Post-filter,UNG,FilteredVamana,StitchedVamana
126,arxiv,and,UNG,1.0,SIEVE,UNG,UNG,UNG,UNG
126,arxiv,equal,UNG,1.0,UNG,UNG,UNG,UNG,UNG
126,arxiv,or,FilteredVamana,1.0,Post-filter,Post-filter,StitchedVamana,UNG,UNG
126,tripclick,and,UNG,1.0,UNG,UNG,UNG,UNG,UNG
126,tripclick,equal,UNG,1.0,UNG,UNG,UNG,UNG,UNG
126,tripclick,or,UNG,1.0,Post-filter,UNG,UNG,UNG,UNG
126,yfcc,and,UNG,1.0,SIEVE,UNG,UNG,UNG,StitchedVamana
126,yfcc,equal,UNG,1.0,UNG,UNG,UNG,UNG,StitchedVamana
126,yfcc,or,FilteredVamana,1.0,Post-filter,FilteredVamana,StitchedVamana,UNG,StitchedVamana
126,ytb_audio,and,UNG,0.9,SIEVE,UNG,UNG,UNG,Post-filter
126,ytb_audio,equal,UNG,1.0,UNG,UNG,UNG,UNG,Post-filter
126,ytb_audio,or,Post-filter,1.0,Post-filter,UNG,UNG,UNG,Post-filter
126,ytb_video,and,Post-filter,1.0,UNG,UNG,UNG,UNG,Post-filter
126,ytb_video,equal,UNG,1.0,UNG,UNG,UNG,UNG,UNG
126,ytb_video,or,UNG,0.8,UNG,UNG,UNG,UNG,Post-filter
127,LAION1M,and,UNG,1.0,UNG,UNG,UNG,UNG,UNG
127,LAION1M,equal,UNG,1.0,UNG,UNG,UNG,UNG,UNG
127,LAION1M,or,UNG,1.0,Post-filter,Post-filter,UNG,UNG,UNG
127,arxiv,and,UNG,1.0,SIEVE,Post-filter,UNG,UNG,UNG
127,arxiv,equal,UNG,1.0,UNG,UNG,UNG,UNG,UNG
127,arxiv,or,FilteredVamana,1.0,Post-filter,Post-filter,UNG,Post-filter,UNG
127,tripclick,and,UNG,1.0,UNG,UNG,UNG,UNG,UNG
127,tripclick,equal,UNG,1.0,UNG,UNG,UNG,UNG,UNG
127,tripclick,or,UNG,1.0,Post-filter,UNG,UNG,UNG,UNG
127,yfcc,and,UNG,1.0,SIEVE,UNG,UNG,UNG,StitchedVamana
127,yfcc,equal,UNG,1.0,UNG,UNG,UNG,UNG,StitchedVamana
127,yfcc,or,FilteredVamana,1.0,Post-filter,StitchedVamana,UNG,UNG,StitchedVamana
127,ytb_audio,and,UNG,1.0,SIEVE,UNG,UNG,UNG,Post-filter
127,ytb_audio,equal,UNG,1.0,UNG,UNG,UNG,UNG,Post-filter
127,ytb_audio,or,StitchedVamana,1.0,Post-filter,UNG,FilteredVamana,UNG,Post-filter
127,ytb_video,and,SIEVE,1.0,UNG,UNG,UNG,UNG,Post-filter
127,ytb_video,equal,UNG,1.0,UNG,UNG,UNG,UNG,UNG
127,ytb_video,or,UNG,1.0,UNG,UNG,UNG,UNG,Post-filter
128,LAION1M,and,UNG,1.0,UNG,UNG,UNG,UNG,UNG
128,LAION1M,equal,UNG,1.0,UNG,UNG,UNG,UNG,UNG
128,LAION1M,or,UNG,1.0,Post-filter,Post-filter,UNG,FilteredVamana,StitchedVamana
128,arxiv,and,FilteredVamana,1.0,SIEVE,Post-filter,UNG,UNG,UNG
128,arxiv,equal,UNG,1.0,UNG,UNG,UNG,UNG,UNG
128,arxiv,or,UNG,1.0,Post-filter,Post-filter,StitchedVamana,Post-filter,Post-filter
128,tripclick,and,UNG,1.0,UNG,UNG,UNG,UNG,UNG
128,tripclick,equal,UNG,1.0,UNG,UNG,UNG,UNG,UNG
128,tripclick,or,UNG,1.0,Post-filter,UNG,UNG,UNG,UNG
128,yfcc,and,UNG,1.0,SIEVE,UNG,UNG,UNG,StitchedVamana
128,yfcc,equal,UNG,1.0,UNG,UNG,UNG,UNG,StitchedVamana
128,yfcc,or,FilteredVamana,1.0,Post-filter,StitchedVamana,StitchedVamana,UNG,StitchedVamana
128,ytb_audio,and,UNG,1.0,SIEVE,UNG,UNG,UNG,Post-filter
128,ytb_audio,equal,UNG,1.0,UNG,UNG,UNG,UNG,Post-filter
128,ytb_audio,or,UNG,1.0,Post-filter,UNG,UNG,UNG,Post-filter
128,ytb_video,and,UNG,1.0,UNG,UNG,UNG,UNG,Post-filter
128,ytb_video,equal,UNG,1.0,UNG,UNG,UNG,UNG,UNG
128,ytb_video,or,StitchedVamana,1.0,UNG,UNG,UNG,UNG,Post-filter
129,LAION1M,and,UNG,1.0,UNG,Post-filter,UNG,UNG,UNG
129,LAION1M,equal,UNG,1.0,UNG,UNG,UNG,UNG,UNG
129,LAION1M,or,UNG,1.0,Post-filter,Post-filter,UNG,UNG,UNG
129,arxiv,and,UNG,1.0,SIEVE,UNG,UNG,UNG,UNG
129,arxiv,equal,UNG,1.0,UNG,UNG,UNG,UNG,UNG
129,arxiv,or,UNG,1.0,Post-filter,Post-filter,StitchedVamana,Post-filter,UNG
129,tripclick,and,UNG,1.0,UNG,UNG,UNG,UNG,UNG
129,tripclick,equal,UNG,1.0,UNG,UNG,UNG,UNG,UNG
129,tripclick,or,UNG,1.0,Post-filter,UNG,UNG,UNG,UNG
129,yfcc,and,FilteredVamana,1.0,SIEVE,UNG,UNG,UNG,StitchedVamana
129,yfcc,equal,UNG,1.0,UNG,UNG,UNG,UNG,StitchedVamana
129,yfcc,or,FilteredVamana,1.0,Post-filter,StitchedVamana,StitchedVamana,UNG,StitchedVamana
129,ytb_audio,and,SIEVE,1.0,SIEVE,UNG,UNG,UNG,Post-filter
129,ytb_audio,equal,UNG,1.0,UNG,UNG,UNG,UNG,Post-filter
129,ytb_audio,or,StitchedVamana,1.0,Post-filter,UNG,UNG,UNG,Post-filter
129,ytb_video,and,UNG,1.0,UNG,UNG,UNG,UNG,Post-filter
129,ytb_video,equal,UNG,1.0,UNG,UNG,UNG,UNG,UNG
129,ytb_video,or,StitchedVamana,1.0,UNG,UNG,UNG,UNG,Post-filter
130,LAION1M,and,UNG,1.0,UNG,UNG,UNG,UNG,UNG
130,LAION1M,equal,UNG,1.0,UNG,UNG,UNG,UNG,UNG
130,LAION1M,or,UNG,1.0,Post-filter,UNG,UNG,UNG,StitchedVamana
130,arxiv,and,UNG,1.0,SIEVE,UNG,UNG,UNG,UNG
130,arxiv,equal,UNG,1.0,UNG,UNG,UNG,UNG,UNG
130,arxiv,or,UNG,1.0,Post-filter,Post-filter,StitchedVamana,UNG,UNG
130,tripclick,and,UNG,1.0,UNG,UNG,UNG,UNG,UNG
130,tripclick,equal,UNG,1.0,UNG,UNG,UNG,UNG,UNG
130,tripclick,or,UNG,1.0,Post-filter,UNG,UNG,UNG,UNG
130,yfcc,and,UNG,1.0,SIEVE,UNG,UNG,UNG,StitchedVamana
130,yfcc,equal,UNG,1.0,UNG,UNG,UNG,UNG,StitchedVamana
130,yfcc,or,FilteredVamana,1.0,Post-filter,FilteredVamana,StitchedVamana,UNG,StitchedVamana
130,ytb_audio,and,UNG,1.0,SIEVE,UNG,UNG,UNG,Post-filter
130,ytb_audio,equal,UNG,1.0,UNG,UNG,UNG,UNG,Post-filter
130,ytb_audio,or,StitchedVamana,1.0,Post-filter,UNG,UNG,UNG,Post-filter
130,ytb_video,and,SIEVE,1.0,UNG,UNG,UNG,UNG,Post-filter
130,ytb_video,equal,UNG,1.0,UNG,UNG,UNG,UNG,UNG
130,ytb_video,or,StitchedVamana,0.9,UNG,UNG,UNG,UNG,Post-filter
131,LAION1M,and,UNG,1.0,UNG,UNG,UNG,UNG,UNG
131,LAION1M,equal,UNG,1.0,UNG,UNG,UNG,UNG,UNG
131,LAION1M,or,UNG,1.0,Post-filter,Post-filter,UNG,UNG,UNG
131,arxiv,and,UNG,1.0,SIEVE,UNG,UNG,UNG,UNG
131,arxiv,equal,UNG,1.0,UNG,UNG,UNG,UNG,UNG
131,arxiv,or,UNG,1.0,Post-filter,UNG,UNG,Post-filter,UNG
131,tripclick,and,UNG,1.0,UNG,UNG,UNG,UNG,UNG
131,tripclick,equal,UNG,1.0,UNG,UNG,UNG,UNG,UNG
131,tripclick,or,UNG,1.0,Post-filter,UNG,UNG,UNG,UNG
131,yfcc,and,UNG,1.0,SIEVE,UNG,UNG,UNG,StitchedVamana
131,yfcc,equal,UNG,1.0,UNG,UNG,UNG,UNG,StitchedVamana
131,yfcc,or,FilteredVamana,1.0,Post-filter,StitchedVamana,StitchedVamana,UNG,StitchedVamana
131,ytb_audio,and,SIEVE,1.0,SIEVE,UNG,UNG,UNG,Post-filter
131,ytb_audio,equal,UNG,1.0,UNG,UNG,UNG,UNG,Post-filter
131,ytb_audio,or,StitchedVamana,1.0,Post-filter,UNG,FilteredVamana,UNG,Post-filter
131,ytb_video,and,UNG,1.0,UNG,UNG,UNG,UNG,Post-filter
131,ytb_video,equal,UNG,1.0,UNG,UNG,UNG,UNG,UNG
131,ytb_video,or,UNG,0.7,UNG,UNG,UNG,UNG,Post-filter
132,LAION1M,and,UNG,1.0,UNG,UNG,UNG,UNG,UNG
132,LAION1M,equal,UNG,1.0,UNG,UNG,UNG,UNG,UNG
132,LAION1M,or,UNG,1.0,Post-filter,UNG,UNG,UNG,UNG
132,arxiv,and,FilteredVamana,1.0,SIEVE,UNG,UNG,UNG,UNG
132,arxiv,equal,UNG,1.0,UNG,UNG,UNG,UNG,UNG
132,arxiv,or,UNG,1.0,Post-filter,UNG,StitchedVamana,Post-filter,UNG
132,tripclick,and,UNG,1.0,UNG,UNG,UNG,UNG,UNG
132,tripclick,equal,UNG,1.0,UNG,UNG,UNG,UNG,UNG
132,tripclick,or,Post-filter,1.0,Post-filter,UNG,UNG,UNG,UNG
132,yfcc,and,FilteredVamana,1.0,SIEVE,UNG,UNG,UNG,StitchedVamana
132,yfcc,equal,UNG,1.0,UNG,UNG,UNG,UNG,StitchedVamana
132,yfcc,or,FilteredVamana,1.0,Post-filter,StitchedVamana,StitchedVamana,UNG,StitchedVamana
132,ytb_audio,and,SIEVE,1.0,SIEVE,UNG,UNG,UNG,Post-filter
132,ytb_audio,equal,UNG,1.0,UNG,UNG,UNG,UNG,Post-filter
132,ytb_audio,or,StitchedVamana,1.0,Post-filter,UNG,UNG,UNG,Post-filter
132,ytb_video,and,UNG,1.0,UNG,UNG,UNG,UNG,Post-filter
132,ytb_video,equal,UNG,0.9,UNG,UNG,UNG,UNG,UNG
132,ytb_video,or,ACORN,0.8,UNG,UNG,UNG,UNG,Post-filter
133,LAION1M,and,UNG,1.0,UNG,Post-filter,UNG,UNG,UNG
133,LAION1M,equal,UNG,1.0,UNG,UNG,UNG,UNG,UNG
133,LAION1M,or,UNG,1.0,Post-filter,UNG,UNG,UNG,UNG
133,arxiv,and,UNG,1.0,SIEVE,UNG,UNG,UNG,UNG
133,arxiv,equal,UNG,1.0,UNG,UNG,UNG,UNG,UNG
133,arxiv,or,FilteredVamana,1.0,Post-filter,Post-filter,StitchedVamana,Post-filter,UNG
133,tripclick,and,UNG,1.0,UNG,UNG,UNG,UNG,UNG
133,tripclick,equal,UNG,1.0,UNG,UNG,UNG,UNG,UNG
133,tripclick,or,UNG,1.0,Post-filter,UNG,UNG,UNG,UNG
133,yfcc,and,UNG,1.0,SIEVE,UNG,UNG,UNG,StitchedVamana
133,yfcc,equal,UNG,1.0,UNG,UNG,UNG,UNG,StitchedVamana
133,yfcc,or,FilteredVamana,1.0,Post-filter,StitchedVamana,StitchedVamana,UNG,StitchedVamana
133,ytb_audio,and,SIEVE,1.0,SIEVE,UNG,UNG,UNG,Post-filter
133,ytb_audio,equal,UNG,1.0,UNG,UNG,UNG,UNG,Post-filter
133,ytb_audio,or,StitchedVamana,1.0,Post-filter,UNG,FilteredVamana,UNG,Post-filter
133,ytb_video,and,SIEVE,1.0,UNG,UNG,UNG,UNG,Post-filter
133,ytb_video,equal,UNG,1.0,UNG,UNG,UNG,UNG,UNG
133,ytb_video,or,UNG,1.0,UNG,UNG,UNG,UNG,Post-filter
134,LAION1M,and,UNG,1.0,UNG,UNG,UNG,UNG,UNG
134,LAION1M,equal,UNG,1.0,UNG,UNG,UNG,UNG,UNG
134,LAION1M,or,UNG,1.0,Post-filter,UNG,UNG,UNG,UNG
134,arxiv,and,UNG,1.0,SIEVE,UNG,UNG,UNG,UNG
134,arxiv,equal,UNG,1.0,UNG,UNG,UNG,UNG,UNG
134,arxiv,or,UNG,1.0,Post-filter,Post-filter,StitchedVamana,UNG,UNG
134,tripclick,and,UNG,1.0,UNG,UNG,UNG,UNG,UNG
134,tripclick,equal,UNG,1.0,UNG,UNG,UNG,UNG,UNG
134,tripclick,or,UNG,1.0,Post-filter,UNG,UNG,UNG,UNG
134,yfcc,and,UNG,1.0,SIEVE,UNG,UNG,UNG,StitchedVamana
134,yfcc,equal,UNG,1.0,UNG,UNG,UNG,UNG,StitchedVamana
134,yfcc,or,FilteredVamana,1.0,Post-filter,StitchedVamana,StitchedVamana,UNG,StitchedVamana
134,ytb_audio,and,UNG,1.0,SIEVE,UNG,UNG,UNG,Post-filter
134,ytb_audio,equal,UNG,1.0,UNG,UNG,UNG,UNG,Post-filter
134,ytb_audio,or,StitchedVamana,1.0,Post-filter,UNG,FilteredVamana,UNG,Post-filter
134,ytb_video,and,Post-filter,1.0,UNG,UNG,UNG,UNG,Post-filter
134,ytb_video,equal,UNG,1.0,UNG,UNG,UNG,UNG,UNG
134,ytb_video,or,UNG,1.0,UNG,UNG,UNG,UNG,Post-filter
135,LAION1M,and,UNG,1.0,UNG,UNG,UNG,UNG,UNG
135,LAION1M,equal,UNG,1.0,UNG,UNG,UNG,UNG,UNG
135,LAION1M,or,UNG,1.0,Post-filter,UNG,UNG,UNG,UNG
135,arxiv,and,FilteredVamana,1.0,SIEVE,UNG,UNG,UNG,UNG
135,arxiv,equal,UNG,1.0,UNG,UNG,UNG,UNG,UNG
135,arxiv,or,UNG,1.0,Post-filter,Post-filter,StitchedVamana,Post-filter,UNG
135,tripclick,and,UNG,1.0,UNG,UNG,UNG,UNG,UNG
135,tripclick,equal,UNG,1.0,UNG,UNG,UNG,UNG,UNG
135,tripclick,or,UNG,1.0,Post-filter,UNG,UNG,UNG,UNG
135,yfcc,and,UNG,1.0,SIEVE,UNG,UNG,UNG,StitchedVamana
135,yfcc,equal,UNG,1.0,UNG,UNG,UNG,UNG,StitchedVamana
135,yfcc,or,FilteredVamana,1.0,Post-filter,StitchedVamana,UNG,UNG,StitchedVamana
135,ytb_audio,and,SIEVE,1.0,SIEVE,UNG,UNG,UNG,Post-filter
135,ytb_audio,equal,UNG,1.0,UNG,UNG,UNG,UNG,Post-filter
135,ytb_audio,or,StitchedVamana,1.0,Post-filter,UNG,UNG,UNG,Post-filter
135,ytb_video,and,UNG,1.0,UNG,UNG,UNG,UNG,Post-filter
135,ytb_video,equal,UNG,1.0,UNG,UNG,UNG,UNG,UNG
135,ytb_video,or,ACORN,0.9,UNG,UNG,UNG,UNG,Post-filter
136,LAION1M,and,UNG,1.0,UNG,Post-filter,UNG,UNG,UNG
136,LAION1M,equal,UNG,1.0,UNG,UNG,UNG,UNG,UNG
136,LAION1M,or,UNG,1.0,Post-filter,UNG,UNG,UNG,UNG
136,arxiv,and,UNG,1.0,SIEVE,UNG,UNG,UNG,UNG
136,arxiv,equal,UNG,1.0,UNG,UNG,UNG,UNG,UNG
136,arxiv,or,FilteredVamana,1.0,Post-filter,Post-filter,StitchedVamana,Post-filter,UNG
136,tripclick,and,UNG,1.0,UNG,UNG,UNG,UNG,UNG
136,tripclick,equal,UNG,1.0,UNG,UNG,UNG,UNG,UNG
136,tripclick,or,UNG,1.0,Post-filter,UNG,UNG,UNG,UNG
136,yfcc,and,UNG,1.0,SIEVE,UNG,UNG,UNG,StitchedVamana
136,yfcc,equal,UNG,1.0,UNG,UNG,UNG,UNG,StitchedVamana
136,yfcc,or,FilteredVamana,1.0,Post-filter,StitchedVamana,StitchedVamana,UNG,StitchedVamana
136,ytb_audio,and,UNG,1.0,SIEVE,UNG,UNG,UNG,Post-filter
136,ytb_audio,equal,UNG,1.0,UNG,UNG,UNG,UNG,Post-filter
136,ytb_audio,or,StitchedVamana,1.0,Post-filter,UNG,UNG,UNG,Post-filter
136,ytb_video,and,UNG,1.0,UNG,UNG,UNG,UNG,Post-filter
136,ytb_video,equal,UNG,1.0,UNG,UNG,UNG,UNG,UNG
136,ytb_video,or,StitchedVamana,0.8,UNG,UNG,UNG,UNG,Post-filter
137,LAION1M,and,UNG,1.0,UNG,Post-filter,UNG,UNG,UNG
137,LAION1M,equal,UNG,1.0,UNG,UNG,UNG,UNG,UNG
137,LAION1M,or,Post-filter,1.0,Post-filter,UNG,UNG,FilteredVamana,StitchedVamana
137,arxiv,and,UNG,1.0,SIEVE,UNG,UNG,UNG,UNG
137,arxiv,equal,UNG,1.0,UNG,UNG,UNG,UNG,UNG
137,arxiv,or,FilteredVamana,1.0,Post-filter,Post-filter,StitchedVamana,Post-filter,UNG
137,tripclick,and,UNG,1.0,UNG,UNG,UNG,UNG,UNG
137,tripclick,equal,UNG,1.0,UNG,UNG,UNG,UNG,UNG
137,tripclick,or,UNG,1.0,Post-filter,UNG,UNG,UNG,UNG
137,yfcc,and,FilteredVamana,1.0,SIEVE,UNG,UNG,UNG,StitchedVamana
137,yfcc,equal,UNG,1.0,UNG,UNG,UNG,UNG,StitchedVamana
137,yfcc,or,FilteredVamana,1.0,Post-filter,StitchedVamana,StitchedVamana,UNG,StitchedVamana
137,ytb_audio,and,UNG,1.0,SIEVE,UNG,UNG,UNG,Post-filter
137,ytb_audio,equal,UNG,1.0,UNG,UNG,UNG,UNG,Post-filter
137,ytb_audio,or,StitchedVamana,1.0,Post-filter,UNG,FilteredVamana,UNG,Post-filter
137,ytb_video,and,SIEVE,1.0,UNG,UNG,UNG,UNG,Post-filter
137,ytb_video,equal,UNG,1.0,UNG,UNG,UNG,UNG,UNG
137,ytb_video,or,UNG,1.0,UNG,UNG,UNG,UNG,Post-filter
138,LAION1M,and,UNG,1.0,UNG,UNG,UNG,UNG,UNG
138,LAION1M,equal,UNG,1.0,UNG,UNG,UNG,UNG,UNG
138,LAION1M,or,UNG,1.0,Post-filter,UNG,UNG,UNG,UNG
138,arxiv,and,UNG,1.0,SIEVE,UNG,UNG,UNG,UNG
138,arxiv,equal,UNG,1.0,UNG,UNG,UNG,UNG,UNG
138,arxiv,or,UNG,1.0,Post-filter,Post-filter,StitchedVamana,Post-filter,UNG
138,tripclick,and,Post-filter,1.0,UNG,UNG,UNG,UNG,UNG
138,tripclick,equal,UNG,1.0,UNG,UNG,UNG,UNG,UNG
138,tripclick,or,UNG,1.0,Post-filter,UNG,UNG,UNG,UNG
138,yfcc,and,UNG,1.0,SIEVE,UNG,UNG,UNG,StitchedVamana
138,yfcc,equal,UNG,1.0,UNG,UNG,UNG,UNG,StitchedVamana
138,yfcc,or,Post-filter,1.0,Post-filter,StitchedVamana,StitchedVamana,UNG,StitchedVamana
138,ytb_audio,and,SIEVE,0.9,SIEVE,UNG,UNG,UNG,Post-filter
138,ytb_audio,equal,UNG,1.0,UNG,UNG,UNG,UNG,Post-filter
138,ytb_audio,or,StitchedVamana,1.0,Post-filter,UNG,FilteredVamana,UNG,Post-filter
138,ytb_video,and,UNG,1.0,UNG,UNG,UNG,UNG,Post-filter
138,ytb_video,equal,UNG,1.0,UNG,UNG,UNG,UNG,UNG
138,ytb_video,or,StitchedVamana,1.0,UNG,UNG,UNG,UNG,Post-filter
139,LAION1M,and,UNG,1.0,UNG,UNG,UNG,UNG,UNG
139,LAION1M,equal,UNG,1.0,UNG,UNG,UNG,UNG,UNG
139,LAION1M,or,UNG,1.0,Post-filter,UNG,UNG,UNG,StitchedVamana
139,arxiv,and,UNG,1.0,SIEVE,UNG,UNG,UNG,UNG
139,arxiv,equal,UNG,1.0,UNG,UNG,UNG,UNG,UNG
139,arxiv,or,UNG,1.0,Post-filter,Post-filter,StitchedVamana,Post-filter,UNG
139,tripclick,and,UNG,1.0,UNG,UNG,UNG,UNG,UNG
139,tripclick,equal,UNG,1.0,UNG,UNG,UNG,UNG,UNG
139,tripclick,or,UNG,1.0,Post-filter,UNG,UNG,UNG,UNG
139,yfcc,and,UNG,1.0,SIEVE,UNG,UNG,UNG,StitchedVamana
139,yfcc,equal,UNG,1.0,UNG,UNG,UNG,UNG,StitchedVamana
139,yfcc,or,FilteredVamana,1.0,Post-filter,StitchedVamana,UNG,UNG,StitchedVamana
139,ytb_audio,and,SIEVE,1.0,SIEVE,UNG,UNG,UNG,Post-filter
139,ytb_audio,equal,UNG,1.0,UNG,UNG,UNG,UNG,Post-filter
139,ytb_audio,or,UNG,1.0,Post-filter,UNG,UNG,UNG,Post-filter
139,ytb_video,and,Post-filter,1.0,UNG,UNG,UNG,UNG,Post-filter
139,ytb_video,equal,UNG,1.0,UNG,UNG,UNG,UNG,UNG
139,ytb_video,or,StitchedVamana,1.0,UNG,UNG,UNG,UNG,Post-filter
140,LAION1M,and,UNG,1.0,UNG,UNG,UNG,UNG,UNG
140,LAION1M,equal,UNG,1.0,UNG,UNG,UNG,UNG,UNG
140,LAION1M,or,UNG,1.0,Post-filter,StitchedVamana,UNG,UNG,UNG
140,arxiv,and,UNG,1.0,SIEVE,UNG,UNG,UNG,UNG
140,arxiv,equal,UNG,1.0,UNG,UNG,UNG,UNG,UNG
140,arxiv,or,FilteredVamana,1.0,Post-filter,Post-filter,StitchedVamana,Post-filter,UNG
140,tripclick,and,UNG,1.0,UNG,UNG,UNG,UNG,UNG
140,tripclick,equal,UNG,1.0,UNG,UNG,UNG,UNG,UNG
140,tripclick,or,UNG,1.0,Post-filter,UNG,UNG,UNG,UNG
140,yfcc,and,Post-filter,1.0,SIEVE,FilteredVamana,SIEVE,UNG,FilteredVamana
140,yfcc,equal,UNG,1.0,UNG,UNG,UNG,UNG,StitchedVamana
140,yfcc,or,Post-filter,1.0,Post-filter,StitchedVamana,StitchedVamana,UNG,StitchedVamana
140,ytb_audio,and,SIEVE,1.0,SIEVE,UNG,UNG,UNG,Post-filter
140,ytb_audio,equal,UNG,1.0,UNG,UNG,UNG,UNG,Post-filter
140,ytb_audio,or,StitchedVamana,1.0,Post-filter,UNG,FilteredVamana,UNG,Post-filter
140,ytb_video,and,UNG,1.0,UNG,UNG,UNG,UNG,Post-filter
140,ytb_video,equal,UNG,0.9,UNG,UNG,UNG,UNG,UNG
140,ytb_video,or,StitchedVamana,0.9,UNG,UNG,UNG,UNG,Post-filter
141,LAION1M,and,UNG,1.0,UNG,UNG,UNG,UNG,UNG
141,LAION1M,equal,UNG,1.0,UNG,UNG,UNG,UNG,UNG
141,LAION1M,or,UNG,1.0,Post-filter,UNG,UNG,UNG,UNG
141,arxiv,and,FilteredVamana,1.0,SIEVE,UNG,UNG,UNG,UNG
141,arxiv,equal,UNG,1.0,UNG,UNG,UNG,UNG,UNG
141,arxiv,or,UNG,1.0,Post-filter,UNG,UNG,UNG,UNG
141,tripclick,and,UNG,1.0,UNG,UNG,UNG,UNG,UNG
141,tripclick,equal,UNG,1.0,UNG,UNG,UNG,UNG,UNG
141,tripclick,or,UNG,1.0,Post-filter,UNG,UNG,UNG,UNG
141,yfcc,and,FilteredVamana,1.0,SIEVE,UNG,UNG,UNG,StitchedVamana
141,yfcc,equal,UNG,1.0,UNG,UNG,UNG,UNG,StitchedVamana
141,yfcc,or,FilteredVamana,1.0,Post-filter,FilteredVamana,StitchedVamana,UNG,StitchedVamana
141,ytb_audio,and,SIEVE,0.9,SIEVE,UNG,UNG,UNG,Post-filter
141,ytb_audio,equal,UNG,1.0,UNG,UNG,UNG,UNG,Post-filter
141,ytb_audio,or,Post-filter,1.0,Post-filter,UNG,UNG,UNG,Post-filter
141,ytb_video,and,Post-filter,0.9,UNG,UNG,UNG,UNG,Post-filter
141,ytb_video,equal,UNG,1.0,UNG,UNG,UNG,UNG,UNG
141,ytb_video,or,UNG,1.0,UNG,UNG,UNG,UNG,Post-filter
142,LAION1M,and,UNG,1.0,UNG,Post-filter,UNG,UNG,UNG
142,LAION1M,equal,UNG,1.0,UNG,UNG,UNG,UNG,UNG
142,LAION1M,or,UNG,1.0,Post-filter,Post-filter,UNG,UNG,UNG
142,arxiv,and,UNG,1.0,SIEVE,UNG,UNG,UNG,UNG
142,arxiv,equal,UNG,1.0,UNG,UNG,UNG,UNG,UNG
142,arxiv,or,UNG,1.0,Post-filter,Post-filter,StitchedVamana,Post-filter,UNG
142,tripclick,and,UNG,1.0,UNG,UNG,UNG,UNG,UNG
142,tripclick,equal,UNG,1.0,UNG,UNG,UNG,UNG,UNG
142,tripclick,or,UNG,1.0,Post-filter,UNG,UNG,UNG,UNG
142,yfcc,and,UNG,1.0,SIEVE,UNG,UNG,UNG,StitchedVamana
142,yfcc,equal,UNG,1.0,UNG,UNG,UNG,UNG,StitchedVamana
142,yfcc,or,FilteredVamana,1.0,Post-filter,StitchedVamana,StitchedVamana,UNG,StitchedVamana
142,ytb_audio,and,UNG,1.0,SIEVE,UNG,UNG,UNG,Post-filter
142,ytb_audio,equal,UNG,0.9,UNG,UNG,UNG,UNG,Post-filter
142,ytb_audio,or,StitchedVamana,1.0,Post-filter,UNG,UNG,UNG,Post-filter
142,ytb_video,and,UNG,1.0,UNG,UNG,UNG,UNG,Post-filter
142,ytb_video,equal,UNG,1.0,UNG,UNG,UNG,UNG,UNG
142,ytb_video,or,ACORN,1.0,UNG,UNG,UNG,UNG,Post-filter
143,LAION1M,and,UNG,1.0,UNG,UNG,UNG,UNG,UNG
143,LAION1M,equal,UNG,1.0,UNG,UNG,UNG,UNG,UNG
143,LAION1M,or,UNG,1.0,Post-filter,Post-filter,UNG,UNG,UNG
143,arxiv,and,UNG,1.0,SIEVE,Post-filter,UNG,UNG,UNG
143,arxiv,equal,UNG,1.0,UNG,UNG,UNG,UNG,UNG
143,arxiv,or,UNG,1.0,Post-filter,Post-filter,StitchedVamana,Post-filter,Post-filter
143,tripclick,and,UNG,1.0,UNG,UNG,UNG,UNG,UNG
143,tripclick,equal,UNG,1.0,UNG,UNG,UNG,UNG,UNG
143,tripclick,or,UNG,1.0,Post-filter,UNG,UNG,UNG,UNG
143,yfcc,and,UNG,1.0,SIEVE,UNG,UNG,UNG,StitchedVamana
143,yfcc,equal,UNG,1.0,UNG,UNG,UNG,UNG,StitchedVamana
143,yfcc,or,FilteredVamana,1.0,Post-filter,StitchedVamana,StitchedVamana,UNG,StitchedVamana
143,ytb_audio,and,UNG,1.0,SIEVE,UNG,UNG,UNG,Post-filter
143,ytb_audio,equal,UNG,1.0,UNG,UNG,UNG,UNG,Post-filter
143,ytb_audio,or,StitchedVamana,1.0,Post-filter,UNG,FilteredVamana,UNG,Post-filter
143,ytb_video,and,UNG,1.0,UNG,UNG,UNG,UNG,Post-filter
143,ytb_video,equal,UNG,1.0,UNG,UNG,UNG,UNG,UNG
143,ytb_video,or,StitchedVamana,1.0,UNG,UNG,UNG,UNG,Post-filter
144,LAION1M,and,UNG,1.0,UNG,Post-filter,UNG,UNG,UNG
144,LAION1M,equal,UNG,1.0,UNG,UNG,UNG,UNG,UNG
144,LAION1M,or,UNG,1.0,Post-filter,UNG,UNG,UNG,UNG
144,arxiv,and,UNG,1.0,SIEVE,UNG,UNG,UNG,UNG
144,arxiv,equal,UNG,1.0,UNG,UNG,UNG,UNG,UNG
144,arxiv,or,UNG,1.0,Post-filter,Post-filter,StitchedVamana,UNG,UNG
144,tripclick,and,UNG,1.0,UNG,UNG,UNG,UNG,UNG
144,tripclick,equal,UNG,1.0,UNG,UNG,UNG,UNG,UNG
144,tripclick,or,UNG,1.0,Post-filter,UNG,UNG,UNG,UNG
144,yfcc,and,UNG,1.0,SIEVE,UNG,UNG,UNG,StitchedVamana
144,yfcc,equal,UNG,1.0,UNG,UNG,UNG,UNG,StitchedVamana
144,yfcc,or,FilteredVamana,1.0,Post-filter,StitchedVamana,StitchedVamana,UNG,StitchedVamana
144,ytb_audio,and,UNG,1.0,SIEVE,UNG,UNG,UNG,Post-filter
144,ytb_audio,equal,UNG,1.0,UNG,UNG,UNG,UNG,Post-filter
144,ytb_audio,or,StitchedVamana,1.0,Post-filter,UNG,FilteredVamana,UNG,Post-filter
144,ytb_video,and,UNG,1.0,UNG,UNG,UNG,UNG,Post-filter
144,ytb_video,equal,UNG,1.0,UNG,UNG,UNG,UNG,UNG
144,ytb_video,or,StitchedVamana,0.7,UNG,UNG,UNG,UNG,Post-filter
145,LAION1M,and,UNG,1.0,UNG,Post-filter,UNG,UNG,UNG
145,LAION1M,equal,UNG,1.0,UNG,UNG,UNG,UNG,UNG
145,LAION1M,or,UNG,1.0,Post-filter,Post-filter,UNG,UNG,UNG
145,arxiv,and,UNG,1.0,SIEVE,UNG,UNG,UNG,UNG
145,arxiv,equal,UNG,1.0,UNG,UNG,UNG,UNG,UNG
145,arxiv,or,FilteredVamana,1.0,Post-filter,UNG,UNG,Post-filter,UNG
145,tripclick,and,UNG,1.0,UNG,UNG,UNG,UNG,UNG
145,tripclick,equal,UNG,1.0,UNG,UNG,UNG,UNG,UNG
145,tripclick,or,UNG,1.0,Post-filter,UNG,UNG,UNG,UNG
145,yfcc,and,UNG,1.0,SIEVE,UNG,UNG,UNG,StitchedVamana
145,yfcc,equal,UNG,1.0,UNG,UNG,UNG,UNG,StitchedVamana
145,yfcc,or,FilteredVamana,1.0,Post-filter,FilteredVamana,StitchedVamana,UNG,StitchedVamana
145,ytb_audio,and,UNG,1.0,SIEVE,UNG,UNG,UNG,Post-filter
145,ytb_audio,equal,UNG,1.0,UNG,UNG,UNG,UNG,Post-filter
145,ytb_audio,or,StitchedVamana,1.0,Post-filter,UNG,FilteredVamana,UNG,Post-filter
145,ytb_video,and,UNG,1.0,UNG,UNG,UNG,UNG,Post-filter
145,ytb_video,equal,UNG,1.0,UNG,UNG,UNG,UNG,UNG
145,ytb_video,or,UNG,1.0,UNG,UNG,UNG,UNG,Post-filter
146,LAION1M,and,UNG,1.0,UNG,Post-filter,UNG,UNG,UNG
146,LAION1M,equal,UNG,1.0,UNG,UNG,UNG,UNG,UNG
146,LAION1M,or,UNG,1.0,Post-filter,Post-filter,UNG,UNG,UNG
146,arxiv,and,UNG,1.0,SIEVE,UNG,UNG,UNG,UNG
146,arxiv,equal,UNG,1.0,UNG,UNG,UNG,UNG,UNG
146,arxiv,or,UNG,1.0,Post-filter,Post-filter,StitchedVamana,Post-filter,UNG
146,tripclick,and,UNG,1.0,UNG,UNG,UNG,UNG,UNG
146,tripclick,equal,UNG,1.0,UNG,UNG,UNG,UNG,UNG
146,tripclick,or,UNG,1.0,Post-filter,UNG,UNG,UNG,UNG
146,yfcc,and,UNG,1.0,SIEVE,UNG,UNG,UNG,StitchedVamana
146,yfcc,equal,UNG,1.0,UNG,UNG,UNG,UNG,StitchedVamana
146,yfcc,or,FilteredVamana,1.0,Post-filter,StitchedVamana,StitchedVamana,UNG,StitchedVamana
146,ytb_audio,and,UNG,1.0,SIEVE,UNG,UNG,UNG,Post-filter
146,ytb_audio,equal,UNG,1.0,UNG,UNG,UNG,UNG,Post-filter
146,ytb_audio,or,Post-filter,1.0,Post-filter,UNG,UNG,UNG,Post-filter
146,ytb_video,and,UNG,1.0,UNG,UNG,UNG,UNG,Post-filter
146,ytb_video,equal,UNG,1.0,UNG,UNG,UNG,UNG,UNG
146,ytb_video,or,UNG,1.0,UNG,UNG,UNG,UNG,Post-filter
147,LAION1M,and,UNG,1.0,UNG,UNG,UNG,UNG,UNG
147,LAION1M,equal,UNG,1.0,UNG,UNG,UNG,UNG,UNG
147,LAION1M,or,UNG,1.0,Post-filter,UNG,UNG,UNG,StitchedVamana
147,arxiv,and,UNG,1.0,SIEVE,UNG,UNG,UNG,UNG
147,arxiv,equal,UNG,1.0,UNG,UNG,UNG,UNG,UNG
147,arxiv,or,UNG,1.0,Post-filter,UNG,StitchedVamana,StitchedVamana,StitchedVamana
147,tripclick,and,UNG,1.0,UNG,UNG,UNG,UNG,UNG
147,tripclick,equal,UNG,1.0,UNG,UNG,UNG,UNG,UNG
147,tripclick,or,UNG,1.0,Post-filter,UNG,UNG,UNG,UNG
147,yfcc,and,UNG,1.0,SIEVE,UNG,UNG,UNG,StitchedVamana
147,yfcc,equal,UNG,1.0,UNG,UNG,UNG,UNG,StitchedVamana
147,yfcc,or,FilteredVamana,1.0,Post-filter,StitchedVamana,StitchedVamana,UNG,StitchedVamana
147,ytb_audio,and,UNG,1.0,SIEVE,UNG,UNG,UNG,Post-filter
147,ytb_audio,equal,UNG,1.0,UNG,UNG,UNG,UNG,Post-filter
147,ytb_audio,or,StitchedVamana,1.0,Post-filter,UNG,FilteredVamana,UNG,Post-filter
147,ytb_video,and,UNG,0.9,UNG,UNG,UNG,UNG,Post-filter
147,ytb_video,equal,UNG,1.0,UNG,UNG,UNG,UNG,UNG
147,ytb_video,or,UNG,1.0,UNG,UNG,UNG,UNG,Post-filter
148,LAION1M,and,UNG,1.0,UNG,UNG,UNG,UNG,UNG
148,LAION1M,equal,UNG,1.0,UNG,UNG,UNG,UNG,UNG
148,LAION1M,or,UNG,1.0,Post-filter,UNG,UNG,UNG,StitchedVamana
148,arxiv,and,UNG,1.0,SIEVE,UNG,UNG,UNG,UNG
148,arxiv,equal,UNG,1.0,UNG,UNG,UNG,UNG,UNG
148,arxiv,or,FilteredVamana,1.0,Post-filter,Post-filter,StitchedVamana,Post-filter,UNG
148,tripclick,and,UNG,1.0,UNG,UNG,UNG,UNG,UNG
148,tripclick,equal,UNG,1.0,UNG,UNG,UNG,UNG,UNG
148,tripclick,or,UNG,1.0,Post-filter,UNG,UNG,UNG,UNG
148,yfcc,and,FilteredVamana,1.0,SIEVE,UNG,UNG,UNG,StitchedVamana
148,yfcc,equal,UNG,1.0,UNG,UNG,UNG,UNG,StitchedVamana
148,yfcc,or,FilteredVamana,1.0,Post-filter,StitchedVamana,StitchedVamana,UNG,StitchedVamana
148,ytb_audio,and,SIEVE,0.9,SIEVE,UNG,UNG,UNG,Post-filter
148,ytb_audio,equal,UNG,1.0,UNG,UNG,UNG,UNG,Post-filter
148,ytb_audio,or,StitchedVamana,1.0,Post-filter,UNG,FilteredVamana,UNG,Post-filter
148,ytb_video,and,UNG,1.0,UNG,UNG,UNG,UNG,Post-filter
148,ytb_video,equal,UNG,1.0,UNG,UNG,UNG,UNG,UNG
148,ytb_video,or,StitchedVamana,0.8,UNG,UNG,UNG,UNG,Post-filter
149,LAION1M,and,UNG,1.0,UNG,UNG,UNG,UNG,UNG
149,LAION1M,equal,UNG,1.0,UNG,UNG,UNG,UNG,UNG
149,LAION1M,or,UNG,1.0,Post-filter,Post-filter,UNG,UNG,UNG
149,arxiv,and,UNG,1.0,SIEVE,UNG,UNG,UNG,UNG
149,arxiv,equal,UNG,1.0,UNG,UNG,UNG,UNG,UNG
149,arxiv,or,UNG,1.0,Post-filter,UNG,UNG,Post-filter,UNG
149,tripclick,and,UNG,1.0,UNG,UNG,UNG,UNG,UNG
149,tripclick,equal,UNG,1.0,UNG,UNG,UNG,UNG,UNG
149,tripclick,or,UNG,1.0,Post-filter,UNG,UNG,UNG,UNG
149,yfcc,and,UNG,1.0,SIEVE,UNG,UNG,UNG,StitchedVamana
149,yfcc,equal,UNG,1.0,UNG,UNG,UNG,UNG,StitchedVamana
149,yfcc,or,FilteredVamana,1.0,Post-filter,StitchedVamana,UNG,UNG,StitchedVamana
149,ytb_audio,and,UNG,1.0,SIEVE,UNG,UNG,UNG,Post-filter
149,ytb_audio,equal,UNG,1.0,UNG,UNG,UNG,UNG,Post-filter
149,ytb_audio,or,StitchedVamana,1.0,Post-filter,UNG,FilteredVamana,UNG,Post-filter
149,ytb_video,and,UNG,1.0,UNG,UNG,UNG,UNG,Post-filter
149,ytb_video,equal,UNG,1.0,UNG,UNG,UNG,UNG,UNG
149,ytb_video,or,UNG,1.0,UNG,UNG,UNG,UNG,Post-filter
150,LAION1M,and,UNG,1.0,UNG,UNG,UNG,UNG,UNG
150,LAION1M,equal,UNG,1.0,UNG,UNG,UNG,UNG,UNG
150,LAION1M,or,UNG,1.0,Post-filter,StitchedVamana,UNG,UNG,StitchedVamana
150,arxiv,and,FilteredVamana,1.0,SIEVE,UNG,UNG,UNG,UNG
150,arxiv,equal,UNG,1.0,UNG,UNG,UNG,UNG,UNG
150,arxiv,or,FilteredVamana,1.0,Post-filter,StitchedVamana,StitchedVamana,Post-filter,UNG
150,tripclick,and,UNG,1.0,UNG,UNG,UNG,UNG,UNG
150,tripclick,equal,UNG,1.0,UNG,UNG,UNG,UNG,UNG
150,tripclick,or,UNG,1.0,Post-filter,UNG,UNG,UNG,UNG
150,yfcc,and,FilteredVamana,1.0,SIEVE,UNG,UNG,UNG,StitchedVamana
150,yfcc,equal,UNG,1.0,UNG,UNG,UNG,UNG,StitchedVamana
150,yfcc,or,FilteredVamana,1.0,Post-filter,StitchedVamana,StitchedVamana,UNG,StitchedVamana
150,ytb_audio,and,UNG,1.0,SIEVE,UNG,UNG,UNG,Post-filter
150,ytb_audio,equal,UNG,1.0,UNG,UNG,UNG,UNG,Post-filter
150,ytb_audio,or,StitchedVamana,1.0,Post-filter,UNG,FilteredVamana,UNG,Post-filter
150,ytb_video,and,UNG,1.0,UNG,UNG,UNG,UNG,Post-filter
150,ytb_video,equal,UNG,1.0,UNG,UNG,UNG,UNG,UNG
150,ytb_video,or,Post-filter,1.0,UNG,UNG,UNG,UNG,Post-filter
151,LAION1M,and,UNG,1.0,UNG,UNG,UNG,UNG,UNG
151,LAION1M,equal,UNG,1.0,UNG,UNG,UNG,UNG,UNG
151,LAION1M,or,UNG,1.0,Post-filter,UNG,UNG,UNG,StitchedVamana
151,arxiv,and,UNG,1.0,SIEVE,UNG,UNG,UNG,UNG
151,arxiv,equal,UNG,1.0,UNG,UNG,UNG,UNG,UNG
151,arxiv,or,UNG,1.0,Post-filter,Post-filter,StitchedVamana,UNG,UNG
151,tripclick,and,UNG,1.0,UNG,UNG,UNG,UNG,UNG
151,tripclick,equal,UNG,1.0,UNG,UNG,UNG,UNG,UNG
151,tripclick,or,UNG,1.0,Post-filter,UNG,UNG,UNG,UNG
151,yfcc,and,FilteredVamana,1.0,SIEVE,UNG,UNG,UNG,StitchedVamana
151,yfcc,equal,UNG,1.0,UNG,UNG,UNG,UNG,StitchedVamana
151,yfcc,or,FilteredVamana,1.0,Post-filter,StitchedVamana,StitchedVamana,UNG,StitchedVamana
151,ytb_audio,and,UNG,1.0,SIEVE,UNG,UNG,UNG,Post-filter
151,ytb_audio,equal,UNG,1.0,UNG,UNG,UNG,UNG,Post-filter
151,ytb_audio,or,UNG,1.0,Post-filter,UNG,UNG,UNG,Post-filter
151,ytb_video,and,UNG,1.0,UNG,UNG,UNG,UNG,Post-filter
151,ytb_video,equal,UNG,1.0,UNG,UNG,UNG,UNG,UNG
151,ytb_video,or,StitchedVamana,1.0,UNG,UNG,UNG,UNG,Post-filter
152,LAION1M,and,UNG,1.0,UNG,UNG,UNG,UNG,UNG
152,LAION1M,equal,UNG,1.0,UNG,UNG,UNG,UNG,UNG
152,LAION1M,or,UNG,1.0,Post-filter,UNG,UNG,UNG,StitchedVamana
152,arxiv,and,UNG,1.0,SIEVE,UNG,UNG,UNG,UNG
152,arxiv,equal,UNG,1.0,UNG,UNG,UNG,UNG,UNG
152,arxiv,or,FilteredVamana,1.0,Post-filter,Post-filter,StitchedVamana,Post-filter,Post-filter
152,tripclick,and,Post-filter,1.0,UNG,UNG,UNG,UNG,UNG
152,tripclick,equal,UNG,1.0,UNG,UNG,UNG,UNG,UNG
152,tripclick,or,UNG,1.0,Post-filter,UNG,UNG,UNG,UNG
152,yfcc,and,UNG,1.0,SIEVE,UNG,UNG,UNG,StitchedVamana
152,yfcc,equal,UNG,1.0,UNG,UNG,UNG,UNG,StitchedVamana
152,yfcc,or,FilteredVamana,1.0,Post-filter,StitchedVamana,StitchedVamana,UNG,StitchedVamana
152,ytb_audio,and,UNG,1.0,SIEVE,UNG,UNG,UNG,Post-filter
152,ytb_audio,equal,UNG,1.0,UNG,UNG,UNG,UNG,Post-filter
152,ytb_audio,or,StitchedVamana,1.0,Post-filter,UNG,FilteredVamana,UNG,Post-filter
152,ytb_video,and,UNG,1.0,UNG,UNG,UNG,UNG,Post-filter
152,ytb_video,equal,UNG,1.0,UNG,UNG,UNG,UNG,UNG
152,ytb_video,or,UNG,0.6,UNG,UNG,UNG,UNG,Post-filter
153,LAION1M,and,UNG,1.0,UNG,UNG,UNG,UNG,UNG
153,LAION1M,equal,UNG,1.0,UNG,UNG,UNG,UNG,UNG
153,LAION1M,or,UNG,1.0,Post-filter,Post-filter,UNG,FilteredVamana,StitchedVamana
153,arxiv,and,FilteredVamana,1.0,SIEVE,UNG,UNG,UNG,UNG
153,arxiv,equal,UNG,1.0,UNG,UNG,UNG,UNG,UNG
153,arxiv,or,FilteredVamana,1.0,Post-filter,Post-filter,StitchedVamana,Post-filter,Post-filter
153,tripclick,and,UNG,1.0,UNG,UNG,UNG,UNG,UNG
153,tripclick,equal,UNG,1.0,UNG,UNG,UNG,UNG,UNG
153,tripclick,or,UNG,1.0,Post-filter,UNG,UNG,UNG,UNG
153,yfcc,and,UNG,1.0,SIEVE,UNG,UNG,UNG,StitchedVamana
153,yfcc,equal,UNG,1.0,UNG,UNG,UNG,UNG,StitchedVamana
153,yfcc,or,FilteredVamana,1.0,Post-filter,StitchedVamana,StitchedVamana,UNG,StitchedVamana
153,ytb_audio,and,UNG,1.0,SIEVE,UNG,UNG,UNG,Post-filter
153,ytb_audio,equal,UNG,1.0,UNG,UNG,UNG,UNG,Post-filter
153,ytb_audio,or,StitchedVamana,1.0,Post-filter,UNG,UNG,UNG,Post-filter
153,ytb_video,and,UNG,1.0,UNG,UNG,UNG,UNG,Post-filter
153,ytb_video,equal,UNG,1.0,UNG,UNG,UNG,UNG,UNG
153,ytb_video,or,UNG,1.0,UNG,UNG,UNG,UNG,Post-filter
154,LAION1M,and,UNG,1.0,UNG,UNG,UNG,UNG,UNG
154,LAION1M,equal,UNG,1.0,UNG,UNG,UNG,UNG,UNG
154,LAION1M,or,UNG,1.0,Post-filter,UNG,UNG,UNG,StitchedVamana
154,arxiv,and,UNG,1.0,SIEVE,UNG,UNG,UNG,UNG
154,arxiv,equal,UNG,1.0,UNG,UNG,UNG,UNG,UNG
154,arxiv,or,UNG,1.0,Post-filter,Post-filter,UNG,Post-filter,UNG
154,tripclick,and,UNG,1.0,UNG,UNG,UNG,UNG,UNG
154,tripclick,equal,UNG,1.0,UNG,UNG,UNG,UNG,UNG
154,tripclick,or,UNG,1.0,Post-filter,UNG,UNG,UNG,UNG
154,yfcc,and,UNG,1.0,SIEVE,UNG,UNG,UNG,StitchedVamana
154,yfcc,equal,UNG,1.0,UNG,UNG,UNG,UNG,StitchedVamana
154,yfcc,or,FilteredVamana,1.0,Post-filter,StitchedVamana,StitchedVamana,UNG,StitchedVamana
154,ytb_audio,and,SIEVE,1.0,SIEVE,UNG,UNG,UNG,Post-filter
154,ytb_audio,equal,UNG,1.0,UNG,UNG,UNG,UNG,Post-filter
154,ytb_audio,or,Post-filter,1.0,Post-filter,UNG,UNG,UNG,Post-filter
154,ytb_video,and,UNG,1.0,UNG,UNG,UNG,UNG,Post-filter
154,ytb_video,equal,UNG,1.0,UNG,UNG,UNG,UNG,UNG
154,ytb_video,or,ACORN,1.0,UNG,UNG,UNG,UNG,Post-filter
155,LAION1M,and,UNG,1.0,UNG,Post-filter,UNG,UNG,UNG
155,LAION1M,equal,UNG,1.0,UNG,UNG,UNG,UNG,UNG
155,LAION1M,or,UNG,1.0,Post-filter,Post-filter,UNG,UNG,UNG
155,arxiv,and,UNG,1.0,SIEVE,UNG,UNG,UNG,UNG
155,arxiv,equal,UNG,1.0,UNG,UNG,UNG,UNG,UNG
155,arxiv,or,UNG,1.0,Post-filter,StitchedVamana,StitchedVamana,Post-filter,UNG
155,tripclick,and,UNG,1.0,UNG,UNG,UNG,UNG,UNG
155,tripclick,equal,UNG,1.0,UNG,UNG,UNG,UNG,UNG
155,tripclick,or,UNG,1.0,Post-filter,UNG,UNG,UNG,UNG
155,yfcc,and,FilteredVamana,1.0,SIEVE,UNG,UNG,UNG,StitchedVamana
155,yfcc,equal,UNG,1.0,UNG,UNG,UNG,UNG,StitchedVamana
155,yfcc,or,FilteredVamana,1.0,Post-filter,StitchedVamana,StitchedVamana,UNG,StitchedVamana
155,ytb_audio,and,SIEVE,1.0,SIEVE,UNG,UNG,UNG,Post-filter
155,ytb_audio,equal,UNG,1.0,UNG,UNG,UNG,UNG,Post-filter
155,ytb_audio,or,StitchedVamana,1.0,Post-filter,UNG,FilteredVamana,UNG,Post-filter
155,ytb_video,and,Post-filter,0.8,UNG,UNG,UNG,UNG,Post-filter
155,ytb_video,equal,UNG,1.0,UNG,UNG,UNG,UNG,UNG
155,ytb_video,or,UNG,0.7,UNG,UNG,UNG,UNG,Post-filter
156,LAION1M,and,UNG,1.0,UNG,UNG,UNG,UNG,UNG
156,LAION1M,equal,UNG,1.0,UNG,UNG,UNG,UNG,UNG
156,LAION1M,or,UNG,1.0,Post-filter,StitchedVamana,UNG,UNG,StitchedVamana
156,arxiv,and,UNG,1.0,SIEVE,UNG,UNG,UNG,UNG
156,arxiv,equal,UNG,1.0,UNG,UNG,UNG,UNG,UNG
156,arxiv,or,FilteredVamana,1.0,Post-filter,Post-filter,StitchedVamana,UNG,UNG
156,tripclick,and,UNG,1.0,UNG,UNG,UNG,UNG,UNG
156,tripclick,equal,UNG,1.0,UNG,UNG,UNG,UNG,UNG
156,tripclick,or,UNG,1.0,Post-filter,UNG,UNG,UNG,UNG
156,yfcc,and,FilteredVamana,1.0,SIEVE,UNG,UNG,UNG,StitchedVamana
156,yfcc,equal,UNG,1.0,UNG,UNG,UNG,UNG,StitchedVamana
156,yfcc,or,FilteredVamana,0.8,Post-filter,StitchedVamana,StitchedVamana,UNG,StitchedVamana
156,ytb_audio,and,UNG,1.0,SIEVE,UNG,UNG,UNG,Post-filter
156,ytb_audio,equal,UNG,1.0,UNG,UNG,UNG,UNG,Post-filter
156,ytb_audio,or,StitchedVamana,1.0,Post-filter,UNG,UNG,UNG,Post-filter
156,ytb_video,and,Post-filter,0.5,UNG,UNG,UNG,UNG,Post-filter
156,ytb_video,equal,UNG,0.9,UNG,UNG,UNG,UNG,UNG
156,ytb_video,or,ACORN,0.9,UNG,UNG,UNG,UNG,Post-filter
157,LAION1M,and,UNG,1.0,UNG,UNG,UNG,UNG,UNG
157,LAION1M,equal,UNG,1.0,UNG,UNG,UNG,UNG,UNG
157,LAION1M,or,UNG,1.0,Post-filter,UNG,UNG,UNG,UNG
157,arxiv,and,UNG,1.0,SIEVE,Post-filter,UNG,UNG,UNG
157,arxiv,equal,UNG,1.0,UNG,UNG,UNG,UNG,UNG
157,arxiv,or,FilteredVamana,1.0,Post-filter,Post-filter,StitchedVamana,Post-filter,Post-filter
157,tripclick,and,UNG,1.0,UNG,UNG,UNG,UNG,UNG
157,tripclick,equal,UNG,1.0,UNG,UNG,UNG,UNG,UNG
157,tripclick,or,UNG,1.0,Post-filter,UNG,UNG,UNG,UNG
157,yfcc,and,UNG,1.0,SIEVE,UNG,UNG,UNG,StitchedVamana
157,yfcc,equal,UNG,1.0,UNG,UNG,UNG,UNG,StitchedVamana
157,yfcc,or,FilteredVamana,1.0,Post-filter,StitchedVamana,StitchedVamana,UNG,StitchedVamana
157,ytb_audio,and,SIEVE,1.0,SIEVE,UNG,UNG,UNG,Post-filter
157,ytb_audio,equal,UNG,1.0,UNG,UNG,UNG,UNG,Post-filter
157,ytb_audio,or,StitchedVamana,1.0,Post-filter,UNG,UNG,UNG,Post-filter
157,ytb_video,and,UNG,1.0,UNG,UNG,UNG,UNG,Post-filter
157,ytb_video,equal,UNG,1.0,UNG,UNG,UNG,UNG,UNG
157,ytb_video,or,StitchedVamana,0.8,UNG,UNG,UNG,UNG,Post-filter
158,LAION1M,and,UNG,1.0,UNG,Post-filter,UNG,UNG,UNG
158,LAION1M,equal,UNG,1.0,UNG,UNG,UNG,UNG,UNG
158,LAION1M,or,UNG,1.0,Post-filter,UNG,UNG,UNG,StitchedVamana
158,arxiv,and,UNG,1.0,SIEVE,UNG,UNG,UNG,UNG
158,arxiv,equal,UNG,1.0,UNG,UNG,UNG,UNG,UNG
158,arxiv,or,FilteredVamana,1.0,Post-filter,Post-filter,UNG,Post-filter,UNG
158,tripclick,and,UNG,1.0,UNG,UNG,UNG,UNG,UNG
158,tripclick,equal,UNG,1.0,UNG,UNG,UNG,UNG,UNG
158,tripclick,or,UNG,1.0,Post-filter,UNG,UNG,UNG,UNG
158,yfcc,and,UNG,1.0,SIEVE,UNG,UNG,UNG,StitchedVamana
158,yfcc,equal,UNG,1.0,UNG,UNG,UNG,UNG,StitchedVamana
158,yfcc,or,FilteredVamana,1.0,Post-filter,StitchedVamana,StitchedVamana,UNG,StitchedVamana
158,ytb_audio,and,UNG,1.0,SIEVE,UNG,UNG,UNG,Post-filter
158,ytb_audio,equal,UNG,1.0,UNG,UNG,UNG,UNG,Post-filter
158,ytb_audio,or,StitchedVamana,1.0,Post-filter,UNG,FilteredVamana,UNG,Post-filter
158,ytb_video,and,SIEVE,1.0,UNG,UNG,UNG,UNG,Post-filter
158,ytb_video,equal,UNG,0.8,UNG,UNG,UNG,UNG,UNG
158,ytb_video,or,UNG,1.0,UNG,UNG,UNG,UNG,Post-filter
159,LAION1M,and,UNG,1.0,UNG,UNG,UNG,UNG,UNG
159,LAION1M,equal,UNG,1.0,UNG,UNG,UNG,UNG,UNG
159,LAION1M,or,UNG,1.0,Post-filter,UNG,UNG,UNG,StitchedVamana
159,arxiv,and,UNG,1.0,SIEVE,UNG,UNG,UNG,UNG
159,arxiv,equal,UNG,1.0,UNG,UNG,UNG,UNG,UNG
159,arxiv,or,UNG,1.0,Post-filter,Post-filter,StitchedVamana,Post-filter,UNG
159,tripclick,and,UNG,1.0,UNG,UNG,UNG,UNG,UNG
159,tripclick,equal,UNG,1.0,UNG,UNG,UNG,UNG,UNG
159,tripclick,or,UNG,1.0,Post-filter,UNG,UNG,UNG,UNG
159,yfcc,and,FilteredVamana,1.0,SIEVE,UNG,UNG,UNG,StitchedVamana
159,yfcc,equal,UNG,1.0,UNG,UNG,UNG,UNG,StitchedVamana
159,yfcc,or,FilteredVamana,1.0,Post-filter,StitchedVamana,StitchedVamana,UNG,StitchedVamana
159,ytb_audio,and,UNG,1.0,SIEVE,UNG,UNG,UNG,Post-filter
159,ytb_audio,equal,UNG,1.0,UNG,UNG,UNG,UNG,Post-filter
159,ytb_audio,or,StitchedVamana,1.0,Post-filter,UNG,FilteredVamana,UNG,Post-filter
159,ytb_video,and,UNG,1.0,UNG,UNG,UNG,UNG,Post-filter
159,ytb_video,equal,UNG,1.0,UNG,UNG,UNG,UNG,UNG
159,ytb_video,or,UNG,1.0,UNG,UNG,UNG,UNG,Post-filter
160,LAION1M,and,UNG,1.0,UNG,UNG,UNG,UNG,UNG
160,LAION1M,equal,UNG,1.0,UNG,UNG,UNG,UNG,UNG
160,LAION1M,or,UNG,1.0,Post-filter,StitchedVamana,UNG,UNG,UNG
160,arxiv,and,UNG,1.0,SIEVE,UNG,UNG,UNG,UNG
160,arxiv,equal,UNG,1.0,UNG,UNG,UNG,UNG,UNG
160,arxiv,or,UNG,1.0,Post-filter,Post-filter,StitchedVamana,Post-filter,Post-filter
160,tripclick,and,UNG,1.0,UNG,UNG,UNG,UNG,UNG
160,tripclick,equal,UNG,1.0,UNG,UNG,UNG,UNG,UNG
160,tripclick,or,UNG,1.0,Post-filter,UNG,UNG,UNG,UNG
160,yfcc,and,UNG,1.0,SIEVE,UNG,UNG,UNG,StitchedVamana
160,yfcc,equal,UNG,1.0,UNG,UNG,UNG,UNG,StitchedVamana
160,yfcc,or,FilteredVamana,1.0,Post-filter,StitchedVamana,StitchedVamana,UNG,StitchedVamana
160,ytb_audio,and,UNG,1.0,SIEVE,UNG,UNG,UNG,Post-filter
160,ytb_audio,equal,UNG,1.0,UNG,UNG,UNG,UNG,Post-filter
160,ytb_audio,or,StitchedVamana,1.0,Post-filter,UNG,UNG,UNG,Post-filter
160,ytb_video,and,UNG,1.0,UNG,UNG,UNG,UNG,Post-filter
160,ytb_video,equal,UNG,0.8,UNG,UNG,UNG,UNG,UNG
160,ytb_video,or,StitchedVamana,0.9,UNG,UNG,UNG,UNG,Post-filter
161,LAION1M,and,UNG,1.0,UNG,Post-filter,UNG,UNG,UNG
161,LAION1M,equal,UNG,1.0,UNG,UNG,UNG,UNG,UNG
161,LAION1M,or,UNG,1.0,Post-filter,Post-filter,UNG,UNG,UNG
161,arxiv,and,FilteredVamana,1.0,SIEVE,UNG,UNG,UNG,UNG
161,arxiv,equal,UNG,1.0,UNG,UNG,UNG,UNG,UNG
161,arxiv,or,UNG,1.0,Post-filter,Post-filter,StitchedVamana,UNG,UNG
161,tripclick,and,UNG,1.0,UNG,UNG,UNG,UNG,UNG
161,tripclick,equal,UNG,1.0,UNG,UNG,UNG,UNG,UNG
161,tripclick,or,UNG,1.0,Post-filter,UNG,UNG,UNG,UNG
161,yfcc,and,FilteredVamana,1.0,SIEVE,UNG,UNG,UNG,StitchedVamana
161,yfcc,equal,UNG,1.0,UNG,UNG,UNG,UNG,StitchedVamana
161,yfcc,or,FilteredVamana,1.0,Post-filter,StitchedVamana,StitchedVamana,UNG,StitchedVamana
161,ytb_audio,and,UNG,1.0,SIEVE,UNG,UNG,UNG,Post-filter
161,ytb_audio,equal,UNG,1.0,UNG,UNG,UNG,UNG,Post-filter
161,ytb_audio,or,UNG,1.0,Post-filter,UNG,UNG,UNG,Post-filter
161,ytb_video,and,SIEVE,1.0,UNG,UNG,UNG,UNG,Post-filter
161,ytb_video,equal,UNG,1.0,UNG,UNG,UNG,UNG,UNG
161,ytb_video,or,StitchedVamana,1.0,UNG,UNG,UNG,UNG,Post-filter
162,LAION1M,and,UNG,1.0,UNG,UNG,UNG,UNG,UNG
162,LAION1M,equal,UNG,1.0,UNG,UNG,UNG,UNG,UNG
162,LAION1M,or,UNG,1.0,Post-filter,UNG,UNG,UNG,UNG
162,arxiv,and,UNG,1.0,SIEVE,UNG,UNG,UNG,UNG
162,arxiv,equal,UNG,1.0,UNG,UNG,UNG,UNG,UNG
162,arxiv,or,UNG,1.0,Post-filter,Post-filter,StitchedVamana,FilteredVamana,UNG
162,tripclick,and,UNG,1.0,UNG,UNG,UNG,UNG,UNG
162,tripclick,equal,UNG,1.0,UNG,UNG,UNG,UNG,UNG
162,tripclick,or,UNG,1.0,Post-filter,UNG,UNG,UNG,UNG
162,yfcc,and,StitchedVamana,1.0,SIEVE,UNG,UNG,UNG,StitchedVamana
162,yfcc,equal,UNG,1.0,UNG,UNG,UNG,UNG,StitchedVamana
162,yfcc,or,FilteredVamana,1.0,Post-filter,StitchedVamana,StitchedVamana,UNG,StitchedVamana
162,ytb_audio,and,UNG,1.0,SIEVE,UNG,UNG,UNG,Post-filter
162,ytb_audio,equal,UNG,1.0,UNG,UNG,UNG,UNG,Post-filter
162,ytb_audio,or,StitchedVamana,1.0,Post-filter,UNG,FilteredVamana,UNG,Post-filter
162,ytb_video,and,UNG,0.6,UNG,UNG,UNG,UNG,Post-filter
162,ytb_video,equal,UNG,1.0,UNG,UNG,UNG,UNG,UNG
162,ytb_video,or,UNG,1.0,UNG,UNG,UNG,UNG,Post-filter
163,LAION1M,and,UNG,1.0,UNG,UNG,UNG,UNG,UNG
163,LAION1M,equal,UNG,1.0,UNG,UNG,UNG,UNG,UNG
163,LAION1M,or,UNG,1.0,Post-filter,UNG,UNG,UNG,UNG
163,arxiv,and,UNG,1.0,SIEVE,UNG,UNG,UNG,UNG
163,arxiv,equal,UNG,1.0,UNG,UNG,UNG,UNG,UNG
163,arxiv,or,UNG,1.0,Post-filter,Post-filter,StitchedVamana,Post-filter,Post-filter
163,tripclick,and,Post-filter,1.0,UNG,UNG,UNG,UNG,UNG
163,tripclick,equal,UNG,1.0,UNG,UNG,UNG,UNG,UNG
163,tripclick,or,UNG,1.0,Post-filter,UNG,UNG,UNG,UNG
163,yfcc,and,StitchedVamana,1.0,SIEVE,UNG,UNG,UNG,StitchedVamana
163,yfcc,equal,UNG,1.0,UNG,UNG,UNG,UNG,StitchedVamana
163,yfcc,or,Post-filter,1.0,Post-filter,StitchedVamana,StitchedVamana,UNG,StitchedVamana
163,ytb_audio,and,UNG,1.0,SIEVE,UNG,UNG,UNG,Post-filter
163,ytb_audio,equal,UNG,1.0,UNG,UNG,UNG,UNG,Post-filter
163,ytb_audio,or,StitchedVamana,1.0,Post-filter,UNG,FilteredVamana,UNG,Post-filter
163,ytb_video,and,UNG,1.0,UNG,UNG,UNG,UNG,Post-filter
163,ytb_video,equal,UNG,1.0,UNG,UNG,UNG,UNG,UNG
163,ytb_video,or,Post-filter,1.0,UNG,UNG,UNG,UNG,Post-filter
164,LAION1M,and,UNG,1.0,UNG,UNG,UNG,UNG,UNG
164,LAION1M,equal,UNG,1.0,UNG,UNG,UNG,UNG,UNG
164,LAION1M,or,UNG,1.0,Post-filter,UNG,UNG,UNG,UNG
164,arxiv,and,UNG,1.0,SIEVE,UNG,UNG,UNG,UNG
164,arxiv,equal,UNG,1.0,UNG,UNG,UNG,UNG,UNG
164,arxiv,or,UNG,1.0,Post-filter,Post-filter,StitchedVamana,Post-filter,Post-filter
164,tripclick,and,UNG,1.0,UNG,UNG,UNG,UNG,UNG
164,tripclick,equal,UNG,1.0,UNG,UNG,UNG,UNG,UNG
164,tripclick,or,UNG,1.0,Post-filter,UNG,UNG,UNG,UNG
164,yfcc,and,UNG,1.0,SIEVE,UNG,UNG,UNG,StitchedVamana
164,yfcc,equal,UNG,1.0,UNG,UNG,UNG,UNG,StitchedVamana
164,yfcc,or,FilteredVamana,1.0,Post-filter,StitchedVamana,StitchedVamana,UNG,StitchedVamana
164,ytb_audio,and,UNG,1.0,SIEVE,UNG,UNG,UNG,Post-filter
164,ytb_audio,equal,UNG,1.0,UNG,UNG,UNG,UNG,Post-filter
164,ytb_audio,or,StitchedVamana,1.0,Post-filter,UNG,UNG,UNG,Post-filter
164,ytb_video,and,UNG,1.0,UNG,UNG,UNG,UNG,Post-filter
164,ytb_video,equal,UNG,1.0,UNG,UNG,UNG,UNG,UNG
164,ytb_video,or,StitchedVamana,1.0,UNG,UNG,UNG,UNG,Post-filter
165,LAION1M,and,UNG,1.0,UNG,UNG,UNG,UNG,UNG
165,LAION1M,equal,UNG,1.0,UNG,UNG,UNG,UNG,UNG
165,LAION1M,or,UNG,1.0,Post-filter,UNG,UNG,UNG,StitchedVamana
165,arxiv,and,UNG,1.0,SIEVE,UNG,UNG,UNG,UNG
165,arxiv,equal,UNG,1.0,UNG,UNG,UNG,UNG,UNG
165,arxiv,or,UNG,1.0,Post-filter,Post-filter,StitchedVamana,Post-filter,Post-filter
165,tripclick,and,UNG,1.0,UNG,UNG,UNG,UNG,UNG
165,tripclick,equal,UNG,1.0,UNG,UNG,UNG,UNG,UNG
165,tripclick,or,Post-filter,1.0,Post-filter,UNG,UNG,UNG,UNG
165,yfcc,and,UNG,1.0,SIEVE,UNG,UNG,UNG,StitchedVamana
165,yfcc,equal,UNG,1.0,UNG,UNG,UNG,UNG,StitchedVamana
165,yfcc,or,FilteredVamana,1.0,Post-filter,StitchedVamana,StitchedVamana,UNG,StitchedVamana
165,ytb_audio,and,UNG,1.0,SIEVE,UNG,UNG,UNG,Post-filter
165,ytb_audio,equal,UNG,1.0,UNG,UNG,UNG,UNG,Post-filter
165,ytb_audio,or,StitchedVamana,1.0,Post-filter,UNG,FilteredVamana,UNG,Post-filter
165,ytb_video,and,UNG,1.0,UNG,UNG,UNG,UNG,Post-filter
165,ytb_video,equal,UNG,1.0,UNG,UNG,UNG,UNG,UNG
165,ytb_video,or,UNG,1.0,UNG,UNG,UNG,UNG,Post-filter
166,LAION1M,and,UNG,1.0,UNG,UNG,UNG,UNG,UNG
166,LAION1M,equal,UNG,1.0,UNG,UNG,UNG,UNG,UNG
166,LAION1M,or,UNG,1.0,Post-filter,UNG,UNG,UNG,UNG
166,arxiv,and,UNG,1.0,SIEVE,UNG,UNG,UNG,UNG
166,arxiv,equal,UNG,1.0,UNG,UNG,UNG,UNG,UNG
166,arxiv,or,UNG,1.0,Post-filter,Post-filter,StitchedVamana,Post-filter,UNG
166,tripclick,and,UNG,1.0,UNG,UNG,UNG,UNG,UNG
166,tripclick,equal,UNG,1.0,UNG,UNG,UNG,UNG,UNG
166,tripclick,or,UNG,1.0,Post-filter,UNG,UNG,UNG,UNG
166,yfcc,and,UNG,1.0,SIEVE,UNG,UNG,UNG,StitchedVamana
166,yfcc,equal,UNG,1.0,UNG,UNG,UNG,UNG,StitchedVamana
166,yfcc,or,FilteredVamana,1.0,Post-filter,StitchedVamana,StitchedVamana,UNG,StitchedVamana
166,ytb_audio,and,SIEVE,1.0,SIEVE,UNG,UNG,UNG,Post-filter
166,ytb_audio,equal,UNG,1.0,UNG,UNG,UNG,UNG,Post-filter
166,ytb_audio,or,UNG,1.0,Post-filter,UNG,UNG,UNG,Post-filter
166,ytb_video,and,UNG,1.0,UNG,UNG,UNG,UNG,Post-filter
166,ytb_video,equal,UNG,1.0,UNG,UNG,UNG,UNG,UNG
166,ytb_video,or,Post-filter,1.0,UNG,UNG,UNG,UNG,Post-filter
167,LAION1M,and,UNG,1.0,UNG,UNG,UNG,UNG,UNG
167,LAION1M,equal,UNG,1.0,UNG,UNG,UNG,UNG,UNG
167,LAION1M,or,UNG,1.0,Post-filter,Post-filter,UNG,UNG,UNG
167,arxiv,and,UNG,1.0,SIEVE,UNG,UNG,UNG,UNG
167,arxiv,equal,UNG,1.0,UNG,UNG,UNG,UNG,UNG
167,arxiv,or,UNG,1.0,Post-filter,Post-filter,StitchedVamana,Post-filter,UNG
167,tripclick,and,UNG,1.0,UNG,UNG,UNG,UNG,UNG
167,tripclick,equal,UNG,1.0,UNG,UNG,UNG,UNG,UNG
167,tripclick,or,UNG,1.0,Post-filter,UNG,UNG,UNG,UNG
167,yfcc,and,UNG,1.0,SIEVE,UNG,UNG,UNG,StitchedVamana
167,yfcc,equal,UNG,1.0,UNG,UNG,UNG,UNG,StitchedVamana
167,yfcc,or,FilteredVamana,1.0,Post-filter,FilteredVamana,StitchedVamana,UNG,StitchedVamana
167,ytb_audio,and,SIEVE,1.0,SIEVE,UNG,UNG,UNG,Post-filter
167,ytb_audio,equal,UNG,1.0,UNG,UNG,UNG,UNG,Post-filter
167,ytb_audio,or,UNG,1.0,Post-filter,UNG,UNG,UNG,Post-filter
167,ytb_video,and,UNG,1.0,UNG,UNG,UNG,UNG,Post-filter
167,ytb_video,equal,UNG,1.0,UNG,UNG,UNG,UNG,UNG
167,ytb_video,or,ACORN,1.0,UNG,UNG,UNG,UNG,Post-filter
168,LAION1M,and,UNG,1.0,UNG,UNG,UNG,UNG,UNG
168,LAION1M,equal,UNG,1.0,UNG,UNG,UNG,UNG,UNG
168,LAION1M,or,UNG,1.0,Post-filter,UNG,UNG,UNG,StitchedVamana
168,arxiv,and,UNG,1.0,SIEVE,UNG,UNG,UNG,UNG
168,arxiv,equal,UNG,1.0,UNG,UNG,UNG,UNG,UNG
168,arxiv,or,UNG,1.0,Post-filter,Post-filter,StitchedVamana,UNG,UNG
168,tripclick,and,UNG,1.0,UNG,UNG,UNG,UNG,UNG
168,tripclick,equal,UNG,1.0,UNG,UNG,UNG,UNG,UNG
168,tripclick,or,UNG,1.0,Post-filter,UNG,UNG,UNG,UNG
168,yfcc,and,UNG,1.0,SIEVE,UNG,UNG,UNG,StitchedVamana
168,yfcc,equal,UNG,1.0,UNG,UNG,UNG,UNG,StitchedVamana
168,yfcc,or,FilteredVamana,1.0,Post-filter,FilteredVamana,StitchedVamana,UNG,StitchedVamana
168,ytb_audio,and,UNG,1.0,SIEVE,UNG,UNG,UNG,Post-filter
168,ytb_audio,equal,UNG,1.0,UNG,UNG,UNG,UNG,Post-filter
168,ytb_audio,or,Post-filter,1.0,Post-filter,UNG,UNG,UNG,Post-filter
168,ytb_video,and,UNG,1.0,UNG,UNG,UNG,UNG,Post-filter
168,ytb_video,equal,UNG,1.0,UNG,UNG,UNG,UNG,UNG
168,ytb_video,or,UNG,1.0,UNG,UNG,UNG,UNG,Post-filter
169,LAION1M,and,UNG,1.0,UNG,UNG,UNG,UNG,UNG
169,LAION1M,equal,UNG,1.0,UNG,UNG,UNG,UNG,UNG
169,LAION1M,or,UNG,1.0,Post-filter,Post-filter,UNG,UNG,UNG
169,arxiv,and,UNG,1.0,SIEVE,UNG,UNG,UNG,UNG
169,arxiv,equal,UNG,1.0,UNG,UNG,UNG,UNG,UNG
169,arxiv,or,UNG,1.0,Post-filter,Post-filter,StitchedVamana,FilteredVamana,UNG
169,tripclick,and,UNG,1.0,UNG,UNG,UNG,UNG,UNG
169,tripclick,equal,UNG,1.0,UNG,UNG,UNG,UNG,UNG
169,tripclick,or,UNG,1.0,Post-filter,UNG,UNG,UNG,UNG
169,yfcc,and,ACORN,1.0,SIEVE,UNG,UNG,UNG,StitchedVamana
169,yfcc,equal,UNG,1.0,UNG,UNG,UNG,UNG,StitchedVamana
169,yfcc,or,FilteredVamana,1.0,Post-filter,StitchedVamana,StitchedVamana,UNG,StitchedVamana
169,ytb_audio,and,UNG,1.0,SIEVE,UNG,UNG,UNG,Post-filter
169,ytb_audio,equal,UNG,1.0,UNG,UNG,UNG,UNG,Post-filter
169,ytb_audio,or,UNG,1.0,Post-filter,UNG,UNG,UNG,Post-filter
169,ytb_video,and,UNG,1.0,UNG,UNG,UNG,UNG,Post-filter
169,ytb_video,equal,UNG,1.0,UNG,UNG,UNG,UNG,UNG
169,ytb_video,or,UNG,1.0,UNG,UNG,UNG,UNG,Post-filter
170,LAION1M,and,UNG,1.0,UNG,UNG,UNG,UNG,UNG
170,LAION1M,equal,UNG,1.0,UNG,UNG,UNG,UNG,UNG
170,LAION1M,or,UNG,1.0,Post-filter,UNG,UNG,UNG,UNG
170,arxiv,and,UNG,1.0,SIEVE,UNG,UNG,UNG,UNG
170,arxiv,equal,UNG,1.0,UNG,UNG,UNG,UNG,UNG
170,arxiv,or,FilteredVamana,1.0,Post-filter,Post-filter,StitchedVamana,Post-filter,Post-filter
170,tripclick,and,UNG,1.0,UNG,UNG,UNG,UNG,UNG
170,tripclick,equal,UNG,1.0,UNG,UNG,UNG,UNG,UNG
170,tripclick,or,UNG,1.0,Post-filter,UNG,UNG,UNG,UNG
170,yfcc,and,UNG,1.0,SIEVE,UNG,UNG,UNG,StitchedVamana
170,yfcc,equal,UNG,1.0,UNG,UNG,UNG,UNG,StitchedVamana
170,yfcc,or,FilteredVamana,1.0,Post-filter,FilteredVamana,StitchedVamana,UNG,StitchedVamana
170,ytb_audio,and,UNG,1.0,SIEVE,UNG,UNG,UNG,Post-filter
170,ytb_audio,equal,UNG,1.0,UNG,UNG,UNG,UNG,Post-filter
170,ytb_audio,or,StitchedVamana,1.0,Post-filter,UNG,UNG,UNG,Post-filter
170,ytb_video,and,UNG,1.0,UNG,UNG,UNG,UNG,Post-filter
170,ytb_video,equal,UNG,1.0,UNG,UNG,UNG,UNG,UNG
170,ytb_video,or,StitchedVamana,1.0,UNG,UNG,UNG,UNG,Post-filter
171,LAION1M,and,UNG,1.0,UNG,UNG,UNG,UNG,UNG
171,LAION1M,equal,UNG,1.0,UNG,UNG,UNG,UNG,UNG
171,LAION1M,or,UNG,1.0,Post-filter,UNG,UNG,UNG,StitchedVamana
171,arxiv,and,UNG,1.0,SIEVE,UNG,UNG,UNG,UNG
171,arxiv,equal,UNG,1.0,UNG,UNG,UNG,UNG,UNG
171,arxiv,or,FilteredVamana,1.0,Post-filter,Post-filter,StitchedVamana,Post-filter,UNG
171,tripclick,and,UNG,1.0,UNG,UNG,UNG,UNG,UNG
171,tripclick,equal,UNG,1.0,UNG,UNG,UNG,UNG,UNG
171,tripclick,or,UNG,1.0,Post-filter,UNG,UNG,UNG,UNG
171,yfcc,and,UNG,1.0,SIEVE,UNG,UNG,UNG,StitchedVamana
171,yfcc,equal,UNG,1.0,UNG,UNG,UNG,UNG,StitchedVamana
171,yfcc,or,FilteredVamana,1.0,Post-filter,StitchedVamana,UNG,UNG,StitchedVamana
171,ytb_audio,and,UNG,1.0,SIEVE,UNG,UNG,UNG,Post-filter
171,ytb_audio,equal,UNG,1.0,UNG,UNG,UNG,UNG,Post-filter
171,ytb_audio,or,StitchedVamana,1.0,Post-filter,UNG,FilteredVamana,UNG,Post-filter
171,ytb_video,and,UNG,1.0,UNG,UNG,UNG,UNG,Post-filter
171,ytb_video,equal,UNG,0.9,UNG,UNG,UNG,UNG,UNG
171,ytb_video,or,UNG,1.0,UNG,UNG,UNG,UNG,Post-filter
172,LAION1M,and,UNG,1.0,UNG,Post-filter,UNG,UNG,UNG
172,LAION1M,equal,UNG,1.0,UNG,UNG,UNG,UNG,UNG
172,LAION1M,or,UNG,1.0,Post-filter,UNG,UNG,UNG,UNG
172,arxiv,and,UNG,1.0,SIEVE,UNG,UNG,UNG,UNG
172,arxiv,equal,UNG,1.0,UNG,UNG,UNG,UNG,UNG
172,arxiv,or,UNG,1.0,Post-filter,Post-filter,StitchedVamana,Post-filter,UNG
172,tripclick,and,UNG,1.0,UNG,UNG,UNG,UNG,UNG
172,tripclick,equal,UNG,1.0,UNG,UNG,UNG,UNG,UNG
172,tripclick,or,UNG,1.0,Post-filter,UNG,UNG,UNG,UNG
172,yfcc,and,UNG,1.0,SIEVE,UNG,UNG,UNG,StitchedVamana
172,yfcc,equal,UNG,1.0,UNG,UNG,UNG,UNG,StitchedVamana
172,yfcc,or,FilteredVamana,1.0,Post-filter,StitchedVamana,StitchedVamana,UNG,StitchedVamana
172,ytb_audio,and,SIEVE,1.0,SIEVE,UNG,UNG,UNG,Post-filter
172,ytb_audio,equal,UNG,1.0,UNG,UNG,UNG,UNG,Post-filter
172,ytb_audio,or,SIEVE,1.0,Post-filter,UNG,UNG,UNG,Post-filter
172,ytb_video,and,SIEVE,1.0,UNG,UNG,UNG,UNG,Post-filter
172,ytb_video,equal,UNG,1.0,UNG,UNG,UNG,UNG,UNG
172,ytb_video,or,ACORN,1.0,UNG,UNG,UNG,UNG,Post-filter
173,LAION1M,and,UNG,1.0,UNG,UNG,UNG,UNG,UNG
173,LAION1M,equal,UNG,1.0,UNG,UNG,UNG,UNG,UNG
173,LAION1M,or,UNG,1.0,Post-filter,UNG,UNG,UNG,StitchedVamana
173,arxiv,and,UNG,1.0,SIEVE,UNG,UNG,UNG,UNG
173,arxiv,equal,UNG,1.0,UNG,UNG,UNG,UNG,UNG
173,arxiv,or,FilteredVamana,1.0,Post-filter,Post-filter,StitchedVamana,Post-filter,Post-filter
173,tripclick,and,UNG,1.0,UNG,UNG,UNG,UNG,UNG
173,tripclick,equal,UNG,1.0,UNG,UNG,UNG,UNG,UNG
173,tripclick,or,Post-filter,1.0,Post-filter,UNG,UNG,UNG,UNG
173,yfcc,and,UNG,1.0,SIEVE,UNG,UNG,UNG,StitchedVamana
173,yfcc,equal,UNG,1.0,UNG,UNG,UNG,UNG,StitchedVamana
173,yfcc,or,FilteredVamana,1.0,Post-filter,StitchedVamana,StitchedVamana,UNG,StitchedVamana
173,ytb_audio,and,UNG,1.0,SIEVE,UNG,UNG,UNG,Post-filter
173,ytb_audio,equal,UNG,1.0,UNG,UNG,UNG,UNG,Post-filter
173,ytb_audio,or,StitchedVamana,1.0,Post-filter,UNG,UNG,UNG,Post-filter
173,ytb_video,and,UNG,1.0,UNG,UNG,UNG,UNG,Post-filter
173,ytb_video,equal,UNG,1.0,UNG,UNG,UNG,UNG,UNG
173,ytb_video,or,Post-filter,0.8,UNG,UNG,UNG,UNG,Post-filter
174,LAION1M,and,UNG,1.0,UNG,UNG,UNG,UNG,UNG
174,LAION1M,equal,UNG,1.0,UNG,UNG,UNG,UNG,UNG
174,LAION1M,or,UNG,1.0,Post-filter,UNG,UNG,UNG,StitchedVamana
174,arxiv,and,UNG,1.0,SIEVE,UNG,UNG,UNG,UNG
174,arxiv,equal,UNG,1.0,UNG,UNG,UNG,UNG,UNG
174,arxiv,or,UNG,1.0,Post-filter,Post-filter,StitchedVamana,Post-filter,Post-filter
174,tripclick,and,UNG,1.0,UNG,UNG,UNG,UNG,UNG
174,tripclick,equal,UNG,1.0,UNG,UNG,UNG,UNG,UNG
174,tripclick,or,UNG,1.0,Post-filter,UNG,UNG,UNG,UNG
174,yfcc,and,FilteredVamana,1.0,SIEVE,UNG,UNG,UNG,StitchedVamana
174,yfcc,equal,UNG,1.0,UNG,UNG,UNG,UNG,StitchedVamana
174,yfcc,or,FilteredVamana,1.0,Post-filter,StitchedVamana,StitchedVamana,UNG,StitchedVamana
174,ytb_audio,and,SIEVE,0.9,SIEVE,UNG,UNG,UNG,Post-filter
174,ytb_audio,equal,UNG,1.0,UNG,UNG,UNG,UNG,Post-filter
174,ytb_audio,or,StitchedVamana,1.0,Post-filter,UNG,UNG,UNG,Post-filter
174,ytb_video,and,UNG,1.0,UNG,UNG,UNG,UNG,Post-filter
174,ytb_video,equal,UNG,0.9,UNG,UNG,UNG,UNG,UNG
174,ytb_video,or,UNG,1.0,UNG,UNG,UNG,UNG,Post-filter
175,LAION1M,and,UNG,1.0,UNG,Post-filter,UNG,UNG,UNG
175,LAION1M,equal,UNG,1.0,UNG,UNG,UNG,UNG,UNG
175,LAION1M,or,UNG,1.0,Post-filter,Post-filter,UNG,UNG,UNG
175,arxiv,and,UNG,1.0,SIEVE,UNG,UNG,UNG,UNG
175,arxiv,equal,UNG,1.0,UNG,UNG,UNG,UNG,UNG
175,arxiv,or,FilteredVamana,1.0,Post-filter,Post-filter,StitchedVamana,Post-filter,UNG
175,tripclick,and,UNG,1.0,UNG,UNG,UNG,UNG,UNG
175,tripclick,equal,UNG,1.0,UNG,UNG,UNG,UNG,UNG
175,tripclick,or,UNG,1.0,Post-filter,UNG,UNG,UNG,UNG
175,yfcc,and,ACORN,1.0,SIEVE,UNG,UNG,UNG,StitchedVamana
175,yfcc,equal,UNG,1.0,UNG,UNG,UNG,UNG,StitchedVamana
175,yfcc,or,FilteredVamana,1.0,Post-filter,StitchedVamana,StitchedVamana,UNG,StitchedVamana
175,ytb_audio,and,UNG,1.0,SIEVE,UNG,UNG,UNG,Post-filter
175,ytb_audio,equal,UNG,1.0,UNG,UNG,UNG,UNG,Post-filter
175,ytb_audio,or,StitchedVamana,1.0,Post-filter,UNG,FilteredVamana,UNG,Post-filter
175,ytb_video,and,UNG,1.0,UNG,UNG,UNG,UNG,Post-filter
175,ytb_video,equal,UNG,1.0,UNG,UNG,UNG,UNG,UNG
175,ytb_video,or,UNG,1.0,UNG,UNG,UNG,UNG,Post-filter
176,LAION1M,and,UNG,1.0,UNG,UNG,UNG,UNG,UNG
176,LAION1M,equal,UNG,1.0,UNG,UNG,UNG,UNG,UNG
176,LAION1M,or,UNG,1.0,Post-filter,UNG,UNG,UNG,StitchedVamana
176,arxiv,and,UNG,1.0,SIEVE,UNG,UNG,UNG,UNG
176,arxiv,equal,UNG,1.0,UNG,UNG,UNG,UNG,UNG
176,arxiv,or,UNG,1.0,Post-filter,Post-filter,UNG,Post-filter,UNG
176,tripclick,and,UNG,1.0,UNG,UNG,UNG,UNG,UNG
176,tripclick,equal,UNG,1.0,UNG,UNG,UNG,UNG,UNG
176,tripclick,or,UNG,1.0,Post-filter,UNG,UNG,UNG,UNG
176,yfcc,and,Post-filter,1.0,SIEVE,UNG,UNG,UNG,StitchedVamana
176,yfcc,equal,UNG,1.0,UNG,UNG,UNG,UNG,StitchedVamana
176,yfcc,or,FilteredVamana,1.0,Post-filter,StitchedVamana,StitchedVamana,UNG,StitchedVamana
176,ytb_audio,and,UNG,1.0,SIEVE,UNG,UNG,UNG,Post-filter
176,ytb_audio,equal,UNG,1.0,UNG,UNG,UNG,UNG,Post-filter
176,ytb_audio,or,StitchedVamana,1.0,Post-filter,UNG,FilteredVamana,UNG,Post-filter
176,ytb_video,and,UNG,1.0,UNG,UNG,UNG,UNG,Post-filter
176,ytb_video,equal,UNG,1.0,UNG,UNG,UNG,UNG,UNG
176,ytb_video,or,StitchedVamana,1.0,UNG,UNG,UNG,UNG,Post-filter
177,LAION1M,and,UNG,1.0,UNG,UNG,UNG,UNG,UNG
177,LAION1M,equal,UNG,1.0,UNG,UNG,UNG,UNG,UNG
177,LAION1M,or,UNG,1.0,Post-filter,UNG,UNG,UNG,StitchedVamana
177,arxiv,and,UNG,1.0,SIEVE,UNG,UNG,UNG,UNG
177,arxiv,equal,UNG,1.0,UNG,UNG,UNG,UNG,UNG
177,arxiv,or,UNG,1.0,Post-filter,Post-filter,StitchedVamana,Post-filter,UNG
177,tripclick,and,UNG,1.0,UNG,UNG,UNG,UNG,UNG
177,tripclick,equal,UNG,1.0,UNG,UNG,UNG,UNG,UNG
177,tripclick,or,UNG,1.0,Post-filter,UNG,UNG,UNG,UNG
177,yfcc,and,UNG,1.0,SIEVE,UNG,UNG,UNG,StitchedVamana
177,yfcc,equal,UNG,1.0,UNG,UNG,UNG,UNG,StitchedVamana
177,yfcc,or,FilteredVamana,1.0,Post-filter,FilteredVamana,StitchedVamana,UNG,StitchedVamana
177,ytb_audio,and,UNG,1.0,SIEVE,UNG,UNG,UNG,Post-filter
177,ytb_audio,equal,UNG,1.0,UNG,UNG,UNG,UNG,Post-filter
177,ytb_audio,or,StitchedVamana,1.0,Post-filter,UNG,UNG,UNG,Post-filter
177,ytb_video,and,Post-filter,1.0,UNG,UNG,UNG,UNG,Post-filter
177,ytb_video,equal,UNG,1.0,UNG,UNG,UNG,UNG,UNG
177,ytb_video,or,UNG,1.0,UNG,UNG,UNG,UNG,Post-filter
178,LAION1M,and,UNG,1.0,UNG,UNG,UNG,UNG,UNG
178,LAION1M,equal,UNG,1.0,UNG,UNG,UNG,UNG,UNG
178,LAION1M,or,UNG,1.0,Post-filter,Post-filter,UNG,FilteredVamana,StitchedVamana
178,arxiv,and,UNG,1.0,SIEVE,UNG,UNG,UNG,UNG
178,arxiv,equal,UNG,1.0,UNG,UNG,UNG,UNG,UNG
178,arxiv,or,UNG,1.0,Post-filter,Post-filter,StitchedVamana,UNG,UNG
178,tripclick,and,UNG,1.0,UNG,UNG,UNG,UNG,UNG
178,tripclick,equal,UNG,1.0,UNG,UNG,UNG,UNG,UNG
178,tripclick,or,UNG,1.0,Post-filter,UNG,UNG,UNG,UNG
178,yfcc,and,UNG,1.0,SIEVE,UNG,UNG,UNG,StitchedVamana
178,yfcc,equal,UNG,1.0,UNG,UNG,UNG,UNG,StitchedVamana
178,yfcc,or,FilteredVamana,1.0,Post-filter,StitchedVamana,StitchedVamana,UNG,StitchedVamana
178,ytb_audio,and,UNG,1.0,SIEVE,UNG,UNG,UNG,Post-filter
178,ytb_audio,equal,UNG,1.0,UNG,UNG,UNG,UNG,Post-filter
178,ytb_audio,or,StitchedVamana,1.0,Post-filter,UNG,FilteredVamana,UNG,Post-filter
178,ytb_video,and,UNG,1.0,UNG,UNG,UNG,UNG,Post-filter
178,ytb_video,equal,UNG,1.0,UNG,UNG,UNG,UNG,UNG
178,ytb_video,or,Post-filter,1.0,UNG,UNG,UNG,UNG,Post-filter
179,LAION1M,and,UNG,1.0,UNG,UNG,UNG,UNG,UNG
179,LAION1M,equal,UNG,1.0,UNG,UNG,UNG,UNG,UNG
179,LAION1M,or,UNG,1.0,Post-filter,Post-filter,UNG,UNG,UNG
179,arxiv,and,UNG,1.0,SIEVE,Post-filter,UNG,UNG,UNG
179,arxiv,equal,UNG,1.0,UNG,UNG,UNG,UNG,UNG
179,arxiv,or,UNG,1.0,Post-filter,Post-filter,StitchedVamana,Post-filter,UNG
179,tripclick,and,UNG,1.0,UNG,UNG,UNG,UNG,UNG
179,tripclick,equal,UNG,1.0,UNG,UNG,UNG,UNG,UNG
179,tripclick,or,UNG,1.0,Post-filter,UNG,UNG,UNG,UNG
179,yfcc,and,UNG,1.0,SIEVE,UNG,UNG,UNG,StitchedVamana
179,yfcc,equal,UNG,1.0,UNG,UNG,UNG,UNG,StitchedVamana
179,yfcc,or,FilteredVamana,1.0,Post-filter,StitchedVamana,StitchedVamana,UNG,StitchedVamana
179,ytb_audio,and,SIEVE,1.0,SIEVE,UNG,UNG,UNG,Post-filter
179,ytb_audio,equal,UNG,0.2,UNG,UNG,UNG,UNG,Post-filter
179,ytb_audio,or,UNG,1.0,Post-filter,UNG,UNG,UNG,Post-filter
179,ytb_video,and,UNG,1.0,UNG,UNG,UNG,UNG,Post-filter
179,ytb_video,equal,UNG,1.0,UNG,UNG,UNG,UNG,UNG
179,ytb_video,or,StitchedVamana,1.0,UNG,UNG,UNG,UNG,Post-filter
180,LAION1M,and,UNG,1.0,UNG,Post-filter,UNG,UNG,UNG
180,LAION1M,equal,UNG,1.0,UNG,UNG,UNG,UNG,UNG
180,LAION1M,or,UNG,1.0,Post-filter,Post-filter,UNG,FilteredVamana,StitchedVamana
180,arxiv,and,UNG,1.0,SIEVE,UNG,UNG,UNG,UNG
180,arxiv,equal,UNG,1.0,UNG,UNG,UNG,UNG,UNG
180,arxiv,or,UNG,1.0,Post-filter,UNG,UNG,Post-filter,UNG
180,tripclick,and,UNG,1.0,UNG,UNG,UNG,UNG,UNG
180,tripclick,equal,UNG,1.0,UNG,UNG,UNG,UNG,UNG
180,tripclick,or,UNG,1.0,Post-filter,UNG,UNG,UNG,UNG
180,yfcc,and,FilteredVamana,1.0,SIEVE,UNG,UNG,UNG,StitchedVamana
180,yfcc,equal,UNG,1.0,UNG,UNG,UNG,UNG,StitchedVamana
180,yfcc,or,FilteredVamana,1.0,Post-filter,StitchedVamana,StitchedVamana,UNG,StitchedVamana
180,ytb_audio,and,UNG,1.0,SIEVE,UNG,UNG,UNG,Post-filter
180,ytb_audio,equal,UNG,1.0,UNG,UNG,UNG,UNG,Post-filter
180,ytb_audio,or,StitchedVamana,1.0,Post-filter,UNG,FilteredVamana,UNG,Post-filter
180,ytb_video,and,SIEVE,1.0,UNG,UNG,UNG,UNG,Post-filter
180,ytb_video,equal,UNG,1.0,UNG,UNG,UNG,UNG,UNG
180,ytb_video,or,StitchedVamana,1.0,UNG,UNG,UNG,UNG,Post-filter
181,LAION1M,and,UNG,1.0,UNG,UNG,UNG,UNG,UNG
181,LAION1M,equal,UNG,1.0,UNG,UNG,UNG,UNG,UNG
181,LAION1M,or,UNG,1.0,Post-filter,UNG,UNG,UNG,UNG
181,arxiv,and,UNG,1.0,SIEVE,UNG,UNG,UNG,UNG
181,arxiv,equal,UNG,1.0,UNG,UNG,UNG,UNG,UNG
181,arxiv,or,UNG,1.0,Post-filter,UNG,StitchedVamana,UNG,UNG
181,tripclick,and,UNG,1.0,UNG,UNG,UNG,UNG,UNG
181,tripclick,equal,UNG,1.0,UNG,UNG,UNG,UNG,UNG
181,tripclick,or,Post-filter,1.0,Post-filter,UNG,UNG,UNG,UNG
181,yfcc,and,UNG,1.0,SIEVE,UNG,UNG,UNG,StitchedVamana
181,yfcc,equal,UNG,1.0,UNG,UNG,UNG,UNG,StitchedVamana
181,yfcc,or,FilteredVamana,1.0,Post-filter,StitchedVamana,StitchedVamana,UNG,StitchedVamana
181,ytb_audio,and,UNG,1.0,SIEVE,UNG,UNG,UNG,Post-filter
181,ytb_audio,equal,UNG,1.0,UNG,UNG,UNG,UNG,Post-filter
181,ytb_audio,or,StitchedVamana,1.0,Post-filter,UNG,FilteredVamana,UNG,Post-filter
181,ytb_video,and,UNG,1.0,UNG,UNG,UNG,UNG,Post-filter
181,ytb_video,equal,UNG,1.0,UNG,UNG,UNG,UNG,UNG
181,ytb_video,or,UNG,1.0,UNG,UNG,UNG,UNG,Post-filter
182,LAION1M,and,UNG,1.0,UNG,UNG,UNG,UNG,UNG
182,LAION1M,equal,UNG,1.0,UNG,UNG,UNG,UNG,UNG
182,LAION1M,or,UNG,1.0,Post-filter,Post-filter,UNG,UNG,UNG
182,arxiv,and,UNG,1.0,SIEVE,UNG,UNG,UNG,UNG
182,arxiv,equal,UNG,1.0,UNG,UNG,UNG,UNG,UNG
182,arxiv,or,UNG,1.0,Post-filter,UNG,UNG,Post-filter,UNG
182,tripclick,and,UNG,1.0,UNG,UNG,UNG,UNG,UNG
182,tripclick,equal,UNG,1.0,UNG,UNG,UNG,UNG,UNG
182,tripclick,or,Post-filter,1.0,Post-filter,UNG,UNG,UNG,UNG
182,yfcc,and,FilteredVamana,1.0,SIEVE,UNG,UNG,UNG,StitchedVamana
182,yfcc,equal,UNG,1.0,UNG,UNG,UNG,UNG,StitchedVamana
182,yfcc,or,FilteredVamana,1.0,Post-filter,StitchedVamana,UNG,UNG,StitchedVamana
182,ytb_audio,and,UNG,1.0,SIEVE,UNG,UNG,UNG,Post-filter
182,ytb_audio,equal,UNG,1.0,UNG,UNG,UNG,UNG,Post-filter
182,ytb_audio,or,StitchedVamana,1.0,Post-filter,UNG,FilteredVamana,UNG,Post-filter
182,ytb_video,and,SIEVE,1.0,UNG,UNG,UNG,UNG,Post-filter
182,ytb_video,equal,UNG,1.0,UNG,UNG,UNG,UNG,UNG
182,ytb_video,or,StitchedVamana,1.0,UNG,UNG,UNG,UNG,Post-filter
183,LAION1M,and,UNG,1.0,UNG,UNG,UNG,UNG,UNG
183,LAION1M,equal,UNG,1.0,UNG,UNG,UNG,UNG,UNG
183,LAION1M,or,Post-filter,1.0,Post-filter,UNG,UNG,UNG,UNG
183,arxiv,and,UNG,1.0,SIEVE,UNG,UNG,UNG,UNG
183,arxiv,equal,UNG,1.0,UNG,UNG,UNG,UNG,UNG
183,arxiv,or,UNG,1.0,Post-filter,Post-filter,UNG,Post-filter,UNG
183,tripclick,and,UNG,1.0,UNG,UNG,UNG,UNG,UNG
183,tripclick,equal,UNG,1.0,UNG,UNG,UNG,UNG,UNG
183,tripclick,or,UNG,1.0,Post-filter,UNG,UNG,UNG,UNG
183,yfcc,and,UNG,1.0,SIEVE,UNG,UNG,UNG,StitchedVamana
183,yfcc,equal,UNG,1.0,UNG,UNG,UNG,UNG,StitchedVamana
183,yfcc,or,FilteredVamana,1.0,Post-filter,StitchedVamana,StitchedVamana,UNG,StitchedVamana
183,ytb_audio,and,UNG,1.0,SIEVE,UNG,UNG,UNG,Post-filter
183,ytb_audio,equal,UNG,1.0,UNG,UNG,UNG,UNG,Post-filter
183,ytb_audio,or,StitchedVamana,1.0,Post-filter,UNG,UNG,UNG,Post-filter
183,ytb_video,and,UNG,0.4,UNG,UNG,UNG,UNG,Post-filter
183,ytb_video,equal,UNG,1.0,UNG,UNG,UNG,UNG,UNG
183,ytb_video,or,UNG,1.0,UNG,UNG,UNG,UNG,Post-filter
184,LAION1M,and,UNG,1.0,UNG,Post-filter,UNG,UNG,UNG
184,LAION1M,equal,UNG,1.0,UNG,UNG,UNG,UNG,UNG
184,LAION1M,or,UNG,1.0,Post-filter,Post-filter,UNG,UNG,UNG
184,arxiv,and,FilteredVamana,1.0,SIEVE,UNG,UNG,UNG,UNG
184,arxiv,equal,UNG,1.0,UNG,UNG,UNG,UNG,UNG
184,arxiv,or,UNG,1.0,Post-filter,Post-filter,StitchedVamana,Post-filter,UNG
184,tripclick,and,UNG,1.0,UNG,UNG,UNG,UNG,UNG
184,tripclick,equal,UNG,1.0,UNG,UNG,UNG,UNG,UNG
184,tripclick,or,UNG,1.0,Post-filter,UNG,UNG,UNG,UNG
184,yfcc,and,UNG,1.0,SIEVE,UNG,UNG,UNG,StitchedVamana
184,yfcc,equal,UNG,1.0,UNG,UNG,UNG,UNG,StitchedVamana
184,yfcc,or,FilteredVamana,1.0,Post-filter,StitchedVamana,StitchedVamana,UNG,StitchedVamana
184,ytb_audio,and,UNG,1.0,SIEVE,UNG,UNG,UNG,Post-filter
184,ytb_audio,equal,UNG,1.0,UNG,UNG,UNG,UNG,Post-filter
184,ytb_audio,or,UNG,1.0,Post-filter,UNG,FilteredVamana,UNG,Post-filter
184,ytb_video,and,UNG,0.9,UNG,UNG,UNG,UNG,Post-filter
184,ytb_video,equal,UNG,1.0,UNG,UNG,UNG,UNG,UNG
184,ytb_video,or,UNG,1.0,UNG,UNG,UNG,UNG,Post-filter
185,LAION1M,and,UNG,1.0,UNG,UNG,UNG,UNG,UNG
185,LAION1M,equal,UNG,1.0,UNG,UNG,UNG,UNG,UNG
185,LAION1M,or,UNG,1.0,Post-filter,Post-filter,UNG,UNG,UNG
185,arxiv,and,UNG,1.0,SIEVE,UNG,UNG,UNG,UNG
185,arxiv,equal,UNG,1.0,UNG,UNG,UNG,UNG,UNG
185,arxiv,or,UNG,1.0,Post-filter,Post-filter,StitchedVamana,Post-filter,UNG
185,tripclick,and,UNG,1.0,UNG,UNG,UNG,UNG,UNG
185,tripclick,equal,UNG,1.0,UNG,UNG,UNG,UNG,UNG
185,tripclick,or,UNG,1.0,Post-filter,UNG,UNG,UNG,UNG
185,yfcc,and,UNG,1.0,SIEVE,UNG,UNG,UNG,StitchedVamana
185,yfcc,equal,UNG,1.0,UNG,UNG,UNG,UNG,StitchedVamana
185,yfcc,or,FilteredVamana,1.0,Post-filter,StitchedVamana,StitchedVamana,UNG,StitchedVamana
185,ytb_audio,and,SIEVE,1.0,SIEVE,UNG,UNG,UNG,Post-filter
185,ytb_audio,equal,UNG,1.0,UNG,UNG,UNG,UNG,Post-filter
185,ytb_audio,or,StitchedVamana,1.0,Post-filter,UNG,FilteredVamana,UNG,Post-filter
185,ytb_video,and,UNG,1.0,UNG,UNG,UNG,UNG,Post-filter
185,ytb_video,equal,UNG,1.0,UNG,UNG,UNG,UNG,UNG
185,ytb_video,or,StitchedVamana,0.9,UNG,UNG,UNG,UNG,Post-filter
186,LAION1M,and,UNG,1.0,UNG,UNG,UNG,UNG,UNG
186,LAION1M,equal,UNG,1.0,UNG,UNG,UNG,UNG,UNG
186,LAION1M,or,UNG,1.0,Post-filter,UNG,UNG,UNG,StitchedVamana
186,arxiv,and,UNG,1.0,SIEVE,UNG,UNG,UNG,UNG
186,arxiv,equal,UNG,1.0,UNG,UNG,UNG,UNG,UNG
186,arxiv,or,UNG,1.0,Post-filter,Post-filter,StitchedVamana,Post-filter,Post-filter
186,tripclick,and,UNG,1.0,UNG,UNG,UNG,UNG,UNG
186,tripclick,equal,UNG,1.0,UNG,UNG,UNG,UNG,UNG
186,tripclick,or,UNG,1.0,Post-filter,UNG,UNG,UNG,UNG
186,yfcc,and,FilteredVamana,1.0,SIEVE,UNG,UNG,UNG,StitchedVamana
186,yfcc,equal,UNG,1.0,UNG,UNG,UNG,UNG,StitchedVamana
186,yfcc,or,FilteredVamana,1.0,Post-filter,StitchedVamana,StitchedVamana,UNG,StitchedVamana
186,ytb_audio,and,SIEVE,1.0,SIEVE,UNG,UNG,UNG,Post-filter
186,ytb_audio,equal,UNG,1.0,UNG,UNG,UNG,UNG,Post-filter
186,ytb_audio,or,StitchedVamana,1.0,Post-filter,UNG,FilteredVamana,UNG,Post-filter
186,ytb_video,and,UNG,1.0,UNG,UNG,UNG,UNG,Post-filter
186,ytb_video,equal,UNG,1.0,UNG,UNG,UNG,UNG,UNG
186,ytb_video,or,StitchedVamana,1.0,UNG,UNG,UNG,UNG,Post-filter
187,LAION1M,and,UNG,1.0,UNG,Post-filter,UNG,UNG,UNG
187,LAION1M,equal,UNG,1.0,UNG,UNG,UNG,UNG,UNG
187,LAION1M,or,UNG,1.0,Post-filter,UNG,UNG,UNG,StitchedVamana
187,arxiv,and,UNG,1.0,SIEVE,UNG,UNG,UNG,UNG
187,arxiv,equal,UNG,1.0,UNG,UNG,UNG,UNG,UNG
187,arxiv,or,UNG,1.0,Post-filter,Post-filter,StitchedVamana,Post-filter,UNG
187,tripclick,and,UNG,1.0,UNG,UNG,UNG,UNG,UNG
187,tripclick,equal,UNG,1.0,UNG,UNG,UNG,UNG,UNG
187,tripclick,or,UNG,1.0,Post-filter,UNG,UNG,UNG,UNG
187,yfcc,and,UNG,1.0,SIEVE,UNG,UNG,UNG,StitchedVamana
187,yfcc,equal,UNG,1.0,UNG,UNG,UNG,UNG,StitchedVamana
187,yfcc,or,FilteredVamana,1.0,Post-filter,StitchedVamana,StitchedVamana,UNG,StitchedVamana
187,ytb_audio,and,UNG,1.0,SIEVE,UNG,UNG,UNG,Post-filter
187,ytb_audio,equal,UNG,1.0,UNG,UNG,UNG,UNG,Post-filter
187,ytb_audio,or,StitchedVamana,1.0,Post-filter,UNG,FilteredVamana,UNG,Post-filter
187,ytb_video,and,Post-filter,0.8,UNG,UNG,UNG,UNG,Post-filter
187,ytb_video,equal,UNG,1.0,UNG,UNG,UNG,UNG,UNG
187,ytb_video,or,StitchedVamana,1.0,UNG,UNG,UNG,UNG,Post-filter
188,LAION1M,and,UNG,1.0,UNG,UNG,UNG,UNG,UNG
188,LAION1M,equal,UNG,1.0,UNG,UNG,UNG,UNG,UNG
188,LAION1M,or,UNG,1.0,Post-filter,Post-filter,UNG,UNG,UNG
188,arxiv,and,UNG,1.0,SIEVE,UNG,UNG,UNG,UNG
188,arxiv,equal,UNG,1.0,UNG,UNG,UNG,UNG,UNG
188,arxiv,or,FilteredVamana,1.0,Post-filter,Post-filter,StitchedVamana,Post-filter,UNG
188,tripclick,and,Post-filter,1.0,UNG,UNG,UNG,UNG,UNG
188,tripclick,equal,UNG,1.0,UNG,UNG,UNG,UNG,UNG
188,tripclick,or,UNG,1.0,Post-filter,UNG,UNG,UNG,UNG
188,yfcc,and,UNG,1.0,SIEVE,UNG,UNG,UNG,StitchedVamana
188,yfcc,equal,UNG,1.0,UNG,UNG,UNG,UNG,StitchedVamana
188,yfcc,or,FilteredVamana,1.0,Post-filter,StitchedVamana,StitchedVamana,UNG,StitchedVamana
188,ytb_audio,and,UNG,1.0,SIEVE,UNG,UNG,UNG,Post-filter
188,ytb_audio,equal,UNG,1.0,UNG,UNG,UNG,UNG,Post-filter
188,ytb_audio,or,StitchedVamana,1.0,Post-filter,UNG,FilteredVamana,UNG,Post-filter
188,ytb_video,and,UNG,1.0,UNG,UNG,UNG,UNG,Post-filter
188,ytb_video,equal,UNG,1.0,UNG,UNG,UNG,UNG,UNG
188,ytb_video,or,UNG,1.0,UNG,UNG,UNG,UNG,Post-filter
189,LAION1M,and,UNG,1.0,UNG,Post-filter,UNG,UNG,UNG
189,LAION1M,equal,UNG,1.0,UNG,UNG,UNG,UNG,UNG
189,LAION1M,or,UNG,1.0,Post-filter,Post-filter,UNG,UNG,UNG
189,arxiv,and,UNG,1.0,SIEVE,UNG,UNG,UNG,UNG
189,arxiv,equal,UNG,1.0,UNG,UNG,UNG,UNG,UNG
189,arxiv,or,FilteredVamana,1.0,Post-filter,Post-filter,StitchedVamana,Post-filter,UNG
189,tripclick,and,UNG,1.0,UNG,UNG,UNG,UNG,UNG
189,tripclick,equal,UNG,1.0,UNG,UNG,UNG,UNG,UNG
189,tripclick,or,UNG,1.0,Post-filter,UNG,UNG,UNG,UNG
189,yfcc,and,Post-filter,1.0,SIEVE,UNG,UNG,UNG,StitchedVamana
189,yfcc,equal,UNG,1.0,UNG,UNG,UNG,UNG,StitchedVamana
189,yfcc,or,FilteredVamana,1.0,Post-filter,StitchedVamana,StitchedVamana,UNG,StitchedVamana
189,ytb_audio,and,SIEVE,1.0,SIEVE,UNG,UNG,UNG,Post-filter
189,ytb_audio,equal,UNG,1.0,UNG,UNG,UNG,UNG,Post-filter
189,ytb_audio,or,StitchedVamana,1.0,Post-filter,UNG,FilteredVamana,UNG,Post-filter
189,ytb_video,and,UNG,0.7,UNG,UNG,UNG,UNG,Post-filter
189,ytb_video,equal,UNG,1.0,UNG,UNG,UNG,UNG,UNG
189,ytb_video,or,UNG,0.9,UNG,UNG,UNG,UNG,Post-filter
190,LAION1M,and,UNG,1.0,UNG,Post-filter,UNG,UNG,UNG
190,LAION1M,equal,UNG,1.0,UNG,UNG,UNG,UNG,UNG
190,LAION1M,or,UNG,1.0,Post-filter,Post-filter,UNG,FilteredVamana,StitchedVamana
190,arxiv,and,UNG,1.0,SIEVE,UNG,UNG,UNG,UNG
190,arxiv,equal,UNG,1.0,UNG,UNG,UNG,UNG,UNG
190,arxiv,or,UNG,1.0,Post-filter,StitchedVamana,StitchedVamana,Post-filter,UNG
190,tripclick,and,UNG,1.0,UNG,UNG,UNG,UNG,UNG
190,tripclick,equal,UNG,1.0,UNG,UNG,UNG,UNG,UNG
190,tripclick,or,UNG,1.0,Post-filter,UNG,UNG,UNG,UNG
190,yfcc,and,UNG,1.0,SIEVE,UNG,UNG,UNG,StitchedVamana
190,yfcc,equal,UNG,1.0,UNG,UNG,UNG,UNG,StitchedVamana
190,yfcc,or,FilteredVamana,1.0,Post-filter,StitchedVamana,StitchedVamana,UNG,StitchedVamana
190,ytb_audio,and,SIEVE,1.0,SIEVE,UNG,UNG,UNG,Post-filter
190,ytb_audio,equal,UNG,1.0,UNG,UNG,UNG,UNG,Post-filter
190,ytb_audio,or,StitchedVamana,1.0,Post-filter,UNG,FilteredVamana,UNG,Post-filter
190,ytb_video,and,SIEVE,1.0,UNG,UNG,UNG,UNG,Post-filter
190,ytb_video,equal,UNG,1.0,UNG,UNG,UNG,UNG,UNG
190,ytb_video,or,UNG,1.0,UNG,UNG,UNG,UNG,Post-filter
191,LAION1M,and,UNG,1.0,UNG,UNG,UNG,UNG,UNG
191,LAION1M,equal,UNG,1.0,UNG,UNG,UNG,UNG,UNG
191,LAION1M,or,UNG,1.0,Post-filter,UNG,UNG,UNG,StitchedVamana
191,arxiv,and,UNG,1.0,SIEVE,UNG,UNG,UNG,UNG
191,arxiv,equal,UNG,1.0,UNG,UNG,UNG,UNG,UNG
191,arxiv,or,UNG,1.0,Post-filter,Post-filter,StitchedVamana,Post-filter,Post-filter
191,tripclick,and,UNG,1.0,UNG,UNG,UNG,UNG,UNG
191,tripclick,equal,UNG,1.0,UNG,UNG,UNG,UNG,UNG
191,tripclick,or,Post-filter,1.0,Post-filter,UNG,UNG,UNG,UNG
191,yfcc,and,UNG,1.0,SIEVE,UNG,UNG,UNG,StitchedVamana
191,yfcc,equal,UNG,1.0,UNG,UNG,UNG,UNG,StitchedVamana
191,yfcc,or,FilteredVamana,1.0,Post-filter,StitchedVamana,StitchedVamana,UNG,StitchedVamana
191,ytb_audio,and,UNG,1.0,SIEVE,UNG,UNG,UNG,Post-filter
191,ytb_audio,equal,UNG,1.0,UNG,UNG,UNG,UNG,Post-filter
191,ytb_audio,or,StitchedVamana,1.0,Post-filter,UNG,FilteredVamana,UNG,Post-filter
191,ytb_video,and,SIEVE,1.0,UNG,UNG,UNG,UNG,Post-filter
191,ytb_video,equal,UNG,1.0,UNG,UNG,UNG,UNG,UNG
191,ytb_video,or,UNG,1.0,UNG,UNG,UNG,UNG,Post-filter
192,LAION1M,and,UNG,1.0,UNG,UNG,UNG,UNG,UNG
192,LAION1M,equal,UNG,1.0,UNG,UNG,UNG,UNG,UNG
192,LAION1M,or,UNG,1.0,Post-filter,UNG,UNG,UNG,UNG
192,arxiv,and,UNG,1.0,SIEVE,UNG,UNG,UNG,UNG
192,arxiv,equal,UNG,1.0,UNG,UNG,UNG,UNG,UNG
192,arxiv,or,UNG,1.0,Post-filter,Post-filter,StitchedVamana,UNG,UNG
192,tripclick,and,UNG,1.0,UNG,UNG,UNG,UNG,UNG
192,tripclick,equal,UNG,1.0,UNG,UNG,UNG,UNG,UNG
192,tripclick,or,UNG,1.0,Post-filter,UNG,UNG,UNG,UNG
192,yfcc,and,UNG,1.0,SIEVE,UNG,UNG,UNG,StitchedVamana
192,yfcc,equal,UNG,1.0,UNG,UNG,UNG,UNG,StitchedVamana
192,yfcc,or,FilteredVamana,1.0,Post-filter,StitchedVamana,StitchedVamana,UNG,StitchedVamana
192,ytb_audio,and,UNG,1.0,SIEVE,UNG,UNG,UNG,Post-filter
192,ytb_audio,equal,UNG,1.0,UNG,UNG,UNG,UNG,Post-filter
192,ytb_audio,or,StitchedVamana,1.0,Post-filter,UNG,FilteredVamana,UNG,Post-filter
192,ytb_video,and,Post-filter,1.0,UNG,UNG,UNG,UNG,Post-filter
192,ytb_video,equal,UNG,1.0,UNG,UNG,UNG,UNG,UNG
192,ytb_video,or,ACORN,0.5,UNG,UNG,UNG,UNG,Post-filter
193,LAION1M,and,UNG,1.0,UNG,UNG,UNG,UNG,UNG
193,LAION1M,equal,UNG,1.0,UNG,UNG,UNG,UNG,UNG
193,LAION1M,or,UNG,1.0,Post-filter,Post-filter,UNG,UNG,UNG
193,arxiv,and,UNG,1.0,SIEVE,UNG,UNG,UNG,UNG
193,arxiv,equal,UNG,1.0,UNG,UNG,UNG,UNG,UNG
193,arxiv,or,FilteredVamana,1.0,Post-filter,Post-filter,StitchedVamana,Post-filter,UNG
193,tripclick,and,Post-filter,1.0,UNG,UNG,UNG,UNG,UNG
193,tripclick,equal,UNG,1.0,UNG,UNG,UNG,UNG,UNG
193,tripclick,or,UNG,1.0,Post-filter,UNG,UNG,UNG,UNG
193,yfcc,and,UNG,1.0,SIEVE,UNG,UNG,UNG,StitchedVamana
193,yfcc,equal,UNG,1.0,UNG,UNG,UNG,UNG,StitchedVamana
193,yfcc,or,FilteredVamana,1.0,Post-filter,StitchedVamana,StitchedVamana,UNG,StitchedVamana
193,ytb_audio,and,UNG,1.0,SIEVE,UNG,UNG,UNG,Post-filter
193,ytb_audio,equal,UNG,1.0,UNG,UNG,UNG,UNG,Post-filter
193,ytb_audio,or,Post-filter,1.0,Post-filter,UNG,UNG,UNG,Post-filter
193,ytb_video,and,UNG,0.9,UNG,UNG,UNG,UNG,Post-filter
193,ytb_video,equal,UNG,1.0,UNG,UNG,UNG,UNG,UNG
193,ytb_video,or,StitchedVamana,1.0,UNG,UNG,UNG,UNG,Post-filter
194,LAION1M,and,UNG,1.0,UNG,UNG,UNG,UNG,UNG
194,LAION1M,equal,UNG,1.0,UNG,UNG,UNG,UNG,UNG
194,LAION1M,or,UNG,1.0,Post-filter,Post-filter,UNG,UNG,UNG
194,arxiv,and,UNG,1.0,SIEVE,UNG,UNG,UNG,UNG
194,arxiv,equal,UNG,1.0,UNG,UNG,UNG,UNG,UNG
194,arxiv,or,FilteredVamana,1.0,Post-filter,Post-filter,StitchedVamana,Post-filter,Post-filter
194,tripclick,and,UNG,1.0,UNG,UNG,UNG,UNG,UNG
194,tripclick,equal,UNG,1.0,UNG,UNG,UNG,UNG,UNG
194,tripclick,or,UNG,1.0,Post-filter,UNG,UNG,UNG,UNG
194,yfcc,and,FilteredVamana,1.0,SIEVE,UNG,UNG,UNG,StitchedVamana
194,yfcc,equal,UNG,1.0,UNG,UNG,UNG,UNG,StitchedVamana
194,yfcc,or,FilteredVamana,1.0,Post-filter,StitchedVamana,StitchedVamana,UNG,StitchedVamana
194,ytb_audio,and,UNG,1.0,SIEVE,UNG,UNG,UNG,Post-filter
194,ytb_audio,equal,UNG,1.0,UNG,UNG,UNG,UNG,Post-filter
194,ytb_audio,or,Post-filter,1.0,Post-filter,UNG,UNG,UNG,Post-filter
194,ytb_video,and,UNG,0.9,UNG,UNG,UNG,UNG,Post-filter
194,ytb_video,equal,UNG,1.0,UNG,UNG,UNG,UNG,UNG
194,ytb_video,or,StitchedVamana,0.9,UNG,UNG,UNG,UNG,Post-filter
195,LAION1M,and,UNG,1.0,UNG,Post-filter,UNG,UNG,UNG
195,LAION1M,equal,UNG,1.0,UNG,UNG,UNG,UNG,UNG
195,LAION1M,or,UNG,1.0,Post-filter,Post-filter,UNG,FilteredVamana,StitchedVamana
195,arxiv,and,FilteredVamana,1.0,SIEVE,UNG,UNG,UNG,UNG
195,arxiv,equal,UNG,1.0,UNG,UNG,UNG,UNG,UNG
195,arxiv,or,UNG,1.0,Post-filter,UNG,UNG,UNG,UNG
195,tripclick,and,UNG,1.0,UNG,UNG,UNG,UNG,UNG
195,tripclick,equal,UNG,1.0,UNG,UNG,UNG,UNG,UNG
195,tripclick,or,UNG,1.0,Post-filter,UNG,UNG,UNG,UNG
195,yfcc,and,FilteredVamana,1.0,SIEVE,UNG,UNG,UNG,StitchedVamana
195,yfcc,equal,UNG,1.0,UNG,UNG,UNG,UNG,StitchedVamana
195,yfcc,or,FilteredVamana,1.0,Post-filter,StitchedVamana,StitchedVamana,UNG,StitchedVamana
195,ytb_audio,and,SIEVE,1.0,SIEVE,UNG,UNG,UNG,Post-filter
195,ytb_audio,equal,UNG,1.0,UNG,UNG,UNG,UNG,Post-filter
195,ytb_audio,or,StitchedVamana,1.0,Post-filter,UNG,FilteredVamana,UNG,Post-filter
195,ytb_video,and,SIEVE,1.0,UNG,UNG,UNG,UNG,Post-filter
195,ytb_video,equal,UNG,1.0,UNG,UNG,UNG,UNG,UNG
195,ytb_video,or,StitchedVamana,0.9,UNG,UNG,UNG,UNG,Post-filter
196,LAION1M,and,UNG,1.0,UNG,UNG,UNG,UNG,UNG
196,LAION1M,equal,UNG,1.0,UNG,UNG,UNG,UNG,UNG
196,LAION1M,or,UNG,1.0,Post-filter,UNG,UNG,UNG,StitchedVamana
196,arxiv,and,UNG,1.0,SIEVE,UNG,UNG,UNG,UNG
196,arxiv,equal,UNG,1.0,UNG,UNG,UNG,UNG,UNG
196,arxiv,or,UNG,1.0,Post-filter,UNG,UNG,UNG,UNG
196,tripclick,and,UNG,1.0,UNG,UNG,UNG,UNG,UNG
196,tripclick,equal,UNG,1.0,UNG,UNG,UNG,UNG,UNG
196,tripclick,or,UNG,1.0,Post-filter,UNG,UNG,UNG,UNG
196,yfcc,and,UNG,1.0,SIEVE,UNG,UNG,UNG,StitchedVamana
196,yfcc,equal,UNG,1.0,UNG,UNG,UNG,UNG,StitchedVamana
196,yfcc,or,FilteredVamana,1.0,Post-filter,FilteredVamana,StitchedVamana,UNG,StitchedVamana
196,ytb_audio,and,UNG,1.0,SIEVE,UNG,UNG,UNG,Post-filter
196,ytb_audio,equal,UNG,1.0,UNG,UNG,UNG,UNG,Post-filter
196,ytb_audio,or,StitchedVamana,1.0,Post-filter,UNG,FilteredVamana,UNG,Post-filter
196,ytb_video,and,UNG,1.0,UNG,UNG,UNG,UNG,Post-filter
196,ytb_video,equal,UNG,1.0,UNG,UNG,UNG,UNG,UNG
196,ytb_video,or,StitchedVamana,0.9,UNG,UNG,UNG,UNG,Post-filter
197,LAION1M,and,UNG,1.0,UNG,Post-filter,UNG,UNG,UNG
197,LAION1M,equal,UNG,1.0,UNG,UNG,UNG,UNG,UNG
197,LAION1M,or,UNG,1.0,Post-filter,UNG,UNG,UNG,UNG
197,arxiv,and,FilteredVamana,1.0,SIEVE,UNG,UNG,UNG,UNG
197,arxiv,equal,UNG,1.0,UNG,UNG,UNG,UNG,UNG
197,arxiv,or,FilteredVamana,1.0,Post-filter,Post-filter,StitchedVamana,Post-filter,UNG
197,tripclick,and,UNG,1.0,UNG,UNG,UNG,UNG,UNG
197,tripclick,equal,UNG,1.0,UNG,UNG,UNG,UNG,UNG
197,tripclick,or,UNG,1.0,Post-filter,UNG,UNG,UNG,UNG
197,yfcc,and,FilteredVamana,1.0,SIEVE,UNG,UNG,UNG,StitchedVamana
197,yfcc,equal,UNG,1.0,UNG,UNG,UNG,UNG,StitchedVamana
197,yfcc,or,FilteredVamana,1.0,Post-filter,StitchedVamana,StitchedVamana,UNG,StitchedVamana
197,ytb_audio,and,UNG,1.0,SIEVE,UNG,UNG,UNG,Post-filter
197,ytb_audio,equal,UNG,1.0,UNG,UNG,UNG,UNG,Post-filter
197,ytb_audio,or,StitchedVamana,1.0,Post-filter,UNG,FilteredVamana,UNG,Post-filter
197,ytb_video,and,SIEVE,1.0,UNG,UNG,UNG,UNG,Post-filter
197,ytb_video,equal,UNG,1.0,UNG,UNG,UNG,UNG,UNG
197,ytb_video,or,UNG,1.0,UNG,UNG,UNG,UNG,Post-filter
198,LAION1M,and,UNG,1.0,UNG,Post-filter,UNG,UNG,UNG
198,LAION1M,equal,UNG,1.0,UNG,UNG,UNG,UNG,UNG
198,LAION1M,or,UNG,1.0,Post-filter,StitchedVamana,UNG,UNG,StitchedVamana
198,arxiv,and,UNG,1.0,SIEVE,UNG,UNG,UNG,UNG
198,arxiv,equal,UNG,1.0,UNG,UNG,UNG,UNG,UNG
198,arxiv,or,UNG,1.0,Post-filter,Post-filter,StitchedVamana,Post-filter,UNG
198,tripclick,and,UNG,1.0,UNG,UNG,UNG,UNG,UNG
198,tripclick,equal,UNG,1.0,UNG,UNG,UNG,UNG,UNG
198,tripclick,or,UNG,1.0,Post-filter,UNG,UNG,UNG,UNG
198,yfcc,and,UNG,1.0,SIEVE,UNG,UNG,UNG,StitchedVamana
198,yfcc,equal,UNG,1.0,UNG,UNG,UNG,UNG,StitchedVamana
198,yfcc,or,FilteredVamana,1.0,Post-filter,StitchedVamana,UNG,UNG,StitchedVamana
198,ytb_audio,and,UNG,1.0,SIEVE,UNG,UNG,UNG,Post-filter
198,ytb_audio,equal,UNG,1.0,UNG,UNG,UNG,UNG,Post-filter
198,ytb_audio,or,StitchedVamana,1.0,Post-filter,UNG,FilteredVamana,UNG,Post-filter
198,ytb_video,and,UNG,1.0,UNG,UNG,UNG,UNG,Post-filter
198,ytb_video,equal,UNG,1.0,UNG,UNG,UNG,UNG,UNG
198,ytb_video,or,StitchedVamana,1.0,UNG,UNG,UNG,UNG,Post-filter
199,LAION1M,and,UNG,1.0,UNG,UNG,UNG,UNG,UNG
199,LAION1M,equal,UNG,1.0,UNG,UNG,UNG,UNG,UNG
199,LAION1M,or,UNG,1.0,Post-filter,StitchedVamana,UNG,UNG,UNG
199,arxiv,and,FilteredVamana,1.0,SIEVE,UNG,UNG,UNG,UNG
199,arxiv,equal,UNG,1.0,UNG,UNG,UNG,UNG,UNG
199,arxiv,or,UNG,1.0,Post-filter,Post-filter,StitchedVamana,Post-filter,UNG
199,tripclick,and,UNG,1.0,UNG,UNG,UNG,UNG,UNG
199,tripclick,equal,UNG,1.0,UNG,UNG,UNG,UNG,UNG
199,tripclick,or,UNG,1.0,Post-filter,UNG,UNG,UNG,UNG
199,yfcc,and,UNG,1.0,SIEVE,UNG,UNG,UNG,StitchedVamana
199,yfcc,equal,UNG,1.0,UNG,UNG,UNG,UNG,StitchedVamana
199,yfcc,or,FilteredVamana,1.0,Post-filter,StitchedVamana,StitchedVamana,UNG,StitchedVamana
199,ytb_audio,and,SIEVE,1.0,SIEVE,UNG,UNG,UNG,Post-filter
199,ytb_audio,equal,UNG,1.0,UNG,UNG,UNG,UNG,Post-filter
199,ytb_audio,or,UNG,1.0,Post-filter,UNG,UNG,UNG,Post-filter
199,ytb_video,and,UNG,1.0,UNG,UNG,UNG,UNG,Post-filter
199,ytb_video,equal,UNG,1.0,UNG,UNG,UNG,UNG,UNG
199,ytb_video,or,StitchedVamana,1.0,UNG,UNG,UNG,UNG,Post-filter
200,LAION1M,and,UNG,1.0,UNG,UNG,UNG,UNG,UNG
200,LAION1M,equal,UNG,1.0,UNG,UNG,UNG,UNG,UNG
200,LAION1M,or,UNG,1.0,Post-filter,UNG,UNG,UNG,UNG
200,tripclick,and,UNG,1.0,UNG,UNG,UNG,UNG,UNG
200,tripclick,equal,UNG,1.0,UNG,UNG,UNG,UNG,UNG
200,tripclick,or,UNG,1.0,Post-filter,UNG,UNG,UNG,UNG
200,yfcc,and,FilteredVamana,1.0,SIEVE,UNG,UNG,UNG,StitchedVamana
200,yfcc,equal,UNG,1.0,UNG,UNG,UNG,UNG,StitchedVamana
200,yfcc,or,FilteredVamana,1.0,Post-filter,StitchedVamana,StitchedVamana,UNG,StitchedVamana
200,ytb_audio,and,UNG,1.0,SIEVE,UNG,UNG,UNG,Post-filter
200,ytb_audio,equal,UNG,1.0,UNG,UNG,UNG,UNG,Post-filter
200,ytb_audio,or,StitchedVamana,0.9,Post-filter,UNG,FilteredVamana,UNG,Post-filter
201,LAION1M,and,UNG,1.0,UNG,UNG,UNG,UNG,UNG
201,LAION1M,equal,UNG,1.0,UNG,UNG,UNG,UNG,UNG
201,LAION1M,or,UNG,1.0,Post-filter,UNG,UNG,UNG,StitchedVamana
201,tripclick,and,UNG,1.0,UNG,UNG,UNG,UNG,UNG
201,tripclick,equal,UNG,1.0,UNG,UNG,UNG,UNG,UNG
201,tripclick,or,UNG,1.0,Post-filter,UNG,UNG,UNG,UNG
201,yfcc,and,UNG,1.0,SIEVE,UNG,UNG,UNG,StitchedVamana
201,yfcc,equal,UNG,1.0,UNG,UNG,UNG,UNG,StitchedVamana
201,yfcc,or,FilteredVamana,1.0,Post-filter,StitchedVamana,StitchedVamana,UNG,StitchedVamana
201,ytb_audio,and,UNG,1.0,SIEVE,UNG,UNG,UNG,Post-filter
201,ytb_audio,equal,UNG,1.0,UNG,UNG,UNG,UNG,Post-filter
201,ytb_audio,or,Post-filter,1.0,Post-filter,UNG,UNG,UNG,Post-filter
202,LAION1M,and,UNG,1.0,UNG,UNG,UNG,UNG,UNG
202,LAION1M,equal,UNG,1.0,UNG,UNG,UNG,UNG,UNG
202,LAION1M,or,UNG,1.0,Post-filter,UNG,UNG,UNG,UNG
202,tripclick,and,UNG,1.0,UNG,UNG,UNG,UNG,UNG
202,tripclick,equal,UNG,1.0,UNG,UNG,UNG,UNG,UNG
202,tripclick,or,UNG,1.0,Post-filter,UNG,UNG,UNG,UNG
202,yfcc,and,UNG,1.0,SIEVE,UNG,UNG,UNG,StitchedVamana
202,yfcc,equal,UNG,1.0,UNG,UNG,UNG,UNG,StitchedVamana
202,yfcc,or,Post-filter,1.0,Post-filter,StitchedVamana,StitchedVamana,UNG,StitchedVamana
202,ytb_audio,and,UNG,1.0,SIEVE,UNG,UNG,UNG,Post-filter
202,ytb_audio,equal,UNG,1.0,UNG,UNG,UNG,UNG,Post-filter
202,ytb_audio,or,StitchedVamana,1.0,Post-filter,UNG,UNG,UNG,Post-filter
203,LAION1M,and,UNG,1.0,UNG,UNG,UNG,UNG,UNG
203,LAION1M,equal,UNG,1.0,UNG,UNG,UNG,UNG,UNG
203,LAION1M,or,UNG,1.0,Post-filter,Post-filter,UNG,UNG,StitchedVamana
203,tripclick,and,UNG,1.0,UNG,UNG,UNG,UNG,UNG
203,tripclick,equal,UNG,1.0,UNG,UNG,UNG,UNG,UNG
203,tripclick,or,UNG,1.0,Post-filter,UNG,UNG,UNG,UNG
203,yfcc,and,UNG,1.0,SIEVE,UNG,UNG,UNG,StitchedVamana
203,yfcc,equal,UNG,1.0,UNG,UNG,UNG,UNG,StitchedVamana
203,yfcc,or,FilteredVamana,1.0,Post-filter,UNG,StitchedVamana,UNG,StitchedVamana
203,ytb_audio,and,SIEVE,1.0,SIEVE,UNG,UNG,UNG,Post-filter
203,ytb_audio,equal,UNG,1.0,UNG,UNG,UNG,UNG,Post-filter
203,ytb_audio,or,StitchedVamana,1.0,Post-filter,UNG,FilteredVamana,UNG,Post-filter
204,LAION1M,and,UNG,1.0,UNG,UNG,UNG,UNG,UNG
204,LAION1M,equal,UNG,1.0,UNG,UNG,UNG,UNG,UNG
204,LAION1M,or,UNG,1.0,Post-filter,Post-filter,UNG,UNG,UNG
204,tripclick,and,UNG,1.0,UNG,UNG,UNG,UNG,UNG
204,tripclick,equal,UNG,1.0,UNG,UNG,UNG,UNG,UNG
204,tripclick,or,UNG,1.0,Post-filter,UNG,UNG,UNG,UNG
204,yfcc,and,FilteredVamana,1.0,SIEVE,UNG,UNG,UNG,StitchedVamana
204,yfcc,equal,UNG,1.0,UNG,UNG,UNG,UNG,StitchedVamana
204,yfcc,or,FilteredVamana,1.0,Post-filter,StitchedVamana,StitchedVamana,UNG,StitchedVamana
204,ytb_audio,and,UNG,1.0,SIEVE,UNG,UNG,UNG,Post-filter
204,ytb_audio,equal,UNG,1.0,UNG,UNG,UNG,UNG,Post-filter
204,ytb_audio,or,StitchedVamana,1.0,Post-filter,UNG,FilteredVamana,UNG,Post-filter
205,LAION1M,and,UNG,1.0,UNG,UNG,UNG,UNG,UNG
205,LAION1M,equal,UNG,1.0,UNG,UNG,UNG,UNG,UNG
205,LAION1M,or,UNG,1.0,Post-filter,UNG,UNG,UNG,UNG
205,tripclick,and,UNG,1.0,UNG,UNG,UNG,UNG,UNG
205,tripclick,equal,UNG,1.0,UNG,UNG,UNG,UNG,UNG
205,tripclick,or,UNG,1.0,Post-filter,UNG,UNG,UNG,UNG
205,yfcc,and,UNG,1.0,SIEVE,UNG,UNG,UNG,StitchedVamana
205,yfcc,equal,UNG,1.0,UNG,UNG,UNG,UNG,StitchedVamana
205,yfcc,or,FilteredVamana,1.0,Post-filter,StitchedVamana,StitchedVamana,UNG,StitchedVamana
205,ytb_audio,and,SIEVE,1.0,SIEVE,UNG,UNG,UNG,Post-filter
205,ytb_audio,equal,UNG,1.0,UNG,UNG,UNG,UNG,Post-filter
205,ytb_audio,or,UNG,0.9,Post-filter,UNG,UNG,UNG,Post-filter
206,LAION1M,and,UNG,1.0,UNG,UNG,UNG,UNG,UNG
206,LAION1M,equal,UNG,1.0,UNG,UNG,UNG,UNG,UNG
206,LAION1M,or,UNG,1.0,Post-filter,UNG,UNG,UNG,StitchedVamana
206,tripclick,and,UNG,1.0,UNG,UNG,UNG,UNG,UNG
206,tripclick,equal,UNG,1.0,UNG,UNG,UNG,UNG,UNG
206,tripclick,or,UNG,1.0,Post-filter,UNG,UNG,UNG,UNG
206,yfcc,and,UNG,1.0,SIEVE,UNG,UNG,UNG,StitchedVamana
206,yfcc,equal,UNG,1.0,UNG,UNG,UNG,UNG,StitchedVamana
206,yfcc,or,FilteredVamana,1.0,Post-filter,StitchedVamana,StitchedVamana,UNG,StitchedVamana
206,ytb_audio,and,UNG,0.6,SIEVE,UNG,UNG,UNG,Post-filter
206,ytb_audio,equal,UNG,1.0,UNG,UNG,UNG,UNG,Post-filter
206,ytb_audio,or,StitchedVamana,1.0,Post-filter,UNG,UNG,UNG,Post-filter
207,LAION1M,and,UNG,1.0,UNG,Post-filter,UNG,UNG,UNG
207,LAION1M,equal,UNG,1.0,UNG,UNG,UNG,UNG,UNG
207,LAION1M,or,UNG,1.0,Post-filter,Post-filter,UNG,UNG,UNG
207,tripclick,and,UNG,1.0,UNG,UNG,UNG,UNG,UNG
207,tripclick,equal,UNG,1.0,UNG,UNG,UNG,UNG,UNG
207,tripclick,or,UNG,1.0,Post-filter,UNG,UNG,UNG,UNG
207,yfcc,and,UNG,1.0,SIEVE,UNG,UNG,UNG,StitchedVamana
207,yfcc,equal,UNG,1.0,UNG,UNG,UNG,UNG,StitchedVamana
207,yfcc,or,FilteredVamana,1.0,Post-filter,StitchedVamana,UNG,UNG,StitchedVamana
207,ytb_audio,and,UNG,1.0,SIEVE,UNG,UNG,UNG,Post-filter
207,ytb_audio,equal,UNG,1.0,UNG,UNG,UNG,UNG,Post-filter
207,ytb_audio,or,StitchedVamana,1.0,Post-filter,UNG,FilteredVamana,UNG,Post-filter
208,LAION1M,and,UNG,1.0,UNG,Post-filter,UNG,UNG,UNG
208,LAION1M,equal,UNG,1.0,UNG,UNG,UNG,UNG,UNG
208,LAION1M,or,UNG,1.0,Post-filter,UNG,UNG,UNG,UNG
208,tripclick,and,UNG,1.0,UNG,UNG,UNG,UNG,UNG
208,tripclick,equal,UNG,1.0,UNG,UNG,UNG,UNG,UNG
208,tripclick,or,UNG,1.0,Post-filter,UNG,UNG,UNG,UNG
208,yfcc,and,UNG,1.0,SIEVE,UNG,UNG,UNG,StitchedVamana
208,yfcc,equal,UNG,1.0,UNG,UNG,UNG,UNG,StitchedVamana
208,yfcc,or,FilteredVamana,1.0,Post-filter,StitchedVamana,StitchedVamana,UNG,StitchedVamana
208,ytb_audio,and,UNG,1.0,SIEVE,UNG,UNG,UNG,Post-filter
208,ytb_audio,equal,UNG,1.0,UNG,UNG,UNG,UNG,Post-filter
208,ytb_audio,or,StitchedVamana,1.0,Post-filter,UNG,FilteredVamana,UNG,Post-filter
209,LAION1M,and,UNG,1.0,UNG,UNG,UNG,UNG,UNG
209,LAION1M,equal,UNG,1.0,UNG,UNG,UNG,UNG,UNG
209,LAION1M,or,UNG,1.0,Post-filter,UNG,UNG,FilteredVamana,StitchedVamana
209,tripclick,and,UNG,1.0,UNG,UNG,UNG,UNG,UNG
209,tripclick,equal,UNG,1.0,UNG,UNG,UNG,UNG,UNG
209,tripclick,or,UNG,1.0,Post-filter,UNG,UNG,UNG,UNG
209,yfcc,and,UNG,1.0,SIEVE,UNG,UNG,UNG,StitchedVamana
209,yfcc,equal,UNG,1.0,UNG,UNG,UNG,UNG,StitchedVamana
209,yfcc,or,FilteredVamana,1.0,Post-filter,StitchedVamana,StitchedVamana,UNG,StitchedVamana
209,ytb_audio,and,UNG,1.0,SIEVE,UNG,UNG,UNG,Post-filter
209,ytb_audio,equal,UNG,1.0,UNG,UNG,UNG,UNG,Post-filter
209,ytb_audio,or,Post-filter,1.0,Post-filter,UNG,UNG,UNG,Post-filter
210,LAION1M,and,UNG,1.0,UNG,UNG,UNG,UNG,UNG
210,LAION1M,equal,UNG,1.0,UNG,UNG,UNG,UNG,UNG
210,LAION1M,or,UNG,1.0,Post-filter,Post-filter,UNG,FilteredVamana,StitchedVamana
210,tripclick,and,UNG,1.0,UNG,UNG,UNG,UNG,UNG
210,tripclick,equal,UNG,1.0,UNG,UNG,UNG,UNG,UNG
210,tripclick,or,Post-filter,1.0,Post-filter,UNG,UNG,UNG,UNG
210,yfcc,and,UNG,1.0,SIEVE,UNG,UNG,UNG,StitchedVamana
210,yfcc,equal,UNG,1.0,UNG,UNG,UNG,UNG,StitchedVamana
210,yfcc,or,FilteredVamana,1.0,Post-filter,StitchedVamana,StitchedVamana,UNG,StitchedVamana
210,ytb_audio,and,SIEVE,1.0,SIEVE,UNG,UNG,UNG,Post-filter
210,ytb_audio,equal,UNG,1.0,UNG,UNG,UNG,UNG,Post-filter
210,ytb_audio,or,UNG,1.0,Post-filter,UNG,UNG,UNG,Post-filter
211,LAION1M,and,UNG,1.0,UNG,Post-filter,UNG,UNG,UNG
211,LAION1M,equal,UNG,1.0,UNG,UNG,UNG,UNG,UNG
211,LAION1M,or,UNG,1.0,Post-filter,Post-filter,UNG,UNG,UNG
211,tripclick,and,UNG,1.0,UNG,UNG,UNG,UNG,UNG
211,tripclick,equal,UNG,1.0,UNG,UNG,UNG,UNG,UNG
211,tripclick,or,UNG,1.0,Post-filter,UNG,UNG,UNG,UNG
211,yfcc,and,UNG,1.0,SIEVE,UNG,UNG,UNG,StitchedVamana
211,yfcc,equal,UNG,1.0,UNG,UNG,UNG,UNG,StitchedVamana
211,yfcc,or,FilteredVamana,1.0,Post-filter,StitchedVamana,StitchedVamana,UNG,StitchedVamana
211,ytb_audio,and,SIEVE,1.0,SIEVE,UNG,UNG,UNG,Post-filter
211,ytb_audio,equal,UNG,1.0,UNG,UNG,UNG,UNG,Post-filter
211,ytb_audio,or,StitchedVamana,1.0,Post-filter,UNG,UNG,UNG,Post-filter
212,LAION1M,and,UNG,1.0,UNG,UNG,UNG,UNG,UNG
212,LAION1M,equal,UNG,1.0,UNG,UNG,UNG,UNG,UNG
212,LAION1M,or,UNG,1.0,Post-filter,UNG,UNG,UNG,UNG
212,tripclick,and,UNG,1.0,UNG,UNG,UNG,UNG,UNG
212,tripclick,equal,UNG,1.0,UNG,UNG,UNG,UNG,UNG
212,tripclick,or,UNG,1.0,Post-filter,UNG,UNG,UNG,UNG
212,yfcc,and,UNG,1.0,SIEVE,UNG,UNG,UNG,StitchedVamana
212,yfcc,equal,UNG,1.0,UNG,UNG,UNG,UNG,StitchedVamana
212,yfcc,or,FilteredVamana,1.0,Post-filter,FilteredVamana,StitchedVamana,UNG,StitchedVamana
212,ytb_audio,and,UNG,1.0,SIEVE,UNG,UNG,UNG,Post-filter
212,ytb_audio,equal,UNG,1.0,UNG,UNG,UNG,UNG,Post-filter
212,ytb_audio,or,StitchedVamana,1.0,Post-filter,UNG,UNG,UNG,Post-filter
213,LAION1M,and,UNG,1.0,UNG,UNG,UNG,UNG,UNG
213,LAION1M,equal,UNG,1.0,UNG,UNG,UNG,UNG,UNG
213,LAION1M,or,UNG,1.0,Post-filter,Post-filter,UNG,UNG,UNG
213,tripclick,and,UNG,1.0,UNG,UNG,UNG,UNG,UNG
213,tripclick,equal,UNG,1.0,UNG,UNG,UNG,UNG,UNG
213,tripclick,or,UNG,1.0,Post-filter,UNG,UNG,UNG,UNG
213,yfcc,and,UNG,1.0,SIEVE,UNG,UNG,UNG,StitchedVamana
213,yfcc,equal,UNG,1.0,UNG,UNG,UNG,UNG,StitchedVamana
213,yfcc,or,FilteredVamana,1.0,Post-filter,StitchedVamana,StitchedVamana,UNG,StitchedVamana
213,ytb_audio,and,SIEVE,1.0,SIEVE,UNG,UNG,UNG,Post-filter
213,ytb_audio,equal,UNG,1.0,UNG,UNG,UNG,UNG,Post-filter
213,ytb_audio,or,Post-filter,1.0,Post-filter,UNG,UNG,UNG,Post-filter
214,LAION1M,and,UNG,1.0,UNG,UNG,UNG,UNG,UNG
214,LAION1M,equal,UNG,1.0,UNG,UNG,UNG,UNG,UNG
214,LAION1M,or,UNG,1.0,Post-filter,UNG,UNG,UNG,UNG
214,tripclick,and,UNG,1.0,UNG,UNG,UNG,UNG,UNG
214,tripclick,equal,UNG,1.0,UNG,UNG,UNG,UNG,UNG
214,tripclick,or,UNG,1.0,Post-filter,UNG,UNG,UNG,UNG
214,yfcc,and,ACORN,1.0,SIEVE,UNG,UNG,UNG,StitchedVamana
214,yfcc,equal,UNG,1.0,UNG,UNG,UNG,UNG,StitchedVamana
214,yfcc,or,FilteredVamana,1.0,Post-filter,StitchedVamana,StitchedVamana,UNG,StitchedVamana
214,ytb_audio,and,UNG,0.8,SIEVE,UNG,UNG,UNG,Post-filter
214,ytb_audio,equal,UNG,1.0,UNG,UNG,UNG,UNG,Post-filter
214,ytb_audio,or,Post-filter,1.0,Post-filter,UNG,UNG,UNG,Post-filter
215,LAION1M,and,UNG,1.0,UNG,UNG,UNG,UNG,UNG
215,LAION1M,equal,UNG,1.0,UNG,UNG,UNG,UNG,UNG
215,LAION1M,or,UNG,1.0,Post-filter,Post-filter,UNG,UNG,UNG
215,tripclick,and,ACORN,1.0,UNG,UNG,UNG,UNG,UNG
215,tripclick,equal,UNG,1.0,UNG,UNG,UNG,UNG,UNG
215,tripclick,or,UNG,1.0,Post-filter,UNG,UNG,UNG,UNG
215,yfcc,and,UNG,1.0,SIEVE,UNG,UNG,UNG,StitchedVamana
215,yfcc,equal,UNG,1.0,UNG,UNG,UNG,UNG,StitchedVamana
215,yfcc,or,FilteredVamana,1.0,Post-filter,StitchedVamana,StitchedVamana,UNG,StitchedVamana
215,ytb_audio,and,UNG,1.0,SIEVE,UNG,UNG,UNG,Post-filter
215,ytb_audio,equal,UNG,1.0,UNG,UNG,UNG,UNG,Post-filter
215,ytb_audio,or,StitchedVamana,1.0,Post-filter,UNG,FilteredVamana,UNG,Post-filter
216,LAION1M,and,UNG,1.0,UNG,UNG,UNG,UNG,UNG
216,LAION1M,equal,UNG,1.0,UNG,UNG,UNG,UNG,UNG
216,LAION1M,or,UNG,1.0,Post-filter,UNG,UNG,UNG,StitchedVamana
216,tripclick,and,UNG,1.0,UNG,UNG,UNG,UNG,UNG
216,tripclick,equal,UNG,1.0,UNG,UNG,UNG,UNG,UNG
216,tripclick,or,UNG,1.0,Post-filter,UNG,UNG,UNG,UNG
216,yfcc,and,UNG,1.0,SIEVE,UNG,UNG,UNG,StitchedVamana
216,yfcc,equal,UNG,1.0,UNG,UNG,UNG,UNG,StitchedVamana
216,yfcc,or,FilteredVamana,1.0,Post-filter,FilteredVamana,StitchedVamana,UNG,StitchedVamana
216,ytb_audio,and,UNG,1.0,SIEVE,UNG,UNG,UNG,Post-filter
216,ytb_audio,equal,UNG,1.0,UNG,UNG,UNG,UNG,Post-filter
216,ytb_audio,or,UNG,1.0,Post-filter,UNG,UNG,UNG,Post-filter
217,LAION1M,and,UNG,1.0,UNG,UNG,UNG,UNG,UNG
217,LAION1M,equal,UNG,1.0,UNG,UNG,UNG,UNG,UNG
217,LAION1M,or,UNG,1.0,Post-filter,Post-filter,UNG,UNG,UNG
217,tripclick,and,UNG,1.0,UNG,UNG,UNG,UNG,UNG
217,tripclick,equal,UNG,1.0,UNG,UNG,UNG,UNG,UNG
217,tripclick,or,UNG,1.0,Post-filter,UNG,UNG,UNG,UNG
217,yfcc,and,UNG,1.0,SIEVE,UNG,UNG,UNG,StitchedVamana
217,yfcc,equal,UNG,1.0,UNG,UNG,UNG,UNG,StitchedVamana
217,yfcc,or,FilteredVamana,1.0,Post-filter,StitchedVamana,StitchedVamana,UNG,StitchedVamana
217,ytb_audio,and,UNG,1.0,SIEVE,UNG,UNG,UNG,Post-filter
217,ytb_audio,equal,UNG,1.0,UNG,UNG,UNG,UNG,Post-filter
217,ytb_audio,or,StitchedVamana,1.0,Post-filter,UNG,UNG,UNG,Post-filter
218,LAION1M,and,UNG,1.0,UNG,UNG,UNG,UNG,UNG
218,LAION1M,equal,UNG,1.0,UNG,UNG,UNG,UNG,UNG
218,LAION1M,or,UNG,1.0,Post-filter,Post-filter,UNG,FilteredVamana,StitchedVamana
218,tripclick,and,UNG,1.0,UNG,UNG,UNG,UNG,UNG
218,tripclick,equal,UNG,1.0,UNG,UNG,UNG,UNG,UNG
218,tripclick,or,UNG,1.0,Post-filter,UNG,UNG,UNG,UNG
218,yfcc,and,FilteredVamana,1.0,SIEVE,UNG,UNG,UNG,StitchedVamana
218,yfcc,equal,UNG,1.0,UNG,UNG,UNG,UNG,StitchedVamana
218,yfcc,or,Post-filter,1.0,Post-filter,StitchedVamana,StitchedVamana,UNG,StitchedVamana
218,ytb_audio,and,UNG,1.0,SIEVE,UNG,UNG,UNG,Post-filter
218,ytb_audio,equal,UNG,1.0,UNG,UNG,UNG,UNG,Post-filter
218,ytb_audio,or,StitchedVamana,1.0,Post-filter,UNG,FilteredVamana,UNG,Post-filter
219,LAION1M,and,UNG,1.0,UNG,UNG,UNG,UNG,UNG
219,LAION1M,equal,UNG,1.0,UNG,UNG,UNG,UNG,UNG
219,LAION1M,or,UNG,1.0,Post-filter,UNG,UNG,UNG,StitchedVamana
219,tripclick,and,UNG,1.0,UNG,UNG,UNG,UNG,UNG
219,tripclick,equal,UNG,1.0,UNG,UNG,UNG,UNG,UNG
219,tripclick,or,UNG,1.0,Post-filter,UNG,UNG,UNG,UNG
219,yfcc,and,FilteredVamana,1.0,SIEVE,UNG,UNG,UNG,StitchedVamana
219,yfcc,equal,UNG,1.0,UNG,UNG,UNG,UNG,StitchedVamana
219,yfcc,or,FilteredVamana,1.0,Post-filter,StitchedVamana,StitchedVamana,UNG,StitchedVamana
219,ytb_audio,and,UNG,0.8,SIEVE,UNG,UNG,UNG,Post-filter
219,ytb_audio,equal,UNG,0.9,UNG,UNG,UNG,UNG,Post-filter
219,ytb_audio,or,StitchedVamana,1.0,Post-filter,UNG,FilteredVamana,UNG,Post-filter
220,LAION1M,and,UNG,1.0,UNG,UNG,UNG,UNG,UNG
220,LAION1M,equal,UNG,1.0,UNG,UNG,UNG,UNG,UNG
220,LAION1M,or,UNG,1.0,Post-filter,UNG,UNG,UNG,StitchedVamana
220,tripclick,and,UNG,1.0,UNG,UNG,UNG,UNG,UNG
220,tripclick,equal,UNG,1.0,UNG,UNG,UNG,UNG,UNG
220,tripclick,or,UNG,1.0,Post-filter,UNG,UNG,UNG,UNG
220,yfcc,and,FilteredVamana,1.0,SIEVE,UNG,UNG,UNG,StitchedVamana
220,yfcc,equal,UNG,1.0,UNG,UNG,UNG,UNG,StitchedVamana
220,yfcc,or,FilteredVamana,1.0,Post-filter,StitchedVamana,StitchedVamana,UNG,StitchedVamana
220,ytb_audio,and,UNG,1.0,SIEVE,UNG,UNG,UNG,Post-filter
220,ytb_audio,equal,UNG,1.0,UNG,UNG,UNG,UNG,Post-filter
220,ytb_audio,or,Post-filter,1.0,Post-filter,UNG,UNG,UNG,Post-filter
221,LAION1M,and,UNG,1.0,UNG,Post-filter,UNG,UNG,UNG
221,LAION1M,equal,UNG,1.0,UNG,UNG,UNG,UNG,UNG
221,LAION1M,or,UNG,1.0,Post-filter,Post-filter,UNG,UNG,UNG
221,tripclick,and,UNG,1.0,UNG,UNG,UNG,UNG,UNG
221,tripclick,equal,UNG,1.0,UNG,UNG,UNG,UNG,UNG
221,tripclick,or,UNG,1.0,Post-filter,UNG,UNG,UNG,UNG
221,yfcc,and,FilteredVamana,1.0,SIEVE,UNG,UNG,UNG,StitchedVamana
221,yfcc,equal,UNG,1.0,UNG,UNG,UNG,UNG,StitchedVamana
221,yfcc,or,FilteredVamana,1.0,Post-filter,StitchedVamana,StitchedVamana,UNG,StitchedVamana
221,ytb_audio,and,UNG,1.0,SIEVE,UNG,UNG,UNG,Post-filter
221,ytb_audio,equal,UNG,1.0,UNG,UNG,UNG,UNG,Post-filter
221,ytb_audio,or,Post-filter,1.0,Post-filter,UNG,UNG,UNG,Post-filter
222,LAION1M,and,UNG,1.0,UNG,Post-filter,UNG,UNG,UNG
222,LAION1M,equal,UNG,1.0,UNG,UNG,UNG,UNG,UNG
222,LAION1M,or,UNG,1.0,Post-filter,UNG,UNG,UNG,UNG
222,tripclick,and,UNG,1.0,UNG,UNG,UNG,UNG,UNG
222,tripclick,equal,UNG,1.0,UNG,UNG,UNG,UNG,UNG
222,tripclick,or,UNG,1.0,Post-filter,UNG,UNG,UNG,UNG
222,yfcc,and,Post-filter,1.0,SIEVE,UNG,UNG,UNG,StitchedVamana
222,yfcc,equal,UNG,1.0,UNG,UNG,UNG,UNG,StitchedVamana
222,yfcc,or,FilteredVamana,1.0,Post-filter,StitchedVamana,StitchedVamana,UNG,StitchedVamana
222,ytb_audio,and,UNG,1.0,SIEVE,UNG,UNG,UNG,Post-filter
222,ytb_audio,equal,UNG,1.0,UNG,UNG,UNG,UNG,Post-filter
222,ytb_audio,or,StitchedVamana,1.0,Post-filter,UNG,FilteredVamana,UNG,Post-filter
223,LAION1M,and,UNG,1.0,UNG,UNG,UNG,UNG,UNG
223,LAION1M,equal,UNG,1.0,UNG,UNG,UNG,UNG,UNG
223,LAION1M,or,UNG,1.0,Post-filter,Post-filter,UNG,UNG,UNG
223,tripclick,and,UNG,1.0,UNG,UNG,UNG,UNG,UNG
223,tripclick,equal,UNG,1.0,UNG,UNG,UNG,UNG,UNG
223,tripclick,or,UNG,1.0,Post-filter,UNG,UNG,UNG,UNG
223,yfcc,and,UNG,1.0,SIEVE,UNG,UNG,UNG,StitchedVamana
223,yfcc,equal,UNG,1.0,UNG,UNG,UNG,UNG,StitchedVamana
223,yfcc,or,FilteredVamana,1.0,Post-filter,StitchedVamana,UNG,UNG,StitchedVamana
223,ytb_audio,and,UNG,1.0,SIEVE,UNG,UNG,UNG,Post-filter
223,ytb_audio,equal,UNG,0.9,UNG,UNG,UNG,UNG,Post-filter
223,ytb_audio,or,Post-filter,1.0,Post-filter,UNG,UNG,UNG,Post-filter
224,LAION1M,and,UNG,1.0,UNG,UNG,UNG,UNG,UNG
224,LAION1M,equal,UNG,1.0,UNG,UNG,UNG,UNG,UNG
224,LAION1M,or,Post-filter,1.0,Post-filter,UNG,UNG,UNG,StitchedVamana
224,tripclick,and,UNG,1.0,UNG,UNG,UNG,UNG,UNG
224,tripclick,equal,UNG,1.0,UNG,UNG,UNG,UNG,UNG
224,tripclick,or,UNG,1.0,Post-filter,UNG,UNG,UNG,UNG
224,yfcc,and,UNG,1.0,SIEVE,UNG,UNG,UNG,StitchedVamana
224,yfcc,equal,UNG,1.0,UNG,UNG,UNG,UNG,StitchedVamana
224,yfcc,or,FilteredVamana,1.0,Post-filter,StitchedVamana,StitchedVamana,UNG,StitchedVamana
224,ytb_audio,and,UNG,1.0,SIEVE,UNG,UNG,UNG,Post-filter
224,ytb_audio,equal,UNG,1.0,UNG,UNG,UNG,UNG,Post-filter
224,ytb_audio,or,StitchedVamana,1.0,Post-filter,UNG,UNG,UNG,Post-filter
225,LAION1M,and,UNG,1.0,UNG,UNG,UNG,UNG,UNG
225,LAION1M,equal,UNG,1.0,UNG,UNG,UNG,UNG,UNG
225,LAION1M,or,UNG,1.0,Post-filter,UNG,UNG,FilteredVamana,StitchedVamana
225,tripclick,and,UNG,1.0,UNG,UNG,UNG,UNG,UNG
225,tripclick,equal,UNG,1.0,UNG,UNG,UNG,UNG,UNG
225,tripclick,or,UNG,1.0,Post-filter,UNG,UNG,UNG,UNG
225,yfcc,and,UNG,1.0,SIEVE,UNG,UNG,UNG,StitchedVamana
225,yfcc,equal,UNG,1.0,UNG,UNG,UNG,UNG,StitchedVamana
225,yfcc,or,FilteredVamana,1.0,Post-filter,StitchedVamana,StitchedVamana,UNG,StitchedVamana
225,ytb_audio,and,UNG,1.0,SIEVE,UNG,UNG,UNG,Post-filter
225,ytb_audio,equal,UNG,1.0,UNG,UNG,UNG,UNG,Post-filter
225,ytb_audio,or,StitchedVamana,1.0,Post-filter,UNG,FilteredVamana,UNG,Post-filter
226,LAION1M,and,UNG,1.0,UNG,Post-filter,UNG,UNG,UNG
226,LAION1M,equal,UNG,1.0,UNG,UNG,UNG,UNG,UNG
226,LAION1M,or,UNG,1.0,Post-filter,StitchedVamana,UNG,UNG,UNG
226,tripclick,and,UNG,1.0,UNG,UNG,UNG,UNG,UNG
226,tripclick,equal,UNG,1.0,UNG,UNG,UNG,UNG,UNG
226,tripclick,or,Post-filter,1.0,Post-filter,UNG,UNG,UNG,UNG
226,yfcc,and,FilteredVamana,1.0,SIEVE,UNG,UNG,UNG,StitchedVamana
226,yfcc,equal,UNG,1.0,UNG,UNG,UNG,UNG,StitchedVamana
226,yfcc,or,FilteredVamana,1.0,Post-filter,StitchedVamana,UNG,UNG,StitchedVamana
226,ytb_audio,and,UNG,1.0,SIEVE,UNG,UNG,UNG,Post-filter
226,ytb_audio,equal,UNG,1.0,UNG,UNG,UNG,UNG,Post-filter
226,ytb_audio,or,Post-filter,1.0,Post-filter,UNG,UNG,UNG,Post-filter
227,LAION1M,and,UNG,1.0,UNG,UNG,UNG,UNG,UNG
227,LAION1M,equal,UNG,1.0,UNG,UNG,UNG,UNG,UNG
227,LAION1M,or,UNG,1.0,Post-filter,UNG,UNG,UNG,StitchedVamana
227,tripclick,and,UNG,1.0,UNG,UNG,UNG,UNG,UNG
227,tripclick,equal,UNG,1.0,UNG,UNG,UNG,UNG,UNG
227,tripclick,or,UNG,1.0,Post-filter,UNG,UNG,UNG,UNG
227,yfcc,and,UNG,1.0,SIEVE,UNG,UNG,UNG,StitchedVamana
227,yfcc,equal,UNG,1.0,UNG,UNG,UNG,UNG,StitchedVamana
227,yfcc,or,FilteredVamana,1.0,Post-filter,StitchedVamana,StitchedVamana,UNG,StitchedVamana
227,ytb_audio,and,SIEVE,1.0,SIEVE,UNG,UNG,UNG,Post-filter
227,ytb_audio,equal,UNG,1.0,UNG,UNG,UNG,UNG,Post-filter
227,ytb_audio,or,StitchedVamana,1.0,Post-filter,UNG,FilteredVamana,UNG,Post-filter
228,LAION1M,and,UNG,1.0,UNG,Post-filter,UNG,UNG,UNG
228,LAION1M,equal,UNG,1.0,UNG,UNG,UNG,UNG,UNG
228,LAION1M,or,UNG,1.0,Post-filter,UNG,UNG,UNG,StitchedVamana
228,tripclick,and,UNG,1.0,UNG,UNG,UNG,UNG,UNG
228,tripclick,equal,UNG,1.0,UNG,UNG,UNG,UNG,UNG
228,tripclick,or,UNG,1.0,Post-filter,UNG,UNG,UNG,UNG
228,yfcc,and,UNG,1.0,SIEVE,UNG,UNG,UNG,StitchedVamana
228,yfcc,equal,UNG,1.0,UNG,UNG,UNG,UNG,StitchedVamana
228,yfcc,or,FilteredVamana,1.0,Post-filter,FilteredVamana,StitchedVamana,UNG,StitchedVamana
228,ytb_audio,and,SIEVE,0.8,SIEVE,UNG,UNG,UNG,Post-filter
228,ytb_audio,equal,UNG,1.0,UNG,UNG,UNG,UNG,Post-filter
228,ytb_audio,or,StitchedVamana,1.0,Post-filter,UNG,FilteredVamana,UNG,Post-filter
229,LAION1M,and,UNG,1.0,UNG,Post-filter,UNG,UNG,UNG
229,LAION1M,equal,UNG,1.0,UNG,UNG,UNG,UNG,UNG
229,LAION1M,or,UNG,1.0,Post-filter,UNG,UNG,UNG,UNG
229,tripclick,and,UNG,1.0,UNG,UNG,UNG,UNG,UNG
229,tripclick,equal,UNG,1.0,UNG,UNG,UNG,UNG,UNG
229,tripclick,or,UNG,1.0,Post-filter,UNG,UNG,UNG,UNG
229,yfcc,and,FilteredVamana,1.0,SIEVE,UNG,UNG,UNG,StitchedVamana
229,yfcc,equal,UNG,1.0,UNG,UNG,UNG,UNG,StitchedVamana
229,yfcc,or,FilteredVamana,1.0,Post-filter,StitchedVamana,StitchedVamana,UNG,StitchedVamana
229,ytb_audio,and,UNG,1.0,SIEVE,UNG,UNG,UNG,Post-filter
229,ytb_audio,equal,UNG,1.0,UNG,UNG,UNG,UNG,Post-filter
229,ytb_audio,or,StitchedVamana,1.0,Post-filter,UNG,FilteredVamana,UNG,Post-filter
230,LAION1M,and,UNG,1.0,UNG,Post-filter,UNG,UNG,UNG
230,LAION1M,equal,UNG,1.0,UNG,UNG,UNG,UNG,UNG
230,LAION1M,or,UNG,1.0,Post-filter,UNG,UNG,UNG,UNG
230,tripclick,and,Post-filter,1.0,UNG,UNG,UNG,UNG,UNG
230,tripclick,equal,UNG,1.0,UNG,UNG,UNG,UNG,UNG
230,tripclick,or,UNG,1.0,Post-filter,UNG,UNG,UNG,UNG
230,yfcc,and,UNG,1.0,SIEVE,UNG,UNG,UNG,StitchedVamana
230,yfcc,equal,UNG,1.0,UNG,UNG,UNG,UNG,StitchedVamana
230,yfcc,or,FilteredVamana,1.0,Post-filter,FilteredVamana,StitchedVamana,UNG,StitchedVamana
230,ytb_audio,and,SIEVE,1.0,SIEVE,UNG,UNG,UNG,Post-filter
230,ytb_audio,equal,UNG,1.0,UNG,UNG,UNG,UNG,Post-filter
230,ytb_audio,or,StitchedVamana,1.0,Post-filter,UNG,FilteredVamana,UNG,Post-filter
231,LAION1M,and,UNG,1.0,UNG,UNG,UNG,UNG,UNG
231,LAION1M,equal,UNG,1.0,UNG,UNG,UNG,UNG,UNG
231,LAION1M,or,UNG,1.0,Post-filter,Post-filter,UNG,UNG,UNG
231,tripclick,and,UNG,1.0,UNG,UNG,UNG,UNG,UNG
231,tripclick,equal,UNG,1.0,UNG,UNG,UNG,UNG,UNG
231,tripclick,or,UNG,1.0,Post-filter,UNG,UNG,UNG,UNG
231,yfcc,and,FilteredVamana,1.0,SIEVE,UNG,UNG,UNG,StitchedVamana
231,yfcc,equal,UNG,1.0,UNG,UNG,UNG,UNG,StitchedVamana
231,yfcc,or,FilteredVamana,1.0,Post-filter,StitchedVamana,StitchedVamana,UNG,StitchedVamana
231,ytb_audio,and,UNG,1.0,SIEVE,UNG,UNG,UNG,Post-filter
231,ytb_audio,equal,UNG,1.0,UNG,UNG,UNG,UNG,Post-filter
231,ytb_audio,or,UNG,1.0,Post-filter,UNG,FilteredVamana,UNG,Post-filter
232,LAION1M,and,UNG,1.0,UNG,Post-filter,UNG,UNG,UNG
232,LAION1M,equal,UNG,1.0,UNG,UNG,UNG,UNG,UNG
232,LAION1M,or,UNG,1.0,Post-filter,UNG,UNG,UNG,StitchedVamana
232,tripclick,and,UNG,1.0,UNG,UNG,UNG,UNG,UNG
232,tripclick,equal,UNG,1.0,UNG,UNG,UNG,UNG,UNG
232,tripclick,or,UNG,1.0,Post-filter,UNG,UNG,UNG,UNG
232,yfcc,and,UNG,1.0,SIEVE,UNG,UNG,UNG,StitchedVamana
232,yfcc,equal,UNG,1.0,UNG,UNG,UNG,UNG,StitchedVamana
232,yfcc,or,FilteredVamana,1.0,Post-filter,StitchedVamana,StitchedVamana,UNG,StitchedVamana
232,ytb_audio,and,UNG,1.0,SIEVE,UNG,UNG,UNG,Post-filter
232,ytb_audio,equal,UNG,1.0,UNG,UNG,UNG,UNG,Post-filter
232,ytb_audio,or,StitchedVamana,1.0,Post-filter,UNG,FilteredVamana,UNG,Post-filter
233,LAION1M,and,UNG,1.0,UNG,Post-filter,UNG,UNG,UNG
233,LAION1M,equal,UNG,1.0,UNG,UNG,UNG,UNG,UNG
233,LAION1M,or,UNG,1.0,Post-filter,StitchedVamana,UNG,UNG,StitchedVamana
233,tripclick,and,UNG,1.0,UNG,UNG,UNG,UNG,UNG
233,tripclick,equal,UNG,1.0,UNG,UNG,UNG,UNG,UNG
233,tripclick,or,UNG,1.0,Post-filter,UNG,UNG,UNG,UNG
233,yfcc,and,ACORN,1.0,SIEVE,UNG,UNG,UNG,StitchedVamana
233,yfcc,equal,UNG,1.0,UNG,UNG,UNG,UNG,StitchedVamana
233,yfcc,or,FilteredVamana,1.0,Post-filter,StitchedVamana,StitchedVamana,UNG,StitchedVamana
233,ytb_audio,and,UNG,1.0,SIEVE,UNG,UNG,UNG,Post-filter
233,ytb_audio,equal,UNG,1.0,UNG,UNG,UNG,UNG,Post-filter
233,ytb_audio,or,StitchedVamana,1.0,Post-filter,UNG,UNG,UNG,Post-filter
234,LAION1M,and,UNG,1.0,UNG,UNG,UNG,UNG,UNG
234,LAION1M,equal,UNG,1.0,UNG,UNG,UNG,UNG,UNG
234,LAION1M,or,UNG,1.0,Post-filter,UNG,UNG,UNG,StitchedVamana
234,tripclick,and,UNG,1.0,UNG,UNG,UNG,UNG,UNG
234,tripclick,equal,UNG,1.0,UNG,UNG,UNG,UNG,UNG
234,tripclick,or,UNG,1.0,Post-filter,UNG,UNG,UNG,UNG
234,yfcc,and,FilteredVamana,1.0,SIEVE,UNG,UNG,UNG,StitchedVamana
234,yfcc,equal,UNG,1.0,UNG,UNG,UNG,UNG,StitchedVamana
234,yfcc,or,FilteredVamana,1.0,Post-filter,StitchedVamana,StitchedVamana,UNG,StitchedVamana
234,ytb_audio,and,UNG,1.0,SIEVE,UNG,UNG,UNG,Post-filter
234,ytb_audio,equal,UNG,1.0,UNG,UNG,UNG,UNG,Post-filter
234,ytb_audio,or,StitchedVamana,1.0,Post-filter,UNG,FilteredVamana,UNG,Post-filter
235,LAION1M,and,UNG,1.0,UNG,Post-filter,UNG,UNG,UNG
235,LAION1M,equal,UNG,1.0,UNG,UNG,UNG,UNG,UNG
235,LAION1M,or,UNG,1.0,Post-filter,UNG,UNG,UNG,StitchedVamana
235,tripclick,and,UNG,1.0,UNG,UNG,UNG,UNG,UNG
235,tripclick,equal,UNG,1.0,UNG,UNG,UNG,UNG,UNG
235,tripclick,or,UNG,1.0,Post-filter,UNG,UNG,UNG,UNG
235,yfcc,and,UNG,1.0,SIEVE,UNG,UNG,UNG,StitchedVamana
235,yfcc,equal,UNG,1.0,UNG,UNG,UNG,UNG,StitchedVamana
235,yfcc,or,FilteredVamana,1.0,Post-filter,StitchedVamana,StitchedVamana,UNG,StitchedVamana
235,ytb_audio,and,SIEVE,0.9,SIEVE,UNG,UNG,UNG,Post-filter
235,ytb_audio,equal,UNG,1.0,UNG,UNG,UNG,UNG,Post-filter
235,ytb_audio,or,StitchedVamana,1.0,Post-filter,UNG,FilteredVamana,UNG,Post-filter
236,LAION1M,and,UNG,1.0,UNG,Post-filter,UNG,UNG,UNG
236,LAION1M,equal,UNG,1.0,UNG,UNG,UNG,UNG,UNG
236,LAION1M,or,UNG,1.0,Post-filter,Post-filter,UNG,UNG,UNG
236,tripclick,and,UNG,1.0,UNG,UNG,UNG,UNG,UNG
236,tripclick,equal,UNG,1.0,UNG,UNG,UNG,UNG,UNG
236,tripclick,or,UNG,1.0,Post-filter,UNG,UNG,UNG,UNG
236,yfcc,and,UNG,1.0,SIEVE,UNG,UNG,UNG,StitchedVamana
236,yfcc,equal,UNG,1.0,UNG,UNG,UNG,UNG,StitchedVamana
236,yfcc,or,FilteredVamana,1.0,Post-filter,StitchedVamana,UNG,UNG,StitchedVamana
236,ytb_audio,and,UNG,1.0,SIEVE,UNG,UNG,UNG,Post-filter
236,ytb_audio,equal,UNG,1.0,UNG,UNG,UNG,UNG,Post-filter
236,ytb_audio,or,StitchedVamana,1.0,Post-filter,UNG,UNG,UNG,Post-filter
237,LAION1M,and,UNG,1.0,UNG,UNG,UNG,UNG,UNG
237,LAION1M,equal,UNG,1.0,UNG,UNG,UNG,UNG,UNG
237,LAION1M,or,UNG,1.0,Post-filter,StitchedVamana,UNG,UNG,StitchedVamana
237,tripclick,and,UNG,1.0,UNG,UNG,UNG,UNG,UNG
237,tripclick,equal,UNG,1.0,UNG,UNG,UNG,UNG,UNG
237,tripclick,or,UNG,1.0,Post-filter,UNG,UNG,UNG,UNG
237,yfcc,and,UNG,1.0,SIEVE,UNG,UNG,UNG,StitchedVamana
237,yfcc,equal,UNG,1.0,UNG,UNG,UNG,UNG,StitchedVamana
237,yfcc,or,FilteredVamana,1.0,Post-filter,StitchedVamana,StitchedVamana,UNG,StitchedVamana
237,ytb_audio,and,UNG,0.6,SIEVE,UNG,UNG,UNG,Post-filter
237,ytb_audio,equal,UNG,1.0,UNG,UNG,UNG,UNG,Post-filter
237,ytb_audio,or,Post-filter,1.0,Post-filter,UNG,UNG,UNG,Post-filter
238,LAION1M,and,UNG,1.0,UNG,UNG,UNG,UNG,UNG
238,LAION1M,equal,UNG,1.0,UNG,UNG,UNG,UNG,UNG
238,LAION1M,or,UNG,1.0,Post-filter,UNG,UNG,UNG,UNG
238,tripclick,and,UNG,1.0,UNG,UNG,UNG,UNG,UNG
238,tripclick,equal,UNG,1.0,UNG,UNG,UNG,UNG,UNG
238,tripclick,or,UNG,1.0,Post-filter,UNG,UNG,UNG,UNG
238,yfcc,and,UNG,1.0,SIEVE,UNG,UNG,UNG,StitchedVamana
238,yfcc,equal,UNG,1.0,UNG,UNG,UNG,UNG,StitchedVamana
238,yfcc,or,FilteredVamana,1.0,Post-filter,FilteredVamana,StitchedVamana,UNG,StitchedVamana
238,ytb_audio,and,UNG,1.0,SIEVE,UNG,UNG,UNG,Post-filter
238,ytb_audio,equal,UNG,0.9,UNG,UNG,UNG,UNG,Post-filter
238,ytb_audio,or,UNG,1.0,Post-filter,UNG,UNG,UNG,Post-filter
239,LAION1M,and,UNG,1.0,UNG,UNG,UNG,UNG,UNG
239,LAION1M,equal,UNG,1.0,UNG,UNG,UNG,UNG,UNG
239,LAION1M,or,UNG,1.0,Post-filter,UNG,UNG,UNG,StitchedVamana
239,tripclick,and,UNG,1.0,UNG,UNG,UNG,UNG,UNG
239,tripclick,equal,UNG,1.0,UNG,UNG,UNG,UNG,UNG
239,tripclick,or,UNG,1.0,Post-filter,UNG,UNG,UNG,UNG
239,yfcc,and,ACORN,1.0,SIEVE,UNG,UNG,UNG,StitchedVamana
239,yfcc,equal,UNG,1.0,UNG,UNG,UNG,UNG,StitchedVamana
239,yfcc,or,FilteredVamana,1.0,Post-filter,StitchedVamana,StitchedVamana,UNG,StitchedVamana
239,ytb_audio,and,UNG,1.0,SIEVE,UNG,UNG,UNG,Post-filter
239,ytb_audio,equal,UNG,1.0,UNG,UNG,UNG,UNG,Post-filter
239,ytb_audio,or,StitchedVamana,1.0,Post-filter,UNG,FilteredVamana,UNG,Post-filter
240,LAION1M,and,UNG,1.0,UNG,UNG,UNG,UNG,UNG
240,LAION1M,equal,UNG,1.0,UNG,UNG,UNG,UNG,UNG
240,LAION1M,or,UNG,1.0,Post-filter,UNG,UNG,UNG,UNG
240,tripclick,and,Post-filter,1.0,UNG,UNG,UNG,UNG,UNG
240,tripclick,equal,UNG,1.0,UNG,UNG,UNG,UNG,UNG
240,tripclick,or,Post-filter,1.0,Post-filter,UNG,UNG,UNG,UNG
240,yfcc,and,UNG,1.0,SIEVE,UNG,UNG,UNG,StitchedVamana
240,yfcc,equal,UNG,1.0,UNG,UNG,UNG,UNG,StitchedVamana
240,yfcc,or,FilteredVamana,1.0,Post-filter,StitchedVamana,StitchedVamana,UNG,StitchedVamana
240,ytb_audio,and,UNG,1.0,SIEVE,UNG,UNG,UNG,Post-filter
240,ytb_audio,equal,UNG,1.0,UNG,UNG,UNG,UNG,Post-filter
240,ytb_audio,or,StitchedVamana,1.0,Post-filter,UNG,UNG,UNG,Post-filter
241,LAION1M,and,UNG,1.0,UNG,UNG,UNG,UNG,UNG
241,LAION1M,equal,UNG,1.0,UNG,UNG,UNG,UNG,UNG
241,LAION1M,or,UNG,1.0,Post-filter,UNG,UNG,UNG,UNG
241,tripclick,and,UNG,1.0,UNG,UNG,UNG,UNG,UNG
241,tripclick,equal,UNG,1.0,UNG,UNG,UNG,UNG,UNG
241,tripclick,or,UNG,1.0,Post-filter,UNG,UNG,UNG,UNG
241,yfcc,and,Post-filter,1.0,SIEVE,UNG,UNG,UNG,StitchedVamana
241,yfcc,equal,UNG,1.0,UNG,UNG,UNG,UNG,StitchedVamana
241,yfcc,or,FilteredVamana,1.0,Post-filter,StitchedVamana,UNG,UNG,StitchedVamana
241,ytb_audio,and,SIEVE,1.0,SIEVE,UNG,UNG,UNG,Post-filter
241,ytb_audio,equal,UNG,1.0,UNG,UNG,UNG,UNG,Post-filter
241,ytb_audio,or,StitchedVamana,1.0,Post-filter,UNG,FilteredVamana,UNG,Post-filter
242,LAION1M,and,UNG,1.0,UNG,Post-filter,UNG,UNG,UNG
242,LAION1M,equal,UNG,1.0,UNG,UNG,UNG,UNG,UNG
242,LAION1M,or,UNG,1.0,Post-filter,UNG,UNG,UNG,UNG
242,tripclick,and,UNG,1.0,UNG,UNG,UNG,UNG,UNG
242,tripclick,equal,UNG,1.0,UNG,UNG,UNG,UNG,UNG
242,tripclick,or,UNG,1.0,Post-filter,UNG,UNG,UNG,UNG
242,yfcc,and,UNG,1.0,SIEVE,UNG,UNG,UNG,StitchedVamana
242,yfcc,equal,UNG,1.0,UNG,UNG,UNG,UNG,StitchedVamana
242,yfcc,or,FilteredVamana,1.0,Post-filter,StitchedVamana,UNG,UNG,StitchedVamana
242,ytb_audio,and,UNG,0.6,SIEVE,UNG,UNG,UNG,Post-filter
242,ytb_audio,equal,UNG,1.0,UNG,UNG,UNG,UNG,Post-filter
242,ytb_audio,or,StitchedVamana,1.0,Post-filter,UNG,FilteredVamana,UNG,Post-filter
243,LAION1M,and,UNG,1.0,UNG,UNG,UNG,UNG,UNG
243,LAION1M,equal,UNG,1.0,UNG,UNG,UNG,UNG,UNG
243,LAION1M,or,UNG,1.0,Post-filter,UNG,UNG,UNG,StitchedVamana
243,tripclick,and,UNG,1.0,UNG,UNG,UNG,UNG,UNG
243,tripclick,equal,UNG,1.0,UNG,UNG,UNG,UNG,UNG
243,tripclick,or,UNG,1.0,Post-filter,UNG,UNG,UNG,UNG
243,yfcc,and,UNG,1.0,SIEVE,UNG,UNG,UNG,StitchedVamana
243,yfcc,equal,UNG,1.0,UNG,UNG,UNG,UNG,StitchedVamana
243,yfcc,or,FilteredVamana,1.0,Post-filter,StitchedVamana,StitchedVamana,UNG,StitchedVamana
243,ytb_audio,and,UNG,1.0,SIEVE,UNG,UNG,UNG,Post-filter
243,ytb_audio,equal,UNG,1.0,UNG,UNG,UNG,UNG,Post-filter
243,ytb_audio,or,StitchedVamana,1.0,Post-filter,UNG,FilteredVamana,UNG,Post-filter
244,LAION1M,and,UNG,1.0,UNG,UNG,UNG,UNG,UNG
244,LAION1M,equal,UNG,1.0,UNG,UNG,UNG,UNG,UNG
244,LAION1M,or,UNG,1.0,Post-filter,Post-filter,UNG,UNG,UNG
244,tripclick,and,UNG,1.0,UNG,UNG,UNG,UNG,UNG
244,tripclick,equal,UNG,1.0,UNG,UNG,UNG,UNG,UNG
244,tripclick,or,UNG,1.0,Post-filter,UNG,UNG,UNG,UNG
244,yfcc,and,FilteredVamana,1.0,SIEVE,UNG,UNG,UNG,StitchedVamana
244,yfcc,equal,UNG,1.0,UNG,UNG,UNG,UNG,StitchedVamana
244,yfcc,or,FilteredVamana,1.0,Post-filter,StitchedVamana,StitchedVamana,UNG,StitchedVamana
244,ytb_audio,and,UNG,1.0,SIEVE,UNG,UNG,UNG,Post-filter
244,ytb_audio,equal,UNG,1.0,UNG,UNG,UNG,UNG,Post-filter
244,ytb_audio,or,Post-filter,1.0,Post-filter,UNG,UNG,UNG,Post-filter
245,LAION1M,and,UNG,1.0,UNG,Post-filter,UNG,UNG,UNG
245,LAION1M,equal,UNG,1.0,UNG,UNG,UNG,UNG,UNG
245,LAION1M,or,UNG,1.0,Post-filter,UNG,UNG,UNG,StitchedVamana
245,tripclick,and,UNG,1.0,UNG,UNG,UNG,UNG,UNG
245,tripclick,equal,UNG,1.0,UNG,UNG,UNG,UNG,UNG
245,tripclick,or,UNG,1.0,Post-filter,UNG,UNG,UNG,UNG
245,yfcc,and,FilteredVamana,1.0,SIEVE,UNG,UNG,UNG,StitchedVamana
245,yfcc,equal,UNG,1.0,UNG,UNG,UNG,UNG,StitchedVamana
245,yfcc,or,FilteredVamana,1.0,Post-filter,StitchedVamana,StitchedVamana,UNG,StitchedVamana
245,ytb_audio,and,UNG,1.0,SIEVE,UNG,UNG,UNG,Post-filter
245,ytb_audio,equal,UNG,1.0,UNG,UNG,UNG,UNG,Post-filter
245,ytb_audio,or,StitchedVamana,1.0,Post-filter,UNG,UNG,UNG,Post-filter
246,LAION1M,and,UNG,1.0,UNG,UNG,UNG,UNG,UNG
246,LAION1M,equal,UNG,1.0,UNG,UNG,UNG,UNG,UNG
246,LAION1M,or,UNG,1.0,Post-filter,UNG,UNG,UNG,UNG
246,tripclick,and,UNG,1.0,UNG,UNG,UNG,UNG,UNG
246,tripclick,equal,UNG,1.0,UNG,UNG,UNG,UNG,UNG
246,tripclick,or,UNG,1.0,Post-filter,UNG,UNG,UNG,UNG
246,yfcc,and,StitchedVamana,1.0,SIEVE,UNG,UNG,UNG,StitchedVamana
246,yfcc,equal,UNG,1.0,UNG,UNG,UNG,UNG,StitchedVamana
246,yfcc,or,FilteredVamana,1.0,Post-filter,StitchedVamana,StitchedVamana,UNG,StitchedVamana
246,ytb_audio,and,UNG,1.0,SIEVE,UNG,UNG,UNG,Post-filter
246,ytb_audio,equal,UNG,1.0,UNG,UNG,UNG,UNG,Post-filter
246,ytb_audio,or,StitchedVamana,1.0,Post-filter,UNG,UNG,UNG,Post-filter
247,LAION1M,and,UNG,1.0,UNG,UNG,UNG,UNG,UNG
247,LAION1M,equal,UNG,1.0,UNG,UNG,UNG,UNG,UNG
247,LAION1M,or,UNG,1.0,Post-filter,UNG,UNG,UNG,StitchedVamana
247,tripclick,and,UNG,1.0,UNG,UNG,UNG,UNG,UNG
247,tripclick,equal,UNG,1.0,UNG,UNG,UNG,UNG,UNG
247,tripclick,or,UNG,1.0,Post-filter,UNG,UNG,UNG,UNG
247,yfcc,and,FilteredVamana,1.0,SIEVE,UNG,UNG,UNG,StitchedVamana
247,yfcc,equal,UNG,1.0,UNG,UNG,UNG,UNG,StitchedVamana
247,yfcc,or,FilteredVamana,1.0,Post-filter,StitchedVamana,StitchedVamana,UNG,StitchedVamana
247,ytb_audio,and,UNG,1.0,SIEVE,UNG,UNG,UNG,Post-filter
247,ytb_audio,equal,UNG,1.0,UNG,UNG,UNG,UNG,Post-filter
247,ytb_audio,or,ACORN,1.0,Post-filter,UNG,FilteredVamana,UNG,Post-filter
248,LAION1M,and,UNG,1.0,UNG,UNG,UNG,UNG,UNG
248,LAION1M,equal,UNG,1.0,UNG,UNG,UNG,UNG,UNG
248,LAION1M,or,Post-filter,1.0,Post-filter,Post-filter,UNG,UNG,UNG
248,tripclick,and,UNG,1.0,UNG,UNG,UNG,UNG,UNG
248,tripclick,equal,UNG,1.0,UNG,UNG,UNG,UNG,UNG
248,tripclick,or,UNG,1.0,Post-filter,UNG,UNG,UNG,UNG
248,yfcc,and,UNG,1.0,SIEVE,UNG,UNG,UNG,StitchedVamana
248,yfcc,equal,UNG,1.0,UNG,UNG,UNG,UNG,StitchedVamana
248,yfcc,or,FilteredVamana,1.0,Post-filter,StitchedVamana,StitchedVamana,UNG,StitchedVamana
248,ytb_audio,and,UNG,0.9,SIEVE,UNG,UNG,UNG,Post-filter
248,ytb_audio,equal,UNG,1.0,UNG,UNG,UNG,UNG,Post-filter
248,ytb_audio,or,StitchedVamana,1.0,Post-filter,UNG,FilteredVamana,UNG,Post-filter
249,LAION1M,and,UNG,1.0,UNG,Post-filter,UNG,UNG,UNG
249,LAION1M,equal,UNG,1.0,UNG,UNG,UNG,UNG,UNG
249,LAION1M,or,UNG,1.0,Post-filter,Post-filter,UNG,FilteredVamana,StitchedVamana
249,tripclick,and,Post-filter,1.0,UNG,UNG,UNG,UNG,UNG
249,tripclick,equal,UNG,1.0,UNG,UNG,UNG,UNG,UNG
249,tripclick,or,UNG,1.0,Post-filter,UNG,UNG,UNG,UNG
249,yfcc,and,FilteredVamana,1.0,SIEVE,UNG,UNG,UNG,StitchedVamana
249,yfcc,equal,UNG,1.0,UNG,UNG,UNG,UNG,StitchedVamana
249,yfcc,or,FilteredVamana,1.0,Post-filter,StitchedVamana,StitchedVamana,UNG,StitchedVamana
249,ytb_audio,and,SIEVE,1.0,SIEVE,UNG,UNG,UNG,Post-filter
249,ytb_audio,equal,UNG,1.0,UNG,UNG,UNG,UNG,Post-filter
249,ytb_audio,or,StitchedVamana,1.0,Post-filter,UNG,FilteredVamana,UNG,Post-filter
250,LAION1M,and,UNG,1.0,UNG,Post-filter,UNG,UNG,UNG
250,LAION1M,equal,UNG,1.0,UNG,UNG,UNG,UNG,UNG
250,LAION1M,or,UNG,1.0,Post-filter,UNG,UNG,UNG,UNG
250,tripclick,and,UNG,1.0,UNG,UNG,UNG,UNG,UNG
250,tripclick,equal,UNG,1.0,UNG,UNG,UNG,UNG,UNG
250,tripclick,or,UNG,1.0,Post-filter,UNG,UNG,UNG,UNG
250,yfcc,and,UNG,1.0,SIEVE,UNG,UNG,UNG,StitchedVamana
250,yfcc,equal,UNG,1.0,UNG,UNG,UNG,UNG,StitchedVamana
250,yfcc,or,FilteredVamana,1.0,Post-filter,StitchedVamana,StitchedVamana,UNG,StitchedVamana
250,ytb_audio,and,UNG,1.0,SIEVE,UNG,UNG,UNG,Post-filter
250,ytb_audio,equal,UNG,1.0,UNG,UNG,UNG,UNG,Post-filter
250,ytb_audio,or,UNG,1.0,Post-filter,UNG,FilteredVamana,UNG,Post-filter
251,LAION1M,and,UNG,1.0,UNG,Post-filter,UNG,UNG,UNG
251,LAION1M,equal,UNG,1.0,UNG,UNG,UNG,UNG,UNG
251,LAION1M,or,UNG,1.0,Post-filter,StitchedVamana,UNG,UNG,UNG
251,tripclick,and,UNG,1.0,UNG,UNG,UNG,UNG,UNG
251,tripclick,equal,UNG,1.0,UNG,UNG,UNG,UNG,UNG
251,tripclick,or,UNG,1.0,Post-filter,UNG,UNG,UNG,UNG
251,yfcc,and,UNG,1.0,SIEVE,UNG,UNG,UNG,StitchedVamana
251,yfcc,equal,UNG,1.0,UNG,UNG,UNG,UNG,StitchedVamana
251,yfcc,or,FilteredVamana,1.0,Post-filter,StitchedVamana,StitchedVamana,UNG,StitchedVamana
251,ytb_audio,and,UNG,1.0,SIEVE,UNG,UNG,UNG,Post-filter
251,ytb_audio,equal,UNG,1.0,UNG,UNG,UNG,UNG,Post-filter
251,ytb_audio,or,UNG,1.0,Post-filter,UNG,UNG,UNG,Post-filter
252,LAION1M,and,UNG,1.0,UNG,UNG,UNG,UNG,UNG
252,LAION1M,equal,UNG,1.0,UNG,UNG,UNG,UNG,UNG
252,LAION1M,or,UNG,1.0,Post-filter,Post-filter,UNG,UNG,UNG
252,tripclick,and,UNG,1.0,UNG,UNG,UNG,UNG,UNG
252,tripclick,equal,UNG,1.0,UNG,UNG,UNG,UNG,UNG
252,tripclick,or,UNG,1.0,Post-filter,UNG,UNG,UNG,UNG
252,yfcc,and,FilteredVamana,1.0,SIEVE,UNG,UNG,UNG,StitchedVamana
252,yfcc,equal,UNG,1.0,UNG,UNG,UNG,UNG,StitchedVamana
252,yfcc,or,FilteredVamana,1.0,Post-filter,StitchedVamana,StitchedVamana,UNG,StitchedVamana
252,ytb_audio,and,UNG,1.0,SIEVE,UNG,UNG,UNG,Post-filter
252,ytb_audio,equal,UNG,1.0,UNG,UNG,UNG,UNG,Post-filter
252,ytb_audio,or,StitchedVamana,1.0,Post-filter,UNG,FilteredVamana,UNG,Post-filter
253,LAION1M,and,UNG,1.0,UNG,UNG,UNG,UNG,UNG
253,LAION1M,equal,UNG,1.0,UNG,UNG,UNG,UNG,UNG
253,LAION1M,or,UNG,1.0,Post-filter,UNG,UNG,UNG,StitchedVamana
253,tripclick,and,UNG,1.0,UNG,UNG,UNG,UNG,UNG
253,tripclick,equal,UNG,1.0,UNG,UNG,UNG,UNG,UNG
253,tripclick,or,UNG,1.0,Post-filter,UNG,UNG,UNG,UNG
253,yfcc,and,UNG,1.0,SIEVE,UNG,UNG,UNG,StitchedVamana
253,yfcc,equal,UNG,1.0,UNG,UNG,UNG,UNG,StitchedVamana
253,yfcc,or,FilteredVamana,1.0,Post-filter,FilteredVamana,StitchedVamana,UNG,StitchedVamana
253,ytb_audio,and,UNG,1.0,SIEVE,UNG,UNG,UNG,Post-filter
253,ytb_audio,equal,UNG,1.0,UNG,UNG,UNG,UNG,Post-filter
253,ytb_audio,or,StitchedVamana,1.0,Post-filter,UNG,FilteredVamana,UNG,Post-filter
254,LAION1M,and,UNG,1.0,UNG,UNG,UNG,UNG,UNG
254,LAION1M,equal,UNG,1.0,UNG,UNG,UNG,UNG,UNG
254,LAION1M,or,UNG,1.0,Post-filter,UNG,UNG,UNG,StitchedVamana
254,tripclick,and,UNG,1.0,UNG,UNG,UNG,UNG,UNG
254,tripclick,equal,UNG,1.0,UNG,UNG,UNG,UNG,UNG
254,tripclick,or,UNG,1.0,Post-filter,UNG,UNG,UNG,UNG
254,yfcc,and,UNG,1.0,SIEVE,UNG,UNG,UNG,StitchedVamana
254,yfcc,equal,UNG,1.0,UNG,UNG,UNG,UNG,StitchedVamana
254,yfcc,or,FilteredVamana,1.0,Post-filter,StitchedVamana,StitchedVamana,UNG,StitchedVamana
254,ytb_audio,and,SIEVE,1.0,SIEVE,UNG,UNG,UNG,Post-filter
254,ytb_audio,equal,UNG,1.0,UNG,UNG,UNG,UNG,Post-filter
254,ytb_audio,or,StitchedVamana,1.0,Post-filter,UNG,FilteredVamana,UNG,Post-filter
255,LAION1M,and,UNG,1.0,UNG,UNG,UNG,UNG,UNG
255,LAION1M,equal,UNG,1.0,UNG,UNG,UNG,UNG,UNG
255,LAION1M,or,UNG,1.0,Post-filter,Post-filter,UNG,UNG,UNG
255,tripclick,and,UNG,1.0,UNG,UNG,UNG,UNG,UNG
255,tripclick,equal,UNG,1.0,UNG,UNG,UNG,UNG,UNG
255,tripclick,or,UNG,1.0,Post-filter,UNG,UNG,UNG,UNG
255,yfcc,and,FilteredVamana,1.0,SIEVE,UNG,UNG,UNG,StitchedVamana
255,yfcc,equal,UNG,1.0,UNG,UNG,UNG,UNG,StitchedVamana
255,yfcc,or,FilteredVamana,1.0,Post-filter,FilteredVamana,StitchedVamana,UNG,StitchedVamana
255,ytb_audio,and,UNG,1.0,SIEVE,UNG,UNG,UNG,Post-filter
255,ytb_audio,equal,UNG,1.0,UNG,UNG,UNG,UNG,Post-filter
255,ytb_audio,or,StitchedVamana,1.0,Post-filter,UNG,UNG,UNG,Post-filter
256,LAION1M,and,UNG,1.0,UNG,UNG,UNG,UNG,UNG
256,LAION1M,equal,UNG,1.0,UNG,UNG,UNG,UNG,UNG
256,LAION1M,or,UNG,1.0,Post-filter,Post-filter,UNG,UNG,UNG
256,tripclick,and,UNG,1.0,UNG,UNG,UNG,UNG,UNG
256,tripclick,equal,UNG,1.0,UNG,UNG,UNG,UNG,UNG
256,tripclick,or,UNG,1.0,Post-filter,UNG,UNG,UNG,UNG
256,yfcc,and,UNG,1.0,SIEVE,UNG,UNG,UNG,StitchedVamana
256,yfcc,equal,UNG,1.0,UNG,UNG,UNG,UNG,StitchedVamana
256,yfcc,or,FilteredVamana,1.0,Post-filter,StitchedVamana,StitchedVamana,UNG,StitchedVamana
256,ytb_audio,and,SIEVE,1.0,SIEVE,UNG,UNG,UNG,Post-filter
256,ytb_audio,equal,UNG,1.0,UNG,UNG,UNG,UNG,Post-filter
256,ytb_audio,or,StitchedVamana,1.0,Post-filter,UNG,FilteredVamana,UNG,Post-filter
257,LAION1M,and,UNG,1.0,UNG,Post-filter,UNG,UNG,UNG
257,LAION1M,equal,UNG,1.0,UNG,UNG,UNG,UNG,UNG
257,LAION1M,or,UNG,1.0,Post-filter,Post-filter,UNG,FilteredVamana,StitchedVamana
257,tripclick,and,UNG,1.0,UNG,UNG,UNG,UNG,UNG
257,tripclick,equal,UNG,1.0,UNG,UNG,UNG,UNG,UNG
257,tripclick,or,UNG,1.0,Post-filter,UNG,UNG,UNG,UNG
257,yfcc,and,UNG,1.0,SIEVE,UNG,UNG,UNG,StitchedVamana
257,yfcc,equal,UNG,1.0,UNG,UNG,UNG,UNG,StitchedVamana
257,yfcc,or,FilteredVamana,1.0,Post-filter,StitchedVamana,StitchedVamana,UNG,StitchedVamana
257,ytb_audio,and,UNG,1.0,SIEVE,UNG,UNG,UNG,Post-filter
257,ytb_audio,equal,UNG,1.0,UNG,UNG,UNG,UNG,Post-filter
257,ytb_audio,or,StitchedVamana,1.0,Post-filter,UNG,FilteredVamana,UNG,Post-filter
258,LAION1M,and,UNG,1.0,UNG,UNG,UNG,UNG,UNG
258,LAION1M,equal,UNG,1.0,UNG,UNG,UNG,UNG,UNG
258,LAION1M,or,UNG,1.0,Post-filter,StitchedVamana,UNG,UNG,UNG
258,tripclick,and,UNG,1.0,UNG,UNG,UNG,UNG,UNG
258,tripclick,equal,UNG,1.0,UNG,UNG,UNG,UNG,UNG
258,tripclick,or,UNG,1.0,Post-filter,UNG,UNG,UNG,UNG
258,yfcc,and,UNG,1.0,SIEVE,UNG,UNG,UNG,StitchedVamana
258,yfcc,equal,UNG,1.0,UNG,UNG,UNG,UNG,StitchedVamana
258,yfcc,or,FilteredVamana,1.0,Post-filter,StitchedVamana,StitchedVamana,UNG,StitchedVamana
258,ytb_audio,and,SIEVE,1.0,SIEVE,UNG,UNG,UNG,Post-filter
258,ytb_audio,equal,UNG,1.0,UNG,UNG,UNG,UNG,Post-filter
258,ytb_audio,or,UNG,1.0,Post-filter,UNG,UNG,UNG,Post-filter
259,LAION1M,and,UNG,1.0,UNG,UNG,UNG,UNG,UNG
259,LAION1M,equal,UNG,1.0,UNG,UNG,UNG,UNG,UNG
259,LAION1M,or,UNG,1.0,Post-filter,Post-filter,UNG,FilteredVamana,StitchedVamana
259,tripclick,and,UNG,1.0,UNG,UNG,UNG,UNG,UNG
259,tripclick,equal,UNG,1.0,UNG,UNG,UNG,UNG,UNG
259,tripclick,or,UNG,1.0,Post-filter,UNG,UNG,UNG,UNG
259,yfcc,and,UNG,1.0,SIEVE,UNG,UNG,UNG,StitchedVamana
259,yfcc,equal,UNG,1.0,UNG,UNG,UNG,UNG,StitchedVamana
259,yfcc,or,FilteredVamana,1.0,Post-filter,StitchedVamana,StitchedVamana,UNG,StitchedVamana
259,ytb_audio,and,UNG,1.0,SIEVE,UNG,UNG,UNG,Post-filter
259,ytb_audio,equal,UNG,1.0,UNG,UNG,UNG,UNG,Post-filter
259,ytb_audio,or,UNG,1.0,Post-filter,UNG,UNG,UNG,Post-filter
260,LAION1M,and,UNG,1.0,UNG,UNG,UNG,UNG,UNG
260,LAION1M,equal,UNG,1.0,UNG,UNG,UNG,UNG,UNG
260,LAION1M,or,UNG,1.0,Post-filter,UNG,UNG,UNG,UNG
260,tripclick,and,UNG,1.0,UNG,UNG,UNG,UNG,UNG
260,tripclick,equal,UNG,1.0,UNG,UNG,UNG,UNG,UNG
260,tripclick,or,UNG,1.0,Post-filter,UNG,UNG,UNG,UNG
260,yfcc,and,FilteredVamana,1.0,SIEVE,UNG,UNG,UNG,StitchedVamana
260,yfcc,equal,UNG,1.0,UNG,UNG,UNG,UNG,StitchedVamana
260,yfcc,or,FilteredVamana,1.0,Post-filter,StitchedVamana,StitchedVamana,UNG,StitchedVamana
260,ytb_audio,and,UNG,1.0,SIEVE,UNG,UNG,UNG,Post-filter
260,ytb_audio,equal,UNG,1.0,UNG,UNG,UNG,UNG,Post-filter
260,ytb_audio,or,StitchedVamana,1.0,Post-filter,UNG,FilteredVamana,UNG,Post-filter
261,LAION1M,and,UNG,1.0,UNG,UNG,UNG,UNG,UNG
261,LAION1M,equal,UNG,1.0,UNG,UNG,UNG,UNG,UNG
261,LAION1M,or,UNG,1.0,Post-filter,Post-filter,UNG,FilteredVamana,StitchedVamana
261,tripclick,and,UNG,1.0,UNG,UNG,UNG,UNG,UNG
261,tripclick,equal,UNG,1.0,UNG,UNG,UNG,UNG,UNG
261,tripclick,or,UNG,1.0,Post-filter,UNG,UNG,UNG,UNG
261,yfcc,and,UNG,1.0,SIEVE,UNG,UNG,UNG,StitchedVamana
261,yfcc,equal,UNG,1.0,UNG,UNG,UNG,UNG,StitchedVamana
261,yfcc,or,FilteredVamana,1.0,Post-filter,StitchedVamana,StitchedVamana,UNG,StitchedVamana
261,ytb_audio,and,UNG,1.0,SIEVE,UNG,UNG,UNG,Post-filter
261,ytb_audio,equal,UNG,1.0,UNG,UNG,UNG,UNG,Post-filter
261,ytb_audio,or,UNG,1.0,Post-filter,UNG,UNG,UNG,Post-filter
262,LAION1M,and,UNG,1.0,UNG,UNG,UNG,UNG,UNG
262,LAION1M,equal,UNG,1.0,UNG,UNG,UNG,UNG,UNG
262,LAION1M,or,UNG,1.0,Post-filter,UNG,UNG,UNG,StitchedVamana
262,tripclick,and,UNG,1.0,UNG,UNG,UNG,UNG,UNG
262,tripclick,equal,UNG,1.0,UNG,UNG,UNG,UNG,UNG
262,tripclick,or,UNG,1.0,Post-filter,UNG,UNG,UNG,UNG
262,yfcc,and,UNG,1.0,SIEVE,UNG,UNG,UNG,StitchedVamana
262,yfcc,equal,UNG,1.0,UNG,UNG,UNG,UNG,StitchedVamana
262,yfcc,or,FilteredVamana,1.0,Post-filter,UNG,StitchedVamana,UNG,StitchedVamana
262,ytb_audio,and,UNG,1.0,SIEVE,UNG,UNG,UNG,Post-filter
262,ytb_audio,equal,UNG,1.0,UNG,UNG,UNG,UNG,Post-filter
262,ytb_audio,or,SIEVE,1.0,Post-filter,UNG,UNG,UNG,Post-filter
263,LAION1M,and,UNG,1.0,UNG,Post-filter,UNG,UNG,UNG
263,LAION1M,equal,UNG,1.0,UNG,UNG,UNG,UNG,UNG
263,LAION1M,or,UNG,1.0,Post-filter,UNG,UNG,UNG,UNG
263,tripclick,and,UNG,1.0,UNG,UNG,UNG,UNG,UNG
263,tripclick,equal,UNG,1.0,UNG,UNG,UNG,UNG,UNG
263,tripclick,or,Post-filter,1.0,Post-filter,UNG,UNG,UNG,UNG
263,yfcc,and,UNG,1.0,SIEVE,UNG,UNG,UNG,StitchedVamana
263,yfcc,equal,UNG,1.0,UNG,UNG,UNG,UNG,StitchedVamana
263,yfcc,or,FilteredVamana,1.0,Post-filter,StitchedVamana,StitchedVamana,UNG,StitchedVamana
263,ytb_audio,and,SIEVE,1.0,SIEVE,UNG,UNG,UNG,Post-filter
263,ytb_audio,equal,UNG,1.0,UNG,UNG,UNG,UNG,Post-filter
263,ytb_audio,or,Post-filter,1.0,Post-filter,UNG,UNG,UNG,Post-filter
264,LAION1M,and,UNG,1.0,UNG,UNG,UNG,UNG,UNG
264,LAION1M,equal,UNG,1.0,UNG,UNG,UNG,UNG,UNG
264,LAION1M,or,UNG,1.0,Post-filter,UNG,UNG,UNG,StitchedVamana
264,tripclick,and,UNG,1.0,UNG,UNG,UNG,UNG,UNG
264,tripclick,equal,UNG,1.0,UNG,UNG,UNG,UNG,UNG
264,tripclick,or,UNG,1.0,Post-filter,UNG,UNG,UNG,UNG
264,yfcc,and,UNG,1.0,SIEVE,UNG,UNG,UNG,StitchedVamana
264,yfcc,equal,UNG,1.0,UNG,UNG,UNG,UNG,StitchedVamana
264,yfcc,or,FilteredVamana,1.0,Post-filter,StitchedVamana,StitchedVamana,UNG,StitchedVamana
264,ytb_audio,and,UNG,1.0,SIEVE,UNG,UNG,UNG,Post-filter
264,ytb_audio,equal,UNG,1.0,UNG,UNG,UNG,UNG,Post-filter
264,ytb_audio,or,StitchedVamana,1.0,Post-filter,UNG,UNG,UNG,Post-filter
265,LAION1M,and,UNG,1.0,UNG,UNG,UNG,UNG,UNG
265,LAION1M,equal,UNG,1.0,UNG,UNG,UNG,UNG,UNG
265,LAION1M,or,UNG,1.0,Post-filter,StitchedVamana,UNG,UNG,StitchedVamana
265,tripclick,and,UNG,1.0,UNG,UNG,UNG,UNG,UNG
265,tripclick,equal,UNG,1.0,UNG,UNG,UNG,UNG,UNG
265,tripclick,or,UNG,1.0,Post-filter,UNG,UNG,UNG,UNG
265,yfcc,and,UNG,1.0,SIEVE,UNG,UNG,UNG,StitchedVamana
265,yfcc,equal,UNG,1.0,UNG,UNG,UNG,UNG,StitchedVamana
265,yfcc,or,FilteredVamana,1.0,Post-filter,StitchedVamana,StitchedVamana,UNG,StitchedVamana
265,ytb_audio,and,UNG,1.0,SIEVE,UNG,UNG,UNG,Post-filter
265,ytb_audio,equal,UNG,1.0,UNG,UNG,UNG,UNG,Post-filter
265,ytb_audio,or,StitchedVamana,1.0,Post-filter,UNG,FilteredVamana,UNG,Post-filter
266,LAION1M,and,UNG,1.0,UNG,UNG,UNG,UNG,UNG
266,LAION1M,equal,UNG,1.0,UNG,UNG,UNG,UNG,UNG
266,LAION1M,or,UNG,1.0,Post-filter,Post-filter,UNG,UNG,UNG
266,tripclick,and,UNG,1.0,UNG,UNG,UNG,UNG,UNG
266,tripclick,equal,UNG,1.0,UNG,UNG,UNG,UNG,UNG
266,tripclick,or,UNG,1.0,Post-filter,UNG,UNG,UNG,UNG
266,yfcc,and,Post-filter,1.0,SIEVE,UNG,UNG,UNG,StitchedVamana
266,yfcc,equal,UNG,1.0,UNG,UNG,UNG,UNG,StitchedVamana
266,yfcc,or,FilteredVamana,1.0,Post-filter,StitchedVamana,StitchedVamana,UNG,StitchedVamana
266,ytb_audio,and,SIEVE,1.0,SIEVE,UNG,UNG,UNG,Post-filter
266,ytb_audio,equal,UNG,1.0,UNG,UNG,UNG,UNG,Post-filter
266,ytb_audio,or,Post-filter,1.0,Post-filter,UNG,UNG,UNG,Post-filter
267,LAION1M,and,UNG,1.0,UNG,Post-filter,UNG,UNG,UNG
267,LAION1M,equal,UNG,1.0,UNG,UNG,UNG,UNG,UNG
267,LAION1M,or,UNG,1.0,Post-filter,UNG,UNG,UNG,UNG
267,tripclick,and,UNG,1.0,UNG,UNG,UNG,UNG,UNG
267,tripclick,equal,UNG,1.0,UNG,UNG,UNG,UNG,UNG
267,tripclick,or,UNG,1.0,Post-filter,UNG,UNG,UNG,UNG
267,yfcc,and,FilteredVamana,1.0,SIEVE,UNG,UNG,UNG,StitchedVamana
267,yfcc,equal,UNG,1.0,UNG,UNG,UNG,UNG,StitchedVamana
267,yfcc,or,FilteredVamana,1.0,Post-filter,StitchedVamana,StitchedVamana,UNG,StitchedVamana
267,ytb_audio,and,UNG,1.0,SIEVE,UNG,UNG,UNG,Post-filter
267,ytb_audio,equal,UNG,1.0,UNG,UNG,UNG,UNG,Post-filter
267,ytb_audio,or,UNG,1.0,Post-filter,UNG,UNG,UNG,Post-filter
268,LAION1M,and,UNG,1.0,UNG,UNG,UNG,UNG,UNG
268,LAION1M,equal,UNG,1.0,UNG,UNG,UNG,UNG,UNG
268,LAION1M,or,UNG,1.0,Post-filter,Post-filter,UNG,UNG,UNG
268,tripclick,and,UNG,1.0,UNG,UNG,UNG,UNG,UNG
268,tripclick,equal,UNG,1.0,UNG,UNG,UNG,UNG,UNG
268,tripclick,or,UNG,1.0,Post-filter,UNG,UNG,UNG,UNG
268,yfcc,and,UNG,1.0,SIEVE,UNG,UNG,UNG,StitchedVamana
268,yfcc,equal,UNG,1.0,UNG,UNG,UNG,UNG,StitchedVamana
268,yfcc,or,FilteredVamana,1.0,Post-filter,StitchedVamana,StitchedVamana,UNG,StitchedVamana
268,ytb_audio,and,UNG,1.0,SIEVE,UNG,UNG,UNG,Post-filter
268,ytb_audio,equal,UNG,1.0,UNG,UNG,UNG,UNG,Post-filter
268,ytb_audio,or,StitchedVamana,1.0,Post-filter,UNG,UNG,UNG,Post-filter
269,LAION1M,and,UNG,1.0,UNG,UNG,UNG,UNG,UNG
269,LAION1M,equal,UNG,1.0,UNG,UNG,UNG,UNG,UNG
269,LAION1M,or,UNG,1.0,Post-filter,UNG,UNG,UNG,UNG
269,tripclick,and,UNG,1.0,UNG,UNG,UNG,UNG,UNG
269,tripclick,equal,UNG,1.0,UNG,UNG,UNG,UNG,UNG
269,tripclick,or,UNG,1.0,Post-filter,UNG,UNG,UNG,UNG
269,yfcc,and,UNG,1.0,SIEVE,UNG,UNG,UNG,StitchedVamana
269,yfcc,equal,UNG,1.0,UNG,UNG,UNG,UNG,StitchedVamana
269,yfcc,or,FilteredVamana,1.0,Post-filter,StitchedVamana,StitchedVamana,UNG,StitchedVamana
269,ytb_audio,and,SIEVE,1.0,SIEVE,UNG,UNG,UNG,Post-filter
269,ytb_audio,equal,UNG,1.0,UNG,UNG,UNG,UNG,Post-filter
269,ytb_audio,or,StitchedVamana,1.0,Post-filter,UNG,FilteredVamana,UNG,Post-filter
270,LAION1M,and,UNG,1.0,UNG,UNG,UNG,UNG,UNG
270,LAION1M,equal,UNG,1.0,UNG,UNG,UNG,UNG,UNG
270,LAION1M,or,UNG,1.0,Post-filter,Post-filter,UNG,UNG,UNG
270,tripclick,and,Post-filter,1.0,UNG,UNG,UNG,UNG,UNG
270,tripclick,equal,UNG,1.0,UNG,UNG,UNG,UNG,UNG
270,tripclick,or,Post-filter,1.0,Post-filter,UNG,UNG,UNG,UNG
270,yfcc,and,UNG,1.0,SIEVE,UNG,UNG,UNG,StitchedVamana
270,yfcc,equal,UNG,1.0,UNG,UNG,UNG,UNG,StitchedVamana
270,yfcc,or,FilteredVamana,1.0,Post-filter,StitchedVamana,StitchedVamana,UNG,StitchedVamana
270,ytb_audio,and,SIEVE,1.0,SIEVE,UNG,UNG,UNG,Post-filter
270,ytb_audio,equal,UNG,1.0,UNG,UNG,UNG,UNG,Post-filter
270,ytb_audio,or,UNG,1.0,Post-filter,UNG,UNG,UNG,Post-filter
271,LAION1M,and,UNG,1.0,UNG,Post-filter,UNG,UNG,UNG
271,LAION1M,equal,UNG,1.0,UNG,UNG,UNG,UNG,UNG
271,LAION1M,or,UNG,1.0,Post-filter,Post-filter,UNG,UNG,UNG
271,tripclick,and,UNG,1.0,UNG,UNG,UNG,UNG,UNG
271,tripclick,equal,UNG,1.0,UNG,UNG,UNG,UNG,UNG
271,tripclick,or,UNG,1.0,Post-filter,UNG,UNG,UNG,UNG
271,yfcc,and,UNG,1.0,SIEVE,UNG,UNG,UNG,StitchedVamana
271,yfcc,equal,UNG,1.0,UNG,UNG,UNG,UNG,StitchedVamana
271,yfcc,or,FilteredVamana,1.0,Post-filter,StitchedVamana,StitchedVamana,UNG,StitchedVamana
271,ytb_audio,and,UNG,1.0,SIEVE,UNG,UNG,UNG,Post-filter
271,ytb_audio,equal,UNG,1.0,UNG,UNG,UNG,UNG,Post-filter
271,ytb_audio,or,UNG,1.0,Post-filter,UNG,UNG,UNG,Post-filter
272,LAION1M,and,UNG,1.0,UNG,UNG,UNG,UNG,UNG
272,LAION1M,equal,UNG,1.0,UNG,UNG,UNG,UNG,UNG
272,LAION1M,or,UNG,1.0,Post-filter,UNG,UNG,UNG,UNG
272,tripclick,and,UNG,1.0,UNG,UNG,UNG,UNG,UNG
272,tripclick,equal,UNG,1.0,UNG,UNG,UNG,UNG,UNG
272,tripclick,or,UNG,1.0,Post-filter,UNG,UNG,UNG,UNG
272,yfcc,and,UNG,1.0,SIEVE,UNG,UNG,UNG,StitchedVamana
272,yfcc,equal,UNG,1.0,UNG,UNG,UNG,UNG,StitchedVamana
272,yfcc,or,FilteredVamana,1.0,Post-filter,StitchedVamana,StitchedVamana,UNG,StitchedVamana
272,ytb_audio,and,UNG,1.0,SIEVE,UNG,UNG,UNG,Post-filter
272,ytb_audio,equal,UNG,1.0,UNG,UNG,UNG,UNG,Post-filter
272,ytb_audio,or,StitchedVamana,1.0,Post-filter,UNG,FilteredVamana,UNG,Post-filter
273,LAION1M,and,UNG,1.0,UNG,Post-filter,UNG,UNG,UNG
273,LAION1M,equal,UNG,1.0,UNG,UNG,UNG,UNG,UNG
273,LAION1M,or,UNG,1.0,Post-filter,Post-filter,UNG,UNG,UNG
273,tripclick,and,UNG,1.0,UNG,UNG,UNG,UNG,UNG
273,tripclick,equal,UNG,1.0,UNG,UNG,UNG,UNG,UNG
273,tripclick,or,UNG,1.0,Post-filter,UNG,UNG,UNG,UNG
273,yfcc,and,FilteredVamana,1.0,SIEVE,UNG,UNG,UNG,StitchedVamana
273,yfcc,equal,UNG,1.0,UNG,UNG,UNG,UNG,StitchedVamana
273,yfcc,or,FilteredVamana,1.0,Post-filter,UNG,UNG,UNG,StitchedVamana
273,ytb_audio,and,UNG,1.0,SIEVE,UNG,UNG,UNG,Post-filter
273,ytb_audio,equal,UNG,1.0,UNG,UNG,UNG,UNG,Post-filter
273,ytb_audio,or,UNG,1.0,Post-filter,UNG,UNG,UNG,Post-filter
274,LAION1M,and,UNG,1.0,UNG,UNG,UNG,UNG,UNG
274,LAION1M,equal,UNG,1.0,UNG,UNG,UNG,UNG,UNG
274,LAION1M,or,UNG,1.0,Post-filter,StitchedVamana,UNG,UNG,UNG
274,tripclick,and,UNG,1.0,UNG,UNG,UNG,UNG,UNG
274,tripclick,equal,UNG,1.0,UNG,UNG,UNG,UNG,UNG
274,tripclick,or,UNG,1.0,Post-filter,UNG,UNG,UNG,UNG
274,yfcc,and,ACORN,1.0,SIEVE,UNG,UNG,UNG,StitchedVamana
274,yfcc,equal,UNG,1.0,UNG,UNG,UNG,UNG,StitchedVamana
274,yfcc,or,FilteredVamana,1.0,Post-filter,StitchedVamana,StitchedVamana,UNG,StitchedVamana
274,ytb_audio,and,SIEVE,1.0,SIEVE,UNG,UNG,UNG,Post-filter
274,ytb_audio,equal,UNG,1.0,UNG,UNG,UNG,UNG,Post-filter
274,ytb_audio,or,StitchedVamana,1.0,Post-filter,UNG,FilteredVamana,UNG,Post-filter
275,LAION1M,and,UNG,1.0,UNG,Post-filter,UNG,UNG,UNG
275,LAION1M,equal,UNG,1.0,UNG,UNG,UNG,UNG,UNG
275,LAION1M,or,UNG,1.0,Post-filter,Post-filter,UNG,FilteredVamana,StitchedVamana
275,tripclick,and,UNG,1.0,UNG,UNG,UNG,UNG,UNG
275,tripclick,equal,UNG,1.0,UNG,UNG,UNG,UNG,UNG
275,tripclick,or,UNG,1.0,Post-filter,UNG,UNG,UNG,UNG
275,yfcc,and,UNG,1.0,SIEVE,UNG,UNG,UNG,StitchedVamana
275,yfcc,equal,UNG,1.0,UNG,UNG,UNG,UNG,StitchedVamana
275,yfcc,or,FilteredVamana,1.0,Post-filter,StitchedVamana,StitchedVamana,UNG,StitchedVamana
275,ytb_audio,and,UNG,1.0,SIEVE,UNG,UNG,UNG,Post-filter
275,ytb_audio,equal,UNG,1.0,UNG,UNG,UNG,UNG,Post-filter
275,ytb_audio,or,StitchedVamana,1.0,Post-filter,UNG,FilteredVamana,UNG,Post-filter
276,LAION1M,and,UNG,1.0,UNG,UNG,UNG,UNG,UNG
276,LAION1M,equal,UNG,1.0,UNG,UNG,UNG,UNG,UNG
276,LAION1M,or,UNG,1.0,Post-filter,UNG,UNG,FilteredVamana,FilteredVamana
276,tripclick,and,UNG,1.0,UNG,UNG,UNG,UNG,UNG
276,tripclick,equal,UNG,1.0,UNG,UNG,UNG,UNG,UNG
276,tripclick,or,UNG,1.0,Post-filter,UNG,UNG,UNG,UNG
276,yfcc,and,UNG,1.0,SIEVE,UNG,UNG,UNG,StitchedVamana
276,yfcc,equal,UNG,1.0,UNG,UNG,UNG,UNG,StitchedVamana
276,yfcc,or,FilteredVamana,1.0,Post-filter,StitchedVamana,StitchedVamana,UNG,StitchedVamana
276,ytb_audio,and,UNG,1.0,SIEVE,UNG,UNG,UNG,Post-filter
276,ytb_audio,equal,UNG,1.0,UNG,UNG,UNG,UNG,Post-filter
276,ytb_audio,or,StitchedVamana,1.0,Post-filter,UNG,UNG,UNG,Post-filter
277,LAION1M,and,ACORN,1.0,UNG,Post-filter,UNG,UNG,UNG
277,LAION1M,equal,UNG,1.0,UNG,UNG,UNG,UNG,UNG
277,LAION1M,or,UNG,1.0,Post-filter,UNG,UNG,UNG,StitchedVamana
277,tripclick,and,UNG,1.0,UNG,UNG,UNG,UNG,UNG
277,tripclick,equal,UNG,1.0,UNG,UNG,UNG,UNG,UNG
277,tripclick,or,UNG,1.0,Post-filter,UNG,UNG,UNG,UNG
277,yfcc,and,UNG,1.0,SIEVE,UNG,UNG,UNG,StitchedVamana
277,yfcc,equal,UNG,1.0,UNG,UNG,UNG,UNG,StitchedVamana
277,yfcc,or,FilteredVamana,1.0,Post-filter,StitchedVamana,StitchedVamana,UNG,StitchedVamana
277,ytb_audio,and,SIEVE,1.0,SIEVE,UNG,UNG,UNG,Post-filter
277,ytb_audio,equal,UNG,1.0,UNG,UNG,UNG,UNG,Post-filter
277,ytb_audio,or,StitchedVamana,1.0,Post-filter,UNG,FilteredVamana,UNG,Post-filter
278,LAION1M,and,UNG,1.0,UNG,UNG,UNG,UNG,UNG
278,LAION1M,equal,UNG,1.0,UNG,UNG,UNG,UNG,UNG
278,LAION1M,or,UNG,1.0,Post-filter,Post-filter,UNG,UNG,UNG
278,tripclick,and,UNG,1.0,UNG,UNG,UNG,UNG,UNG
278,tripclick,equal,UNG,1.0,UNG,UNG,UNG,UNG,UNG
278,tripclick,or,UNG,1.0,Post-filter,UNG,UNG,UNG,UNG
278,yfcc,and,UNG,1.0,SIEVE,UNG,UNG,UNG,StitchedVamana
278,yfcc,equal,UNG,1.0,UNG,UNG,UNG,UNG,StitchedVamana
278,yfcc,or,FilteredVamana,1.0,Post-filter,StitchedVamana,StitchedVamana,UNG,StitchedVamana
278,ytb_audio,and,UNG,1.0,SIEVE,UNG,UNG,UNG,Post-filter
278,ytb_audio,equal,UNG,1.0,UNG,UNG,UNG,UNG,Post-filter
278,ytb_audio,or,StitchedVamana,0.9,Post-filter,UNG,UNG,UNG,Post-filter
279,LAION1M,and,UNG,1.0,UNG,UNG,UNG,UNG,UNG
279,LAION1M,equal,UNG,1.0,UNG,UNG,UNG,UNG,UNG
279,LAION1M,or,UNG,1.0,Post-filter,UNG,UNG,UNG,StitchedVamana
279,tripclick,and,Post-filter,1.0,UNG,UNG,UNG,UNG,UNG
279,tripclick,equal,UNG,1.0,UNG,UNG,UNG,UNG,UNG
279,tripclick,or,UNG,1.0,Post-filter,UNG,UNG,UNG,UNG
279,yfcc,and,FilteredVamana,1.0,SIEVE,UNG,UNG,UNG,StitchedVamana
279,yfcc,equal,UNG,1.0,UNG,UNG,UNG,UNG,StitchedVamana
279,yfcc,or,FilteredVamana,1.0,Post-filter,FilteredVamana,StitchedVamana,UNG,StitchedVamana
279,ytb_audio,and,UNG,1.0,SIEVE,UNG,UNG,UNG,Post-filter
279,ytb_audio,equal,UNG,1.0,UNG,UNG,UNG,UNG,Post-filter
279,ytb_audio,or,UNG,1.0,Post-filter,UNG,UNG,UNG,Post-filter
280,LAION1M,and,UNG,1.0,UNG,UNG,UNG,UNG,UNG
280,LAION1M,equal,UNG,1.0,UNG,UNG,UNG,UNG,UNG
280,LAION1M,or,UNG,1.0,Post-filter,UNG,UNG,UNG,UNG
280,tripclick,and,UNG,1.0,UNG,UNG,UNG,UNG,UNG
280,tripclick,equal,UNG,1.0,UNG,UNG,UNG,UNG,UNG
280,tripclick,or,UNG,1.0,Post-filter,UNG,UNG,UNG,UNG
280,yfcc,and,FilteredVamana,1.0,SIEVE,UNG,UNG,UNG,StitchedVamana
280,yfcc,equal,UNG,1.0,UNG,UNG,UNG,UNG,StitchedVamana
280,yfcc,or,Post-filter,1.0,Post-filter,FilteredVamana,StitchedVamana,UNG,StitchedVamana
280,ytb_audio,and,SIEVE,1.0,SIEVE,UNG,UNG,UNG,Post-filter
280,ytb_audio,equal,UNG,1.0,UNG,UNG,UNG,UNG,Post-filter
280,ytb_audio,or,StitchedVamana,1.0,Post-filter,UNG,UNG,UNG,Post-filter
281,LAION1M,and,UNG,1.0,UNG,Post-filter,UNG,UNG,UNG
281,LAION1M,equal,UNG,1.0,UNG,UNG,UNG,UNG,UNG
281,LAION1M,or,UNG,1.0,Post-filter,Post-filter,UNG,UNG,UNG
281,tripclick,and,Post-filter,1.0,UNG,UNG,UNG,UNG,UNG
281,tripclick,equal,UNG,1.0,UNG,UNG,UNG,UNG,UNG
281,tripclick,or,UNG,1.0,Post-filter,UNG,UNG,UNG,UNG
281,yfcc,and,FilteredVamana,1.0,SIEVE,UNG,UNG,UNG,StitchedVamana
281,yfcc,equal,UNG,1.0,UNG,UNG,UNG,UNG,StitchedVamana
281,yfcc,or,FilteredVamana,1.0,Post-filter,StitchedVamana,StitchedVamana,UNG,StitchedVamana
281,ytb_audio,and,UNG,0.9,SIEVE,UNG,UNG,UNG,Post-filter
281,ytb_audio,equal,UNG,1.0,UNG,UNG,UNG,UNG,Post-filter
281,ytb_audio,or,StitchedVamana,1.0,Post-filter,UNG,UNG,UNG,Post-filter
282,LAION1M,and,UNG,1.0,UNG,UNG,UNG,UNG,UNG
282,LAION1M,equal,UNG,1.0,UNG,UNG,UNG,UNG,UNG
282,LAION1M,or,UNG,1.0,Post-filter,UNG,UNG,UNG,UNG
282,tripclick,and,UNG,1.0,UNG,UNG,UNG,UNG,UNG
282,tripclick,equal,UNG,1.0,UNG,UNG,UNG,UNG,UNG
282,tripclick,or,Post-filter,1.0,Post-filter,UNG,UNG,UNG,UNG
282,yfcc,and,UNG,1.0,SIEVE,UNG,UNG,UNG,StitchedVamana
282,yfcc,equal,UNG,1.0,UNG,UNG,UNG,UNG,StitchedVamana
282,yfcc,or,Post-filter,1.0,Post-filter,StitchedVamana,StitchedVamana,UNG,StitchedVamana
282,ytb_audio,and,UNG,1.0,SIEVE,UNG,UNG,UNG,Post-filter
282,ytb_audio,equal,UNG,1.0,UNG,UNG,UNG,UNG,Post-filter
282,ytb_audio,or,StitchedVamana,1.0,Post-filter,UNG,UNG,UNG,Post-filter
283,LAION1M,and,UNG,1.0,UNG,UNG,UNG,UNG,UNG
283,LAION1M,equal,UNG,1.0,UNG,UNG,UNG,UNG,UNG
283,LAION1M,or,UNG,1.0,Post-filter,UNG,UNG,UNG,StitchedVamana
283,tripclick,and,UNG,1.0,UNG,UNG,UNG,UNG,UNG
283,tripclick,equal,UNG,1.0,UNG,UNG,UNG,UNG,UNG
283,tripclick,or,UNG,1.0,Post-filter,UNG,UNG,UNG,UNG
283,yfcc,and,UNG,1.0,SIEVE,UNG,UNG,UNG,StitchedVamana
283,yfcc,equal,UNG,1.0,UNG,UNG,UNG,UNG,StitchedVamana
283,yfcc,or,FilteredVamana,1.0,Post-filter,StitchedVamana,StitchedVamana,UNG,StitchedVamana
283,ytb_audio,and,UNG,1.0,SIEVE,UNG,UNG,UNG,Post-filter
283,ytb_audio,equal,UNG,1.0,UNG,UNG,UNG,UNG,Post-filter
283,ytb_audio,or,StitchedVamana,1.0,Post-filter,UNG,FilteredVamana,UNG,Post-filter
284,LAION1M,and,UNG,1.0,UNG,Post-filter,UNG,UNG,UNG
284,LAION1M,equal,UNG,1.0,UNG,UNG,UNG,UNG,UNG
284,LAION1M,or,UNG,1.0,Post-filter,UNG,UNG,UNG,StitchedVamana
284,tripclick,and,UNG,1.0,UNG,UNG,UNG,UNG,UNG
284,tripclick,equal,UNG,1.0,UNG,UNG,UNG,UNG,UNG
284,tripclick,or,UNG,1.0,Post-filter,UNG,UNG,UNG,UNG
284,yfcc,and,UNG,1.0,SIEVE,UNG,UNG,UNG,StitchedVamana
284,yfcc,equal,UNG,1.0,UNG,UNG,UNG,UNG,StitchedVamana
284,yfcc,or,FilteredVamana,1.0,Post-filter,StitchedVamana,StitchedVamana,UNG,StitchedVamana
284,ytb_audio,and,UNG,1.0,SIEVE,UNG,UNG,UNG,Post-filter
284,ytb_audio,equal,UNG,1.0,UNG,UNG,UNG,UNG,Post-filter
284,ytb_audio,or,StitchedVamana,1.0,Post-filter,UNG,UNG,UNG,Post-filter
285,LAION1M,and,UNG,1.0,UNG,UNG,UNG,UNG,UNG
285,LAION1M,equal,UNG,1.0,UNG,UNG,UNG,UNG,UNG
285,LAION1M,or,UNG,1.0,Post-filter,UNG,UNG,UNG,UNG
285,tripclick,and,UNG,1.0,UNG,UNG,UNG,UNG,UNG
285,tripclick,equal,UNG,1.0,UNG,UNG,UNG,UNG,UNG
285,tripclick,or,UNG,1.0,Post-filter,UNG,UNG,UNG,UNG
285,yfcc,and,UNG,1.0,SIEVE,UNG,UNG,UNG,StitchedVamana
285,yfcc,equal,UNG,1.0,UNG,UNG,UNG,UNG,StitchedVamana
285,yfcc,or,FilteredVamana,1.0,Post-filter,StitchedVamana,StitchedVamana,UNG,StitchedVamana
285,ytb_audio,and,UNG,1.0,SIEVE,UNG,UNG,UNG,Post-filter
285,ytb_audio,equal,UNG,1.0,UNG,UNG,UNG,UNG,Post-filter
285,ytb_audio,or,StitchedVamana,1.0,Post-filter,UNG,FilteredVamana,UNG,Post-filter
286,LAION1M,and,UNG,1.0,UNG,Post-filter,UNG,UNG,UNG
286,LAION1M,equal,UNG,1.0,UNG,UNG,UNG,UNG,UNG
286,LAION1M,or,UNG,1.0,Post-filter,UNG,UNG,UNG,StitchedVamana
286,tripclick,and,Post-filter,1.0,UNG,UNG,UNG,UNG,UNG
286,tripclick,equal,UNG,1.0,UNG,UNG,UNG,UNG,UNG
286,tripclick,or,UNG,1.0,Post-filter,UNG,UNG,UNG,UNG
286,yfcc,and,FilteredVamana,1.0,SIEVE,UNG,UNG,UNG,StitchedVamana
286,yfcc,equal,UNG,1.0,UNG,UNG,UNG,UNG,StitchedVamana
286,yfcc,or,FilteredVamana,1.0,Post-filter,StitchedVamana,StitchedVamana,UNG,StitchedVamana
286,ytb_audio,and,SIEVE,1.0,SIEVE,UNG,UNG,UNG,Post-filter
286,ytb_audio,equal,UNG,1.0,UNG,UNG,UNG,UNG,Post-filter
286,ytb_audio,or,StitchedVamana,1.0,Post-filter,UNG,FilteredVamana,UNG,Post-filter
287,LAION1M,and,UNG,1.0,UNG,UNG,UNG,UNG,UNG
287,LAION1M,equal,UNG,1.0,UNG,UNG,UNG,UNG,UNG
287,LAION1M,or,UNG,1.0,Post-filter,Post-filter,UNG,UNG,UNG
287,tripclick,and,UNG,1.0,UNG,UNG,UNG,UNG,UNG
287,tripclick,equal,UNG,1.0,UNG,UNG,UNG,UNG,UNG
287,tripclick,or,Post-filter,1.0,Post-filter,UNG,UNG,UNG,UNG
287,yfcc,and,UNG,1.0,SIEVE,UNG,UNG,UNG,StitchedVamana
287,yfcc,equal,UNG,1.0,UNG,UNG,UNG,UNG,StitchedVamana
287,yfcc,or,FilteredVamana,1.0,Post-filter,StitchedVamana,StitchedVamana,UNG,StitchedVamana
287,ytb_audio,and,UNG,1.0,SIEVE,UNG,UNG,UNG,Post-filter
287,ytb_audio,equal,UNG,1.0,UNG,UNG,UNG,UNG,Post-filter
287,ytb_audio,or,UNG,1.0,Post-filter,UNG,UNG,UNG,Post-filter
288,LAION1M,and,UNG,1.0,UNG,UNG,UNG,UNG,UNG
288,LAION1M,equal,UNG,1.0,UNG,UNG,UNG,UNG,UNG
288,LAION1M,or,UNG,1.0,Post-filter,UNG,UNG,UNG,UNG
288,tripclick,and,UNG,1.0,UNG,UNG,UNG,UNG,UNG
288,tripclick,equal,UNG,1.0,UNG,UNG,UNG,UNG,UNG
288,tripclick,or,Post-filter,1.0,Post-filter,UNG,UNG,UNG,UNG
288,yfcc,and,FilteredVamana,1.0,SIEVE,UNG,UNG,UNG,StitchedVamana
288,yfcc,equal,UNG,1.0,UNG,UNG,UNG,UNG,StitchedVamana
288,yfcc,or,FilteredVamana,1.0,Post-filter,StitchedVamana,StitchedVamana,UNG,StitchedVamana
288,ytb_audio,and,UNG,0.7,SIEVE,UNG,UNG,UNG,Post-filter
288,ytb_audio,equal,UNG,1.0,UNG,UNG,UNG,UNG,Post-filter
288,ytb_audio,or,Post-filter,1.0,Post-filter,UNG,FilteredVamana,UNG,Post-filter
289,LAION1M,and,UNG,1.0,UNG,UNG,UNG,UNG,UNG
289,LAION1M,equal,UNG,1.0,UNG,UNG,UNG,UNG,UNG
289,LAION1M,or,UNG,1.0,Post-filter,Post-filter,UNG,UNG,UNG
289,tripclick,and,UNG,1.0,UNG,UNG,UNG,UNG,UNG
289,tripclick,equal,UNG,1.0,UNG,UNG,UNG,UNG,UNG
289,tripclick,or,UNG,1.0,Post-filter,UNG,UNG,UNG,UNG
289,yfcc,and,FilteredVamana,1.0,SIEVE,UNG,UNG,UNG,StitchedVamana
289,yfcc,equal,UNG,1.0,UNG,UNG,UNG,UNG,StitchedVamana
289,yfcc,or,FilteredVamana,1.0,Post-filter,UNG,StitchedVamana,UNG,StitchedVamana
289,ytb_audio,and,SIEVE,1.0,SIEVE,UNG,UNG,UNG,Post-filter
289,ytb_audio,equal,UNG,1.0,UNG,UNG,UNG,UNG,Post-filter
289,ytb_audio,or,UNG,1.0,Post-filter,UNG,UNG,UNG,Post-filter
290,LAION1M,and,UNG,1.0,UNG,UNG,UNG,UNG,UNG
290,LAION1M,equal,UNG,1.0,UNG,UNG,UNG,UNG,UNG
290,LAION1M,or,UNG,1.0,Post-filter,UNG,UNG,UNG,UNG
290,tripclick,and,UNG,1.0,UNG,UNG,UNG,UNG,UNG
290,tripclick,equal,UNG,1.0,UNG,UNG,UNG,UNG,UNG
290,tripclick,or,UNG,1.0,Post-filter,UNG,UNG,UNG,UNG
290,yfcc,and,UNG,1.0,SIEVE,UNG,UNG,UNG,StitchedVamana
290,yfcc,equal,UNG,1.0,UNG,UNG,UNG,UNG,StitchedVamana
290,yfcc,or,FilteredVamana,1.0,Post-filter,StitchedVamana,StitchedVamana,UNG,StitchedVamana
290,ytb_audio,and,UNG,1.0,SIEVE,UNG,UNG,UNG,Post-filter
290,ytb_audio,equal,UNG,1.0,UNG,UNG,UNG,UNG,Post-filter
290,ytb_audio,or,StitchedVamana,1.0,Post-filter,UNG,UNG,UNG,Post-filter
291,LAION1M,and,UNG,1.0,UNG,UNG,UNG,UNG,UNG
291,LAION1M,equal,UNG,1.0,UNG,UNG,UNG,UNG,UNG
291,LAION1M,or,UNG,1.0,Post-filter,UNG,UNG,UNG,UNG
291,tripclick,and,UNG,1.0,UNG,UNG,UNG,UNG,UNG
291,tripclick,equal,UNG,1.0,UNG,UNG,UNG,UNG,UNG
291,tripclick,or,UNG,1.0,Post-filter,UNG,UNG,UNG,UNG
291,yfcc,and,UNG,1.0,SIEVE,UNG,UNG,UNG,StitchedVamana
291,yfcc,equal,UNG,1.0,UNG,UNG,UNG,UNG,StitchedVamana
291,yfcc,or,FilteredVamana,1.0,Post-filter,StitchedVamana,StitchedVamana,UNG,StitchedVamana
291,ytb_audio,and,UNG,1.0,SIEVE,UNG,UNG,UNG,Post-filter
291,ytb_audio,equal,UNG,1.0,UNG,UNG,UNG,UNG,Post-filter
291,ytb_audio,or,StitchedVamana,0.8,Post-filter,UNG,FilteredVamana,UNG,Post-filter
292,LAION1M,and,UNG,1.0,UNG,Post-filter,UNG,UNG,UNG
292,LAION1M,equal,UNG,1.0,UNG,UNG,UNG,UNG,UNG
292,LAION1M,or,UNG,1.0,Post-filter,UNG,UNG,UNG,StitchedVamana
292,tripclick,and,UNG,1.0,UNG,UNG,UNG,UNG,UNG
292,tripclick,equal,UNG,1.0,UNG,UNG,UNG,UNG,UNG
292,tripclick,or,UNG,1.0,Post-filter,UNG,UNG,UNG,UNG
292,yfcc,and,UNG,1.0,SIEVE,UNG,UNG,UNG,StitchedVamana
292,yfcc,equal,UNG,1.0,UNG,UNG,UNG,UNG,StitchedVamana
292,yfcc,or,FilteredVamana,1.0,Post-filter,UNG,UNG,UNG,StitchedVamana
292,ytb_audio,and,UNG,1.0,SIEVE,UNG,UNG,UNG,Post-filter
292,ytb_audio,equal,UNG,1.0,UNG,UNG,UNG,UNG,Post-filter
292,ytb_audio,or,StitchedVamana,1.0,Post-filter,UNG,FilteredVamana,UNG,Post-filter
293,LAION1M,and,UNG,1.0,UNG,UNG,UNG,UNG,UNG
293,LAION1M,equal,UNG,1.0,UNG,UNG,UNG,UNG,UNG
293,LAION1M,or,Post-filter,1.0,Post-filter,Post-filter,UNG,FilteredVamana,StitchedVamana
293,tripclick,and,UNG,1.0,UNG,UNG,UNG,UNG,UNG
293,tripclick,equal,UNG,1.0,UNG,UNG,UNG,UNG,UNG
293,tripclick,or,UNG,1.0,Post-filter,UNG,UNG,UNG,UNG
293,yfcc,and,FilteredVamana,1.0,SIEVE,UNG,UNG,UNG,StitchedVamana
293,yfcc,equal,UNG,1.0,UNG,UNG,UNG,UNG,StitchedVamana
293,yfcc,or,FilteredVamana,1.0,Post-filter,StitchedVamana,StitchedVamana,UNG,StitchedVamana
293,ytb_audio,and,UNG,1.0,SIEVE,UNG,UNG,UNG,Post-filter
293,ytb_audio,equal,UNG,1.0,UNG,UNG,UNG,UNG,Post-filter
293,ytb_audio,or,StitchedVamana,1.0,Post-filter,UNG,FilteredVamana,UNG,Post-filter
294,LAION1M,and,UNG,1.0,UNG,Post-filter,UNG,UNG,UNG
294,LAION1M,equal,UNG,1.0,UNG,UNG,UNG,UNG,UNG
294,LAION1M,or,UNG,1.0,Post-filter,StitchedVamana,UNG,UNG,StitchedVamana
294,tripclick,and,UNG,1.0,UNG,UNG,UNG,UNG,UNG
294,tripclick,equal,UNG,1.0,UNG,UNG,UNG,UNG,UNG
294,tripclick,or,UNG,1.0,Post-filter,UNG,UNG,UNG,UNG
294,yfcc,and,UNG,1.0,SIEVE,UNG,UNG,UNG,StitchedVamana
294,yfcc,equal,UNG,1.0,UNG,UNG,UNG,UNG,StitchedVamana
294,yfcc,or,FilteredVamana,1.0,Post-filter,StitchedVamana,StitchedVamana,UNG,StitchedVamana
294,ytb_audio,and,UNG,1.0,SIEVE,UNG,UNG,UNG,Post-filter
294,ytb_audio,equal,UNG,1.0,UNG,UNG,UNG,UNG,Post-filter
294,ytb_audio,or,StitchedVamana,1.0,Post-filter,UNG,UNG,UNG,Post-filter
295,LAION1M,and,UNG,1.0,UNG,Post-filter,UNG,UNG,UNG
295,LAION1M,equal,UNG,1.0,UNG,UNG,UNG,UNG,UNG
295,LAION1M,or,UNG,1.0,Post-filter,UNG,UNG,UNG,StitchedVamana
295,tripclick,and,UNG,1.0,UNG,UNG,UNG,UNG,UNG
295,tripclick,equal,UNG,1.0,UNG,UNG,UNG,UNG,UNG
295,tripclick,or,Post-filter,1.0,Post-filter,UNG,UNG,UNG,UNG
295,yfcc,and,FilteredVamana,1.0,SIEVE,UNG,UNG,UNG,StitchedVamana
295,yfcc,equal,UNG,1.0,UNG,UNG,UNG,UNG,StitchedVamana
295,yfcc,or,FilteredVamana,1.0,Post-filter,StitchedVamana,StitchedVamana,UNG,StitchedVamana
295,ytb_audio,and,UNG,1.0,SIEVE,UNG,UNG,UNG,Post-filter
295,ytb_audio,equal,UNG,1.0,UNG,UNG,UNG,UNG,Post-filter
295,ytb_audio,or,Post-filter,1.0,Post-filter,UNG,UNG,UNG,Post-filter
296,LAION1M,and,UNG,1.0,UNG,UNG,UNG,UNG,UNG
296,LAION1M,equal,UNG,1.0,UNG,UNG,UNG,UNG,UNG
296,LAION1M,or,UNG,1.0,Post-filter,Post-filter,UNG,UNG,UNG
296,tripclick,and,UNG,1.0,UNG,UNG,UNG,UNG,UNG
296,tripclick,equal,UNG,1.0,UNG,UNG,UNG,UNG,UNG
296,tripclick,or,UNG,1.0,Post-filter,UNG,UNG,UNG,UNG
296,yfcc,and,UNG,1.0,SIEVE,UNG,UNG,UNG,StitchedVamana
296,yfcc,equal,UNG,1.0,UNG,UNG,UNG,UNG,StitchedVamana
296,yfcc,or,FilteredVamana,1.0,Post-filter,StitchedVamana,StitchedVamana,UNG,StitchedVamana
296,ytb_audio,and,UNG,1.0,SIEVE,UNG,UNG,UNG,Post-filter
296,ytb_audio,equal,UNG,1.0,UNG,UNG,UNG,UNG,Post-filter
296,ytb_audio,or,StitchedVamana,1.0,Post-filter,UNG,FilteredVamana,UNG,Post-filter
297,LAION1M,and,UNG,1.0,UNG,Post-filter,UNG,UNG,UNG
297,LAION1M,equal,UNG,1.0,UNG,UNG,UNG,UNG,UNG
297,LAION1M,or,Post-filter,1.0,Post-filter,UNG,UNG,UNG,UNG
297,tripclick,and,UNG,1.0,UNG,UNG,UNG,UNG,UNG
297,tripclick,equal,UNG,1.0,UNG,UNG,UNG,UNG,UNG
297,tripclick,or,UNG,1.0,Post-filter,UNG,UNG,UNG,UNG
297,yfcc,and,UNG,1.0,SIEVE,UNG,UNG,UNG,StitchedVamana
297,yfcc,equal,UNG,1.0,UNG,UNG,UNG,UNG,StitchedVamana
297,yfcc,or,FilteredVamana,1.0,Post-filter,StitchedVamana,StitchedVamana,UNG,StitchedVamana
297,ytb_audio,and,UNG,0.9,SIEVE,UNG,UNG,UNG,Post-filter
297,ytb_audio,equal,UNG,1.0,UNG,UNG,UNG,UNG,Post-filter
297,ytb_audio,or,StitchedVamana,1.0,Post-filter,UNG,FilteredVamana,UNG,Post-filter
298,LAION1M,and,UNG,1.0,UNG,Post-filter,UNG,UNG,UNG
298,LAION1M,equal,UNG,1.0,UNG,UNG,UNG,UNG,UNG
298,LAION1M,or,UNG,1.0,Post-filter,UNG,UNG,UNG,StitchedVamana
298,tripclick,and,UNG,1.0,UNG,UNG,UNG,UNG,UNG
298,tripclick,equal,UNG,1.0,UNG,UNG,UNG,UNG,UNG
298,tripclick,or,UNG,1.0,Post-filter,UNG,UNG,UNG,UNG
298,yfcc,and,UNG,1.0,SIEVE,UNG,UNG,UNG,StitchedVamana
298,yfcc,equal,UNG,1.0,UNG,UNG,UNG,UNG,StitchedVamana
298,yfcc,or,FilteredVamana,1.0,Post-filter,StitchedVamana,StitchedVamana,UNG,StitchedVamana
298,ytb_audio,and,SIEVE,1.0,SIEVE,UNG,UNG,UNG,Post-filter
298,ytb_audio,equal,UNG,1.0,UNG,UNG,UNG,UNG,Post-filter
298,ytb_audio,or,StitchedVamana,1.0,Post-filter,UNG,FilteredVamana,UNG,Post-filter
299,LAION1M,and,UNG,1.0,UNG,UNG,UNG,UNG,UNG
299,LAION1M,equal,UNG,1.0,UNG,UNG,UNG,UNG,UNG
299,LAION1M,or,UNG,1.0,Post-filter,UNG,UNG,UNG,StitchedVamana
299,tripclick,and,UNG,1.0,UNG,UNG,UNG,UNG,UNG
299,tripclick,equal,UNG,1.0,UNG,UNG,UNG,UNG,UNG
299,tripclick,or,UNG,1.0,Post-filter,UNG,UNG,UNG,UNG
299,yfcc,and,UNG,1.0,SIEVE,UNG,UNG,UNG,StitchedVamana
299,yfcc,equal,UNG,1.0,UNG,UNG,UNG,UNG,StitchedVamana
299,yfcc,or,FilteredVamana,1.0,Post-filter,StitchedVamana,StitchedVamana,UNG,StitchedVamana
299,ytb_audio,and,UNG,1.0,SIEVE,UNG,UNG,UNG,Post-filter
299,ytb_audio,equal,UNG,1.0,UNG,UNG,UNG,UNG,Post-filter
299,ytb_audio,or,UNG,1.0,Post-filter,UNG,UNG,UNG,Post-filter
300,LAION1M,and,UNG,1.0,UNG,UNG,UNG,UNG,UNG
300,LAION1M,equal,UNG,1.0,UNG,UNG,UNG,UNG,UNG
300,LAION1M,or,UNG,1.0,Post-filter,UNG,UNG,UNG,UNG
300,tripclick,and,UNG,1.0,UNG,UNG,UNG,UNG,UNG
300,tripclick,equal,UNG,1.0,UNG,UNG,UNG,UNG,UNG
300,tripclick,or,UNG,1.0,Post-filter,UNG,UNG,UNG,UNG
300,yfcc,and,UNG,1.0,SIEVE,UNG,UNG,UNG,StitchedVamana
300,yfcc,equal,UNG,1.0,UNG,UNG,UNG,UNG,StitchedVamana
300,yfcc,or,FilteredVamana,1.0,Post-filter,StitchedVamana,StitchedVamana,UNG,StitchedVamana
300,ytb_audio,and,SIEVE,0.8,SIEVE,UNG,UNG,UNG,Post-filter
300,ytb_audio,equal,UNG,1.0,UNG,UNG,UNG,UNG,Post-filter
300,ytb_audio,or,StitchedVamana,1.0,Post-filter,UNG,FilteredVamana,UNG,Post-filter
301,LAION1M,and,UNG,1.0,UNG,UNG,UNG,UNG,UNG
301,LAION1M,equal,UNG,1.0,UNG,UNG,UNG,UNG,UNG
301,LAION1M,or,UNG,1.0,Post-filter,Post-filter,UNG,UNG,UNG
301,tripclick,and,UNG,1.0,UNG,UNG,UNG,UNG,UNG
301,tripclick,equal,UNG,1.0,UNG,UNG,UNG,UNG,UNG
301,tripclick,or,UNG,1.0,Post-filter,UNG,UNG,UNG,UNG
301,yfcc,and,UNG,1.0,SIEVE,UNG,UNG,UNG,StitchedVamana
301,yfcc,equal,UNG,1.0,UNG,UNG,UNG,UNG,StitchedVamana
301,yfcc,or,FilteredVamana,1.0,Post-filter,StitchedVamana,UNG,UNG,StitchedVamana
301,ytb_audio,and,SIEVE,1.0,SIEVE,UNG,UNG,UNG,Post-filter
301,ytb_audio,equal,UNG,1.0,UNG,UNG,UNG,UNG,Post-filter
301,ytb_audio,or,UNG,1.0,Post-filter,UNG,UNG,UNG,Post-filter
302,LAION1M,and,UNG,1.0,UNG,UNG,UNG,UNG,UNG
302,LAION1M,equal,UNG,1.0,UNG,UNG,UNG,UNG,UNG
302,LAION1M,or,UNG,1.0,Post-filter,StitchedVamana,UNG,UNG,StitchedVamana
302,tripclick,and,UNG,1.0,UNG,UNG,UNG,UNG,UNG
302,tripclick,equal,UNG,1.0,UNG,UNG,UNG,UNG,UNG
302,tripclick,or,UNG,1.0,Post-filter,UNG,UNG,UNG,UNG
302,yfcc,and,FilteredVamana,1.0,SIEVE,UNG,UNG,UNG,StitchedVamana
302,yfcc,equal,UNG,1.0,UNG,UNG,UNG,UNG,StitchedVamana
302,yfcc,or,FilteredVamana,1.0,Post-filter,StitchedVamana,StitchedVamana,UNG,StitchedVamana
302,ytb_audio,and,UNG,1.0,SIEVE,UNG,UNG,UNG,Post-filter
302,ytb_audio,equal,UNG,1.0,UNG,UNG,UNG,UNG,Post-filter
302,ytb_audio,or,StitchedVamana,1.0,Post-filter,UNG,FilteredVamana,UNG,Post-filter
303,LAION1M,and,UNG,1.0,UNG,UNG,UNG,UNG,UNG
303,LAION1M,equal,UNG,1.0,UNG,UNG,UNG,UNG,UNG
303,LAION1M,or,UNG,1.0,Post-filter,UNG,UNG,UNG,UNG
303,tripclick,and,UNG,1.0,UNG,UNG,UNG,UNG,UNG
303,tripclick,equal,UNG,1.0,UNG,UNG,UNG,UNG,UNG
303,tripclick,or,Post-filter,1.0,Post-filter,UNG,UNG,UNG,UNG
303,yfcc,and,UNG,1.0,SIEVE,UNG,UNG,UNG,StitchedVamana
303,yfcc,equal,UNG,1.0,UNG,UNG,UNG,UNG,StitchedVamana
303,yfcc,or,FilteredVamana,0.9,Post-filter,StitchedVamana,StitchedVamana,UNG,StitchedVamana
303,ytb_audio,and,SIEVE,1.0,SIEVE,UNG,UNG,UNG,Post-filter
303,ytb_audio,equal,UNG,1.0,UNG,UNG,UNG,UNG,Post-filter
303,ytb_audio,or,StitchedVamana,1.0,Post-filter,UNG,FilteredVamana,UNG,Post-filter
304,LAION1M,and,UNG,1.0,UNG,UNG,UNG,UNG,UNG
304,LAION1M,equal,UNG,1.0,UNG,UNG,UNG,UNG,UNG
304,LAION1M,or,UNG,1.0,Post-filter,UNG,UNG,UNG,UNG
304,tripclick,and,UNG,1.0,UNG,UNG,UNG,UNG,UNG
304,tripclick,equal,UNG,1.0,UNG,UNG,UNG,UNG,UNG
304,tripclick,or,UNG,1.0,Post-filter,UNG,UNG,UNG,UNG
304,yfcc,and,UNG,1.0,SIEVE,UNG,UNG,UNG,StitchedVamana
304,yfcc,equal,UNG,1.0,UNG,UNG,UNG,UNG,StitchedVamana
304,yfcc,or,FilteredVamana,1.0,Post-filter,StitchedVamana,StitchedVamana,UNG,StitchedVamana
304,ytb_audio,and,UNG,1.0,SIEVE,UNG,UNG,UNG,Post-filter
304,ytb_audio,equal,UNG,1.0,UNG,UNG,UNG,UNG,Post-filter
304,ytb_audio,or,Post-filter,1.0,Post-filter,UNG,UNG,UNG,Post-filter
305,LAION1M,and,UNG,1.0,UNG,UNG,UNG,UNG,UNG
305,LAION1M,equal,UNG,1.0,UNG,UNG,UNG,UNG,UNG
305,LAION1M,or,UNG,1.0,Post-filter,UNG,UNG,UNG,UNG
305,tripclick,and,UNG,1.0,UNG,UNG,UNG,UNG,UNG
305,tripclick,equal,UNG,1.0,UNG,UNG,UNG,UNG,UNG
305,tripclick,or,UNG,1.0,Post-filter,UNG,UNG,UNG,UNG
305,yfcc,and,UNG,1.0,SIEVE,UNG,UNG,UNG,StitchedVamana
305,yfcc,equal,UNG,1.0,UNG,UNG,UNG,UNG,StitchedVamana
305,yfcc,or,FilteredVamana,1.0,Post-filter,StitchedVamana,StitchedVamana,UNG,StitchedVamana
305,ytb_audio,and,UNG,1.0,SIEVE,UNG,UNG,UNG,Post-filter
305,ytb_audio,equal,UNG,1.0,UNG,UNG,UNG,UNG,Post-filter
305,ytb_audio,or,StitchedVamana,1.0,Post-filter,UNG,UNG,UNG,Post-filter
306,LAION1M,and,UNG,1.0,UNG,UNG,UNG,UNG,UNG
306,LAION1M,equal,UNG,1.0,UNG,UNG,UNG,UNG,UNG
306,LAION1M,or,UNG,1.0,Post-filter,UNG,UNG,UNG,StitchedVamana
306,tripclick,and,UNG,1.0,UNG,UNG,UNG,UNG,UNG
306,tripclick,equal,UNG,1.0,UNG,UNG,UNG,UNG,UNG
306,tripclick,or,UNG,1.0,Post-filter,UNG,UNG,UNG,UNG
306,yfcc,and,UNG,1.0,SIEVE,UNG,UNG,UNG,StitchedVamana
306,yfcc,equal,UNG,1.0,UNG,UNG,UNG,UNG,StitchedVamana
306,yfcc,or,FilteredVamana,1.0,Post-filter,StitchedVamana,StitchedVamana,UNG,StitchedVamana
306,ytb_audio,and,SIEVE,1.0,SIEVE,UNG,UNG,UNG,Post-filter
306,ytb_audio,equal,UNG,1.0,UNG,UNG,UNG,UNG,Post-filter
306,ytb_audio,or,StitchedVamana,1.0,Post-filter,UNG,FilteredVamana,UNG,Post-filter
307,LAION1M,and,UNG,1.0,UNG,UNG,UNG,UNG,UNG
307,LAION1M,equal,UNG,1.0,UNG,UNG,UNG,UNG,UNG
307,LAION1M,or,UNG,1.0,Post-filter,StitchedVamana,UNG,UNG,UNG
307,tripclick,and,UNG,1.0,UNG,UNG,UNG,UNG,UNG
307,tripclick,equal,UNG,1.0,UNG,UNG,UNG,UNG,UNG
307,tripclick,or,UNG,1.0,Post-filter,UNG,UNG,UNG,UNG
307,yfcc,and,FilteredVamana,1.0,SIEVE,UNG,UNG,UNG,StitchedVamana
307,yfcc,equal,UNG,1.0,UNG,UNG,UNG,UNG,StitchedVamana
307,yfcc,or,FilteredVamana,1.0,Post-filter,StitchedVamana,StitchedVamana,UNG,StitchedVamana
307,ytb_audio,and,SIEVE,1.0,SIEVE,UNG,UNG,UNG,Post-filter
307,ytb_audio,equal,UNG,1.0,UNG,UNG,UNG,UNG,Post-filter
307,ytb_audio,or,StitchedVamana,1.0,Post-filter,UNG,FilteredVamana,UNG,Post-filter
308,LAION1M,and,UNG,1.0,UNG,UNG,UNG,UNG,UNG
308,LAION1M,equal,UNG,1.0,UNG,UNG,UNG,UNG,UNG
308,LAION1M,or,UNG,1.0,Post-filter,StitchedVamana,UNG,UNG,UNG
308,tripclick,and,UNG,1.0,UNG,UNG,UNG,UNG,UNG
308,tripclick,equal,UNG,1.0,UNG,UNG,UNG,UNG,UNG
308,tripclick,or,UNG,1.0,Post-filter,UNG,UNG,UNG,UNG
308,yfcc,and,UNG,1.0,SIEVE,UNG,UNG,UNG,StitchedVamana
308,yfcc,equal,UNG,1.0,UNG,UNG,UNG,UNG,StitchedVamana
308,yfcc,or,FilteredVamana,1.0,Post-filter,StitchedVamana,StitchedVamana,UNG,StitchedVamana
308,ytb_audio,and,UNG,1.0,SIEVE,UNG,UNG,UNG,Post-filter
308,ytb_audio,equal,UNG,1.0,UNG,UNG,UNG,UNG,Post-filter
308,ytb_audio,or,StitchedVamana,1.0,Post-filter,UNG,UNG,UNG,Post-filter
309,LAION1M,and,UNG,1.0,UNG,UNG,UNG,UNG,UNG
309,LAION1M,equal,UNG,1.0,UNG,UNG,UNG,UNG,UNG
309,LAION1M,or,UNG,1.0,Post-filter,UNG,UNG,UNG,UNG
309,tripclick,and,UNG,1.0,UNG,UNG,UNG,UNG,UNG
309,tripclick,equal,UNG,1.0,UNG,UNG,UNG,UNG,UNG
309,tripclick,or,UNG,1.0,Post-filter,UNG,UNG,UNG,UNG
309,yfcc,and,UNG,1.0,SIEVE,UNG,UNG,UNG,StitchedVamana
309,yfcc,equal,UNG,1.0,UNG,UNG,UNG,UNG,StitchedVamana
309,yfcc,or,FilteredVamana,1.0,Post-filter,FilteredVamana,StitchedVamana,UNG,StitchedVamana
309,ytb_audio,and,SIEVE,0.9,SIEVE,UNG,UNG,UNG,Post-filter
309,ytb_audio,equal,UNG,1.0,UNG,UNG,UNG,UNG,Post-filter
309,ytb_audio,or,StitchedVamana,1.0,Post-filter,UNG,FilteredVamana,UNG,Post-filter
310,LAION1M,and,UNG,1.0,UNG,Post-filter,UNG,UNG,UNG
310,LAION1M,equal,UNG,1.0,UNG,UNG,UNG,UNG,UNG
310,LAION1M,or,UNG,1.0,Post-filter,Post-filter,UNG,UNG,UNG
310,tripclick,and,UNG,1.0,UNG,UNG,UNG,UNG,UNG
310,tripclick,equal,UNG,1.0,UNG,UNG,UNG,UNG,UNG
310,tripclick,or,UNG,1.0,Post-filter,UNG,UNG,UNG,UNG
310,yfcc,and,UNG,1.0,SIEVE,UNG,UNG,UNG,StitchedVamana
310,yfcc,equal,UNG,1.0,UNG,UNG,UNG,UNG,StitchedVamana
310,yfcc,or,FilteredVamana,1.0,Post-filter,StitchedVamana,StitchedVamana,UNG,StitchedVamana
310,ytb_audio,and,UNG,1.0,SIEVE,UNG,UNG,UNG,Post-filter
310,ytb_audio,equal,UNG,1.0,UNG,UNG,UNG,UNG,Post-filter
310,ytb_audio,or,StitchedVamana,1.0,Post-filter,UNG,FilteredVamana,UNG,Post-filter
311,LAION1M,and,UNG,1.0,UNG,UNG,UNG,UNG,UNG
311,LAION1M,equal,UNG,1.0,UNG,UNG,UNG,UNG,UNG
311,LAION1M,or,UNG,1.0,Post-filter,UNG,UNG,UNG,UNG
311,tripclick,and,UNG,1.0,UNG,UNG,UNG,UNG,UNG
311,tripclick,equal,UNG,1.0,UNG,UNG,UNG,UNG,UNG
311,tripclick,or,UNG,1.0,Post-filter,UNG,UNG,UNG,UNG
311,yfcc,and,UNG,1.0,SIEVE,UNG,UNG,UNG,StitchedVamana
311,yfcc,equal,UNG,1.0,UNG,UNG,UNG,UNG,StitchedVamana
311,yfcc,or,FilteredVamana,1.0,Post-filter,StitchedVamana,StitchedVamana,UNG,StitchedVamana
311,ytb_audio,and,UNG,1.0,SIEVE,UNG,UNG,UNG,Post-filter
311,ytb_audio,equal,UNG,1.0,UNG,UNG,UNG,UNG,Post-filter
311,ytb_audio,or,Post-filter,1.0,Post-filter,UNG,UNG,UNG,Post-filter
312,LAION1M,and,UNG,1.0,UNG,Post-filter,UNG,UNG,UNG
312,LAION1M,equal,UNG,1.0,UNG,UNG,UNG,UNG,UNG
312,LAION1M,or,UNG,1.0,Post-filter,UNG,UNG,UNG,StitchedVamana
312,tripclick,and,UNG,1.0,UNG,UNG,UNG,UNG,UNG
312,tripclick,equal,UNG,1.0,UNG,UNG,UNG,UNG,UNG
312,tripclick,or,Post-filter,1.0,Post-filter,UNG,UNG,UNG,UNG
312,yfcc,and,UNG,1.0,SIEVE,UNG,UNG,UNG,StitchedVamana
312,yfcc,equal,UNG,1.0,UNG,UNG,UNG,UNG,StitchedVamana
312,yfcc,or,FilteredVamana,1.0,Post-filter,FilteredVamana,StitchedVamana,UNG,StitchedVamana
312,ytb_audio,and,SIEVE,1.0,SIEVE,UNG,UNG,UNG,Post-filter
312,ytb_audio,equal,UNG,1.0,UNG,UNG,UNG,UNG,Post-filter
312,ytb_audio,or,SIEVE,1.0,Post-filter,UNG,UNG,UNG,Post-filter
313,LAION1M,and,UNG,1.0,UNG,Post-filter,UNG,UNG,UNG
313,LAION1M,equal,UNG,1.0,UNG,UNG,UNG,UNG,UNG
313,LAION1M,or,UNG,1.0,Post-filter,UNG,UNG,UNG,UNG
313,tripclick,and,UNG,1.0,UNG,UNG,UNG,UNG,UNG
313,tripclick,equal,UNG,1.0,UNG,UNG,UNG,UNG,UNG
313,tripclick,or,UNG,1.0,Post-filter,UNG,UNG,UNG,UNG
313,yfcc,and,FilteredVamana,1.0,SIEVE,UNG,UNG,UNG,StitchedVamana
313,yfcc,equal,UNG,1.0,UNG,UNG,UNG,UNG,StitchedVamana
313,yfcc,or,FilteredVamana,1.0,Post-filter,StitchedVamana,StitchedVamana,UNG,StitchedVamana
313,ytb_audio,and,UNG,1.0,SIEVE,UNG,UNG,UNG,Post-filter
313,ytb_audio,equal,UNG,1.0,UNG,UNG,UNG,UNG,Post-filter
313,ytb_audio,or,StitchedVamana,1.0,Post-filter,UNG,FilteredVamana,UNG,Post-filter
314,LAION1M,and,UNG,1.0,UNG,Post-filter,UNG,UNG,UNG
314,LAION1M,equal,UNG,1.0,UNG,UNG,UNG,UNG,UNG
314,LAION1M,or,UNG,1.0,Post-filter,UNG,UNG,UNG,UNG
314,tripclick,and,UNG,1.0,UNG,UNG,UNG,UNG,UNG
314,tripclick,equal,UNG,1.0,UNG,UNG,UNG,UNG,UNG
314,tripclick,or,UNG,1.0,Post-filter,UNG,UNG,UNG,UNG
314,yfcc,and,FilteredVamana,1.0,SIEVE,UNG,UNG,UNG,StitchedVamana
314,yfcc,equal,UNG,1.0,UNG,UNG,UNG,UNG,StitchedVamana
314,yfcc,or,FilteredVamana,1.0,Post-filter,StitchedVamana,StitchedVamana,UNG,StitchedVamana
314,ytb_audio,and,UNG,1.0,SIEVE,UNG,UNG,UNG,Post-filter
314,ytb_audio,equal,UNG,1.0,UNG,UNG,UNG,UNG,Post-filter
314,ytb_audio,or,StitchedVamana,1.0,Post-filter,UNG,UNG,UNG,Post-filter
315,LAION1M,and,UNG,1.0,UNG,UNG,UNG,UNG,UNG
315,LAION1M,equal,UNG,1.0,UNG,UNG,UNG,UNG,UNG
315,LAION1M,or,UNG,1.0,Post-filter,Post-filter,UNG,UNG,UNG
315,tripclick,and,UNG,1.0,UNG,UNG,UNG,UNG,UNG
315,tripclick,equal,UNG,1.0,UNG,UNG,UNG,UNG,UNG
315,tripclick,or,UNG,1.0,Post-filter,UNG,UNG,UNG,UNG
315,yfcc,and,UNG,1.0,SIEVE,UNG,UNG,UNG,StitchedVamana
315,yfcc,equal,UNG,1.0,UNG,UNG,UNG,UNG,StitchedVamana
315,yfcc,or,FilteredVamana,1.0,Post-filter,StitchedVamana,StitchedVamana,UNG,StitchedVamana
315,ytb_audio,and,SIEVE,1.0,SIEVE,UNG,UNG,UNG,Post-filter
315,ytb_audio,equal,UNG,1.0,UNG,UNG,UNG,UNG,Post-filter
315,ytb_audio,or,StitchedVamana,1.0,Post-filter,UNG,FilteredVamana,UNG,Post-filter
316,LAION1M,and,UNG,1.0,UNG,UNG,UNG,UNG,UNG
316,LAION1M,equal,UNG,1.0,UNG,UNG,UNG,UNG,UNG
316,LAION1M,or,UNG,1.0,Post-filter,Post-filter,UNG,UNG,UNG
316,tripclick,and,Post-filter,1.0,UNG,UNG,UNG,UNG,UNG
316,tripclick,equal,UNG,1.0,UNG,UNG,UNG,UNG,UNG
316,tripclick,or,UNG,1.0,Post-filter,UNG,UNG,UNG,UNG
316,yfcc,and,UNG,1.0,SIEVE,UNG,UNG,UNG,StitchedVamana
316,yfcc,equal,UNG,1.0,UNG,UNG,UNG,UNG,StitchedVamana
316,yfcc,or,FilteredVamana,1.0,Post-filter,StitchedVamana,UNG,UNG,StitchedVamana
316,ytb_audio,and,SIEVE,1.0,SIEVE,UNG,UNG,UNG,Post-filter
316,ytb_audio,equal,UNG,1.0,UNG,UNG,UNG,UNG,Post-filter
316,ytb_audio,or,StitchedVamana,1.0,Post-filter,UNG,UNG,UNG,Post-filter
317,LAION1M,and,UNG,1.0,UNG,Post-filter,UNG,UNG,UNG
317,LAION1M,equal,UNG,1.0,UNG,UNG,UNG,UNG,UNG
317,LAION1M,or,UNG,1.0,Post-filter,StitchedVamana,UNG,UNG,UNG
317,tripclick,and,UNG,1.0,UNG,UNG,UNG,UNG,UNG
317,tripclick,equal,UNG,1.0,UNG,UNG,UNG,UNG,UNG
317,tripclick,or,UNG,1.0,Post-filter,UNG,UNG,UNG,UNG
317,yfcc,and,UNG,1.0,SIEVE,UNG,UNG,UNG,StitchedVamana
317,yfcc,equal,UNG,1.0,UNG,UNG,UNG,UNG,StitchedVamana
317,yfcc,or,FilteredVamana,1.0,Post-filter,StitchedVamana,StitchedVamana,UNG,StitchedVamana
317,ytb_audio,and,UNG,1.0,SIEVE,UNG,UNG,UNG,Post-filter
317,ytb_audio,equal,UNG,1.0,UNG,UNG,UNG,UNG,Post-filter
317,ytb_audio,or,Post-filter,1.0,Post-filter,UNG,UNG,UNG,Post-filter
318,LAION1M,and,UNG,1.0,UNG,UNG,UNG,UNG,UNG
318,LAION1M,equal,UNG,1.0,UNG,UNG,UNG,UNG,UNG
318,LAION1M,or,UNG,1.0,Post-filter,Post-filter,UNG,UNG,UNG
318,tripclick,and,Post-filter,1.0,UNG,UNG,UNG,UNG,UNG
318,tripclick,equal,UNG,1.0,UNG,UNG,UNG,UNG,UNG
318,tripclick,or,Post-filter,1.0,Post-filter,UNG,UNG,UNG,UNG
318,yfcc,and,UNG,1.0,SIEVE,UNG,UNG,UNG,StitchedVamana
318,yfcc,equal,UNG,1.0,UNG,UNG,UNG,UNG,StitchedVamana
318,yfcc,or,FilteredVamana,1.0,Post-filter,StitchedVamana,StitchedVamana,UNG,StitchedVamana
318,ytb_audio,and,UNG,1.0,SIEVE,UNG,UNG,UNG,Post-filter
318,ytb_audio,equal,UNG,1.0,UNG,UNG,UNG,UNG,Post-filter
318,ytb_audio,or,StitchedVamana,1.0,Post-filter,UNG,FilteredVamana,UNG,Post-filter
319,LAION1M,and,UNG,1.0,UNG,UNG,UNG,UNG,UNG
319,LAION1M,equal,UNG,1.0,UNG,UNG,UNG,UNG,UNG
319,LAION1M,or,UNG,1.0,Post-filter,Post-filter,UNG,UNG,UNG
319,tripclick,and,UNG,1.0,UNG,UNG,UNG,UNG,UNG
319,tripclick,equal,UNG,1.0,UNG,UNG,UNG,UNG,UNG
319,tripclick,or,Post-filter,1.0,Post-filter,UNG,UNG,UNG,UNG
319,yfcc,and,UNG,1.0,SIEVE,UNG,UNG,UNG,StitchedVamana
319,yfcc,equal,UNG,1.0,UNG,UNG,UNG,UNG,StitchedVamana
319,yfcc,or,FilteredVamana,1.0,Post-filter,StitchedVamana,StitchedVamana,UNG,StitchedVamana
319,ytb_audio,and,SIEVE,1.0,SIEVE,UNG,UNG,UNG,Post-filter
319,ytb_audio,equal,UNG,1.0,UNG,UNG,UNG,UNG,Post-filter
319,ytb_audio,or,UNG,1.0,Post-filter,UNG,UNG,UNG,Post-filter
320,LAION1M,and,UNG,1.0,UNG,UNG,UNG,UNG,UNG
320,LAION1M,equal,UNG,1.0,UNG,UNG,UNG,UNG,UNG
320,LAION1M,or,UNG,1.0,Post-filter,StitchedVamana,UNG,UNG,UNG
320,tripclick,and,UNG,1.0,UNG,UNG,UNG,UNG,UNG
320,tripclick,equal,UNG,1.0,UNG,UNG,UNG,UNG,UNG
320,tripclick,or,UNG,1.0,Post-filter,UNG,UNG,UNG,UNG
320,yfcc,and,FilteredVamana,1.0,SIEVE,UNG,UNG,UNG,StitchedVamana
320,yfcc,equal,UNG,1.0,UNG,UNG,UNG,UNG,StitchedVamana
320,yfcc,or,FilteredVamana,1.0,Post-filter,FilteredVamana,StitchedVamana,UNG,StitchedVamana
320,ytb_audio,and,UNG,1.0,SIEVE,UNG,UNG,UNG,Post-filter
320,ytb_audio,equal,UNG,1.0,UNG,UNG,UNG,UNG,Post-filter
320,ytb_audio,or,UNG,1.0,Post-filter,UNG,UNG,UNG,Post-filter
321,LAION1M,and,UNG,1.0,UNG,UNG,UNG,UNG,UNG
321,LAION1M,equal,UNG,1.0,UNG,UNG,UNG,UNG,UNG
321,LAION1M,or,UNG,1.0,Post-filter,Post-filter,UNG,UNG,UNG
321,tripclick,and,UNG,1.0,UNG,UNG,UNG,UNG,UNG
321,tripclick,equal,UNG,1.0,UNG,UNG,UNG,UNG,UNG
321,tripclick,or,UNG,1.0,Post-filter,UNG,UNG,UNG,UNG
321,yfcc,and,UNG,1.0,SIEVE,UNG,UNG,UNG,StitchedVamana
321,yfcc,equal,UNG,1.0,UNG,UNG,UNG,UNG,StitchedVamana
321,yfcc,or,FilteredVamana,1.0,Post-filter,StitchedVamana,StitchedVamana,UNG,StitchedVamana
321,ytb_audio,and,UNG,1.0,SIEVE,UNG,UNG,UNG,Post-filter
321,ytb_audio,equal,UNG,1.0,UNG,UNG,UNG,UNG,Post-filter
321,ytb_audio,or,StitchedVamana,1.0,Post-filter,UNG,FilteredVamana,UNG,Post-filter
322,LAION1M,and,UNG,1.0,UNG,UNG,UNG,UNG,UNG
322,LAION1M,equal,UNG,1.0,UNG,UNG,UNG,UNG,UNG
322,LAION1M,or,UNG,1.0,Post-filter,UNG,UNG,UNG,UNG
322,tripclick,and,UNG,1.0,UNG,UNG,UNG,UNG,UNG
322,tripclick,equal,UNG,1.0,UNG,UNG,UNG,UNG,UNG
322,tripclick,or,UNG,1.0,Post-filter,UNG,UNG,UNG,UNG
322,yfcc,and,Post-filter,1.0,SIEVE,UNG,UNG,UNG,StitchedVamana
322,yfcc,equal,UNG,1.0,UNG,UNG,UNG,UNG,StitchedVamana
322,yfcc,or,FilteredVamana,1.0,Post-filter,FilteredVamana,StitchedVamana,UNG,StitchedVamana
322,ytb_audio,and,UNG,1.0,SIEVE,UNG,UNG,UNG,Post-filter
322,ytb_audio,equal,UNG,1.0,UNG,UNG,UNG,UNG,Post-filter
322,ytb_audio,or,UNG,1.0,Post-filter,UNG,UNG,UNG,Post-filter
323,LAION1M,and,UNG,1.0,UNG,UNG,UNG,UNG,UNG
323,LAION1M,equal,UNG,1.0,UNG,UNG,UNG,UNG,UNG
323,LAION1M,or,UNG,1.0,Post-filter,Post-filter,UNG,UNG,UNG
323,tripclick,and,UNG,1.0,UNG,UNG,UNG,UNG,UNG
323,tripclick,equal,UNG,1.0,UNG,UNG,UNG,UNG,UNG
323,tripclick,or,UNG,1.0,Post-filter,UNG,UNG,UNG,UNG
323,yfcc,and,FilteredVamana,1.0,SIEVE,UNG,UNG,UNG,StitchedVamana
323,yfcc,equal,UNG,1.0,UNG,UNG,UNG,UNG,StitchedVamana
323,yfcc,or,FilteredVamana,1.0,Post-filter,StitchedVamana,StitchedVamana,UNG,StitchedVamana
323,ytb_audio,and,UNG,1.0,SIEVE,UNG,UNG,UNG,Post-filter
323,ytb_audio,equal,UNG,1.0,UNG,UNG,UNG,UNG,Post-filter
323,ytb_audio,or,UNG,1.0,Post-filter,UNG,UNG,UNG,Post-filter
324,LAION1M,and,UNG,1.0,UNG,Post-filter,UNG,UNG,UNG
324,LAION1M,equal,UNG,1.0,UNG,UNG,UNG,UNG,UNG
324,LAION1M,or,UNG,1.0,Post-filter,UNG,UNG,UNG,UNG
324,tripclick,and,UNG,1.0,UNG,UNG,UNG,UNG,UNG
324,tripclick,equal,UNG,1.0,UNG,UNG,UNG,UNG,UNG
324,tripclick,or,UNG,1.0,Post-filter,UNG,UNG,UNG,UNG
324,yfcc,and,FilteredVamana,1.0,SIEVE,UNG,UNG,UNG,StitchedVamana
324,yfcc,equal,UNG,1.0,UNG,UNG,UNG,UNG,StitchedVamana
324,yfcc,or,FilteredVamana,1.0,Post-filter,FilteredVamana,StitchedVamana,UNG,StitchedVamana
324,ytb_audio,and,UNG,1.0,SIEVE,UNG,UNG,UNG,Post-filter
324,ytb_audio,equal,UNG,1.0,UNG,UNG,UNG,UNG,Post-filter
324,ytb_audio,or,StitchedVamana,1.0,Post-filter,UNG,FilteredVamana,UNG,Post-filter
325,LAION1M,and,UNG,1.0,UNG,UNG,UNG,UNG,UNG
325,LAION1M,equal,UNG,1.0,UNG,UNG,UNG,UNG,UNG
325,LAION1M,or,UNG,1.0,Post-filter,UNG,UNG,UNG,StitchedVamana
325,tripclick,and,UNG,1.0,UNG,UNG,UNG,UNG,UNG
325,tripclick,equal,UNG,1.0,UNG,UNG,UNG,UNG,UNG
325,tripclick,or,UNG,1.0,Post-filter,UNG,UNG,UNG,UNG
325,yfcc,and,FilteredVamana,1.0,SIEVE,UNG,UNG,UNG,StitchedVamana
325,yfcc,equal,UNG,1.0,UNG,UNG,UNG,UNG,StitchedVamana
325,yfcc,or,FilteredVamana,1.0,Post-filter,StitchedVamana,StitchedVamana,UNG,StitchedVamana
325,ytb_audio,and,SIEVE,1.0,SIEVE,UNG,UNG,UNG,Post-filter
325,ytb_audio,equal,UNG,1.0,UNG,UNG,UNG,UNG,Post-filter
325,ytb_audio,or,StitchedVamana,1.0,Post-filter,UNG,FilteredVamana,UNG,Post-filter
326,LAION1M,and,UNG,1.0,UNG,UNG,UNG,UNG,UNG
326,LAION1M,equal,UNG,1.0,UNG,UNG,UNG,UNG,UNG
326,LAION1M,or,UNG,1.0,Post-filter,UNG,UNG,UNG,UNG
326,tripclick,and,Post-filter,1.0,UNG,UNG,UNG,UNG,UNG
326,tripclick,equal,UNG,1.0,UNG,UNG,UNG,UNG,UNG
326,tripclick,or,Post-filter,1.0,Post-filter,UNG,UNG,UNG,UNG
326,yfcc,and,UNG,1.0,SIEVE,UNG,UNG,UNG,StitchedVamana
326,yfcc,equal,UNG,1.0,UNG,UNG,UNG,UNG,StitchedVamana
326,yfcc,or,FilteredVamana,1.0,Post-filter,StitchedVamana,StitchedVamana,UNG,StitchedVamana
326,ytb_audio,and,SIEVE,1.0,SIEVE,UNG,UNG,UNG,Post-filter
326,ytb_audio,equal,UNG,1.0,UNG,UNG,UNG,UNG,Post-filter
326,ytb_audio,or,StitchedVamana,1.0,Post-filter,UNG,FilteredVamana,UNG,Post-filter
327,LAION1M,and,UNG,1.0,UNG,Post-filter,UNG,UNG,UNG
327,LAION1M,equal,UNG,1.0,UNG,UNG,UNG,UNG,UNG
327,LAION1M,or,UNG,1.0,Post-filter,Post-filter,UNG,UNG,UNG
327,tripclick,and,UNG,1.0,UNG,UNG,UNG,UNG,UNG
327,tripclick,equal,UNG,1.0,UNG,UNG,UNG,UNG,UNG
327,tripclick,or,UNG,1.0,Post-filter,UNG,UNG,UNG,UNG
327,yfcc,and,Post-filter,1.0,SIEVE,UNG,UNG,UNG,StitchedVamana
327,yfcc,equal,UNG,1.0,UNG,UNG,UNG,UNG,StitchedVamana
327,yfcc,or,FilteredVamana,1.0,Post-filter,StitchedVamana,StitchedVamana,UNG,StitchedVamana
327,ytb_audio,and,UNG,1.0,SIEVE,UNG,UNG,UNG,Post-filter
327,ytb_audio,equal,UNG,1.0,UNG,UNG,UNG,UNG,Post-filter
327,ytb_audio,or,UNG,1.0,Post-filter,UNG,UNG,UNG,Post-filter
328,LAION1M,and,UNG,1.0,UNG,Post-filter,UNG,UNG,UNG
328,LAION1M,equal,UNG,1.0,UNG,UNG,UNG,UNG,UNG
328,LAION1M,or,UNG,1.0,Post-filter,Post-filter,UNG,UNG,UNG
328,tripclick,and,Post-filter,1.0,UNG,UNG,UNG,UNG,UNG
328,tripclick,equal,UNG,1.0,UNG,UNG,UNG,UNG,UNG
328,tripclick,or,UNG,1.0,Post-filter,UNG,UNG,UNG,UNG
328,yfcc,and,FilteredVamana,1.0,SIEVE,UNG,UNG,UNG,StitchedVamana
328,yfcc,equal,UNG,1.0,UNG,UNG,UNG,UNG,StitchedVamana
328,yfcc,or,FilteredVamana,1.0,Post-filter,StitchedVamana,StitchedVamana,UNG,StitchedVamana
328,ytb_audio,and,UNG,1.0,SIEVE,UNG,UNG,UNG,Post-filter
328,ytb_audio,equal,UNG,1.0,UNG,UNG,UNG,UNG,Post-filter
328,ytb_audio,or,StitchedVamana,1.0,Post-filter,UNG,FilteredVamana,UNG,Post-filter
329,LAION1M,and,UNG,1.0,UNG,UNG,UNG,UNG,UNG
329,LAION1M,equal,UNG,1.0,UNG,UNG,UNG,UNG,UNG
329,LAION1M,or,UNG,1.0,Post-filter,UNG,UNG,UNG,StitchedVamana
329,tripclick,and,UNG,1.0,UNG,UNG,UNG,UNG,UNG
329,tripclick,equal,UNG,1.0,UNG,UNG,UNG,UNG,UNG
329,tripclick,or,UNG,1.0,Post-filter,UNG,UNG,UNG,UNG
329,yfcc,and,UNG,1.0,SIEVE,UNG,UNG,UNG,StitchedVamana
329,yfcc,equal,UNG,1.0,UNG,UNG,UNG,UNG,StitchedVamana
329,yfcc,or,FilteredVamana,1.0,Post-filter,StitchedVamana,StitchedVamana,UNG,StitchedVamana
329,ytb_audio,and,UNG,1.0,SIEVE,UNG,UNG,UNG,Post-filter
329,ytb_audio,equal,UNG,1.0,UNG,UNG,UNG,UNG,Post-filter
329,ytb_audio,or,UNG,1.0,Post-filter,UNG,UNG,UNG,Post-filter
330,LAION1M,and,UNG,1.0,UNG,UNG,UNG,UNG,StitchedVamana
330,LAION1M,equal,UNG,1.0,UNG,UNG,UNG,UNG,UNG
330,LAION1M,or,UNG,1.0,Post-filter,UNG,UNG,UNG,UNG
330,tripclick,and,UNG,1.0,UNG,UNG,UNG,UNG,UNG
330,tripclick,equal,UNG,1.0,UNG,UNG,UNG,UNG,UNG
330,tripclick,or,UNG,1.0,Post-filter,UNG,UNG,UNG,UNG
330,yfcc,and,UNG,1.0,SIEVE,UNG,UNG,UNG,StitchedVamana
330,yfcc,equal,UNG,1.0,UNG,UNG,UNG,UNG,StitchedVamana
330,yfcc,or,FilteredVamana,1.0,Post-filter,StitchedVamana,StitchedVamana,UNG,StitchedVamana
330,ytb_audio,and,UNG,1.0,SIEVE,UNG,UNG,UNG,Post-filter
330,ytb_audio,equal,UNG,1.0,UNG,UNG,UNG,UNG,Post-filter
330,ytb_audio,or,UNG,1.0,Post-filter,UNG,UNG,UNG,Post-filter
331,LAION1M,and,UNG,1.0,UNG,UNG,UNG,UNG,UNG
331,LAION1M,equal,UNG,1.0,UNG,UNG,UNG,UNG,UNG
331,LAION1M,or,UNG,1.0,Post-filter,Post-filter,UNG,UNG,UNG
331,tripclick,and,UNG,1.0,UNG,UNG,UNG,UNG,UNG
331,tripclick,equal,UNG,1.0,UNG,UNG,UNG,UNG,UNG
331,tripclick,or,UNG,1.0,Post-filter,UNG,UNG,UNG,UNG
331,yfcc,and,UNG,1.0,SIEVE,UNG,UNG,UNG,StitchedVamana
331,yfcc,equal,UNG,1.0,UNG,UNG,UNG,UNG,StitchedVamana
331,yfcc,or,FilteredVamana,1.0,Post-filter,StitchedVamana,StitchedVamana,UNG,StitchedVamana
331,ytb_audio,and,SIEVE,1.0,SIEVE,UNG,UNG,UNG,Post-filter
331,ytb_audio,equal,UNG,1.0,UNG,UNG,UNG,UNG,Post-filter
331,ytb_audio,or,UNG,1.0,Post-filter,UNG,UNG,UNG,Post-filter
332,LAION1M,and,UNG,1.0,UNG,Post-filter,UNG,UNG,UNG
332,LAION1M,equal,UNG,1.0,UNG,UNG,UNG,UNG,UNG
332,LAION1M,or,Post-filter,1.0,Post-filter,Post-filter,UNG,UNG,UNG
332,tripclick,and,UNG,1.0,UNG,UNG,UNG,UNG,UNG
332,tripclick,equal,UNG,1.0,UNG,UNG,UNG,UNG,UNG
332,tripclick,or,UNG,1.0,Post-filter,UNG,UNG,UNG,UNG
332,yfcc,and,UNG,1.0,SIEVE,UNG,UNG,UNG,StitchedVamana
332,yfcc,equal,UNG,1.0,UNG,UNG,UNG,UNG,StitchedVamana
332,yfcc,or,FilteredVamana,1.0,Post-filter,StitchedVamana,StitchedVamana,UNG,StitchedVamana
332,ytb_audio,and,SIEVE,1.0,SIEVE,UNG,UNG,UNG,Post-filter
332,ytb_audio,equal,UNG,1.0,UNG,UNG,UNG,UNG,Post-filter
332,ytb_audio,or,StitchedVamana,1.0,Post-filter,UNG,FilteredVamana,UNG,Post-filter
333,LAION1M,and,UNG,1.0,UNG,UNG,UNG,UNG,UNG
333,LAION1M,equal,UNG,1.0,UNG,UNG,UNG,UNG,UNG
333,LAION1M,or,UNG,1.0,Post-filter,StitchedVamana,UNG,UNG,UNG
333,tripclick,and,Post-filter,1.0,UNG,UNG,UNG,UNG,UNG
333,tripclick,equal,UNG,1.0,UNG,UNG,UNG,UNG,UNG
333,tripclick,or,UNG,1.0,Post-filter,UNG,UNG,UNG,UNG
333,yfcc,and,UNG,1.0,SIEVE,UNG,UNG,UNG,StitchedVamana
333,yfcc,equal,UNG,1.0,UNG,UNG,UNG,UNG,StitchedVamana
333,yfcc,or,FilteredVamana,1.0,Post-filter,StitchedVamana,StitchedVamana,UNG,StitchedVamana
333,ytb_audio,and,UNG,1.0,SIEVE,UNG,UNG,UNG,Post-filter
333,ytb_audio,equal,UNG,1.0,UNG,UNG,UNG,UNG,Post-filter
333,ytb_audio,or,UNG,1.0,Post-filter,UNG,UNG,UNG,Post-filter
334,LAION1M,and,UNG,1.0,UNG,UNG,UNG,UNG,UNG
334,LAION1M,equal,UNG,1.0,UNG,UNG,UNG,UNG,UNG
334,LAION1M,or,UNG,1.0,Post-filter,Post-filter,UNG,UNG,UNG
334,tripclick,and,UNG,1.0,UNG,UNG,UNG,UNG,UNG
334,tripclick,equal,UNG,1.0,UNG,UNG,UNG,UNG,UNG
334,tripclick,or,UNG,1.0,Post-filter,UNG,UNG,UNG,UNG
334,yfcc,and,UNG,1.0,SIEVE,UNG,UNG,UNG,StitchedVamana
334,yfcc,equal,UNG,1.0,UNG,UNG,UNG,UNG,StitchedVamana
334,yfcc,or,FilteredVamana,1.0,Post-filter,StitchedVamana,StitchedVamana,UNG,StitchedVamana
334,ytb_audio,and,UNG,1.0,SIEVE,UNG,UNG,UNG,Post-filter
334,ytb_audio,equal,UNG,1.0,UNG,UNG,UNG,UNG,Post-filter
334,ytb_audio,or,StitchedVamana,1.0,Post-filter,UNG,FilteredVamana,UNG,Post-filter
335,LAION1M,and,UNG,1.0,UNG,UNG,UNG,UNG,UNG
335,LAION1M,equal,UNG,1.0,UNG,UNG,UNG,UNG,UNG
335,LAION1M,or,UNG,1.0,Post-filter,UNG,UNG,UNG,UNG
335,tripclick,and,UNG,1.0,UNG,UNG,UNG,UNG,UNG
335,tripclick,equal,UNG,1.0,UNG,UNG,UNG,UNG,UNG
335,tripclick,or,UNG,1.0,Post-filter,UNG,UNG,UNG,UNG
335,yfcc,and,UNG,1.0,SIEVE,UNG,UNG,UNG,StitchedVamana
335,yfcc,equal,UNG,1.0,UNG,UNG,UNG,UNG,StitchedVamana
335,yfcc,or,FilteredVamana,1.0,Post-filter,StitchedVamana,UNG,UNG,StitchedVamana
335,ytb_audio,and,SIEVE,1.0,SIEVE,UNG,UNG,UNG,Post-filter
335,ytb_audio,equal,UNG,1.0,UNG,UNG,UNG,UNG,Post-filter
335,ytb_audio,or,StitchedVamana,1.0,Post-filter,UNG,FilteredVamana,UNG,Post-filter
336,LAION1M,and,UNG,1.0,UNG,UNG,UNG,UNG,UNG
336,LAION1M,equal,UNG,1.0,UNG,UNG,UNG,UNG,UNG
336,LAION1M,or,UNG,1.0,Post-filter,UNG,UNG,UNG,UNG
336,tripclick,and,Post-filter,1.0,UNG,UNG,UNG,UNG,UNG
336,tripclick,equal,UNG,1.0,UNG,UNG,UNG,UNG,UNG
336,tripclick,or,UNG,1.0,Post-filter,UNG,UNG,UNG,UNG
336,yfcc,and,FilteredVamana,1.0,SIEVE,UNG,UNG,UNG,StitchedVamana
336,yfcc,equal,UNG,1.0,UNG,UNG,UNG,UNG,StitchedVamana
336,yfcc,or,FilteredVamana,1.0,Post-filter,StitchedVamana,StitchedVamana,UNG,StitchedVamana
336,ytb_audio,and,SIEVE,1.0,SIEVE,UNG,UNG,UNG,Post-filter
336,ytb_audio,equal,UNG,1.0,UNG,UNG,UNG,UNG,Post-filter
336,ytb_audio,or,UNG,1.0,Post-filter,UNG,FilteredVamana,UNG,Post-filter
337,LAION1M,and,UNG,1.0,UNG,UNG,UNG,UNG,UNG
337,LAION1M,equal,UNG,1.0,UNG,UNG,UNG,UNG,UNG
337,LAION1M,or,UNG,1.0,Post-filter,Post-filter,UNG,FilteredVamana,StitchedVamana
337,tripclick,and,UNG,1.0,UNG,UNG,UNG,UNG,UNG
337,tripclick,equal,UNG,1.0,UNG,UNG,UNG,UNG,UNG
337,tripclick,or,Post-filter,1.0,Post-filter,UNG,UNG,UNG,UNG
337,yfcc,and,UNG,1.0,SIEVE,UNG,UNG,UNG,StitchedVamana
337,yfcc,equal,UNG,1.0,UNG,UNG,UNG,UNG,StitchedVamana
337,yfcc,or,FilteredVamana,1.0,Post-filter,StitchedVamana,StitchedVamana,UNG,StitchedVamana
337,ytb_audio,and,UNG,1.0,SIEVE,UNG,UNG,UNG,Post-filter
337,ytb_audio,equal,UNG,1.0,UNG,UNG,UNG,UNG,Post-filter
337,ytb_audio,or,UNG,1.0,Post-filter,UNG,UNG,UNG,Post-filter
338,LAION1M,and,UNG,1.0,UNG,UNG,UNG,UNG,UNG
338,LAION1M,equal,UNG,1.0,UNG,UNG,UNG,UNG,UNG
338,LAION1M,or,UNG,1.0,Post-filter,Post-filter,UNG,UNG,UNG
338,tripclick,and,UNG,1.0,UNG,UNG,UNG,UNG,UNG
338,tripclick,equal,UNG,1.0,UNG,UNG,UNG,UNG,UNG
338,tripclick,or,Post-filter,1.0,Post-filter,UNG,UNG,UNG,UNG
338,yfcc,and,UNG,1.0,SIEVE,UNG,UNG,UNG,StitchedVamana
338,yfcc,equal,UNG,1.0,UNG,UNG,UNG,UNG,StitchedVamana
338,yfcc,or,FilteredVamana,1.0,Post-filter,FilteredVamana,StitchedVamana,UNG,StitchedVamana
338,ytb_audio,and,SIEVE,1.0,SIEVE,UNG,UNG,UNG,Post-filter
338,ytb_audio,equal,UNG,1.0,UNG,UNG,UNG,UNG,Post-filter
338,ytb_audio,or,StitchedVamana,1.0,Post-filter,UNG,UNG,UNG,Post-filter
339,LAION1M,and,UNG,1.0,UNG,UNG,UNG,UNG,UNG
339,LAION1M,equal,UNG,1.0,UNG,UNG,UNG,UNG,UNG
339,LAION1M,or,UNG,1.0,Post-filter,Post-filter,UNG,UNG,UNG
339,tripclick,and,UNG,1.0,UNG,UNG,UNG,UNG,UNG
339,tripclick,equal,UNG,1.0,UNG,UNG,UNG,UNG,UNG
339,tripclick,or,UNG,1.0,Post-filter,UNG,UNG,UNG,UNG
339,yfcc,and,UNG,1.0,SIEVE,UNG,UNG,UNG,StitchedVamana
339,yfcc,equal,UNG,1.0,UNG,UNG,UNG,UNG,StitchedVamana
339,yfcc,or,FilteredVamana,1.0,Post-filter,StitchedVamana,StitchedVamana,UNG,StitchedVamana
339,ytb_audio,and,SIEVE,1.0,SIEVE,UNG,UNG,UNG,Post-filter
339,ytb_audio,equal,UNG,1.0,UNG,UNG,UNG,UNG,Post-filter
339,ytb_audio,or,UNG,1.0,Post-filter,UNG,UNG,UNG,Post-filter
340,LAION1M,and,UNG,1.0,UNG,Post-filter,UNG,UNG,UNG
340,LAION1M,equal,UNG,1.0,UNG,UNG,UNG,UNG,UNG
340,LAION1M,or,UNG,1.0,Post-filter,Post-filter,UNG,UNG,UNG
340,tripclick,and,UNG,1.0,UNG,UNG,UNG,UNG,UNG
340,tripclick,equal,UNG,1.0,UNG,UNG,UNG,UNG,UNG
340,tripclick,or,UNG,1.0,Post-filter,UNG,UNG,UNG,UNG
340,yfcc,and,UNG,1.0,SIEVE,UNG,UNG,UNG,StitchedVamana
340,yfcc,equal,UNG,1.0,UNG,UNG,UNG,UNG,StitchedVamana
340,yfcc,or,FilteredVamana,1.0,Post-filter,StitchedVamana,StitchedVamana,UNG,StitchedVamana
340,ytb_audio,and,UNG,1.0,SIEVE,UNG,UNG,UNG,Post-filter
340,ytb_audio,equal,UNG,1.0,UNG,UNG,UNG,UNG,Post-filter
340,ytb_audio,or,StitchedVamana,1.0,Post-filter,UNG,FilteredVamana,UNG,Post-filter
341,LAION1M,and,UNG,1.0,UNG,UNG,UNG,UNG,UNG
341,LAION1M,equal,UNG,1.0,UNG,UNG,UNG,UNG,UNG
341,LAION1M,or,UNG,1.0,Post-filter,UNG,UNG,UNG,StitchedVamana
341,tripclick,and,UNG,1.0,UNG,UNG,UNG,UNG,UNG
341,tripclick,equal,UNG,1.0,UNG,UNG,UNG,UNG,UNG
341,tripclick,or,Post-filter,1.0,Post-filter,UNG,UNG,UNG,UNG
341,yfcc,and,UNG,1.0,SIEVE,UNG,UNG,UNG,StitchedVamana
341,yfcc,equal,UNG,1.0,UNG,UNG,UNG,UNG,StitchedVamana
341,yfcc,or,FilteredVamana,1.0,Post-filter,StitchedVamana,StitchedVamana,UNG,StitchedVamana
341,ytb_audio,and,UNG,1.0,SIEVE,UNG,UNG,UNG,Post-filter
341,ytb_audio,equal,UNG,1.0,UNG,UNG,UNG,UNG,Post-filter
341,ytb_audio,or,UNG,1.0,Post-filter,UNG,UNG,UNG,Post-filter
342,LAION1M,and,UNG,1.0,UNG,Post-filter,UNG,UNG,UNG
342,LAION1M,equal,UNG,1.0,UNG,UNG,UNG,UNG,UNG
342,LAION1M,or,UNG,1.0,Post-filter,UNG,UNG,UNG,StitchedVamana
342,tripclick,and,UNG,1.0,UNG,UNG,UNG,UNG,UNG
342,tripclick,equal,UNG,1.0,UNG,UNG,UNG,UNG,UNG
342,tripclick,or,Post-filter,1.0,Post-filter,UNG,UNG,UNG,UNG
342,yfcc,and,UNG,1.0,SIEVE,UNG,UNG,UNG,StitchedVamana
342,yfcc,equal,UNG,1.0,UNG,UNG,UNG,UNG,StitchedVamana
342,yfcc,or,FilteredVamana,1.0,Post-filter,StitchedVamana,StitchedVamana,UNG,StitchedVamana
342,ytb_audio,and,UNG,1.0,SIEVE,UNG,UNG,UNG,Post-filter
342,ytb_audio,equal,UNG,1.0,UNG,UNG,UNG,UNG,Post-filter
342,ytb_audio,or,StitchedVamana,1.0,Post-filter,UNG,FilteredVamana,UNG,Post-filter
343,LAION1M,and,UNG,1.0,UNG,UNG,UNG,UNG,UNG
343,LAION1M,equal,UNG,1.0,UNG,UNG,UNG,UNG,UNG
343,LAION1M,or,UNG,1.0,Post-filter,UNG,UNG,UNG,StitchedVamana
343,tripclick,and,UNG,1.0,UNG,UNG,UNG,UNG,UNG
343,tripclick,equal,UNG,1.0,UNG,UNG,UNG,UNG,UNG
343,tripclick,or,UNG,1.0,Post-filter,UNG,UNG,UNG,UNG
343,yfcc,and,UNG,1.0,SIEVE,UNG,UNG,UNG,StitchedVamana
343,yfcc,equal,UNG,1.0,UNG,UNG,UNG,UNG,StitchedVamana
343,yfcc,or,FilteredVamana,1.0,Post-filter,StitchedVamana,StitchedVamana,UNG,StitchedVamana
343,ytb_audio,and,UNG,1.0,SIEVE,UNG,UNG,UNG,Post-filter
343,ytb_audio,equal,UNG,1.0,UNG,UNG,UNG,UNG,Post-filter
343,ytb_audio,or,StitchedVamana,1.0,Post-filter,UNG,FilteredVamana,UNG,Post-filter
344,LAION1M,and,UNG,1.0,UNG,UNG,UNG,UNG,UNG
344,LAION1M,equal,UNG,1.0,UNG,UNG,UNG,UNG,UNG
344,LAION1M,or,UNG,1.0,Post-filter,UNG,UNG,UNG,UNG
344,tripclick,and,UNG,1.0,UNG,UNG,UNG,UNG,UNG
344,tripclick,equal,UNG,1.0,UNG,UNG,UNG,UNG,UNG
344,tripclick,or,UNG,1.0,Post-filter,UNG,UNG,UNG,UNG
344,yfcc,and,UNG,1.0,SIEVE,UNG,UNG,UNG,StitchedVamana
344,yfcc,equal,UNG,1.0,UNG,UNG,UNG,UNG,StitchedVamana
344,yfcc,or,FilteredVamana,1.0,Post-filter,UNG,UNG,UNG,StitchedVamana
344,ytb_audio,and,UNG,1.0,SIEVE,UNG,UNG,UNG,Post-filter
344,ytb_audio,equal,UNG,1.0,UNG,UNG,UNG,UNG,Post-filter
344,ytb_audio,or,StitchedVamana,1.0,Post-filter,UNG,FilteredVamana,UNG,Post-filter
345,LAION1M,and,UNG,1.0,UNG,UNG,UNG,UNG,UNG
345,LAION1M,equal,UNG,1.0,UNG,UNG,UNG,UNG,UNG
345,LAION1M,or,UNG,1.0,Post-filter,Post-filter,UNG,UNG,UNG
345,tripclick,and,UNG,1.0,UNG,UNG,UNG,UNG,UNG
345,tripclick,equal,UNG,1.0,UNG,UNG,UNG,UNG,UNG
345,tripclick,or,Post-filter,1.0,Post-filter,UNG,UNG,UNG,UNG
345,yfcc,and,SIEVE,1.0,SIEVE,UNG,UNG,UNG,StitchedVamana
345,yfcc,equal,UNG,1.0,UNG,UNG,UNG,UNG,StitchedVamana
345,yfcc,or,FilteredVamana,1.0,Post-filter,StitchedVamana,StitchedVamana,UNG,StitchedVamana
345,ytb_audio,and,UNG,1.0,SIEVE,UNG,UNG,UNG,Post-filter
345,ytb_audio,equal,UNG,1.0,UNG,UNG,UNG,UNG,Post-filter
345,ytb_audio,or,StitchedVamana,1.0,Post-filter,UNG,FilteredVamana,UNG,Post-filter
346,LAION1M,and,UNG,1.0,UNG,UNG,UNG,UNG,UNG
346,LAION1M,equal,UNG,1.0,UNG,UNG,UNG,UNG,UNG
346,LAION1M,or,UNG,1.0,Post-filter,Post-filter,UNG,UNG,UNG
346,tripclick,and,UNG,1.0,UNG,UNG,UNG,UNG,UNG
346,tripclick,equal,UNG,1.0,UNG,UNG,UNG,UNG,UNG
346,tripclick,or,Post-filter,1.0,Post-filter,UNG,UNG,UNG,UNG
346,yfcc,and,UNG,1.0,SIEVE,UNG,UNG,UNG,StitchedVamana
346,yfcc,equal,UNG,1.0,UNG,UNG,UNG,UNG,StitchedVamana
346,yfcc,or,FilteredVamana,1.0,Post-filter,StitchedVamana,UNG,UNG,StitchedVamana
346,ytb_audio,and,UNG,1.0,SIEVE,UNG,UNG,UNG,Post-filter
346,ytb_audio,equal,UNG,1.0,UNG,UNG,UNG,UNG,Post-filter
346,ytb_audio,or,StitchedVamana,1.0,Post-filter,UNG,FilteredVamana,UNG,Post-filter
347,LAION1M,and,UNG,1.0,UNG,UNG,UNG,UNG,UNG
347,LAION1M,equal,UNG,1.0,UNG,UNG,UNG,UNG,UNG
347,LAION1M,or,UNG,1.0,Post-filter,Post-filter,UNG,UNG,UNG
347,tripclick,and,UNG,1.0,UNG,UNG,UNG,UNG,UNG
347,tripclick,equal,UNG,1.0,UNG,UNG,UNG,UNG,UNG
347,tripclick,or,UNG,1.0,Post-filter,UNG,UNG,UNG,UNG
347,yfcc,and,UNG,1.0,SIEVE,UNG,UNG,UNG,StitchedVamana
347,yfcc,equal,UNG,1.0,UNG,UNG,UNG,UNG,StitchedVamana
347,yfcc,or,FilteredVamana,1.0,Post-filter,StitchedVamana,StitchedVamana,UNG,StitchedVamana
347,ytb_audio,and,SIEVE,1.0,SIEVE,UNG,UNG,UNG,Post-filter
347,ytb_audio,equal,UNG,1.0,UNG,UNG,UNG,UNG,Post-filter
347,ytb_audio,or,StitchedVamana,1.0,Post-filter,UNG,FilteredVamana,UNG,Post-filter
348,LAION1M,and,UNG,1.0,UNG,UNG,UNG,UNG,UNG
348,LAION1M,equal,UNG,1.0,UNG,UNG,UNG,UNG,UNG
348,LAION1M,or,UNG,1.0,Post-filter,UNG,UNG,UNG,UNG
348,tripclick,and,UNG,1.0,UNG,UNG,UNG,UNG,UNG
348,tripclick,equal,UNG,1.0,UNG,UNG,UNG,UNG,UNG
348,tripclick,or,UNG,1.0,Post-filter,UNG,UNG,UNG,UNG
348,yfcc,and,UNG,1.0,SIEVE,UNG,UNG,UNG,StitchedVamana
348,yfcc,equal,UNG,1.0,UNG,UNG,UNG,UNG,StitchedVamana
348,yfcc,or,FilteredVamana,1.0,Post-filter,FilteredVamana,StitchedVamana,UNG,StitchedVamana
348,ytb_audio,and,UNG,1.0,SIEVE,UNG,UNG,UNG,Post-filter
348,ytb_audio,equal,UNG,1.0,UNG,UNG,UNG,UNG,Post-filter
348,ytb_audio,or,StitchedVamana,1.0,Post-filter,UNG,FilteredVamana,UNG,Post-filter
349,LAION1M,and,UNG,1.0,UNG,UNG,UNG,UNG,UNG
349,LAION1M,equal,UNG,1.0,UNG,UNG,UNG,UNG,UNG
349,LAION1M,or,UNG,1.0,Post-filter,Post-filter,UNG,UNG,UNG
349,tripclick,and,UNG,1.0,UNG,UNG,UNG,UNG,UNG
349,tripclick,equal,UNG,1.0,UNG,UNG,UNG,UNG,UNG
349,tripclick,or,Post-filter,1.0,Post-filter,UNG,UNG,UNG,UNG
349,yfcc,and,FilteredVamana,1.0,SIEVE,UNG,UNG,UNG,StitchedVamana
349,yfcc,equal,UNG,1.0,UNG,UNG,UNG,UNG,StitchedVamana
349,yfcc,or,FilteredVamana,1.0,Post-filter,StitchedVamana,StitchedVamana,UNG,StitchedVamana
349,ytb_audio,and,UNG,1.0,SIEVE,UNG,UNG,UNG,Post-filter
349,ytb_audio,equal,UNG,1.0,UNG,UNG,UNG,UNG,Post-filter
349,ytb_audio,or,StitchedVamana,1.0,Post-filter,UNG,FilteredVamana,UNG,Post-filter
350,LAION1M,and,UNG,1.0,UNG,UNG,UNG,UNG,UNG
350,LAION1M,equal,UNG,1.0,UNG,UNG,UNG,UNG,UNG
350,LAION1M,or,UNG,1.0,Post-filter,UNG,UNG,UNG,UNG
350,tripclick,and,UNG,1.0,UNG,UNG,UNG,UNG,UNG
350,tripclick,equal,UNG,1.0,UNG,UNG,UNG,UNG,UNG
350,tripclick,or,UNG,1.0,Post-filter,UNG,UNG,UNG,UNG
350,yfcc,and,UNG,1.0,SIEVE,UNG,UNG,UNG,StitchedVamana
350,yfcc,equal,UNG,1.0,UNG,UNG,UNG,UNG,StitchedVamana
350,yfcc,or,FilteredVamana,1.0,Post-filter,StitchedVamana,StitchedVamana,UNG,StitchedVamana
350,ytb_audio,and,UNG,1.0,SIEVE,UNG,UNG,UNG,Post-filter
350,ytb_audio,equal,UNG,1.0,UNG,UNG,UNG,UNG,Post-filter
350,ytb_audio,or,UNG,1.0,Post-filter,UNG,UNG,UNG,Post-filter
351,LAION1M,and,UNG,1.0,UNG,Post-filter,UNG,UNG,UNG
351,LAION1M,equal,UNG,1.0,UNG,UNG,UNG,UNG,UNG
351,LAION1M,or,UNG,1.0,Post-filter,UNG,UNG,UNG,StitchedVamana
351,tripclick,and,UNG,1.0,UNG,UNG,UNG,UNG,UNG
351,tripclick,equal,UNG,1.0,UNG,UNG,UNG,UNG,UNG
351,tripclick,or,UNG,1.0,Post-filter,UNG,UNG,UNG,UNG
351,yfcc,and,FilteredVamana,1.0,SIEVE,UNG,UNG,UNG,StitchedVamana
351,yfcc,equal,UNG,1.0,UNG,UNG,UNG,UNG,StitchedVamana
351,yfcc,or,FilteredVamana,1.0,Post-filter,StitchedVamana,StitchedVamana,UNG,StitchedVamana
351,ytb_audio,and,UNG,1.0,SIEVE,UNG,UNG,UNG,Post-filter
351,ytb_audio,equal,UNG,1.0,UNG,UNG,UNG,UNG,Post-filter
351,ytb_audio,or,StitchedVamana,1.0,Post-filter,UNG,FilteredVamana,UNG,Post-filter
352,LAION1M,and,UNG,1.0,UNG,UNG,UNG,UNG,UNG
352,LAION1M,equal,UNG,1.0,UNG,UNG,UNG,UNG,UNG
352,LAION1M,or,UNG,1.0,Post-filter,UNG,UNG,UNG,UNG
352,tripclick,and,UNG,1.0,UNG,UNG,UNG,UNG,UNG
352,tripclick,equal,UNG,1.0,UNG,UNG,UNG,UNG,UNG
352,tripclick,or,UNG,1.0,Post-filter,UNG,UNG,UNG,UNG
352,yfcc,and,UNG,1.0,SIEVE,UNG,UNG,UNG,StitchedVamana
352,yfcc,equal,UNG,1.0,UNG,UNG,UNG,UNG,StitchedVamana
352,yfcc,or,FilteredVamana,1.0,Post-filter,StitchedVamana,StitchedVamana,UNG,StitchedVamana
352,ytb_audio,and,UNG,1.0,SIEVE,UNG,UNG,UNG,Post-filter
352,ytb_audio,equal,UNG,1.0,UNG,UNG,UNG,UNG,Post-filter
352,ytb_audio,or,StitchedVamana,1.0,Post-filter,UNG,FilteredVamana,UNG,Post-filter
353,LAION1M,and,UNG,1.0,UNG,UNG,UNG,UNG,UNG
353,LAION1M,equal,UNG,1.0,UNG,UNG,UNG,UNG,UNG
353,LAION1M,or,UNG,1.0,Post-filter,UNG,UNG,UNG,UNG
353,tripclick,and,UNG,1.0,UNG,UNG,UNG,UNG,UNG
353,tripclick,equal,UNG,1.0,UNG,UNG,UNG,UNG,UNG
353,tripclick,or,UNG,1.0,Post-filter,UNG,UNG,UNG,UNG
353,yfcc,and,FilteredVamana,1.0,SIEVE,UNG,UNG,UNG,StitchedVamana
353,yfcc,equal,UNG,1.0,UNG,UNG,UNG,UNG,StitchedVamana
353,yfcc,or,FilteredVamana,1.0,Post-filter,StitchedVamana,StitchedVamana,UNG,StitchedVamana
353,ytb_audio,and,SIEVE,1.0,SIEVE,UNG,UNG,UNG,Post-filter
353,ytb_audio,equal,UNG,1.0,UNG,UNG,UNG,UNG,Post-filter
353,ytb_audio,or,StitchedVamana,1.0,Post-filter,UNG,FilteredVamana,UNG,Post-filter
354,LAION1M,and,UNG,1.0,UNG,Post-filter,UNG,UNG,UNG
354,LAION1M,equal,UNG,1.0,UNG,UNG,UNG,UNG,UNG
354,LAION1M,or,UNG,1.0,Post-filter,UNG,Post-filter,UNG,UNG
354,tripclick,and,UNG,1.0,UNG,UNG,UNG,UNG,UNG
354,tripclick,equal,UNG,1.0,UNG,UNG,UNG,UNG,UNG
354,tripclick,or,UNG,1.0,Post-filter,UNG,UNG,UNG,UNG
354,yfcc,and,UNG,1.0,SIEVE,UNG,UNG,UNG,StitchedVamana
354,yfcc,equal,UNG,1.0,UNG,UNG,UNG,UNG,StitchedVamana
354,yfcc,or,FilteredVamana,1.0,Post-filter,StitchedVamana,StitchedVamana,UNG,StitchedVamana
354,ytb_audio,and,UNG,1.0,SIEVE,UNG,UNG,UNG,Post-filter
354,ytb_audio,equal,UNG,1.0,UNG,UNG,UNG,UNG,Post-filter
354,ytb_audio,or,StitchedVamana,1.0,Post-filter,UNG,FilteredVamana,UNG,Post-filter
355,LAION1M,and,UNG,1.0,UNG,Post-filter,UNG,UNG,UNG
355,LAION1M,equal,UNG,1.0,UNG,UNG,UNG,UNG,UNG
355,LAION1M,or,UNG,1.0,Post-filter,Post-filter,UNG,FilteredVamana,StitchedVamana
355,tripclick,and,UNG,1.0,UNG,UNG,UNG,UNG,UNG
355,tripclick,equal,UNG,1.0,UNG,UNG,UNG,UNG,UNG
355,tripclick,or,UNG,1.0,Post-filter,UNG,UNG,UNG,UNG
355,yfcc,and,UNG,1.0,SIEVE,UNG,UNG,UNG,StitchedVamana
355,yfcc,equal,UNG,1.0,UNG,UNG,UNG,UNG,StitchedVamana
355,yfcc,or,FilteredVamana,1.0,Post-filter,StitchedVamana,UNG,UNG,StitchedVamana
355,ytb_audio,and,UNG,1.0,SIEVE,UNG,UNG,UNG,Post-filter
355,ytb_audio,equal,UNG,1.0,UNG,UNG,UNG,UNG,Post-filter
355,ytb_audio,or,StitchedVamana,1.0,Post-filter,UNG,UNG,UNG,Post-filter
356,LAION1M,and,UNG,1.0,UNG,UNG,UNG,UNG,UNG
356,LAION1M,equal,UNG,1.0,UNG,UNG,UNG,UNG,UNG
356,LAION1M,or,UNG,1.0,Post-filter,UNG,UNG,UNG,UNG
356,tripclick,and,UNG,1.0,UNG,UNG,UNG,UNG,UNG
356,tripclick,equal,UNG,1.0,UNG,UNG,UNG,UNG,UNG
356,tripclick,or,UNG,1.0,Post-filter,UNG,UNG,UNG,UNG
356,yfcc,and,FilteredVamana,1.0,SIEVE,UNG,UNG,UNG,StitchedVamana
356,yfcc,equal,UNG,1.0,UNG,UNG,UNG,UNG,StitchedVamana
356,yfcc,or,FilteredVamana,1.0,Post-filter,UNG,StitchedVamana,UNG,StitchedVamana
356,ytb_audio,and,UNG,1.0,SIEVE,UNG,UNG,UNG,Post-filter
356,ytb_audio,equal,UNG,1.0,UNG,UNG,UNG,UNG,Post-filter
356,ytb_audio,or,UNG,1.0,Post-filter,UNG,UNG,UNG,Post-filter
357,LAION1M,and,UNG,1.0,UNG,UNG,UNG,UNG,UNG
357,LAION1M,equal,UNG,1.0,UNG,UNG,UNG,UNG,UNG
357,LAION1M,or,UNG,1.0,Post-filter,UNG,UNG,UNG,StitchedVamana
357,tripclick,and,UNG,1.0,UNG,UNG,UNG,UNG,UNG
357,tripclick,equal,UNG,1.0,UNG,UNG,UNG,UNG,UNG
357,tripclick,or,UNG,1.0,Post-filter,UNG,UNG,UNG,UNG
357,yfcc,and,FilteredVamana,1.0,SIEVE,UNG,UNG,UNG,StitchedVamana
357,yfcc,equal,UNG,1.0,UNG,UNG,UNG,UNG,StitchedVamana
357,yfcc,or,FilteredVamana,1.0,Post-filter,StitchedVamana,StitchedVamana,UNG,StitchedVamana
357,ytb_audio,and,UNG,1.0,SIEVE,UNG,UNG,UNG,Post-filter
357,ytb_audio,equal,UNG,1.0,UNG,UNG,UNG,UNG,Post-filter
357,ytb_audio,or,StitchedVamana,1.0,Post-filter,UNG,FilteredVamana,UNG,Post-filter
358,LAION1M,and,UNG,1.0,UNG,UNG,UNG,UNG,UNG
358,LAION1M,equal,UNG,1.0,UNG,UNG,UNG,UNG,UNG
358,LAION1M,or,UNG,1.0,Post-filter,UNG,UNG,UNG,StitchedVamana
358,tripclick,and,UNG,1.0,UNG,UNG,UNG,UNG,UNG
358,tripclick,equal,UNG,1.0,UNG,UNG,UNG,UNG,UNG
358,tripclick,or,UNG,1.0,Post-filter,UNG,UNG,UNG,UNG
358,yfcc,and,UNG,1.0,SIEVE,UNG,UNG,UNG,StitchedVamana
358,yfcc,equal,UNG,1.0,UNG,UNG,UNG,UNG,StitchedVamana
358,yfcc,or,FilteredVamana,1.0,Post-filter,FilteredVamana,StitchedVamana,UNG,StitchedVamana
358,ytb_audio,and,UNG,1.0,SIEVE,UNG,UNG,UNG,Post-filter
358,ytb_audio,equal,UNG,1.0,UNG,UNG,UNG,UNG,Post-filter
358,ytb_audio,or,SIEVE,1.0,Post-filter,UNG,UNG,UNG,Post-filter
359,LAION1M,and,UNG,1.0,UNG,UNG,UNG,UNG,UNG
359,LAION1M,equal,UNG,1.0,UNG,UNG,UNG,UNG,UNG
359,LAION1M,or,UNG,1.0,Post-filter,UNG,UNG,UNG,UNG
359,tripclick,and,Post-filter,1.0,UNG,UNG,UNG,UNG,UNG
359,tripclick,equal,UNG,1.0,UNG,UNG,UNG,UNG,UNG
359,tripclick,or,UNG,1.0,Post-filter,UNG,UNG,UNG,UNG
359,yfcc,and,FilteredVamana,1.0,SIEVE,UNG,UNG,UNG,StitchedVamana
359,yfcc,equal,UNG,1.0,UNG,UNG,UNG,UNG,StitchedVamana
359,yfcc,or,FilteredVamana,1.0,Post-filter,StitchedVamana,StitchedVamana,UNG,StitchedVamana
359,ytb_audio,and,UNG,1.0,SIEVE,UNG,UNG,UNG,Post-filter
359,ytb_audio,equal,UNG,1.0,UNG,UNG,UNG,UNG,Post-filter
359,ytb_audio,or,StitchedVamana,1.0,Post-filter,UNG,FilteredVamana,UNG,Post-filter
360,LAION1M,and,UNG,1.0,UNG,Post-filter,UNG,UNG,UNG
360,LAION1M,equal,UNG,1.0,UNG,UNG,UNG,UNG,UNG
360,LAION1M,or,UNG,1.0,Post-filter,UNG,UNG,UNG,UNG
360,tripclick,and,UNG,1.0,UNG,UNG,UNG,UNG,UNG
360,tripclick,equal,UNG,1.0,UNG,UNG,UNG,UNG,UNG
360,tripclick,or,UNG,1.0,Post-filter,UNG,UNG,UNG,UNG
360,yfcc,and,UNG,1.0,SIEVE,UNG,UNG,UNG,StitchedVamana
360,yfcc,equal,UNG,1.0,UNG,UNG,UNG,UNG,StitchedVamana
360,yfcc,or,FilteredVamana,1.0,Post-filter,StitchedVamana,UNG,UNG,StitchedVamana
360,ytb_audio,and,UNG,1.0,SIEVE,UNG,UNG,UNG,Post-filter
360,ytb_audio,equal,UNG,1.0,UNG,UNG,UNG,UNG,Post-filter
360,ytb_audio,or,StitchedVamana,1.0,Post-filter,UNG,FilteredVamana,UNG,Post-filter
361,LAION1M,and,UNG,1.0,UNG,UNG,UNG,UNG,UNG
361,LAION1M,equal,UNG,1.0,UNG,UNG,UNG,UNG,UNG
361,LAION1M,or,UNG,1.0,Post-filter,UNG,UNG,UNG,UNG
361,tripclick,and,UNG,1.0,UNG,UNG,UNG,UNG,UNG
361,tripclick,equal,UNG,1.0,UNG,UNG,UNG,UNG,UNG
361,tripclick,or,UNG,1.0,Post-filter,UNG,UNG,UNG,UNG
361,yfcc,and,UNG,1.0,SIEVE,UNG,UNG,UNG,StitchedVamana
361,yfcc,equal,UNG,1.0,UNG,UNG,UNG,UNG,StitchedVamana
361,yfcc,or,FilteredVamana,1.0,Post-filter,StitchedVamana,StitchedVamana,UNG,StitchedVamana
361,ytb_audio,and,UNG,1.0,SIEVE,UNG,UNG,UNG,Post-filter
361,ytb_audio,equal,UNG,1.0,UNG,UNG,UNG,UNG,Post-filter
361,ytb_audio,or,StitchedVamana,1.0,Post-filter,UNG,FilteredVamana,UNG,Post-filter
362,LAION1M,and,UNG,1.0,UNG,Post-filter,UNG,UNG,UNG
362,LAION1M,equal,UNG,1.0,UNG,UNG,UNG,UNG,UNG
362,LAION1M,or,UNG,1.0,Post-filter,UNG,UNG,UNG,UNG
362,tripclick,and,UNG,1.0,UNG,UNG,UNG,UNG,UNG
362,tripclick,equal,UNG,1.0,UNG,UNG,UNG,UNG,UNG
362,tripclick,or,UNG,1.0,Post-filter,UNG,UNG,UNG,UNG
362,yfcc,and,FilteredVamana,1.0,SIEVE,UNG,UNG,UNG,StitchedVamana
362,yfcc,equal,UNG,1.0,UNG,UNG,UNG,UNG,StitchedVamana
362,yfcc,or,FilteredVamana,1.0,Post-filter,StitchedVamana,StitchedVamana,UNG,StitchedVamana
362,ytb_audio,and,UNG,1.0,SIEVE,UNG,UNG,UNG,Post-filter
362,ytb_audio,equal,UNG,1.0,UNG,UNG,UNG,UNG,Post-filter
362,ytb_audio,or,UNG,1.0,Post-filter,UNG,UNG,UNG,Post-filter
363,LAION1M,and,UNG,1.0,UNG,UNG,UNG,UNG,UNG
363,LAION1M,equal,UNG,1.0,UNG,UNG,UNG,UNG,UNG
363,LAION1M,or,UNG,1.0,Post-filter,UNG,UNG,UNG,UNG
363,tripclick,and,Post-filter,1.0,UNG,UNG,UNG,UNG,UNG
363,tripclick,equal,UNG,1.0,UNG,UNG,UNG,UNG,UNG
363,tripclick,or,UNG,1.0,Post-filter,UNG,UNG,UNG,UNG
363,yfcc,and,UNG,1.0,SIEVE,UNG,UNG,UNG,StitchedVamana
363,yfcc,equal,UNG,1.0,UNG,UNG,UNG,UNG,StitchedVamana
363,yfcc,or,FilteredVamana,1.0,Post-filter,FilteredVamana,StitchedVamana,UNG,StitchedVamana
363,ytb_audio,and,SIEVE,1.0,SIEVE,UNG,UNG,UNG,Post-filter
363,ytb_audio,equal,UNG,1.0,UNG,UNG,UNG,UNG,Post-filter
363,ytb_audio,or,StitchedVamana,1.0,Post-filter,UNG,UNG,UNG,Post-filter
364,LAION1M,and,UNG,1.0,UNG,UNG,UNG,UNG,UNG
364,LAION1M,equal,UNG,1.0,UNG,UNG,UNG,UNG,UNG
364,LAION1M,or,UNG,1.0,Post-filter,Post-filter,UNG,FilteredVamana,StitchedVamana
364,tripclick,and,UNG,1.0,UNG,UNG,UNG,UNG,UNG
364,tripclick,equal,UNG,1.0,UNG,UNG,UNG,UNG,UNG
364,tripclick,or,UNG,1.0,Post-filter,UNG,UNG,UNG,UNG
364,yfcc,and,UNG,1.0,SIEVE,UNG,UNG,UNG,StitchedVamana
364,yfcc,equal,UNG,1.0,UNG,UNG,UNG,UNG,StitchedVamana
364,yfcc,or,FilteredVamana,1.0,Post-filter,StitchedVamana,StitchedVamana,UNG,StitchedVamana
364,ytb_audio,and,UNG,1.0,SIEVE,UNG,UNG,UNG,Post-filter
364,ytb_audio,equal,UNG,1.0,UNG,UNG,UNG,UNG,Post-filter
364,ytb_audio,or,StitchedVamana,1.0,Post-filter,UNG,UNG,UNG,Post-filter
365,LAION1M,and,UNG,1.0,UNG,UNG,UNG,UNG,UNG
365,LAION1M,equal,UNG,1.0,UNG,UNG,UNG,UNG,UNG
365,LAION1M,or,UNG,1.0,Post-filter,Post-filter,UNG,UNG,UNG
365,tripclick,and,UNG,1.0,UNG,UNG,UNG,UNG,UNG
365,tripclick,equal,UNG,1.0,UNG,UNG,UNG,UNG,UNG
365,tripclick,or,UNG,1.0,Post-filter,UNG,UNG,UNG,UNG
365,yfcc,and,UNG,1.0,SIEVE,UNG,UNG,UNG,StitchedVamana
365,yfcc,equal,UNG,1.0,UNG,UNG,UNG,UNG,StitchedVamana
365,yfcc,or,FilteredVamana,1.0,Post-filter,StitchedVamana,StitchedVamana,UNG,StitchedVamana
365,ytb_audio,and,SIEVE,1.0,SIEVE,UNG,UNG,UNG,Post-filter
365,ytb_audio,equal,UNG,1.0,UNG,UNG,UNG,UNG,Post-filter
365,ytb_audio,or,StitchedVamana,1.0,Post-filter,UNG,FilteredVamana,UNG,Post-filter
366,LAION1M,and,Post-filter,1.0,UNG,Post-filter,UNG,UNG,UNG
366,LAION1M,equal,UNG,1.0,UNG,UNG,UNG,UNG,UNG
366,LAION1M,or,UNG,1.0,Post-filter,Post-filter,UNG,UNG,UNG
366,tripclick,and,UNG,1.0,UNG,UNG,UNG,UNG,UNG
366,tripclick,equal,UNG,1.0,UNG,UNG,UNG,UNG,UNG
366,tripclick,or,UNG,1.0,Post-filter,UNG,UNG,UNG,UNG
366,yfcc,and,UNG,1.0,SIEVE,UNG,UNG,UNG,StitchedVamana
366,yfcc,equal,UNG,1.0,UNG,UNG,UNG,UNG,StitchedVamana
366,yfcc,or,FilteredVamana,1.0,Post-filter,StitchedVamana,StitchedVamana,UNG,StitchedVamana
366,ytb_audio,and,UNG,1.0,SIEVE,UNG,UNG,UNG,Post-filter
366,ytb_audio,equal,UNG,1.0,UNG,UNG,UNG,UNG,Post-filter
366,ytb_audio,or,StitchedVamana,1.0,Post-filter,UNG,FilteredVamana,UNG,Post-filter
367,LAION1M,and,UNG,1.0,UNG,Post-filter,UNG,UNG,UNG
367,LAION1M,equal,UNG,1.0,UNG,UNG,UNG,UNG,UNG
367,LAION1M,or,UNG,1.0,Post-filter,UNG,UNG,UNG,UNG
367,tripclick,and,UNG,1.0,UNG,UNG,UNG,UNG,UNG
367,tripclick,equal,UNG,1.0,UNG,UNG,UNG,UNG,UNG
367,tripclick,or,UNG,1.0,Post-filter,UNG,UNG,UNG,UNG
367,yfcc,and,FilteredVamana,1.0,SIEVE,UNG,UNG,UNG,StitchedVamana
367,yfcc,equal,UNG,1.0,UNG,UNG,UNG,UNG,StitchedVamana
367,yfcc,or,FilteredVamana,1.0,Post-filter,StitchedVamana,StitchedVamana,UNG,StitchedVamana
367,ytb_audio,and,UNG,1.0,SIEVE,UNG,UNG,UNG,Post-filter
367,ytb_audio,equal,UNG,1.0,UNG,UNG,UNG,UNG,Post-filter
367,ytb_audio,or,StitchedVamana,1.0,Post-filter,UNG,FilteredVamana,UNG,Post-filter
368,LAION1M,and,UNG,1.0,UNG,Post-filter,UNG,UNG,UNG
368,LAION1M,equal,UNG,1.0,UNG,UNG,UNG,UNG,UNG
368,LAION1M,or,UNG,1.0,Post-filter,Post-filter,UNG,FilteredVamana,StitchedVamana
368,tripclick,and,UNG,1.0,UNG,UNG,UNG,UNG,UNG
368,tripclick,equal,UNG,1.0,UNG,UNG,UNG,UNG,UNG
368,tripclick,or,UNG,1.0,Post-filter,UNG,UNG,UNG,UNG
368,yfcc,and,FilteredVamana,1.0,SIEVE,UNG,UNG,UNG,StitchedVamana
368,yfcc,equal,UNG,1.0,UNG,UNG,UNG,UNG,StitchedVamana
368,yfcc,or,FilteredVamana,1.0,Post-filter,FilteredVamana,StitchedVamana,UNG,StitchedVamana
368,ytb_audio,and,UNG,1.0,SIEVE,UNG,UNG,UNG,Post-filter
368,ytb_audio,equal,UNG,1.0,UNG,UNG,UNG,UNG,Post-filter
368,ytb_audio,or,StitchedVamana,1.0,Post-filter,UNG,UNG,UNG,Post-filter
369,LAION1M,and,UNG,1.0,UNG,UNG,UNG,UNG,UNG
369,LAION1M,equal,UNG,1.0,UNG,UNG,UNG,UNG,UNG
369,LAION1M,or,UNG,1.0,Post-filter,Post-filter,UNG,UNG,UNG
369,tripclick,and,UNG,1.0,UNG,UNG,UNG,UNG,UNG
369,tripclick,equal,UNG,1.0,UNG,UNG,UNG,UNG,UNG
369,tripclick,or,UNG,1.0,Post-filter,UNG,UNG,UNG,UNG
369,yfcc,and,UNG,1.0,SIEVE,UNG,UNG,UNG,StitchedVamana
369,yfcc,equal,UNG,1.0,UNG,UNG,UNG,UNG,StitchedVamana
369,yfcc,or,FilteredVamana,1.0,Post-filter,StitchedVamana,StitchedVamana,UNG,StitchedVamana
369,ytb_audio,and,UNG,1.0,SIEVE,UNG,UNG,UNG,Post-filter
369,ytb_audio,equal,UNG,1.0,UNG,UNG,UNG,UNG,Post-filter
369,ytb_audio,or,StitchedVamana,1.0,Post-filter,UNG,FilteredVamana,UNG,Post-filter
370,LAION1M,and,UNG,1.0,UNG,UNG,UNG,UNG,UNG
370,LAION1M,equal,UNG,1.0,UNG,UNG,UNG,UNG,UNG
370,LAION1M,or,UNG,1.0,Post-filter,Post-filter,UNG,FilteredVamana,StitchedVamana
370,tripclick,and,Post-filter,1.0,UNG,UNG,UNG,UNG,UNG
370,tripclick,equal,UNG,1.0,UNG,UNG,UNG,UNG,UNG
370,tripclick,or,UNG,1.0,Post-filter,UNG,UNG,UNG,UNG
370,yfcc,and,UNG,1.0,SIEVE,UNG,UNG,UNG,StitchedVamana
370,yfcc,equal,UNG,1.0,UNG,UNG,UNG,UNG,StitchedVamana
370,yfcc,or,SIEVE,0.7,Post-filter,UNG,UNG,UNG,StitchedVamana
370,ytb_audio,and,SIEVE,1.0,SIEVE,UNG,UNG,UNG,Post-filter
370,ytb_audio,equal,UNG,1.0,UNG,UNG,UNG,UNG,Post-filter
370,ytb_audio,or,StitchedVamana,1.0,Post-filter,UNG,UNG,UNG,Post-filter
371,LAION1M,and,UNG,1.0,UNG,UNG,UNG,UNG,UNG
371,LAION1M,equal,UNG,1.0,UNG,UNG,UNG,UNG,UNG
371,LAION1M,or,UNG,1.0,Post-filter,UNG,UNG,UNG,UNG
371,tripclick,and,UNG,1.0,UNG,UNG,UNG,UNG,UNG
371,tripclick,equal,UNG,1.0,UNG,UNG,UNG,UNG,UNG
371,tripclick,or,UNG,1.0,Post-filter,UNG,UNG,UNG,UNG
371,yfcc,and,UNG,1.0,SIEVE,UNG,UNG,UNG,StitchedVamana
371,yfcc,equal,UNG,1.0,UNG,UNG,UNG,UNG,StitchedVamana
371,yfcc,or,FilteredVamana,1.0,Post-filter,StitchedVamana,StitchedVamana,UNG,StitchedVamana
371,ytb_audio,and,UNG,1.0,SIEVE,UNG,UNG,UNG,Post-filter
371,ytb_audio,equal,UNG,1.0,UNG,UNG,UNG,UNG,Post-filter
371,ytb_audio,or,UNG,1.0,Post-filter,UNG,UNG,UNG,Post-filter
372,LAION1M,and,UNG,1.0,UNG,UNG,UNG,UNG,UNG
372,LAION1M,equal,UNG,1.0,UNG,UNG,UNG,UNG,UNG
372,LAION1M,or,UNG,1.0,Post-filter,UNG,UNG,UNG,StitchedVamana
372,tripclick,and,UNG,1.0,UNG,UNG,UNG,UNG,UNG
372,tripclick,equal,UNG,1.0,UNG,UNG,UNG,UNG,UNG
372,tripclick,or,UNG,1.0,Post-filter,UNG,UNG,UNG,UNG
372,yfcc,and,FilteredVamana,1.0,SIEVE,UNG,UNG,UNG,StitchedVamana
372,yfcc,equal,UNG,1.0,UNG,UNG,UNG,UNG,StitchedVamana
372,yfcc,or,FilteredVamana,1.0,Post-filter,FilteredVamana,StitchedVamana,UNG,StitchedVamana
372,ytb_audio,and,UNG,1.0,SIEVE,UNG,UNG,UNG,Post-filter
372,ytb_audio,equal,UNG,1.0,UNG,UNG,UNG,UNG,Post-filter
372,ytb_audio,or,StitchedVamana,1.0,Post-filter,UNG,FilteredVamana,UNG,Post-filter
373,LAION1M,and,UNG,1.0,UNG,UNG,UNG,UNG,UNG
373,LAION1M,equal,UNG,1.0,UNG,UNG,UNG,UNG,UNG
373,LAION1M,or,UNG,1.0,Post-filter,UNG,UNG,UNG,UNG
373,tripclick,and,UNG,1.0,UNG,UNG,UNG,UNG,UNG
373,tripclick,equal,UNG,1.0,UNG,UNG,UNG,UNG,UNG
373,tripclick,or,Post-filter,1.0,Post-filter,UNG,UNG,UNG,UNG
373,yfcc,and,FilteredVamana,1.0,SIEVE,UNG,UNG,UNG,StitchedVamana
373,yfcc,equal,UNG,1.0,UNG,UNG,UNG,UNG,StitchedVamana
373,yfcc,or,FilteredVamana,1.0,Post-filter,StitchedVamana,StitchedVamana,UNG,StitchedVamana
373,ytb_audio,and,UNG,1.0,SIEVE,UNG,UNG,UNG,Post-filter
373,ytb_audio,equal,UNG,1.0,UNG,UNG,UNG,UNG,Post-filter
373,ytb_audio,or,StitchedVamana,1.0,Post-filter,UNG,FilteredVamana,UNG,Post-filter
374,LAION1M,and,UNG,1.0,UNG,UNG,UNG,UNG,UNG
374,LAION1M,equal,UNG,1.0,UNG,UNG,UNG,UNG,UNG
374,LAION1M,or,UNG,1.0,Post-filter,Post-filter,UNG,UNG,UNG
374,tripclick,and,UNG,1.0,UNG,UNG,UNG,UNG,UNG
374,tripclick,equal,UNG,1.0,UNG,UNG,UNG,UNG,UNG
374,tripclick,or,UNG,1.0,Post-filter,UNG,UNG,UNG,UNG
374,yfcc,and,UNG,1.0,SIEVE,UNG,UNG,UNG,StitchedVamana
374,yfcc,equal,UNG,1.0,UNG,UNG,UNG,UNG,StitchedVamana
374,yfcc,or,FilteredVamana,1.0,Post-filter,StitchedVamana,StitchedVamana,UNG,StitchedVamana
374,ytb_audio,and,UNG,1.0,SIEVE,UNG,UNG,UNG,Post-filter
374,ytb_audio,equal,UNG,1.0,UNG,UNG,UNG,UNG,Post-filter
374,ytb_audio,or,StitchedVamana,1.0,Post-filter,UNG,FilteredVamana,UNG,Post-filter
375,LAION1M,and,UNG,1.0,UNG,UNG,UNG,UNG,UNG
375,LAION1M,equal,UNG,1.0,UNG,UNG,UNG,UNG,UNG
375,LAION1M,or,UNG,1.0,Post-filter,StitchedVamana,UNG,UNG,UNG
375,tripclick,and,UNG,1.0,UNG,UNG,UNG,UNG,UNG
375,tripclick,equal,UNG,1.0,UNG,UNG,UNG,UNG,UNG
375,tripclick,or,UNG,1.0,Post-filter,UNG,UNG,UNG,UNG
375,yfcc,and,UNG,1.0,SIEVE,UNG,UNG,UNG,StitchedVamana
375,yfcc,equal,UNG,1.0,UNG,UNG,UNG,UNG,StitchedVamana
375,yfcc,or,FilteredVamana,1.0,Post-filter,StitchedVamana,StitchedVamana,UNG,StitchedVamana
375,ytb_audio,and,UNG,1.0,SIEVE,UNG,UNG,UNG,Post-filter
375,ytb_audio,equal,UNG,1.0,UNG,UNG,UNG,UNG,Post-filter
375,ytb_audio,or,StitchedVamana,1.0,Post-filter,UNG,FilteredVamana,UNG,Post-filter
376,LAION1M,and,UNG,1.0,UNG,UNG,UNG,UNG,UNG
376,LAION1M,equal,UNG,1.0,UNG,UNG,UNG,UNG,UNG
376,LAION1M,or,UNG,1.0,Post-filter,UNG,UNG,UNG,StitchedVamana
376,tripclick,and,UNG,1.0,UNG,UNG,UNG,UNG,UNG
376,tripclick,equal,UNG,1.0,UNG,UNG,UNG,UNG,UNG
376,tripclick,or,Post-filter,1.0,Post-filter,UNG,UNG,UNG,UNG
376,yfcc,and,FilteredVamana,1.0,SIEVE,UNG,UNG,UNG,StitchedVamana
376,yfcc,equal,UNG,1.0,UNG,UNG,UNG,UNG,StitchedVamana
376,yfcc,or,FilteredVamana,1.0,Post-filter,StitchedVamana,StitchedVamana,UNG,StitchedVamana
376,ytb_audio,and,UNG,1.0,SIEVE,UNG,UNG,UNG,Post-filter
376,ytb_audio,equal,UNG,1.0,UNG,UNG,UNG,UNG,Post-filter
376,ytb_audio,or,StitchedVamana,1.0,Post-filter,UNG,UNG,UNG,Post-filter
377,LAION1M,and,UNG,1.0,UNG,UNG,UNG,UNG,UNG
377,LAION1M,equal,UNG,1.0,UNG,UNG,UNG,UNG,UNG
377,LAION1M,or,UNG,1.0,Post-filter,UNG,UNG,UNG,UNG
377,tripclick,and,UNG,1.0,UNG,UNG,UNG,UNG,UNG
377,tripclick,equal,UNG,1.0,UNG,UNG,UNG,UNG,UNG
377,tripclick,or,UNG,1.0,Post-filter,UNG,UNG,UNG,UNG
377,yfcc,and,UNG,1.0,SIEVE,UNG,UNG,UNG,StitchedVamana
377,yfcc,equal,UNG,1.0,UNG,UNG,UNG,UNG,StitchedVamana
377,yfcc,or,FilteredVamana,1.0,Post-filter,StitchedVamana,UNG,UNG,StitchedVamana
377,ytb_audio,and,UNG,1.0,SIEVE,UNG,UNG,UNG,Post-filter
377,ytb_audio,equal,UNG,1.0,UNG,UNG,UNG,UNG,Post-filter
377,ytb_audio,or,StitchedVamana,1.0,Post-filter,UNG,FilteredVamana,UNG,Post-filter
378,LAION1M,and,UNG,1.0,UNG,Post-filter,UNG,UNG,UNG
378,LAION1M,equal,UNG,1.0,UNG,UNG,UNG,UNG,UNG
378,LAION1M,or,UNG,1.0,Post-filter,Post-filter,UNG,UNG,UNG
378,tripclick,and,UNG,1.0,UNG,UNG,UNG,UNG,UNG
378,tripclick,equal,UNG,1.0,UNG,UNG,UNG,UNG,UNG
378,tripclick,or,UNG,1.0,Post-filter,UNG,UNG,UNG,UNG
378,yfcc,and,UNG,1.0,SIEVE,UNG,UNG,UNG,StitchedVamana
378,yfcc,equal,UNG,1.0,UNG,UNG,UNG,UNG,StitchedVamana
378,yfcc,or,FilteredVamana,1.0,Post-filter,StitchedVamana,StitchedVamana,UNG,StitchedVamana
378,ytb_audio,and,UNG,1.0,SIEVE,UNG,UNG,UNG,Post-filter
378,ytb_audio,equal,UNG,1.0,UNG,UNG,UNG,UNG,Post-filter
378,ytb_audio,or,StitchedVamana,1.0,Post-filter,UNG,UNG,UNG,Post-filter
379,LAION1M,and,UNG,1.0,UNG,Post-filter,UNG,UNG,UNG
379,LAION1M,equal,UNG,1.0,UNG,UNG,UNG,UNG,UNG
379,LAION1M,or,UNG,1.0,Post-filter,StitchedVamana,UNG,UNG,StitchedVamana
379,tripclick,and,UNG,1.0,UNG,UNG,UNG,UNG,UNG
379,tripclick,equal,UNG,1.0,UNG,UNG,UNG,UNG,UNG
379,tripclick,or,UNG,1.0,Post-filter,UNG,UNG,UNG,UNG
379,yfcc,and,UNG,1.0,SIEVE,UNG,UNG,UNG,StitchedVamana
379,yfcc,equal,UNG,1.0,UNG,UNG,UNG,UNG,StitchedVamana
379,yfcc,or,FilteredVamana,1.0,Post-filter,StitchedVamana,StitchedVamana,UNG,StitchedVamana
379,ytb_audio,and,UNG,1.0,SIEVE,UNG,UNG,UNG,Post-filter
379,ytb_audio,equal,UNG,1.0,UNG,UNG,UNG,UNG,Post-filter
379,ytb_audio,or,StitchedVamana,1.0,Post-filter,UNG,FilteredVamana,UNG,Post-filter
380,LAION1M,and,UNG,1.0,UNG,UNG,UNG,UNG,UNG
380,LAION1M,equal,UNG,1.0,UNG,UNG,UNG,UNG,UNG
380,LAION1M,or,UNG,1.0,Post-filter,Post-filter,UNG,UNG,UNG
380,tripclick,and,UNG,1.0,UNG,UNG,UNG,UNG,UNG
380,tripclick,equal,UNG,1.0,UNG,UNG,UNG,UNG,UNG
380,tripclick,or,UNG,1.0,Post-filter,UNG,UNG,UNG,UNG
380,yfcc,and,UNG,1.0,SIEVE,UNG,UNG,UNG,StitchedVamana
380,yfcc,equal,UNG,1.0,UNG,UNG,UNG,UNG,StitchedVamana
380,yfcc,or,FilteredVamana,1.0,Post-filter,StitchedVamana,StitchedVamana,UNG,StitchedVamana
380,ytb_audio,and,UNG,1.0,SIEVE,UNG,UNG,UNG,Post-filter
380,ytb_audio,equal,UNG,1.0,UNG,UNG,UNG,UNG,Post-filter
380,ytb_audio,or,StitchedVamana,1.0,Post-filter,UNG,FilteredVamana,UNG,Post-filter
381,LAION1M,and,UNG,1.0,UNG,UNG,UNG,UNG,UNG
381,LAION1M,equal,Post-filter,1.0,UNG,UNG,UNG,UNG,UNG
381,LAION1M,or,UNG,1.0,Post-filter,UNG,UNG,UNG,UNG
381,tripclick,and,UNG,1.0,UNG,UNG,UNG,UNG,UNG
381,tripclick,equal,UNG,1.0,UNG,UNG,UNG,UNG,UNG
381,tripclick,or,UNG,1.0,Post-filter,UNG,UNG,UNG,UNG
381,yfcc,and,UNG,1.0,SIEVE,UNG,UNG,UNG,StitchedVamana
381,yfcc,equal,UNG,1.0,UNG,UNG,UNG,UNG,StitchedVamana
381,yfcc,or,FilteredVamana,1.0,Post-filter,FilteredVamana,StitchedVamana,UNG,StitchedVamana
381,ytb_audio,and,UNG,1.0,SIEVE,UNG,UNG,UNG,Post-filter
381,ytb_audio,equal,UNG,1.0,UNG,UNG,UNG,UNG,Post-filter
381,ytb_audio,or,StitchedVamana,1.0,Post-filter,UNG,UNG,UNG,Post-filter
382,LAION1M,and,UNG,1.0,UNG,Post-filter,UNG,UNG,UNG
382,LAION1M,equal,UNG,1.0,UNG,UNG,UNG,UNG,UNG
382,LAION1M,or,UNG,1.0,Post-filter,UNG,UNG,UNG,UNG
382,tripclick,and,UNG,1.0,UNG,UNG,UNG,UNG,UNG
382,tripclick,equal,UNG,1.0,UNG,UNG,UNG,UNG,UNG
382,tripclick,or,UNG,1.0,Post-filter,UNG,UNG,UNG,UNG
382,yfcc,and,FilteredVamana,1.0,SIEVE,UNG,UNG,UNG,StitchedVamana
382,yfcc,equal,UNG,1.0,UNG,UNG,UNG,UNG,StitchedVamana
382,yfcc,or,FilteredVamana,1.0,Post-filter,StitchedVamana,StitchedVamana,UNG,StitchedVamana
382,ytb_audio,and,SIEVE,1.0,SIEVE,UNG,UNG,UNG,Post-filter
382,ytb_audio,equal,UNG,1.0,UNG,UNG,UNG,UNG,Post-filter
382,ytb_audio,or,SIEVE,1.0,Post-filter,UNG,UNG,UNG,Post-filter
383,LAION1M,and,UNG,1.0,UNG,UNG,UNG,UNG,UNG
383,LAION1M,equal,UNG,1.0,UNG,UNG,UNG,UNG,UNG
383,LAION1M,or,UNG,1.0,Post-filter,StitchedVamana,UNG,UNG,UNG
383,tripclick,and,UNG,1.0,UNG,UNG,UNG,UNG,UNG
383,tripclick,equal,UNG,1.0,UNG,UNG,UNG,UNG,UNG
383,tripclick,or,UNG,1.0,Post-filter,UNG,UNG,UNG,UNG
383,yfcc,and,FilteredVamana,1.0,SIEVE,UNG,UNG,UNG,StitchedVamana
383,yfcc,equal,UNG,1.0,UNG,UNG,UNG,UNG,StitchedVamana
383,yfcc,or,FilteredVamana,1.0,Post-filter,FilteredVamana,StitchedVamana,UNG,StitchedVamana
383,ytb_audio,and,UNG,1.0,SIEVE,UNG,UNG,UNG,Post-filter
383,ytb_audio,equal,UNG,1.0,UNG,UNG,UNG,UNG,Post-filter
383,ytb_audio,or,StitchedVamana,1.0,Post-filter,UNG,UNG,UNG,Post-filter
384,LAION1M,and,UNG,1.0,UNG,Post-filter,UNG,UNG,UNG
384,LAION1M,equal,UNG,1.0,UNG,UNG,UNG,UNG,UNG
384,LAION1M,or,UNG,1.0,Post-filter,Post-filter,UNG,UNG,UNG
384,tripclick,and,Post-filter,1.0,UNG,UNG,UNG,UNG,UNG
384,tripclick,equal,UNG,1.0,UNG,UNG,UNG,UNG,UNG
384,tripclick,or,UNG,1.0,Post-filter,UNG,UNG,UNG,UNG
384,yfcc,and,UNG,1.0,SIEVE,UNG,UNG,UNG,StitchedVamana
384,yfcc,equal,UNG,1.0,UNG,UNG,UNG,UNG,StitchedVamana
384,yfcc,or,FilteredVamana,1.0,Post-filter,StitchedVamana,StitchedVamana,UNG,StitchedVamana
384,ytb_audio,and,SIEVE,1.0,SIEVE,UNG,UNG,UNG,Post-filter
384,ytb_audio,equal,UNG,1.0,UNG,UNG,UNG,UNG,Post-filter
384,ytb_audio,or,UNG,1.0,Post-filter,UNG,UNG,UNG,Post-filter
385,LAION1M,and,UNG,1.0,UNG,UNG,UNG,UNG,UNG
385,LAION1M,equal,UNG,1.0,UNG,UNG,UNG,UNG,UNG
385,LAION1M,or,UNG,1.0,Post-filter,Post-filter,UNG,UNG,UNG
385,tripclick,and,UNG,1.0,UNG,UNG,UNG,UNG,UNG
385,tripclick,equal,UNG,1.0,UNG,UNG,UNG,UNG,UNG
385,tripclick,or,Post-filter,1.0,Post-filter,UNG,UNG,UNG,UNG
385,yfcc,and,UNG,1.0,SIEVE,UNG,UNG,UNG,StitchedVamana
385,yfcc,equal,UNG,1.0,UNG,UNG,UNG,UNG,StitchedVamana
385,yfcc,or,FilteredVamana,1.0,Post-filter,FilteredVamana,StitchedVamana,UNG,StitchedVamana
385,ytb_audio,and,UNG,1.0,SIEVE,UNG,UNG,UNG,Post-filter
385,ytb_audio,equal,UNG,1.0,UNG,UNG,UNG,UNG,Post-filter
385,ytb_audio,or,StitchedVamana,1.0,Post-filter,UNG,FilteredVamana,UNG,Post-filter
386,LAION1M,and,UNG,1.0,UNG,Post-filter,UNG,UNG,UNG
386,LAION1M,equal,UNG,1.0,UNG,UNG,UNG,UNG,UNG
386,LAION1M,or,UNG,1.0,Post-filter,Post-filter,UNG,UNG,UNG
386,tripclick,and,Post-filter,1.0,UNG,UNG,UNG,UNG,UNG
386,tripclick,equal,UNG,1.0,UNG,UNG,UNG,UNG,UNG
386,tripclick,or,Post-filter,1.0,Post-filter,UNG,UNG,UNG,UNG
386,yfcc,and,ACORN,1.0,SIEVE,UNG,UNG,UNG,StitchedVamana
386,yfcc,equal,UNG,1.0,UNG,UNG,UNG,UNG,StitchedVamana
386,yfcc,or,FilteredVamana,1.0,Post-filter,FilteredVamana,StitchedVamana,UNG,StitchedVamana
386,ytb_audio,and,UNG,1.0,SIEVE,UNG,UNG,UNG,Post-filter
386,ytb_audio,equal,UNG,1.0,UNG,UNG,UNG,UNG,Post-filter
386,ytb_audio,or,StitchedVamana,1.0,Post-filter,UNG,FilteredVamana,UNG,Post-filter
387,LAION1M,and,UNG,1.0,UNG,UNG,UNG,UNG,UNG
387,LAION1M,equal,UNG,1.0,UNG,UNG,UNG,UNG,UNG
387,LAION1M,or,UNG,1.0,Post-filter,Post-filter,UNG,UNG,UNG
387,tripclick,and,UNG,1.0,UNG,UNG,UNG,UNG,UNG
387,tripclick,equal,UNG,1.0,UNG,UNG,UNG,UNG,UNG
387,tripclick,or,UNG,1.0,Post-filter,UNG,UNG,UNG,UNG
387,yfcc,and,UNG,1.0,SIEVE,UNG,UNG,UNG,StitchedVamana
387,yfcc,equal,UNG,1.0,UNG,UNG,UNG,UNG,StitchedVamana
387,yfcc,or,FilteredVamana,1.0,Post-filter,StitchedVamana,StitchedVamana,UNG,StitchedVamana
387,ytb_audio,and,UNG,1.0,SIEVE,UNG,UNG,UNG,Post-filter
387,ytb_audio,equal,UNG,1.0,UNG,UNG,UNG,UNG,Post-filter
387,ytb_audio,or,StitchedVamana,1.0,Post-filter,UNG,FilteredVamana,UNG,Post-filter
388,LAION1M,and,UNG,1.0,UNG,Post-filter,UNG,UNG,UNG
388,LAION1M,equal,UNG,1.0,UNG,UNG,UNG,UNG,UNG
388,LAION1M,or,UNG,1.0,Post-filter,Post-filter,UNG,UNG,UNG
388,tripclick,and,Post-filter,1.0,UNG,UNG,UNG,UNG,UNG
388,tripclick,equal,UNG,1.0,UNG,UNG,UNG,UNG,UNG
388,tripclick,or,UNG,1.0,Post-filter,UNG,UNG,UNG,UNG
388,yfcc,and,UNG,1.0,SIEVE,UNG,UNG,UNG,StitchedVamana
388,yfcc,equal,UNG,1.0,UNG,UNG,UNG,UNG,StitchedVamana
388,yfcc,or,FilteredVamana,1.0,Post-filter,StitchedVamana,StitchedVamana,UNG,StitchedVamana
388,ytb_audio,and,SIEVE,1.0,SIEVE,UNG,UNG,UNG,Post-filter
388,ytb_audio,equal,UNG,1.0,UNG,UNG,UNG,UNG,Post-filter
388,ytb_audio,or,StitchedVamana,1.0,Post-filter,UNG,FilteredVamana,UNG,Post-filter
389,LAION1M,and,UNG,1.0,UNG,UNG,UNG,UNG,UNG
389,LAION1M,equal,UNG,1.0,UNG,UNG,UNG,UNG,UNG
389,LAION1M,or,UNG,1.0,Post-filter,UNG,UNG,UNG,UNG
389,tripclick,and,UNG,1.0,UNG,UNG,UNG,UNG,UNG
389,tripclick,equal,UNG,1.0,UNG,UNG,UNG,UNG,UNG
389,tripclick,or,UNG,1.0,Post-filter,UNG,UNG,UNG,UNG
389,yfcc,and,FilteredVamana,1.0,SIEVE,UNG,UNG,UNG,StitchedVamana
389,yfcc,equal,UNG,1.0,UNG,UNG,UNG,UNG,StitchedVamana
389,yfcc,or,FilteredVamana,1.0,Post-filter,StitchedVamana,StitchedVamana,UNG,StitchedVamana
389,ytb_audio,and,UNG,1.0,SIEVE,UNG,UNG,UNG,Post-filter
389,ytb_audio,equal,UNG,1.0,UNG,UNG,UNG,UNG,Post-filter
389,ytb_audio,or,UNG,1.0,Post-filter,UNG,UNG,UNG,Post-filter
390,LAION1M,and,UNG,1.0,UNG,UNG,UNG,UNG,UNG
390,LAION1M,equal,UNG,1.0,UNG,UNG,UNG,UNG,UNG
390,LAION1M,or,UNG,1.0,Post-filter,UNG,UNG,UNG,StitchedVamana
390,tripclick,and,UNG,1.0,UNG,UNG,UNG,UNG,UNG
390,tripclick,equal,UNG,1.0,UNG,UNG,UNG,UNG,UNG
390,tripclick,or,UNG,1.0,Post-filter,UNG,UNG,UNG,UNG
390,yfcc,and,UNG,1.0,SIEVE,UNG,UNG,UNG,StitchedVamana
390,yfcc,equal,UNG,1.0,UNG,UNG,UNG,UNG,StitchedVamana
390,yfcc,or,FilteredVamana,1.0,Post-filter,StitchedVamana,StitchedVamana,UNG,StitchedVamana
390,ytb_audio,and,SIEVE,1.0,SIEVE,UNG,UNG,UNG,Post-filter
390,ytb_audio,equal,UNG,1.0,UNG,UNG,UNG,UNG,Post-filter
390,ytb_audio,or,StitchedVamana,1.0,Post-filter,UNG,FilteredVamana,UNG,Post-filter
391,LAION1M,and,UNG,1.0,UNG,UNG,UNG,UNG,UNG
391,LAION1M,equal,UNG,1.0,UNG,UNG,UNG,UNG,UNG
391,LAION1M,or,UNG,1.0,Post-filter,Post-filter,UNG,UNG,UNG
391,tripclick,and,UNG,1.0,UNG,UNG,UNG,UNG,UNG
391,tripclick,equal,UNG,1.0,UNG,UNG,UNG,UNG,UNG
391,tripclick,or,UNG,1.0,Post-filter,UNG,UNG,UNG,UNG
391,yfcc,and,UNG,1.0,SIEVE,UNG,UNG,UNG,StitchedVamana
391,yfcc,equal,UNG,1.0,UNG,UNG,UNG,UNG,StitchedVamana
391,yfcc,or,FilteredVamana,1.0,Post-filter,StitchedVamana,StitchedVamana,UNG,StitchedVamana
391,ytb_audio,and,UNG,1.0,SIEVE,UNG,UNG,UNG,Post-filter
391,ytb_audio,equal,UNG,1.0,UNG,UNG,UNG,UNG,Post-filter
391,ytb_audio,or,StitchedVamana,1.0,Post-filter,UNG,UNG,UNG,Post-filter
392,LAION1M,and,UNG,1.0,UNG,Post-filter,UNG,UNG,UNG
392,LAION1M,equal,UNG,1.0,UNG,UNG,UNG,UNG,UNG
392,LAION1M,or,UNG,1.0,Post-filter,UNG,UNG,UNG,StitchedVamana
392,tripclick,and,UNG,1.0,UNG,UNG,UNG,UNG,UNG
392,tripclick,equal,UNG,1.0,UNG,UNG,UNG,UNG,UNG
392,tripclick,or,UNG,1.0,Post-filter,UNG,UNG,UNG,UNG
392,yfcc,and,UNG,1.0,SIEVE,UNG,UNG,UNG,StitchedVamana
392,yfcc,equal,UNG,1.0,UNG,UNG,UNG,UNG,StitchedVamana
392,yfcc,or,FilteredVamana,1.0,Post-filter,StitchedVamana,StitchedVamana,UNG,StitchedVamana
392,ytb_audio,and,SIEVE,1.0,SIEVE,UNG,UNG,UNG,Post-filter
392,ytb_audio,equal,UNG,1.0,UNG,UNG,UNG,UNG,Post-filter
392,ytb_audio,or,StitchedVamana,1.0,Post-filter,UNG,FilteredVamana,UNG,Post-filter
393,LAION1M,and,UNG,1.0,UNG,UNG,UNG,UNG,UNG
393,LAION1M,equal,UNG,1.0,UNG,UNG,UNG,UNG,UNG
393,LAION1M,or,UNG,1.0,Post-filter,UNG,UNG,UNG,StitchedVamana
393,tripclick,and,UNG,1.0,UNG,UNG,UNG,UNG,UNG
393,tripclick,equal,UNG,1.0,UNG,UNG,UNG,UNG,UNG
393,tripclick,or,UNG,1.0,Post-filter,UNG,UNG,UNG,UNG
393,yfcc,and,UNG,1.0,SIEVE,UNG,UNG,UNG,StitchedVamana
393,yfcc,equal,UNG,1.0,UNG,UNG,UNG,UNG,StitchedVamana
393,yfcc,or,FilteredVamana,1.0,Post-filter,StitchedVamana,StitchedVamana,UNG,StitchedVamana
393,ytb_audio,and,UNG,1.0,SIEVE,UNG,UNG,UNG,Post-filter
393,ytb_audio,equal,UNG,1.0,UNG,UNG,UNG,UNG,Post-filter
393,ytb_audio,or,StitchedVamana,1.0,Post-filter,UNG,FilteredVamana,UNG,Post-filter
394,LAION1M,and,UNG,1.0,UNG,UNG,UNG,UNG,UNG
394,LAION1M,equal,UNG,1.0,UNG,UNG,UNG,UNG,UNG
394,LAION1M,or,UNG,1.0,Post-filter,Post-filter,UNG,UNG,UNG
394,tripclick,and,UNG,1.0,UNG,UNG,UNG,UNG,UNG
394,tripclick,equal,UNG,1.0,UNG,UNG,UNG,UNG,UNG
394,tripclick,or,UNG,1.0,Post-filter,UNG,UNG,UNG,UNG
394,yfcc,and,UNG,1.0,SIEVE,UNG,UNG,UNG,StitchedVamana
394,yfcc,equal,UNG,1.0,UNG,UNG,UNG,UNG,StitchedVamana
394,yfcc,or,FilteredVamana,1.0,Post-filter,StitchedVamana,StitchedVamana,UNG,StitchedVamana
394,ytb_audio,and,UNG,1.0,SIEVE,UNG,UNG,UNG,Post-filter
394,ytb_audio,equal,UNG,1.0,UNG,UNG,UNG,UNG,Post-filter
394,ytb_audio,or,UNG,1.0,Post-filter,UNG,UNG,UNG,Post-filter
395,LAION1M,and,UNG,1.0,UNG,UNG,UNG,UNG,UNG
395,LAION1M,equal,UNG,1.0,UNG,UNG,UNG,UNG,UNG
395,LAION1M,or,UNG,1.0,Post-filter,Post-filter,UNG,UNG,UNG
395,tripclick,and,UNG,1.0,UNG,UNG,UNG,UNG,UNG
395,tripclick,equal,UNG,1.0,UNG,UNG,UNG,UNG,UNG
395,tripclick,or,UNG,1.0,Post-filter,UNG,UNG,UNG,UNG
395,yfcc,and,UNG,1.0,SIEVE,UNG,UNG,UNG,StitchedVamana
395,yfcc,equal,UNG,1.0,UNG,UNG,UNG,UNG,StitchedVamana
395,yfcc,or,FilteredVamana,1.0,Post-filter,StitchedVamana,StitchedVamana,UNG,StitchedVamana
395,ytb_audio,and,UNG,1.0,SIEVE,UNG,UNG,UNG,Post-filter
395,ytb_audio,equal,UNG,1.0,UNG,UNG,UNG,UNG,Post-filter
395,ytb_audio,or,StitchedVamana,0.8,Post-filter,UNG,FilteredVamana,UNG,Post-filter
396,LAION1M,and,UNG,1.0,UNG,UNG,UNG,UNG,UNG
396,LAION1M,equal,UNG,1.0,UNG,UNG,UNG,UNG,UNG
396,LAION1M,or,UNG,1.0,Post-filter,UNG,UNG,UNG,StitchedVamana
396,tripclick,and,UNG,1.0,UNG,UNG,UNG,UNG,UNG
396,tripclick,equal,UNG,1.0,UNG,UNG,UNG,UNG,UNG
396,tripclick,or,UNG,1.0,Post-filter,UNG,UNG,UNG,UNG
396,yfcc,and,UNG,1.0,SIEVE,UNG,UNG,UNG,StitchedVamana
396,yfcc,equal,UNG,1.0,UNG,UNG,UNG,UNG,StitchedVamana
396,yfcc,or,FilteredVamana,1.0,Post-filter,FilteredVamana,StitchedVamana,UNG,StitchedVamana
396,ytb_audio,and,UNG,1.0,SIEVE,UNG,UNG,UNG,Post-filter
396,ytb_audio,equal,UNG,1.0,UNG,UNG,UNG,UNG,Post-filter
396,ytb_audio,or,StitchedVamana,1.0,Post-filter,UNG,UNG,UNG,Post-filter
397,LAION1M,and,UNG,1.0,UNG,UNG,UNG,UNG,UNG
397,LAION1M,equal,UNG,1.0,UNG,UNG,UNG,UNG,UNG
397,LAION1M,or,UNG,1.0,Post-filter,UNG,UNG,UNG,StitchedVamana
397,tripclick,and,UNG,1.0,UNG,UNG,UNG,UNG,UNG
397,tripclick,equal,UNG,1.0,UNG,UNG,UNG,UNG,UNG
397,tripclick,or,UNG,1.0,Post-filter,UNG,UNG,UNG,UNG
397,yfcc,and,UNG,1.0,SIEVE,UNG,UNG,UNG,StitchedVamana
397,yfcc,equal,UNG,1.0,UNG,UNG,UNG,UNG,StitchedVamana
397,yfcc,or,FilteredVamana,1.0,Post-filter,StitchedVamana,StitchedVamana,UNG,StitchedVamana
397,ytb_audio,and,UNG,1.0,SIEVE,UNG,UNG,UNG,Post-filter
397,ytb_audio,equal,UNG,1.0,UNG,UNG,UNG,UNG,Post-filter
397,ytb_audio,or,UNG,1.0,Post-filter,UNG,UNG,UNG,Post-filter
398,LAION1M,and,UNG,1.0,UNG,UNG,UNG,UNG,UNG
398,LAION1M,equal,UNG,1.0,UNG,UNG,UNG,UNG,UNG
398,LAION1M,or,UNG,1.0,Post-filter,Post-filter,UNG,UNG,UNG
398,tripclick,and,UNG,1.0,UNG,UNG,UNG,UNG,UNG
398,tripclick,equal,UNG,1.0,UNG,UNG,UNG,UNG,UNG
398,tripclick,or,Post-filter,1.0,Post-filter,UNG,UNG,UNG,UNG
398,yfcc,and,FilteredVamana,1.0,SIEVE,UNG,UNG,UNG,StitchedVamana
398,yfcc,equal,UNG,1.0,UNG,UNG,UNG,UNG,StitchedVamana
398,yfcc,or,FilteredVamana,1.0,Post-filter,StitchedVamana,StitchedVamana,UNG,StitchedVamana
398,ytb_audio,and,UNG,1.0,SIEVE,UNG,UNG,UNG,Post-filter
398,ytb_audio,equal,UNG,1.0,UNG,UNG,UNG,UNG,Post-filter
398,ytb_audio,or,StitchedVamana,1.0,Post-filter,UNG,FilteredVamana,UNG,Post-filter
399,LAION1M,and,UNG,1.0,UNG,UNG,UNG,UNG,UNG
399,LAION1M,equal,UNG,1.0,UNG,UNG,UNG,UNG,UNG
399,LAION1M,or,UNG,1.0,Post-filter,UNG,UNG,UNG,UNG
399,tripclick,and,UNG,1.0,UNG,UNG,UNG,UNG,UNG
399,tripclick,equal,UNG,1.0,UNG,UNG,UNG,UNG,UNG
399,tripclick,or,UNG,1.0,Post-filter,UNG,UNG,UNG,UNG
399,yfcc,and,FilteredVamana,1.0,SIEVE,UNG,UNG,UNG,StitchedVamana
399,yfcc,equal,UNG,1.0,UNG,UNG,UNG,UNG,StitchedVamana
399,yfcc,or,FilteredVamana,1.0,Post-filter,FilteredVamana,StitchedVamana,UNG,StitchedVamana
399,ytb_audio,and,UNG,1.0,SIEVE,UNG,UNG,UNG,Post-filter
399,ytb_audio,equal,UNG,0.9,UNG,UNG,UNG,UNG,Post-filter
399,ytb_audio,or,StitchedVamana,1.0,Post-filter,UNG,FilteredVamana,UNG,Post-filter
400,LAION1M,and,UNG,1.0,UNG,UNG,UNG,UNG,UNG
400,LAION1M,equal,UNG,1.0,UNG,UNG,UNG,UNG,UNG
400,LAION1M,or,UNG,1.0,Post-filter,Post-filter,UNG,UNG,UNG
400,tripclick,and,UNG,1.0,UNG,UNG,UNG,UNG,UNG
400,tripclick,equal,UNG,1.0,UNG,UNG,UNG,UNG,UNG
400,tripclick,or,UNG,1.0,Post-filter,UNG,UNG,UNG,UNG
400,yfcc,and,UNG,1.0,SIEVE,UNG,UNG,UNG,StitchedVamana
400,yfcc,equal,UNG,1.0,UNG,UNG,UNG,UNG,StitchedVamana
400,yfcc,or,FilteredVamana,1.0,Post-filter,FilteredVamana,StitchedVamana,UNG,StitchedVamana
400,ytb_audio,and,SIEVE,1.0,SIEVE,UNG,UNG,UNG,Post-filter
400,ytb_audio,equal,UNG,1.0,UNG,UNG,UNG,UNG,Post-filter
400,ytb_audio,or,StitchedVamana,1.0,Post-filter,UNG,UNG,UNG,Post-filter
401,LAION1M,and,UNG,1.0,UNG,UNG,UNG,UNG,UNG
401,LAION1M,equal,UNG,1.0,UNG,UNG,UNG,UNG,UNG
401,LAION1M,or,UNG,1.0,Post-filter,UNG,UNG,UNG,UNG
401,tripclick,and,UNG,1.0,UNG,UNG,UNG,UNG,UNG
401,tripclick,equal,UNG,1.0,UNG,UNG,UNG,UNG,UNG
401,tripclick,or,Post-filter,1.0,Post-filter,UNG,UNG,UNG,UNG
401,yfcc,and,UNG,1.0,SIEVE,UNG,UNG,UNG,StitchedVamana
401,yfcc,equal,UNG,1.0,UNG,UNG,UNG,UNG,StitchedVamana
401,yfcc,or,FilteredVamana,1.0,Post-filter,StitchedVamana,StitchedVamana,UNG,StitchedVamana
401,ytb_audio,and,UNG,1.0,SIEVE,UNG,UNG,UNG,Post-filter
401,ytb_audio,equal,UNG,1.0,UNG,UNG,UNG,UNG,Post-filter
401,ytb_audio,or,StitchedVamana,1.0,Post-filter,UNG,UNG,UNG,Post-filter
402,LAION1M,and,UNG,1.0,UNG,UNG,UNG,UNG,UNG
402,LAION1M,equal,UNG,1.0,UNG,UNG,UNG,UNG,UNG
402,LAION1M,or,UNG,1.0,Post-filter,Post-filter,UNG,UNG,UNG
402,tripclick,and,UNG,1.0,UNG,UNG,UNG,UNG,UNG
402,tripclick,equal,UNG,1.0,UNG,UNG,UNG,UNG,UNG
402,tripclick,or,UNG,1.0,Post-filter,UNG,UNG,UNG,UNG
402,yfcc,and,UNG,1.0,SIEVE,UNG,UNG,UNG,StitchedVamana
402,yfcc,equal,UNG,1.0,UNG,UNG,UNG,UNG,StitchedVamana
402,yfcc,or,FilteredVamana,1.0,Post-filter,FilteredVamana,StitchedVamana,UNG,StitchedVamana
402,ytb_audio,and,SIEVE,1.0,SIEVE,UNG,UNG,UNG,Post-filter
402,ytb_audio,equal,UNG,1.0,UNG,UNG,UNG,UNG,Post-filter
402,ytb_audio,or,StitchedVamana,1.0,Post-filter,UNG,UNG,UNG,Post-filter
403,LAION1M,and,UNG,1.0,UNG,Post-filter,UNG,UNG,UNG
403,LAION1M,equal,UNG,1.0,UNG,UNG,UNG,UNG,UNG
403,LAION1M,or,UNG,1.0,Post-filter,UNG,UNG,UNG,UNG
403,tripclick,and,UNG,1.0,UNG,UNG,UNG,UNG,UNG
403,tripclick,equal,UNG,1.0,UNG,UNG,UNG,UNG,UNG
403,tripclick,or,UNG,1.0,Post-filter,UNG,UNG,UNG,UNG
403,yfcc,and,UNG,1.0,SIEVE,UNG,UNG,UNG,StitchedVamana
403,yfcc,equal,UNG,1.0,UNG,UNG,UNG,UNG,StitchedVamana
403,yfcc,or,FilteredVamana,1.0,Post-filter,StitchedVamana,StitchedVamana,UNG,StitchedVamana
403,ytb_audio,and,UNG,1.0,SIEVE,UNG,UNG,UNG,Post-filter
403,ytb_audio,equal,UNG,1.0,UNG,UNG,UNG,UNG,Post-filter
403,ytb_audio,or,StitchedVamana,1.0,Post-filter,UNG,FilteredVamana,UNG,Post-filter
404,LAION1M,and,UNG,1.0,UNG,Post-filter,UNG,UNG,UNG
404,LAION1M,equal,UNG,1.0,UNG,UNG,UNG,UNG,UNG
404,LAION1M,or,UNG,1.0,Post-filter,UNG,UNG,UNG,UNG
404,tripclick,and,Post-filter,1.0,UNG,UNG,UNG,UNG,UNG
404,tripclick,equal,UNG,1.0,UNG,UNG,UNG,UNG,UNG
404,tripclick,or,UNG,1.0,Post-filter,UNG,UNG,UNG,UNG
404,yfcc,and,UNG,1.0,SIEVE,UNG,UNG,UNG,StitchedVamana
404,yfcc,equal,UNG,1.0,UNG,UNG,UNG,UNG,StitchedVamana
404,yfcc,or,FilteredVamana,1.0,Post-filter,StitchedVamana,StitchedVamana,UNG,StitchedVamana
404,ytb_audio,and,UNG,1.0,SIEVE,UNG,UNG,UNG,Post-filter
404,ytb_audio,equal,UNG,1.0,UNG,UNG,UNG,UNG,Post-filter
404,ytb_audio,or,StitchedVamana,1.0,Post-filter,UNG,FilteredVamana,UNG,Post-filter
405,LAION1M,and,UNG,1.0,UNG,UNG,UNG,UNG,UNG
405,LAION1M,equal,UNG,1.0,UNG,UNG,UNG,UNG,UNG
405,LAION1M,or,UNG,1.0,Post-filter,UNG,UNG,UNG,StitchedVamana
405,tripclick,and,UNG,1.0,UNG,UNG,UNG,UNG,UNG
405,tripclick,equal,UNG,1.0,UNG,UNG,UNG,UNG,UNG
405,tripclick,or,UNG,1.0,Post-filter,UNG,UNG,UNG,UNG
405,yfcc,and,UNG,1.0,SIEVE,UNG,UNG,UNG,StitchedVamana
405,yfcc,equal,UNG,1.0,UNG,UNG,UNG,UNG,StitchedVamana
405,yfcc,or,FilteredVamana,1.0,Post-filter,StitchedVamana,StitchedVamana,UNG,StitchedVamana
405,ytb_audio,and,SIEVE,0.9,SIEVE,UNG,UNG,UNG,Post-filter
405,ytb_audio,equal,UNG,1.0,UNG,UNG,UNG,UNG,Post-filter
405,ytb_audio,or,StitchedVamana,1.0,Post-filter,UNG,UNG,UNG,Post-filter
406,LAION1M,and,UNG,1.0,UNG,UNG,UNG,UNG,UNG
406,LAION1M,equal,UNG,1.0,UNG,UNG,UNG,UNG,UNG
406,LAION1M,or,Post-filter,1.0,Post-filter,Post-filter,UNG,FilteredVamana,StitchedVamana
406,tripclick,and,UNG,1.0,UNG,UNG,UNG,UNG,UNG
406,tripclick,equal,UNG,1.0,UNG,UNG,UNG,UNG,UNG
406,tripclick,or,UNG,1.0,Post-filter,UNG,UNG,UNG,UNG
406,yfcc,and,UNG,1.0,SIEVE,UNG,UNG,UNG,StitchedVamana
406,yfcc,equal,UNG,1.0,UNG,UNG,UNG,UNG,StitchedVamana
406,yfcc,or,FilteredVamana,1.0,Post-filter,StitchedVamana,UNG,UNG,StitchedVamana
406,ytb_audio,and,SIEVE,1.0,SIEVE,UNG,UNG,UNG,Post-filter
406,ytb_audio,equal,UNG,1.0,UNG,UNG,UNG,UNG,Post-filter
406,ytb_audio,or,StitchedVamana,1.0,Post-filter,UNG,UNG,UNG,Post-filter
407,LAION1M,and,UNG,1.0,UNG,UNG,UNG,UNG,UNG
407,LAION1M,equal,UNG,1.0,UNG,UNG,UNG,UNG,UNG
407,LAION1M,or,UNG,1.0,Post-filter,UNG,UNG,UNG,UNG
407,tripclick,and,UNG,1.0,UNG,UNG,UNG,UNG,UNG
407,tripclick,equal,UNG,1.0,UNG,UNG,UNG,UNG,UNG
407,tripclick,or,Post-filter,1.0,Post-filter,UNG,UNG,UNG,UNG
407,yfcc,and,FilteredVamana,1.0,SIEVE,UNG,UNG,UNG,StitchedVamana
407,yfcc,equal,UNG,1.0,UNG,UNG,UNG,UNG,StitchedVamana
407,yfcc,or,FilteredVamana,1.0,Post-filter,StitchedVamana,StitchedVamana,UNG,StitchedVamana
407,ytb_audio,and,UNG,1.0,SIEVE,UNG,UNG,UNG,Post-filter
407,ytb_audio,equal,UNG,1.0,UNG,UNG,UNG,UNG,Post-filter
407,ytb_audio,or,StitchedVamana,1.0,Post-filter,UNG,FilteredVamana,UNG,Post-filter
408,LAION1M,and,UNG,1.0,UNG,UNG,UNG,UNG,UNG
408,LAION1M,equal,UNG,1.0,UNG,UNG,UNG,UNG,UNG
408,LAION1M,or,UNG,1.0,Post-filter,Post-filter,UNG,UNG,UNG
408,tripclick,and,UNG,1.0,UNG,UNG,UNG,UNG,UNG
408,tripclick,equal,UNG,1.0,UNG,UNG,UNG,UNG,UNG
408,tripclick,or,UNG,1.0,Post-filter,UNG,UNG,UNG,UNG
408,yfcc,and,UNG,1.0,SIEVE,UNG,UNG,UNG,StitchedVamana
408,yfcc,equal,UNG,1.0,UNG,UNG,UNG,UNG,StitchedVamana
408,yfcc,or,FilteredVamana,1.0,Post-filter,StitchedVamana,StitchedVamana,UNG,StitchedVamana
408,ytb_audio,and,SIEVE,1.0,SIEVE,UNG,UNG,UNG,Post-filter
408,ytb_audio,equal,UNG,1.0,UNG,UNG,UNG,UNG,Post-filter
408,ytb_audio,or,StitchedVamana,1.0,Post-filter,UNG,FilteredVamana,UNG,Post-filter
409,LAION1M,and,UNG,1.0,UNG,Post-filter,UNG,UNG,UNG
409,LAION1M,equal,UNG,1.0,UNG,UNG,UNG,UNG,UNG
409,LAION1M,or,UNG,1.0,Post-filter,UNG,UNG,UNG,StitchedVamana
409,tripclick,and,UNG,1.0,UNG,UNG,UNG,UNG,UNG
409,tripclick,equal,UNG,1.0,UNG,UNG,UNG,UNG,UNG
409,tripclick,or,UNG,1.0,Post-filter,UNG,UNG,UNG,UNG
409,yfcc,and,UNG,1.0,SIEVE,UNG,UNG,UNG,StitchedVamana
409,yfcc,equal,UNG,1.0,UNG,UNG,UNG,UNG,StitchedVamana
409,yfcc,or,FilteredVamana,1.0,Post-filter,StitchedVamana,StitchedVamana,UNG,StitchedVamana
409,ytb_audio,and,UNG,1.0,SIEVE,UNG,UNG,UNG,Post-filter
409,ytb_audio,equal,UNG,1.0,UNG,UNG,UNG,UNG,Post-filter
409,ytb_audio,or,StitchedVamana,1.0,Post-filter,UNG,FilteredVamana,UNG,Post-filter
410,LAION1M,and,UNG,1.0,UNG,UNG,UNG,UNG,UNG
410,LAION1M,equal,UNG,1.0,UNG,UNG,UNG,UNG,UNG
410,LAION1M,or,UNG,1.0,Post-filter,UNG,UNG,UNG,StitchedVamana
410,tripclick,and,UNG,1.0,UNG,UNG,UNG,UNG,UNG
410,tripclick,equal,UNG,1.0,UNG,UNG,UNG,UNG,UNG
410,tripclick,or,UNG,1.0,Post-filter,UNG,UNG,UNG,UNG
410,yfcc,and,UNG,1.0,SIEVE,UNG,UNG,UNG,StitchedVamana
410,yfcc,equal,UNG,1.0,UNG,UNG,UNG,UNG,StitchedVamana
410,yfcc,or,FilteredVamana,1.0,Post-filter,StitchedVamana,StitchedVamana,UNG,StitchedVamana
410,ytb_audio,and,UNG,1.0,SIEVE,UNG,UNG,UNG,Post-filter
410,ytb_audio,equal,UNG,1.0,UNG,UNG,UNG,UNG,Post-filter
410,ytb_audio,or,StitchedVamana,1.0,Post-filter,UNG,UNG,UNG,Post-filter
411,LAION1M,and,UNG,1.0,UNG,Post-filter,UNG,UNG,UNG
411,LAION1M,equal,UNG,1.0,UNG,UNG,UNG,UNG,UNG
411,LAION1M,or,UNG,1.0,Post-filter,Post-filter,UNG,UNG,UNG
411,tripclick,and,UNG,1.0,UNG,UNG,UNG,UNG,UNG
411,tripclick,equal,UNG,1.0,UNG,UNG,UNG,UNG,UNG
411,tripclick,or,UNG,1.0,Post-filter,UNG,UNG,UNG,UNG
411,yfcc,and,FilteredVamana,1.0,SIEVE,UNG,UNG,UNG,StitchedVamana
411,yfcc,equal,UNG,1.0,UNG,UNG,UNG,UNG,StitchedVamana
411,yfcc,or,FilteredVamana,1.0,Post-filter,FilteredVamana,StitchedVamana,UNG,StitchedVamana
411,ytb_audio,and,UNG,1.0,SIEVE,UNG,UNG,UNG,Post-filter
411,ytb_audio,equal,UNG,1.0,UNG,UNG,UNG,UNG,Post-filter
411,ytb_audio,or,StitchedVamana,1.0,Post-filter,UNG,UNG,UNG,Post-filter
412,LAION1M,and,UNG,1.0,UNG,Post-filter,UNG,UNG,UNG
412,LAION1M,equal,UNG,1.0,UNG,UNG,UNG,UNG,UNG
412,LAION1M,or,UNG,1.0,Post-filter,UNG,UNG,UNG,UNG
412,tripclick,and,UNG,1.0,UNG,UNG,UNG,UNG,UNG
412,tripclick,equal,UNG,1.0,UNG,UNG,UNG,UNG,UNG
412,tripclick,or,UNG,1.0,Post-filter,UNG,UNG,UNG,UNG
412,yfcc,and,UNG,1.0,SIEVE,UNG,UNG,UNG,StitchedVamana
412,yfcc,equal,UNG,1.0,UNG,UNG,UNG,UNG,StitchedVamana
412,yfcc,or,FilteredVamana,1.0,Post-filter,StitchedVamana,StitchedVamana,UNG,StitchedVamana
412,ytb_audio,and,UNG,1.0,SIEVE,UNG,UNG,UNG,Post-filter
412,ytb_audio,equal,UNG,1.0,UNG,UNG,UNG,UNG,Post-filter
412,ytb_audio,or,UNG,1.0,Post-filter,UNG,UNG,UNG,Post-filter
413,LAION1M,and,UNG,1.0,UNG,UNG,UNG,UNG,UNG
413,LAION1M,equal,UNG,1.0,UNG,UNG,UNG,UNG,UNG
413,LAION1M,or,UNG,1.0,Post-filter,Post-filter,UNG,UNG,UNG
413,tripclick,and,UNG,1.0,UNG,UNG,UNG,UNG,UNG
413,tripclick,equal,UNG,1.0,UNG,UNG,UNG,UNG,UNG
413,tripclick,or,UNG,1.0,Post-filter,UNG,UNG,UNG,UNG
413,yfcc,and,UNG,1.0,SIEVE,UNG,UNG,UNG,StitchedVamana
413,yfcc,equal,UNG,1.0,UNG,UNG,UNG,UNG,StitchedVamana
413,yfcc,or,FilteredVamana,1.0,Post-filter,StitchedVamana,StitchedVamana,UNG,StitchedVamana
413,ytb_audio,and,SIEVE,1.0,SIEVE,UNG,UNG,UNG,Post-filter
413,ytb_audio,equal,UNG,1.0,UNG,UNG,UNG,UNG,Post-filter
413,ytb_audio,or,StitchedVamana,1.0,Post-filter,UNG,FilteredVamana,UNG,Post-filter
414,LAION1M,and,UNG,1.0,UNG,UNG,UNG,UNG,UNG
414,LAION1M,equal,UNG,1.0,UNG,UNG,UNG,UNG,UNG
414,LAION1M,or,UNG,1.0,Post-filter,Post-filter,UNG,UNG,UNG
414,tripclick,and,UNG,1.0,UNG,UNG,UNG,UNG,UNG
414,tripclick,equal,UNG,1.0,UNG,UNG,UNG,UNG,UNG
414,tripclick,or,UNG,1.0,Post-filter,UNG,UNG,UNG,UNG
414,yfcc,and,UNG,1.0,SIEVE,UNG,UNG,UNG,StitchedVamana
414,yfcc,equal,UNG,1.0,UNG,UNG,UNG,UNG,StitchedVamana
414,yfcc,or,FilteredVamana,1.0,Post-filter,StitchedVamana,UNG,UNG,StitchedVamana
414,ytb_audio,and,UNG,1.0,SIEVE,UNG,UNG,UNG,Post-filter
414,ytb_audio,equal,UNG,1.0,UNG,UNG,UNG,UNG,Post-filter
414,ytb_audio,or,StitchedVamana,0.9,Post-filter,UNG,FilteredVamana,UNG,Post-filter
415,LAION1M,and,UNG,1.0,UNG,UNG,UNG,UNG,UNG
415,LAION1M,equal,UNG,1.0,UNG,UNG,UNG,UNG,UNG
415,LAION1M,or,UNG,1.0,Post-filter,Post-filter,UNG,FilteredVamana,StitchedVamana
415,tripclick,and,Post-filter,1.0,UNG,UNG,UNG,UNG,UNG
415,tripclick,equal,UNG,1.0,UNG,UNG,UNG,UNG,UNG
415,tripclick,or,UNG,1.0,Post-filter,UNG,UNG,UNG,UNG
415,yfcc,and,FilteredVamana,1.0,SIEVE,UNG,UNG,UNG,StitchedVamana
415,yfcc,equal,UNG,1.0,UNG,UNG,UNG,UNG,StitchedVamana
415,yfcc,or,FilteredVamana,1.0,Post-filter,StitchedVamana,StitchedVamana,UNG,StitchedVamana
415,ytb_audio,and,SIEVE,1.0,SIEVE,UNG,UNG,UNG,Post-filter
415,ytb_audio,equal,UNG,1.0,UNG,UNG,UNG,UNG,Post-filter
415,ytb_audio,or,StitchedVamana,1.0,Post-filter,UNG,FilteredVamana,UNG,Post-filter
416,LAION1M,and,UNG,1.0,UNG,UNG,UNG,UNG,UNG
416,LAION1M,equal,UNG,1.0,UNG,UNG,UNG,UNG,UNG
416,LAION1M,or,UNG,1.0,Post-filter,UNG,UNG,UNG,UNG
416,tripclick,and,UNG,1.0,UNG,UNG,UNG,UNG,UNG
416,tripclick,equal,UNG,1.0,UNG,UNG,UNG,UNG,UNG
416,tripclick,or,UNG,1.0,Post-filter,UNG,UNG,UNG,UNG
416,yfcc,and,UNG,1.0,SIEVE,UNG,UNG,UNG,StitchedVamana
416,yfcc,equal,UNG,1.0,UNG,UNG,UNG,UNG,StitchedVamana
416,yfcc,or,FilteredVamana,1.0,Post-filter,FilteredVamana,StitchedVamana,UNG,StitchedVamana
416,ytb_audio,and,UNG,1.0,SIEVE,UNG,UNG,UNG,Post-filter
416,ytb_audio,equal,UNG,1.0,UNG,UNG,UNG,UNG,Post-filter
416,ytb_audio,or,UNG,1.0,Post-filter,UNG,UNG,UNG,Post-filter
417,LAION1M,and,UNG,1.0,UNG,Post-filter,UNG,UNG,UNG
417,LAION1M,equal,UNG,1.0,UNG,UNG,UNG,UNG,UNG
417,LAION1M,or,UNG,1.0,Post-filter,UNG,UNG,UNG,UNG
417,tripclick,and,UNG,1.0,UNG,UNG,UNG,UNG,UNG
417,tripclick,equal,UNG,1.0,UNG,UNG,UNG,UNG,UNG
417,tripclick,or,UNG,1.0,Post-filter,UNG,UNG,UNG,UNG
417,yfcc,and,StitchedVamana,1.0,SIEVE,UNG,UNG,UNG,StitchedVamana
417,yfcc,equal,UNG,1.0,UNG,UNG,UNG,UNG,StitchedVamana
417,yfcc,or,FilteredVamana,1.0,Post-filter,UNG,UNG,UNG,StitchedVamana
417,ytb_audio,and,UNG,1.0,SIEVE,UNG,UNG,UNG,Post-filter
417,ytb_audio,equal,UNG,1.0,UNG,UNG,UNG,UNG,Post-filter
417,ytb_audio,or,StitchedVamana,1.0,Post-filter,UNG,FilteredVamana,UNG,Post-filter
418,LAION1M,and,UNG,1.0,UNG,UNG,UNG,UNG,UNG
418,LAION1M,equal,UNG,1.0,UNG,UNG,UNG,UNG,UNG
418,LAION1M,or,UNG,1.0,Post-filter,Post-filter,UNG,FilteredVamana,StitchedVamana
418,tripclick,and,UNG,1.0,UNG,UNG,UNG,UNG,UNG
418,tripclick,equal,UNG,1.0,UNG,UNG,UNG,UNG,UNG
418,tripclick,or,UNG,1.0,Post-filter,UNG,UNG,UNG,UNG
418,yfcc,and,UNG,1.0,SIEVE,UNG,UNG,UNG,StitchedVamana
418,yfcc,equal,UNG,1.0,UNG,UNG,UNG,UNG,StitchedVamana
418,yfcc,or,FilteredVamana,1.0,Post-filter,FilteredVamana,StitchedVamana,UNG,StitchedVamana
418,ytb_audio,and,SIEVE,1.0,SIEVE,UNG,UNG,UNG,Post-filter
418,ytb_audio,equal,UNG,1.0,UNG,UNG,UNG,UNG,Post-filter
418,ytb_audio,or,StitchedVamana,1.0,Post-filter,UNG,FilteredVamana,UNG,Post-filter
419,LAION1M,and,UNG,1.0,UNG,UNG,UNG,UNG,UNG
419,LAION1M,equal,UNG,1.0,UNG,UNG,UNG,UNG,UNG
419,LAION1M,or,UNG,1.0,Post-filter,Post-filter,UNG,UNG,UNG
419,tripclick,and,UNG,1.0,UNG,UNG,UNG,UNG,UNG
419,tripclick,equal,UNG,1.0,UNG,UNG,UNG,UNG,UNG
419,tripclick,or,UNG,1.0,Post-filter,UNG,UNG,UNG,UNG
419,yfcc,and,UNG,1.0,SIEVE,UNG,UNG,UNG,StitchedVamana
419,yfcc,equal,UNG,1.0,UNG,UNG,UNG,UNG,StitchedVamana
419,yfcc,or,FilteredVamana,1.0,Post-filter,StitchedVamana,StitchedVamana,UNG,StitchedVamana
419,ytb_audio,and,UNG,1.0,SIEVE,UNG,UNG,UNG,Post-filter
419,ytb_audio,equal,UNG,0.8,UNG,UNG,UNG,UNG,Post-filter
419,ytb_audio,or,StitchedVamana,1.0,Post-filter,UNG,FilteredVamana,UNG,Post-filter
420,LAION1M,and,UNG,1.0,UNG,UNG,UNG,UNG,UNG
420,LAION1M,equal,UNG,1.0,UNG,UNG,UNG,UNG,UNG
420,LAION1M,or,UNG,1.0,Post-filter,UNG,UNG,UNG,StitchedVamana
420,tripclick,and,UNG,1.0,UNG,UNG,UNG,UNG,UNG
420,tripclick,equal,UNG,1.0,UNG,UNG,UNG,UNG,UNG
420,tripclick,or,Post-filter,1.0,Post-filter,UNG,UNG,UNG,UNG
420,yfcc,and,UNG,1.0,SIEVE,UNG,UNG,UNG,StitchedVamana
420,yfcc,equal,UNG,1.0,UNG,UNG,UNG,UNG,StitchedVamana
420,yfcc,or,FilteredVamana,1.0,Post-filter,StitchedVamana,StitchedVamana,UNG,StitchedVamana
420,ytb_audio,and,UNG,1.0,SIEVE,UNG,UNG,UNG,Post-filter
420,ytb_audio,equal,UNG,1.0,UNG,UNG,UNG,UNG,Post-filter
420,ytb_audio,or,UNG,1.0,Post-filter,UNG,UNG,UNG,Post-filter
421,LAION1M,and,UNG,1.0,UNG,UNG,UNG,UNG,UNG
421,LAION1M,equal,UNG,1.0,UNG,UNG,UNG,UNG,UNG
421,LAION1M,or,UNG,1.0,Post-filter,UNG,UNG,UNG,UNG
421,tripclick,and,UNG,1.0,UNG,UNG,UNG,UNG,UNG
421,tripclick,equal,UNG,1.0,UNG,UNG,UNG,UNG,UNG
421,tripclick,or,UNG,1.0,Post-filter,UNG,UNG,UNG,UNG
421,yfcc,and,UNG,1.0,SIEVE,UNG,UNG,UNG,StitchedVamana
421,yfcc,equal,UNG,1.0,UNG,UNG,UNG,UNG,StitchedVamana
421,yfcc,or,FilteredVamana,1.0,Post-filter,StitchedVamana,StitchedVamana,UNG,StitchedVamana
421,ytb_audio,and,SIEVE,1.0,SIEVE,UNG,UNG,UNG,Post-filter
421,ytb_audio,equal,UNG,1.0,UNG,UNG,UNG,UNG,Post-filter
421,ytb_audio,or,StitchedVamana,1.0,Post-filter,UNG,FilteredVamana,UNG,Post-filter
422,LAION1M,and,UNG,1.0,UNG,UNG,UNG,UNG,UNG
422,LAION1M,equal,UNG,1.0,UNG,UNG,UNG,UNG,UNG
422,LAION1M,or,UNG,1.0,Post-filter,Post-filter,UNG,UNG,UNG
422,tripclick,and,UNG,1.0,UNG,UNG,UNG,UNG,UNG
422,tripclick,equal,UNG,1.0,UNG,UNG,UNG,UNG,UNG
422,tripclick,or,UNG,1.0,Post-filter,UNG,UNG,UNG,UNG
422,yfcc,and,FilteredVamana,1.0,SIEVE,UNG,UNG,UNG,StitchedVamana
422,yfcc,equal,UNG,1.0,UNG,UNG,UNG,UNG,StitchedVamana
422,yfcc,or,FilteredVamana,1.0,Post-filter,StitchedVamana,StitchedVamana,UNG,StitchedVamana
422,ytb_audio,and,UNG,1.0,SIEVE,UNG,UNG,UNG,Post-filter
422,ytb_audio,equal,UNG,1.0,UNG,UNG,UNG,UNG,Post-filter
422,ytb_audio,or,StitchedVamana,1.0,Post-filter,UNG,FilteredVamana,UNG,Post-filter
423,LAION1M,and,UNG,1.0,UNG,UNG,UNG,UNG,UNG
423,LAION1M,equal,UNG,1.0,UNG,UNG,UNG,UNG,UNG
423,LAION1M,or,Post-filter,1.0,Post-filter,UNG,UNG,UNG,StitchedVamana
423,tripclick,and,UNG,1.0,UNG,UNG,UNG,UNG,UNG
423,tripclick,equal,UNG,1.0,UNG,UNG,UNG,UNG,UNG
423,tripclick,or,UNG,1.0,Post-filter,UNG,UNG,UNG,UNG
423,yfcc,and,FilteredVamana,1.0,SIEVE,UNG,UNG,UNG,StitchedVamana
423,yfcc,equal,UNG,1.0,UNG,UNG,UNG,UNG,StitchedVamana
423,yfcc,or,FilteredVamana,1.0,Post-filter,StitchedVamana,UNG,UNG,StitchedVamana
423,ytb_audio,and,SIEVE,1.0,SIEVE,UNG,UNG,UNG,Post-filter
423,ytb_audio,equal,UNG,1.0,UNG,UNG,UNG,UNG,Post-filter
423,ytb_audio,or,StitchedVamana,1.0,Post-filter,UNG,UNG,UNG,Post-filter
424,LAION1M,and,UNG,1.0,UNG,UNG,UNG,UNG,UNG
424,LAION1M,equal,UNG,1.0,UNG,UNG,UNG,UNG,UNG
424,LAION1M,or,UNG,1.0,Post-filter,UNG,UNG,UNG,StitchedVamana
424,tripclick,and,UNG,1.0,UNG,UNG,UNG,UNG,UNG
424,tripclick,equal,UNG,1.0,UNG,UNG,UNG,UNG,UNG
424,tripclick,or,UNG,1.0,Post-filter,UNG,UNG,UNG,UNG
424,yfcc,and,UNG,1.0,SIEVE,UNG,UNG,UNG,StitchedVamana
424,yfcc,equal,UNG,1.0,UNG,UNG,UNG,UNG,StitchedVamana
424,yfcc,or,FilteredVamana,1.0,Post-filter,StitchedVamana,StitchedVamana,UNG,StitchedVamana
424,ytb_audio,and,SIEVE,1.0,SIEVE,UNG,UNG,UNG,Post-filter
424,ytb_audio,equal,UNG,1.0,UNG,UNG,UNG,UNG,Post-filter
424,ytb_audio,or,StitchedVamana,1.0,Post-filter,UNG,FilteredVamana,UNG,Post-filter
425,LAION1M,and,UNG,1.0,UNG,UNG,UNG,UNG,UNG
425,LAION1M,equal,UNG,1.0,UNG,UNG,UNG,UNG,UNG
425,LAION1M,or,UNG,1.0,Post-filter,UNG,UNG,UNG,StitchedVamana
425,tripclick,and,Post-filter,1.0,UNG,UNG,UNG,UNG,UNG
425,tripclick,equal,UNG,1.0,UNG,UNG,UNG,UNG,UNG
425,tripclick,or,UNG,1.0,Post-filter,UNG,UNG,UNG,UNG
425,yfcc,and,UNG,1.0,SIEVE,UNG,UNG,UNG,StitchedVamana
425,yfcc,equal,UNG,1.0,UNG,UNG,UNG,UNG,StitchedVamana
425,yfcc,or,FilteredVamana,1.0,Post-filter,StitchedVamana,StitchedVamana,UNG,StitchedVamana
425,ytb_audio,and,SIEVE,1.0,SIEVE,UNG,UNG,UNG,Post-filter
425,ytb_audio,equal,UNG,1.0,UNG,UNG,UNG,UNG,Post-filter
425,ytb_audio,or,ACORN,1.0,Post-filter,UNG,UNG,UNG,Post-filter
426,LAION1M,and,UNG,1.0,UNG,UNG,UNG,UNG,UNG
426,LAION1M,equal,UNG,1.0,UNG,UNG,UNG,UNG,UNG
426,LAION1M,or,UNG,1.0,Post-filter,Post-filter,UNG,FilteredVamana,StitchedVamana
426,tripclick,and,UNG,1.0,UNG,UNG,UNG,UNG,UNG
426,tripclick,equal,UNG,1.0,UNG,UNG,UNG,UNG,UNG
426,tripclick,or,Post-filter,1.0,Post-filter,UNG,UNG,UNG,UNG
426,yfcc,and,UNG,1.0,SIEVE,UNG,UNG,UNG,StitchedVamana
426,yfcc,equal,UNG,1.0,UNG,UNG,UNG,UNG,StitchedVamana
426,yfcc,or,FilteredVamana,1.0,Post-filter,StitchedVamana,StitchedVamana,UNG,StitchedVamana
426,ytb_audio,and,UNG,1.0,SIEVE,UNG,UNG,UNG,Post-filter
426,ytb_audio,equal,UNG,1.0,UNG,UNG,UNG,UNG,Post-filter
426,ytb_audio,or,StitchedVamana,1.0,Post-filter,UNG,FilteredVamana,UNG,Post-filter
427,LAION1M,and,UNG,1.0,UNG,UNG,UNG,UNG,UNG
427,LAION1M,equal,UNG,1.0,UNG,UNG,UNG,UNG,UNG
427,LAION1M,or,UNG,1.0,Post-filter,UNG,UNG,FilteredVamana,FilteredVamana
427,tripclick,and,Post-filter,1.0,UNG,UNG,UNG,UNG,UNG
427,tripclick,equal,UNG,1.0,UNG,UNG,UNG,UNG,UNG
427,tripclick,or,UNG,1.0,Post-filter,UNG,UNG,UNG,UNG
427,yfcc,and,FilteredVamana,1.0,SIEVE,UNG,UNG,UNG,StitchedVamana
427,yfcc,equal,UNG,1.0,UNG,UNG,UNG,UNG,StitchedVamana
427,yfcc,or,FilteredVamana,1.0,Post-filter,StitchedVamana,StitchedVamana,UNG,StitchedVamana
427,ytb_audio,and,UNG,1.0,SIEVE,UNG,UNG,UNG,Post-filter
427,ytb_audio,equal,UNG,1.0,UNG,UNG,UNG,UNG,Post-filter
427,ytb_audio,or,Post-filter,1.0,Post-filter,UNG,UNG,UNG,Post-filter
428,LAION1M,and,UNG,1.0,UNG,UNG,UNG,UNG,UNG
428,LAION1M,equal,UNG,1.0,UNG,UNG,UNG,UNG,UNG
428,LAION1M,or,UNG,1.0,Post-filter,Post-filter,UNG,FilteredVamana,StitchedVamana
428,tripclick,and,UNG,1.0,UNG,UNG,UNG,UNG,UNG
428,tripclick,equal,UNG,1.0,UNG,UNG,UNG,UNG,UNG
428,tripclick,or,UNG,1.0,Post-filter,UNG,UNG,UNG,UNG
428,yfcc,and,UNG,1.0,SIEVE,UNG,UNG,UNG,StitchedVamana
428,yfcc,equal,UNG,1.0,UNG,UNG,UNG,UNG,StitchedVamana
428,yfcc,or,FilteredVamana,1.0,Post-filter,StitchedVamana,StitchedVamana,UNG,StitchedVamana
428,ytb_audio,and,UNG,1.0,SIEVE,UNG,UNG,UNG,Post-filter
428,ytb_audio,equal,UNG,1.0,UNG,UNG,UNG,UNG,Post-filter
428,ytb_audio,or,StitchedVamana,1.0,Post-filter,UNG,UNG,UNG,Post-filter
429,LAION1M,and,UNG,1.0,UNG,UNG,UNG,UNG,UNG
429,LAION1M,equal,UNG,1.0,UNG,UNG,UNG,UNG,UNG
429,LAION1M,or,UNG,1.0,Post-filter,UNG,UNG,UNG,StitchedVamana
429,tripclick,and,UNG,1.0,UNG,UNG,UNG,UNG,UNG
429,tripclick,equal,UNG,1.0,UNG,UNG,UNG,UNG,UNG
429,tripclick,or,UNG,1.0,Post-filter,UNG,UNG,UNG,UNG
429,yfcc,and,FilteredVamana,1.0,SIEVE,UNG,UNG,UNG,StitchedVamana
429,yfcc,equal,UNG,1.0,UNG,UNG,UNG,UNG,StitchedVamana
429,yfcc,or,FilteredVamana,1.0,Post-filter,FilteredVamana,StitchedVamana,UNG,StitchedVamana
429,ytb_audio,and,UNG,1.0,SIEVE,UNG,UNG,UNG,Post-filter
429,ytb_audio,equal,UNG,1.0,UNG,UNG,UNG,UNG,Post-filter
429,ytb_audio,or,UNG,1.0,Post-filter,UNG,UNG,UNG,Post-filter
430,LAION1M,and,UNG,1.0,UNG,UNG,UNG,UNG,UNG
430,LAION1M,equal,UNG,1.0,UNG,UNG,UNG,UNG,UNG
430,LAION1M,or,UNG,1.0,Post-filter,UNG,UNG,UNG,StitchedVamana
430,tripclick,and,Post-filter,1.0,UNG,UNG,UNG,UNG,UNG
430,tripclick,equal,UNG,1.0,UNG,UNG,UNG,UNG,UNG
430,tripclick,or,UNG,1.0,Post-filter,UNG,UNG,UNG,UNG
430,yfcc,and,UNG,1.0,SIEVE,UNG,UNG,UNG,StitchedVamana
430,yfcc,equal,UNG,1.0,UNG,UNG,UNG,UNG,StitchedVamana
430,yfcc,or,FilteredVamana,1.0,Post-filter,StitchedVamana,StitchedVamana,UNG,StitchedVamana
430,ytb_audio,and,UNG,1.0,SIEVE,UNG,UNG,UNG,Post-filter
430,ytb_audio,equal,UNG,1.0,UNG,UNG,UNG,UNG,Post-filter
430,ytb_audio,or,StitchedVamana,1.0,Post-filter,UNG,FilteredVamana,UNG,Post-filter
431,LAION1M,and,UNG,1.0,UNG,Post-filter,UNG,UNG,UNG
431,LAION1M,equal,UNG,1.0,UNG,UNG,UNG,UNG,UNG
431,LAION1M,or,UNG,1.0,Post-filter,UNG,UNG,UNG,UNG
431,tripclick,and,UNG,1.0,UNG,UNG,UNG,UNG,UNG
431,tripclick,equal,UNG,1.0,UNG,UNG,UNG,UNG,UNG
431,tripclick,or,UNG,1.0,Post-filter,UNG,UNG,UNG,UNG
431,yfcc,and,FilteredVamana,1.0,SIEVE,UNG,UNG,UNG,StitchedVamana
431,yfcc,equal,UNG,1.0,UNG,UNG,UNG,UNG,StitchedVamana
431,yfcc,or,FilteredVamana,1.0,Post-filter,StitchedVamana,StitchedVamana,UNG,StitchedVamana
431,ytb_audio,and,SIEVE,1.0,SIEVE,UNG,UNG,UNG,Post-filter
431,ytb_audio,equal,UNG,1.0,UNG,UNG,UNG,UNG,Post-filter
431,ytb_audio,or,UNG,1.0,Post-filter,UNG,UNG,UNG,Post-filter
432,LAION1M,and,UNG,1.0,UNG,UNG,UNG,UNG,UNG
432,LAION1M,equal,UNG,1.0,UNG,UNG,UNG,UNG,UNG
432,LAION1M,or,UNG,1.0,Post-filter,Post-filter,UNG,FilteredVamana,StitchedVamana
432,tripclick,and,UNG,1.0,UNG,UNG,UNG,UNG,UNG
432,tripclick,equal,UNG,1.0,UNG,UNG,UNG,UNG,UNG
432,tripclick,or,Post-filter,1.0,Post-filter,UNG,UNG,UNG,UNG
432,yfcc,and,UNG,1.0,SIEVE,UNG,UNG,UNG,StitchedVamana
432,yfcc,equal,UNG,1.0,UNG,UNG,UNG,UNG,StitchedVamana
432,yfcc,or,FilteredVamana,1.0,Post-filter,StitchedVamana,StitchedVamana,UNG,StitchedVamana
432,ytb_audio,and,UNG,1.0,SIEVE,UNG,UNG,UNG,Post-filter
432,ytb_audio,equal,UNG,1.0,UNG,UNG,UNG,UNG,Post-filter
432,ytb_audio,or,StitchedVamana,1.0,Post-filter,UNG,FilteredVamana,UNG,Post-filter
433,LAION1M,and,UNG,1.0,UNG,UNG,UNG,UNG,UNG
433,LAION1M,equal,UNG,1.0,UNG,UNG,UNG,UNG,UNG
433,LAION1M,or,UNG,1.0,Post-filter,UNG,UNG,UNG,StitchedVamana
433,tripclick,and,UNG,1.0,UNG,UNG,UNG,UNG,UNG
433,tripclick,equal,UNG,1.0,UNG,UNG,UNG,UNG,UNG
433,tripclick,or,UNG,1.0,Post-filter,UNG,UNG,UNG,UNG
433,yfcc,and,UNG,1.0,SIEVE,UNG,UNG,UNG,StitchedVamana
433,yfcc,equal,UNG,1.0,UNG,UNG,UNG,UNG,StitchedVamana
433,yfcc,or,FilteredVamana,1.0,Post-filter,StitchedVamana,StitchedVamana,UNG,StitchedVamana
433,ytb_audio,and,SIEVE,1.0,SIEVE,UNG,UNG,UNG,Post-filter
433,ytb_audio,equal,UNG,0.9,UNG,UNG,UNG,UNG,Post-filter
433,ytb_audio,or,UNG,1.0,Post-filter,UNG,UNG,UNG,Post-filter
434,LAION1M,and,UNG,1.0,UNG,UNG,UNG,UNG,UNG
434,LAION1M,equal,UNG,1.0,UNG,UNG,UNG,UNG,UNG
434,LAION1M,or,UNG,1.0,Post-filter,UNG,UNG,UNG,UNG
434,tripclick,and,UNG,1.0,UNG,UNG,UNG,UNG,UNG
434,tripclick,equal,UNG,1.0,UNG,UNG,UNG,UNG,UNG
434,tripclick,or,UNG,1.0,Post-filter,UNG,UNG,UNG,UNG
434,yfcc,and,UNG,1.0,SIEVE,UNG,UNG,UNG,StitchedVamana
434,yfcc,equal,UNG,1.0,UNG,UNG,UNG,UNG,StitchedVamana
434,yfcc,or,FilteredVamana,1.0,Post-filter,StitchedVamana,StitchedVamana,UNG,StitchedVamana
434,ytb_audio,and,UNG,1.0,SIEVE,UNG,UNG,UNG,Post-filter
434,ytb_audio,equal,UNG,1.0,UNG,UNG,UNG,UNG,Post-filter
434,ytb_audio,or,StitchedVamana,1.0,Post-filter,UNG,UNG,UNG,Post-filter
435,LAION1M,and,UNG,1.0,UNG,Post-filter,UNG,UNG,UNG
435,LAION1M,equal,UNG,1.0,UNG,UNG,UNG,UNG,UNG
435,LAION1M,or,UNG,1.0,Post-filter,UNG,UNG,UNG,StitchedVamana
435,tripclick,and,UNG,1.0,UNG,UNG,UNG,UNG,UNG
435,tripclick,equal,UNG,1.0,UNG,UNG,UNG,UNG,UNG
435,tripclick,or,UNG,1.0,Post-filter,UNG,UNG,UNG,UNG
435,yfcc,and,UNG,1.0,SIEVE,UNG,UNG,UNG,StitchedVamana
435,yfcc,equal,UNG,1.0,UNG,UNG,UNG,UNG,StitchedVamana
435,yfcc,or,FilteredVamana,1.0,Post-filter,StitchedVamana,UNG,UNG,StitchedVamana
435,ytb_audio,and,UNG,1.0,SIEVE,UNG,UNG,UNG,Post-filter
435,ytb_audio,equal,UNG,1.0,UNG,UNG,UNG,UNG,Post-filter
435,ytb_audio,or,StitchedVamana,1.0,Post-filter,UNG,FilteredVamana,UNG,Post-filter
436,LAION1M,and,UNG,1.0,UNG,UNG,UNG,UNG,UNG
436,LAION1M,equal,UNG,1.0,UNG,UNG,UNG,UNG,UNG
436,LAION1M,or,UNG,1.0,Post-filter,UNG,UNG,UNG,UNG
436,tripclick,and,UNG,1.0,UNG,UNG,UNG,UNG,UNG
436,tripclick,equal,UNG,1.0,UNG,UNG,UNG,UNG,UNG
436,tripclick,or,UNG,1.0,Post-filter,UNG,UNG,UNG,UNG
436,yfcc,and,UNG,1.0,SIEVE,UNG,UNG,UNG,StitchedVamana
436,yfcc,equal,UNG,1.0,UNG,UNG,UNG,UNG,StitchedVamana
436,yfcc,or,FilteredVamana,1.0,Post-filter,StitchedVamana,StitchedVamana,UNG,StitchedVamana
436,ytb_audio,and,UNG,1.0,SIEVE,UNG,UNG,UNG,Post-filter
436,ytb_audio,equal,UNG,1.0,UNG,UNG,UNG,UNG,Post-filter
436,ytb_audio,or,StitchedVamana,1.0,Post-filter,UNG,FilteredVamana,UNG,Post-filter
437,LAION1M,and,UNG,1.0,UNG,UNG,UNG,UNG,UNG
437,LAION1M,equal,UNG,1.0,UNG,UNG,UNG,UNG,UNG
437,LAION1M,or,UNG,1.0,Post-filter,Post-filter,UNG,UNG,UNG
437,tripclick,and,UNG,1.0,UNG,UNG,UNG,UNG,UNG
437,tripclick,equal,UNG,1.0,UNG,UNG,UNG,UNG,UNG
437,tripclick,or,UNG,1.0,Post-filter,UNG,UNG,UNG,UNG
437,yfcc,and,UNG,1.0,SIEVE,UNG,UNG,UNG,StitchedVamana
437,yfcc,equal,UNG,1.0,UNG,UNG,UNG,UNG,StitchedVamana
437,yfcc,or,FilteredVamana,1.0,Post-filter,StitchedVamana,StitchedVamana,UNG,StitchedVamana
437,ytb_audio,and,SIEVE,0.9,SIEVE,UNG,UNG,UNG,Post-filter
437,ytb_audio,equal,UNG,1.0,UNG,UNG,UNG,UNG,Post-filter
437,ytb_audio,or,StitchedVamana,1.0,Post-filter,UNG,FilteredVamana,UNG,Post-filter
438,LAION1M,and,UNG,1.0,UNG,UNG,UNG,UNG,UNG
438,LAION1M,equal,UNG,1.0,UNG,UNG,UNG,UNG,UNG
438,LAION1M,or,UNG,1.0,Post-filter,UNG,UNG,UNG,UNG
438,tripclick,and,UNG,1.0,UNG,UNG,UNG,UNG,UNG
438,tripclick,equal,UNG,1.0,UNG,UNG,UNG,UNG,UNG
438,tripclick,or,Post-filter,1.0,Post-filter,UNG,UNG,UNG,UNG
438,yfcc,and,UNG,1.0,SIEVE,UNG,UNG,UNG,StitchedVamana
438,yfcc,equal,UNG,1.0,UNG,UNG,UNG,UNG,StitchedVamana
438,yfcc,or,FilteredVamana,1.0,Post-filter,StitchedVamana,StitchedVamana,UNG,StitchedVamana
438,ytb_audio,and,UNG,1.0,SIEVE,UNG,UNG,UNG,Post-filter
438,ytb_audio,equal,UNG,1.0,UNG,UNG,UNG,UNG,Post-filter
438,ytb_audio,or,StitchedVamana,1.0,Post-filter,UNG,FilteredVamana,UNG,Post-filter
439,LAION1M,and,UNG,1.0,UNG,UNG,UNG,UNG,UNG
439,LAION1M,equal,UNG,1.0,UNG,UNG,UNG,UNG,UNG
439,LAION1M,or,UNG,1.0,Post-filter,Post-filter,UNG,UNG,UNG
439,tripclick,and,UNG,1.0,UNG,UNG,UNG,UNG,UNG
439,tripclick,equal,UNG,1.0,UNG,UNG,UNG,UNG,UNG
439,tripclick,or,Post-filter,1.0,Post-filter,UNG,UNG,UNG,UNG
439,yfcc,and,FilteredVamana,1.0,SIEVE,UNG,UNG,UNG,StitchedVamana
439,yfcc,equal,UNG,1.0,UNG,UNG,UNG,UNG,StitchedVamana
439,yfcc,or,FilteredVamana,1.0,Post-filter,StitchedVamana,StitchedVamana,UNG,StitchedVamana
439,ytb_audio,and,UNG,1.0,SIEVE,UNG,UNG,UNG,Post-filter
439,ytb_audio,equal,UNG,1.0,UNG,UNG,UNG,UNG,Post-filter
439,ytb_audio,or,UNG,1.0,Post-filter,UNG,UNG,UNG,Post-filter
440,LAION1M,and,UNG,1.0,UNG,UNG,UNG,UNG,UNG
440,LAION1M,equal,UNG,1.0,UNG,UNG,UNG,UNG,UNG
440,LAION1M,or,UNG,1.0,Post-filter,UNG,UNG,UNG,UNG
440,tripclick,and,UNG,1.0,UNG,UNG,UNG,UNG,UNG
440,tripclick,equal,UNG,1.0,UNG,UNG,UNG,UNG,UNG
440,tripclick,or,UNG,1.0,Post-filter,UNG,UNG,UNG,UNG
440,yfcc,and,FilteredVamana,1.0,SIEVE,UNG,UNG,UNG,StitchedVamana
440,yfcc,equal,UNG,1.0,UNG,UNG,UNG,UNG,StitchedVamana
440,yfcc,or,FilteredVamana,1.0,Post-filter,StitchedVamana,UNG,UNG,StitchedVamana
440,ytb_audio,and,UNG,1.0,SIEVE,UNG,UNG,UNG,Post-filter
440,ytb_audio,equal,UNG,1.0,UNG,UNG,UNG,UNG,Post-filter
440,ytb_audio,or,UNG,1.0,Post-filter,UNG,UNG,UNG,Post-filter
441,LAION1M,and,UNG,1.0,UNG,UNG,UNG,UNG,UNG
441,LAION1M,equal,UNG,1.0,UNG,UNG,UNG,UNG,UNG
441,LAION1M,or,UNG,1.0,Post-filter,UNG,UNG,UNG,StitchedVamana
441,tripclick,and,UNG,1.0,UNG,UNG,UNG,UNG,UNG
441,tripclick,equal,UNG,1.0,UNG,UNG,UNG,UNG,UNG
441,tripclick,or,UNG,1.0,Post-filter,UNG,UNG,UNG,UNG
441,yfcc,and,UNG,1.0,SIEVE,UNG,UNG,UNG,StitchedVamana
441,yfcc,equal,UNG,1.0,UNG,UNG,UNG,UNG,StitchedVamana
441,yfcc,or,FilteredVamana,1.0,Post-filter,StitchedVamana,StitchedVamana,UNG,StitchedVamana
441,ytb_audio,and,UNG,1.0,SIEVE,UNG,UNG,UNG,Post-filter
441,ytb_audio,equal,UNG,1.0,UNG,UNG,UNG,UNG,Post-filter
441,ytb_audio,or,UNG,1.0,Post-filter,UNG,FilteredVamana,UNG,Post-filter
442,LAION1M,and,UNG,1.0,UNG,UNG,UNG,UNG,UNG
442,LAION1M,equal,UNG,1.0,UNG,UNG,UNG,UNG,UNG
442,LAION1M,or,UNG,1.0,Post-filter,UNG,UNG,UNG,UNG
442,tripclick,and,UNG,1.0,UNG,UNG,UNG,UNG,UNG
442,tripclick,equal,UNG,1.0,UNG,UNG,UNG,UNG,UNG
442,tripclick,or,UNG,1.0,Post-filter,UNG,UNG,UNG,UNG
442,yfcc,and,UNG,1.0,SIEVE,UNG,UNG,UNG,StitchedVamana
442,yfcc,equal,UNG,1.0,UNG,UNG,UNG,UNG,StitchedVamana
442,yfcc,or,FilteredVamana,1.0,Post-filter,StitchedVamana,StitchedVamana,UNG,StitchedVamana
442,ytb_audio,and,UNG,1.0,SIEVE,UNG,UNG,UNG,Post-filter
442,ytb_audio,equal,UNG,1.0,UNG,UNG,UNG,UNG,Post-filter
442,ytb_audio,or,UNG,1.0,Post-filter,UNG,UNG,UNG,Post-filter
443,LAION1M,and,UNG,1.0,UNG,UNG,UNG,UNG,UNG
443,LAION1M,equal,UNG,1.0,UNG,UNG,UNG,UNG,UNG
443,LAION1M,or,UNG,1.0,Post-filter,Post-filter,UNG,UNG,UNG
443,tripclick,and,UNG,1.0,UNG,UNG,UNG,UNG,UNG
443,tripclick,equal,UNG,1.0,UNG,UNG,UNG,UNG,UNG
443,tripclick,or,UNG,1.0,Post-filter,UNG,UNG,UNG,UNG
443,yfcc,and,UNG,1.0,SIEVE,UNG,UNG,UNG,StitchedVamana
443,yfcc,equal,UNG,1.0,UNG,UNG,UNG,UNG,StitchedVamana
443,yfcc,or,FilteredVamana,1.0,Post-filter,StitchedVamana,StitchedVamana,UNG,StitchedVamana
443,ytb_audio,and,UNG,1.0,SIEVE,UNG,UNG,UNG,Post-filter
443,ytb_audio,equal,UNG,1.0,UNG,UNG,UNG,UNG,Post-filter
443,ytb_audio,or,StitchedVamana,1.0,Post-filter,UNG,UNG,UNG,Post-filter
444,LAION1M,and,UNG,1.0,UNG,UNG,UNG,UNG,UNG
444,LAION1M,equal,UNG,1.0,UNG,UNG,UNG,UNG,UNG
444,LAION1M,or,UNG,1.0,Post-filter,UNG,UNG,UNG,UNG
444,tripclick,and,UNG,1.0,UNG,UNG,UNG,UNG,UNG
444,tripclick,equal,UNG,1.0,UNG,UNG,UNG,UNG,UNG
444,tripclick,or,UNG,1.0,Post-filter,UNG,UNG,UNG,UNG
444,yfcc,and,UNG,1.0,SIEVE,UNG,UNG,UNG,StitchedVamana
444,yfcc,equal,UNG,1.0,UNG,UNG,UNG,UNG,StitchedVamana
444,yfcc,or,FilteredVamana,1.0,Post-filter,StitchedVamana,StitchedVamana,UNG,StitchedVamana
444,ytb_audio,and,UNG,1.0,SIEVE,UNG,UNG,UNG,Post-filter
444,ytb_audio,equal,UNG,1.0,UNG,UNG,UNG,UNG,Post-filter
444,ytb_audio,or,StitchedVamana,1.0,Post-filter,UNG,UNG,UNG,Post-filter
445,LAION1M,and,UNG,1.0,UNG,Post-filter,UNG,UNG,UNG
445,LAION1M,equal,UNG,1.0,UNG,UNG,UNG,UNG,UNG
445,LAION1M,or,UNG,1.0,Post-filter,StitchedVamana,UNG,UNG,StitchedVamana
445,tripclick,and,UNG,1.0,UNG,UNG,UNG,UNG,UNG
445,tripclick,equal,UNG,1.0,UNG,UNG,UNG,UNG,UNG
445,tripclick,or,UNG,1.0,Post-filter,UNG,UNG,UNG,UNG
445,yfcc,and,UNG,1.0,SIEVE,UNG,UNG,UNG,StitchedVamana
445,yfcc,equal,UNG,1.0,UNG,UNG,UNG,UNG,StitchedVamana
445,yfcc,or,FilteredVamana,1.0,Post-filter,StitchedVamana,StitchedVamana,UNG,StitchedVamana
445,ytb_audio,and,UNG,1.0,SIEVE,UNG,UNG,UNG,Post-filter
445,ytb_audio,equal,UNG,1.0,UNG,UNG,UNG,UNG,Post-filter
445,ytb_audio,or,StitchedVamana,1.0,Post-filter,UNG,UNG,UNG,Post-filter
446,LAION1M,and,UNG,1.0,UNG,UNG,UNG,UNG,UNG
446,LAION1M,equal,UNG,1.0,UNG,UNG,UNG,UNG,UNG
446,LAION1M,or,UNG,1.0,Post-filter,Post-filter,UNG,UNG,UNG
446,tripclick,and,UNG,1.0,UNG,UNG,UNG,UNG,UNG
446,tripclick,equal,UNG,1.0,UNG,UNG,UNG,UNG,UNG
446,tripclick,or,UNG,1.0,Post-filter,UNG,UNG,UNG,UNG
446,yfcc,and,UNG,1.0,SIEVE,UNG,UNG,UNG,StitchedVamana
446,yfcc,equal,UNG,1.0,UNG,UNG,UNG,UNG,StitchedVamana
446,yfcc,or,Post-filter,1.0,Post-filter,StitchedVamana,StitchedVamana,UNG,StitchedVamana
446,ytb_audio,and,UNG,1.0,SIEVE,UNG,UNG,UNG,Post-filter
446,ytb_audio,equal,UNG,1.0,UNG,UNG,UNG,UNG,Post-filter
446,ytb_audio,or,StitchedVamana,1.0,Post-filter,UNG,UNG,UNG,Post-filter
447,LAION1M,and,UNG,1.0,UNG,UNG,UNG,UNG,UNG
447,LAION1M,equal,UNG,1.0,UNG,UNG,UNG,UNG,UNG
447,LAION1M,or,UNG,1.0,Post-filter,UNG,UNG,UNG,StitchedVamana
447,tripclick,and,UNG,1.0,UNG,UNG,UNG,UNG,UNG
447,tripclick,equal,UNG,1.0,UNG,UNG,UNG,UNG,UNG
447,tripclick,or,UNG,1.0,Post-filter,UNG,UNG,UNG,UNG
447,yfcc,and,UNG,1.0,SIEVE,UNG,UNG,UNG,StitchedVamana
447,yfcc,equal,UNG,1.0,UNG,UNG,UNG,UNG,StitchedVamana
447,yfcc,or,FilteredVamana,1.0,Post-filter,StitchedVamana,StitchedVamana,UNG,StitchedVamana
447,ytb_audio,and,UNG,1.0,SIEVE,UNG,UNG,UNG,Post-filter
447,ytb_audio,equal,UNG,1.0,UNG,UNG,UNG,UNG,Post-filter
447,ytb_audio,or,StitchedVamana,1.0,Post-filter,UNG,UNG,UNG,Post-filter
448,LAION1M,and,UNG,1.0,UNG,UNG,UNG,UNG,UNG
448,LAION1M,equal,UNG,1.0,UNG,UNG,UNG,UNG,UNG
448,LAION1M,or,UNG,1.0,Post-filter,UNG,UNG,UNG,StitchedVamana
448,tripclick,and,UNG,1.0,UNG,UNG,UNG,UNG,UNG
448,tripclick,equal,UNG,1.0,UNG,UNG,UNG,UNG,UNG
448,tripclick,or,UNG,1.0,Post-filter,UNG,UNG,UNG,UNG
448,yfcc,and,UNG,1.0,SIEVE,UNG,UNG,UNG,StitchedVamana
448,yfcc,equal,UNG,1.0,UNG,UNG,UNG,UNG,StitchedVamana
448,yfcc,or,FilteredVamana,1.0,Post-filter,StitchedVamana,StitchedVamana,UNG,StitchedVamana
448,ytb_audio,and,UNG,1.0,SIEVE,UNG,UNG,UNG,Post-filter
448,ytb_audio,equal,UNG,1.0,UNG,UNG,UNG,UNG,Post-filter
448,ytb_audio,or,StitchedVamana,1.0,Post-filter,UNG,FilteredVamana,UNG,Post-filter
449,LAION1M,and,UNG,1.0,UNG,UNG,UNG,UNG,UNG
449,LAION1M,equal,UNG,1.0,UNG,UNG,UNG,UNG,UNG
449,LAION1M,or,UNG,1.0,Post-filter,Post-filter,UNG,UNG,UNG
449,tripclick,and,UNG,1.0,UNG,UNG,UNG,UNG,UNG
449,tripclick,equal,UNG,1.0,UNG,UNG,UNG,UNG,UNG
449,tripclick,or,UNG,1.0,Post-filter,UNG,UNG,UNG,UNG
449,yfcc,and,UNG,1.0,SIEVE,UNG,UNG,UNG,StitchedVamana
449,yfcc,equal,UNG,1.0,UNG,UNG,UNG,UNG,StitchedVamana
449,yfcc,or,Post-filter,1.0,Post-filter,StitchedVamana,StitchedVamana,UNG,StitchedVamana
449,ytb_audio,and,UNG,1.0,SIEVE,UNG,UNG,UNG,Post-filter
449,ytb_audio,equal,UNG,1.0,UNG,UNG,UNG,UNG,Post-filter
449,ytb_audio,or,StitchedVamana,1.0,Post-filter,UNG,FilteredVamana,UNG,Post-filter
450,LAION1M,and,UNG,1.0,UNG,UNG,UNG,UNG,UNG
450,LAION1M,equal,UNG,1.0,UNG,UNG,UNG,UNG,UNG
450,LAION1M,or,UNG,1.0,Post-filter,Post-filter,UNG,FilteredVamana,StitchedVamana
450,tripclick,and,UNG,1.0,UNG,UNG,UNG,UNG,UNG
450,tripclick,equal,UNG,1.0,UNG,UNG,UNG,UNG,UNG
450,tripclick,or,UNG,1.0,Post-filter,UNG,UNG,UNG,UNG
450,yfcc,and,UNG,1.0,SIEVE,UNG,UNG,UNG,StitchedVamana
450,yfcc,equal,UNG,1.0,UNG,UNG,UNG,UNG,StitchedVamana
450,yfcc,or,FilteredVamana,1.0,Post-filter,StitchedVamana,StitchedVamana,UNG,StitchedVamana
450,ytb_audio,and,UNG,1.0,SIEVE,UNG,UNG,UNG,Post-filter
450,ytb_audio,equal,UNG,1.0,UNG,UNG,UNG,UNG,Post-filter
450,ytb_audio,or,UNG,1.0,Post-filter,UNG,UNG,UNG,Post-filter
451,LAION1M,and,UNG,1.0,UNG,UNG,UNG,UNG,UNG
451,LAION1M,equal,UNG,1.0,UNG,UNG,UNG,UNG,UNG
451,LAION1M,or,UNG,1.0,Post-filter,Post-filter,UNG,UNG,UNG
451,tripclick,and,Post-filter,1.0,UNG,UNG,UNG,UNG,UNG
451,tripclick,equal,UNG,1.0,UNG,UNG,UNG,UNG,UNG
451,tripclick,or,UNG,1.0,Post-filter,UNG,UNG,UNG,UNG
451,yfcc,and,UNG,1.0,SIEVE,UNG,UNG,UNG,StitchedVamana
451,yfcc,equal,UNG,1.0,UNG,UNG,UNG,UNG,StitchedVamana
451,yfcc,or,FilteredVamana,1.0,Post-filter,StitchedVamana,StitchedVamana,UNG,StitchedVamana
451,ytb_audio,and,SIEVE,1.0,SIEVE,UNG,UNG,UNG,Post-filter
451,ytb_audio,equal,UNG,0.9,UNG,UNG,UNG,UNG,Post-filter
451,ytb_audio,or,Post-filter,1.0,Post-filter,UNG,UNG,UNG,Post-filter
452,LAION1M,and,UNG,1.0,UNG,UNG,UNG,UNG,UNG
452,LAION1M,equal,UNG,1.0,UNG,UNG,UNG,UNG,UNG
452,LAION1M,or,UNG,1.0,Post-filter,UNG,UNG,FilteredVamana,FilteredVamana
452,tripclick,and,UNG,1.0,UNG,UNG,UNG,UNG,UNG
452,tripclick,equal,UNG,1.0,UNG,UNG,UNG,UNG,UNG
452,tripclick,or,UNG,1.0,Post-filter,UNG,UNG,UNG,UNG
452,yfcc,and,UNG,1.0,SIEVE,UNG,UNG,UNG,StitchedVamana
452,yfcc,equal,UNG,1.0,UNG,UNG,UNG,UNG,StitchedVamana
452,yfcc,or,FilteredVamana,1.0,Post-filter,StitchedVamana,StitchedVamana,UNG,StitchedVamana
452,ytb_audio,and,UNG,1.0,SIEVE,UNG,UNG,UNG,Post-filter
452,ytb_audio,equal,UNG,1.0,UNG,UNG,UNG,UNG,Post-filter
452,ytb_audio,or,StitchedVamana,1.0,Post-filter,UNG,FilteredVamana,UNG,Post-filter
453,LAION1M,and,UNG,1.0,UNG,UNG,UNG,UNG,UNG
453,LAION1M,equal,UNG,1.0,UNG,UNG,UNG,UNG,UNG
453,LAION1M,or,UNG,1.0,Post-filter,UNG,UNG,UNG,StitchedVamana
453,tripclick,and,UNG,1.0,UNG,UNG,UNG,UNG,UNG
453,tripclick,equal,UNG,1.0,UNG,UNG,UNG,UNG,UNG
453,tripclick,or,UNG,1.0,Post-filter,UNG,UNG,UNG,UNG
453,yfcc,and,UNG,1.0,SIEVE,UNG,UNG,UNG,StitchedVamana
453,yfcc,equal,UNG,1.0,UNG,UNG,UNG,UNG,StitchedVamana
453,yfcc,or,FilteredVamana,1.0,Post-filter,FilteredVamana,StitchedVamana,UNG,StitchedVamana
453,ytb_audio,and,UNG,1.0,SIEVE,UNG,UNG,UNG,Post-filter
453,ytb_audio,equal,UNG,1.0,UNG,UNG,UNG,UNG,Post-filter
453,ytb_audio,or,UNG,1.0,Post-filter,UNG,UNG,UNG,Post-filter
454,LAION1M,and,UNG,1.0,UNG,Post-filter,UNG,UNG,UNG
454,LAION1M,equal,UNG,1.0,UNG,UNG,UNG,UNG,UNG
454,LAION1M,or,Post-filter,0.9,Post-filter,Post-filter,UNG,FilteredVamana,StitchedVamana
454,tripclick,and,UNG,1.0,UNG,UNG,UNG,UNG,UNG
454,tripclick,equal,UNG,1.0,UNG,UNG,UNG,UNG,UNG
454,tripclick,or,UNG,1.0,Post-filter,UNG,UNG,UNG,UNG
454,yfcc,and,FilteredVamana,1.0,SIEVE,UNG,UNG,UNG,StitchedVamana
454,yfcc,equal,UNG,1.0,UNG,UNG,UNG,UNG,StitchedVamana
454,yfcc,or,FilteredVamana,1.0,Post-filter,StitchedVamana,StitchedVamana,UNG,StitchedVamana
454,ytb_audio,and,SIEVE,1.0,SIEVE,UNG,UNG,UNG,Post-filter
454,ytb_audio,equal,UNG,1.0,UNG,UNG,UNG,UNG,Post-filter
454,ytb_audio,or,StitchedVamana,1.0,Post-filter,UNG,FilteredVamana,UNG,Post-filter
455,LAION1M,and,UNG,1.0,UNG,UNG,UNG,UNG,UNG
455,LAION1M,equal,UNG,1.0,UNG,UNG,UNG,UNG,UNG
455,LAION1M,or,UNG,1.0,Post-filter,Post-filter,UNG,UNG,UNG
455,tripclick,and,UNG,1.0,UNG,UNG,UNG,UNG,UNG
455,tripclick,equal,UNG,1.0,UNG,UNG,UNG,UNG,UNG
455,tripclick,or,UNG,1.0,Post-filter,UNG,UNG,UNG,UNG
455,yfcc,and,FilteredVamana,1.0,SIEVE,UNG,UNG,UNG,StitchedVamana
455,yfcc,equal,UNG,1.0,UNG,UNG,UNG,UNG,StitchedVamana
455,yfcc,or,FilteredVamana,1.0,Post-filter,StitchedVamana,StitchedVamana,UNG,StitchedVamana
455,ytb_audio,and,SIEVE,1.0,SIEVE,UNG,UNG,UNG,Post-filter
455,ytb_audio,equal,UNG,1.0,UNG,UNG,UNG,UNG,Post-filter
455,ytb_audio,or,StitchedVamana,1.0,Post-filter,UNG,FilteredVamana,UNG,Post-filter
456,LAION1M,and,UNG,1.0,UNG,UNG,UNG,UNG,UNG
456,LAION1M,equal,UNG,1.0,UNG,UNG,UNG,UNG,UNG
456,LAION1M,or,UNG,1.0,Post-filter,Post-filter,UNG,UNG,UNG
456,tripclick,and,UNG,1.0,UNG,UNG,UNG,UNG,UNG
456,tripclick,equal,UNG,1.0,UNG,UNG,UNG,UNG,UNG
456,tripclick,or,UNG,1.0,Post-filter,UNG,UNG,UNG,UNG
456,yfcc,and,UNG,1.0,SIEVE,UNG,UNG,UNG,StitchedVamana
456,yfcc,equal,UNG,1.0,UNG,UNG,UNG,UNG,StitchedVamana
456,yfcc,or,FilteredVamana,1.0,Post-filter,StitchedVamana,StitchedVamana,UNG,StitchedVamana
456,ytb_audio,and,UNG,1.0,SIEVE,UNG,UNG,UNG,Post-filter
456,ytb_audio,equal,UNG,1.0,UNG,UNG,UNG,UNG,Post-filter
456,ytb_audio,or,StitchedVamana,1.0,Post-filter,UNG,FilteredVamana,UNG,Post-filter
457,LAION1M,and,UNG,1.0,UNG,UNG,UNG,UNG,UNG
457,LAION1M,equal,UNG,1.0,UNG,UNG,UNG,UNG,UNG
457,LAION1M,or,UNG,1.0,Post-filter,Post-filter,UNG,FilteredVamana,StitchedVamana
457,tripclick,and,UNG,1.0,UNG,UNG,UNG,UNG,UNG
457,tripclick,equal,UNG,1.0,UNG,UNG,UNG,UNG,UNG
457,tripclick,or,UNG,1.0,Post-filter,UNG,UNG,UNG,UNG
457,yfcc,and,UNG,1.0,SIEVE,UNG,UNG,UNG,StitchedVamana
457,yfcc,equal,UNG,1.0,UNG,UNG,UNG,UNG,StitchedVamana
457,yfcc,or,FilteredVamana,1.0,Post-filter,UNG,UNG,UNG,StitchedVamana
457,ytb_audio,and,SIEVE,1.0,SIEVE,UNG,UNG,UNG,Post-filter
457,ytb_audio,equal,UNG,1.0,UNG,UNG,UNG,UNG,Post-filter
457,ytb_audio,or,StitchedVamana,1.0,Post-filter,UNG,UNG,UNG,Post-filter
458,LAION1M,and,UNG,1.0,UNG,UNG,UNG,UNG,UNG
458,LAION1M,equal,UNG,1.0,UNG,UNG,UNG,UNG,UNG
458,LAION1M,or,UNG,1.0,Post-filter,UNG,UNG,UNG,StitchedVamana
458,tripclick,and,UNG,1.0,UNG,UNG,UNG,UNG,UNG
458,tripclick,equal,UNG,1.0,UNG,UNG,UNG,UNG,UNG
458,tripclick,or,UNG,1.0,Post-filter,UNG,UNG,UNG,UNG
458,yfcc,and,UNG,1.0,SIEVE,UNG,UNG,UNG,StitchedVamana
458,yfcc,equal,UNG,1.0,UNG,UNG,UNG,UNG,StitchedVamana
458,yfcc,or,FilteredVamana,1.0,Post-filter,StitchedVamana,StitchedVamana,UNG,StitchedVamana
458,ytb_audio,and,SIEVE,1.0,SIEVE,UNG,UNG,UNG,Post-filter
458,ytb_audio,equal,UNG,1.0,UNG,UNG,UNG,UNG,Post-filter
458,ytb_audio,or,Post-filter,1.0,Post-filter,UNG,UNG,UNG,Post-filter
459,LAION1M,and,UNG,1.0,UNG,UNG,UNG,UNG,UNG
459,LAION1M,equal,UNG,1.0,UNG,UNG,UNG,UNG,UNG
459,LAION1M,or,UNG,1.0,Post-filter,Post-filter,UNG,UNG,UNG
459,tripclick,and,UNG,1.0,UNG,UNG,UNG,UNG,UNG
459,tripclick,equal,UNG,1.0,UNG,UNG,UNG,UNG,UNG
459,tripclick,or,UNG,1.0,Post-filter,UNG,UNG,UNG,UNG
459,yfcc,and,UNG,1.0,SIEVE,UNG,UNG,UNG,StitchedVamana
459,yfcc,equal,UNG,1.0,UNG,UNG,UNG,UNG,StitchedVamana
459,yfcc,or,FilteredVamana,1.0,Post-filter,StitchedVamana,StitchedVamana,UNG,StitchedVamana
459,ytb_audio,and,UNG,1.0,SIEVE,UNG,UNG,UNG,Post-filter
459,ytb_audio,equal,UNG,1.0,UNG,UNG,UNG,UNG,Post-filter
459,ytb_audio,or,Post-filter,1.0,Post-filter,UNG,UNG,UNG,Post-filter
460,LAION1M,and,UNG,1.0,UNG,UNG,UNG,UNG,UNG
460,LAION1M,equal,UNG,1.0,UNG,UNG,UNG,UNG,UNG
460,LAION1M,or,UNG,1.0,Post-filter,UNG,UNG,UNG,UNG
460,tripclick,and,UNG,1.0,UNG,UNG,UNG,UNG,UNG
460,tripclick,equal,UNG,1.0,UNG,UNG,UNG,UNG,UNG
460,tripclick,or,UNG,1.0,Post-filter,UNG,UNG,UNG,UNG
460,yfcc,and,UNG,1.0,SIEVE,UNG,UNG,UNG,StitchedVamana
460,yfcc,equal,UNG,1.0,UNG,UNG,UNG,UNG,StitchedVamana
460,yfcc,or,FilteredVamana,1.0,Post-filter,StitchedVamana,StitchedVamana,UNG,StitchedVamana
460,ytb_audio,and,UNG,1.0,SIEVE,UNG,UNG,UNG,Post-filter
460,ytb_audio,equal,UNG,1.0,UNG,UNG,UNG,UNG,Post-filter
460,ytb_audio,or,UNG,1.0,Post-filter,UNG,UNG,UNG,Post-filter
461,LAION1M,and,UNG,1.0,UNG,UNG,UNG,UNG,UNG
461,LAION1M,equal,UNG,1.0,UNG,UNG,UNG,UNG,UNG
461,LAION1M,or,UNG,1.0,Post-filter,Post-filter,UNG,UNG,UNG
461,tripclick,and,UNG,1.0,UNG,UNG,UNG,UNG,UNG
461,tripclick,equal,UNG,1.0,UNG,UNG,UNG,UNG,UNG
461,tripclick,or,UNG,1.0,Post-filter,UNG,UNG,UNG,UNG
461,yfcc,and,UNG,1.0,SIEVE,UNG,UNG,UNG,StitchedVamana
461,yfcc,equal,UNG,1.0,UNG,UNG,UNG,UNG,StitchedVamana
461,yfcc,or,FilteredVamana,1.0,Post-filter,StitchedVamana,StitchedVamana,UNG,StitchedVamana
461,ytb_audio,and,SIEVE,1.0,SIEVE,UNG,UNG,UNG,Post-filter
461,ytb_audio,equal,UNG,1.0,UNG,UNG,UNG,UNG,Post-filter
461,ytb_audio,or,SIEVE,1.0,Post-filter,UNG,UNG,UNG,Post-filter
462,LAION1M,and,UNG,1.0,UNG,UNG,UNG,UNG,UNG
462,LAION1M,equal,UNG,1.0,UNG,UNG,UNG,UNG,UNG
462,LAION1M,or,UNG,1.0,Post-filter,UNG,UNG,UNG,StitchedVamana
462,tripclick,and,UNG,1.0,UNG,UNG,UNG,UNG,UNG
462,tripclick,equal,UNG,1.0,UNG,UNG,UNG,UNG,UNG
462,tripclick,or,UNG,1.0,Post-filter,UNG,UNG,UNG,UNG
462,yfcc,and,UNG,1.0,SIEVE,UNG,UNG,UNG,StitchedVamana
462,yfcc,equal,UNG,1.0,UNG,UNG,UNG,UNG,StitchedVamana
462,yfcc,or,FilteredVamana,1.0,Post-filter,StitchedVamana,StitchedVamana,UNG,StitchedVamana
462,ytb_audio,and,UNG,1.0,SIEVE,UNG,UNG,UNG,Post-filter
462,ytb_audio,equal,UNG,1.0,UNG,UNG,UNG,UNG,Post-filter
462,ytb_audio,or,Post-filter,1.0,Post-filter,UNG,UNG,UNG,Post-filter
463,LAION1M,and,UNG,1.0,UNG,Post-filter,UNG,UNG,UNG
463,LAION1M,equal,UNG,1.0,UNG,UNG,UNG,UNG,UNG
463,LAION1M,or,UNG,1.0,Post-filter,UNG,UNG,UNG,StitchedVamana
463,tripclick,and,UNG,1.0,UNG,UNG,UNG,UNG,UNG
463,tripclick,equal,UNG,1.0,UNG,UNG,UNG,UNG,UNG
463,tripclick,or,UNG,1.0,Post-filter,UNG,UNG,UNG,UNG
463,yfcc,and,UNG,1.0,SIEVE,UNG,UNG,UNG,StitchedVamana
463,yfcc,equal,UNG,1.0,UNG,UNG,UNG,UNG,StitchedVamana
463,yfcc,or,FilteredVamana,1.0,Post-filter,FilteredVamana,StitchedVamana,UNG,StitchedVamana
463,ytb_audio,and,UNG,1.0,SIEVE,UNG,UNG,UNG,Post-filter
463,ytb_audio,equal,UNG,1.0,UNG,UNG,UNG,UNG,Post-filter
463,ytb_audio,or,StitchedVamana,1.0,Post-filter,UNG,FilteredVamana,UNG,Post-filter
464,LAION1M,and,UNG,1.0,UNG,UNG,UNG,UNG,UNG
464,LAION1M,equal,UNG,1.0,UNG,UNG,UNG,UNG,UNG
464,LAION1M,or,UNG,1.0,Post-filter,Post-filter,UNG,FilteredVamana,StitchedVamana
464,tripclick,and,UNG,1.0,UNG,UNG,UNG,UNG,UNG
464,tripclick,equal,UNG,1.0,UNG,UNG,UNG,UNG,UNG
464,tripclick,or,Post-filter,1.0,Post-filter,UNG,UNG,UNG,UNG
464,yfcc,and,Post-filter,1.0,SIEVE,UNG,UNG,UNG,StitchedVamana
464,yfcc,equal,UNG,1.0,UNG,UNG,UNG,UNG,StitchedVamana
464,yfcc,or,FilteredVamana,1.0,Post-filter,FilteredVamana,StitchedVamana,UNG,StitchedVamana
464,ytb_audio,and,SIEVE,1.0,SIEVE,UNG,UNG,UNG,Post-filter
464,ytb_audio,equal,UNG,1.0,UNG,UNG,UNG,UNG,Post-filter
464,ytb_audio,or,StitchedVamana,1.0,Post-filter,UNG,UNG,UNG,Post-filter
465,LAION1M,and,UNG,1.0,UNG,UNG,UNG,UNG,UNG
465,LAION1M,equal,UNG,1.0,UNG,UNG,UNG,UNG,UNG
465,LAION1M,or,UNG,1.0,Post-filter,UNG,UNG,UNG,UNG
465,tripclick,and,UNG,1.0,UNG,UNG,UNG,UNG,UNG
465,tripclick,equal,UNG,1.0,UNG,UNG,UNG,UNG,UNG
465,tripclick,or,UNG,1.0,Post-filter,UNG,UNG,UNG,UNG
465,yfcc,and,UNG,1.0,SIEVE,UNG,UNG,UNG,StitchedVamana
465,yfcc,equal,UNG,1.0,UNG,UNG,UNG,UNG,StitchedVamana
465,yfcc,or,FilteredVamana,1.0,Post-filter,StitchedVamana,UNG,UNG,StitchedVamana
465,ytb_audio,and,UNG,1.0,SIEVE,UNG,UNG,UNG,Post-filter
465,ytb_audio,equal,UNG,1.0,UNG,UNG,UNG,UNG,Post-filter
465,ytb_audio,or,StitchedVamana,1.0,Post-filter,UNG,FilteredVamana,UNG,Post-filter
466,LAION1M,and,UNG,1.0,UNG,UNG,UNG,UNG,UNG
466,LAION1M,equal,UNG,1.0,UNG,UNG,UNG,UNG,UNG
466,LAION1M,or,UNG,1.0,Post-filter,Post-filter,UNG,FilteredVamana,StitchedVamana
466,tripclick,and,UNG,1.0,UNG,UNG,UNG,UNG,UNG
466,tripclick,equal,UNG,1.0,UNG,UNG,UNG,UNG,UNG
466,tripclick,or,UNG,1.0,Post-filter,UNG,UNG,UNG,UNG
466,yfcc,and,UNG,1.0,SIEVE,UNG,UNG,UNG,StitchedVamana
466,yfcc,equal,UNG,1.0,UNG,UNG,UNG,UNG,StitchedVamana
466,yfcc,or,Post-filter,1.0,Post-filter,StitchedVamana,StitchedVamana,UNG,StitchedVamana
466,ytb_audio,and,UNG,1.0,SIEVE,UNG,UNG,UNG,Post-filter
466,ytb_audio,equal,UNG,1.0,UNG,UNG,UNG,UNG,Post-filter
466,ytb_audio,or,StitchedVamana,1.0,Post-filter,UNG,UNG,UNG,Post-filter
467,LAION1M,and,UNG,1.0,UNG,UNG,UNG,UNG,UNG
467,LAION1M,equal,UNG,1.0,UNG,UNG,UNG,UNG,UNG
467,LAION1M,or,UNG,1.0,Post-filter,Post-filter,UNG,FilteredVamana,StitchedVamana
467,tripclick,and,UNG,1.0,UNG,UNG,UNG,UNG,UNG
467,tripclick,equal,UNG,1.0,UNG,UNG,UNG,UNG,UNG
467,tripclick,or,UNG,1.0,Post-filter,UNG,UNG,UNG,UNG
467,yfcc,and,UNG,1.0,SIEVE,UNG,UNG,UNG,StitchedVamana
467,yfcc,equal,UNG,1.0,UNG,UNG,UNG,UNG,StitchedVamana
467,yfcc,or,FilteredVamana,1.0,Post-filter,StitchedVamana,StitchedVamana,UNG,StitchedVamana
467,ytb_audio,and,SIEVE,1.0,SIEVE,UNG,UNG,UNG,Post-filter
467,ytb_audio,equal,UNG,1.0,UNG,UNG,UNG,UNG,Post-filter
467,ytb_audio,or,UNG,1.0,Post-filter,UNG,UNG,UNG,Post-filter
468,LAION1M,and,UNG,1.0,UNG,UNG,UNG,UNG,UNG
468,LAION1M,equal,UNG,1.0,UNG,UNG,UNG,UNG,UNG
468,LAION1M,or,UNG,1.0,Post-filter,UNG,UNG,UNG,UNG
468,tripclick,and,Post-filter,1.0,UNG,UNG,UNG,UNG,UNG
468,tripclick,equal,UNG,1.0,UNG,UNG,UNG,UNG,UNG
468,tripclick,or,UNG,1.0,Post-filter,UNG,UNG,UNG,UNG
468,yfcc,and,UNG,1.0,SIEVE,UNG,UNG,UNG,StitchedVamana
468,yfcc,equal,UNG,1.0,UNG,UNG,UNG,UNG,StitchedVamana
468,yfcc,or,FilteredVamana,1.0,Post-filter,StitchedVamana,StitchedVamana,UNG,StitchedVamana
468,ytb_audio,and,UNG,1.0,SIEVE,UNG,UNG,UNG,Post-filter
468,ytb_audio,equal,UNG,1.0,UNG,UNG,UNG,UNG,Post-filter
468,ytb_audio,or,Post-filter,1.0,Post-filter,UNG,FilteredVamana,UNG,Post-filter
469,LAION1M,and,UNG,1.0,UNG,Post-filter,UNG,UNG,UNG
469,LAION1M,equal,UNG,1.0,UNG,UNG,UNG,UNG,UNG
469,LAION1M,or,UNG,1.0,Post-filter,UNG,UNG,UNG,UNG
469,tripclick,and,UNG,1.0,UNG,UNG,UNG,UNG,UNG
469,tripclick,equal,UNG,1.0,UNG,UNG,UNG,UNG,UNG
469,tripclick,or,Post-filter,1.0,Post-filter,UNG,UNG,UNG,UNG
469,yfcc,and,FilteredVamana,1.0,SIEVE,UNG,UNG,UNG,StitchedVamana
469,yfcc,equal,UNG,1.0,UNG,UNG,UNG,UNG,StitchedVamana
469,yfcc,or,FilteredVamana,1.0,Post-filter,StitchedVamana,StitchedVamana,UNG,StitchedVamana
469,ytb_audio,and,UNG,1.0,SIEVE,UNG,UNG,UNG,Post-filter
469,ytb_audio,equal,UNG,1.0,UNG,UNG,UNG,UNG,Post-filter
469,ytb_audio,or,StitchedVamana,1.0,Post-filter,UNG,FilteredVamana,UNG,Post-filter
470,LAION1M,and,UNG,1.0,UNG,UNG,UNG,UNG,UNG
470,LAION1M,equal,UNG,1.0,UNG,UNG,UNG,UNG,UNG
470,LAION1M,or,UNG,1.0,Post-filter,UNG,UNG,UNG,StitchedVamana
470,tripclick,and,UNG,1.0,UNG,UNG,UNG,UNG,UNG
470,tripclick,equal,UNG,1.0,UNG,UNG,UNG,UNG,UNG
470,tripclick,or,UNG,1.0,Post-filter,UNG,UNG,UNG,UNG
470,yfcc,and,UNG,1.0,SIEVE,UNG,UNG,UNG,StitchedVamana
470,yfcc,equal,UNG,1.0,UNG,UNG,UNG,UNG,StitchedVamana
470,yfcc,or,FilteredVamana,1.0,Post-filter,StitchedVamana,UNG,UNG,StitchedVamana
470,ytb_audio,and,SIEVE,1.0,SIEVE,UNG,UNG,UNG,Post-filter
470,ytb_audio,equal,UNG,1.0,UNG,UNG,UNG,UNG,Post-filter
470,ytb_audio,or,UNG,1.0,Post-filter,UNG,UNG,UNG,Post-filter
471,LAION1M,and,UNG,1.0,UNG,Post-filter,UNG,UNG,UNG
471,LAION1M,equal,UNG,1.0,UNG,UNG,UNG,UNG,UNG
471,LAION1M,or,UNG,1.0,Post-filter,UNG,UNG,UNG,StitchedVamana
471,tripclick,and,UNG,1.0,UNG,UNG,UNG,UNG,UNG
471,tripclick,equal,UNG,1.0,UNG,UNG,UNG,UNG,UNG
471,tripclick,or,UNG,1.0,Post-filter,UNG,UNG,UNG,UNG
471,yfcc,and,FilteredVamana,1.0,SIEVE,UNG,UNG,UNG,StitchedVamana
471,yfcc,equal,UNG,1.0,UNG,UNG,UNG,UNG,StitchedVamana
471,yfcc,or,FilteredVamana,1.0,Post-filter,StitchedVamana,StitchedVamana,UNG,StitchedVamana
471,ytb_audio,and,SIEVE,0.8,SIEVE,UNG,UNG,UNG,Post-filter
471,ytb_audio,equal,UNG,1.0,UNG,UNG,UNG,UNG,Post-filter
471,ytb_audio,or,StitchedVamana,1.0,Post-filter,UNG,UNG,UNG,Post-filter
472,LAION1M,and,UNG,1.0,UNG,UNG,UNG,UNG,UNG
472,LAION1M,equal,UNG,1.0,UNG,UNG,UNG,UNG,UNG
472,LAION1M,or,UNG,1.0,Post-filter,Post-filter,UNG,UNG,UNG
472,tripclick,and,UNG,1.0,UNG,UNG,UNG,UNG,UNG
472,tripclick,equal,UNG,1.0,UNG,UNG,UNG,UNG,UNG
472,tripclick,or,UNG,1.0,Post-filter,UNG,UNG,UNG,UNG
472,yfcc,and,UNG,1.0,SIEVE,UNG,UNG,UNG,StitchedVamana
472,yfcc,equal,UNG,1.0,UNG,UNG,UNG,UNG,StitchedVamana
472,yfcc,or,FilteredVamana,1.0,Post-filter,StitchedVamana,StitchedVamana,UNG,StitchedVamana
472,ytb_audio,and,UNG,1.0,SIEVE,UNG,UNG,UNG,Post-filter
472,ytb_audio,equal,UNG,1.0,UNG,UNG,UNG,UNG,Post-filter
472,ytb_audio,or,StitchedVamana,1.0,Post-filter,UNG,UNG,UNG,Post-filter
473,LAION1M,and,UNG,1.0,UNG,UNG,UNG,UNG,UNG
473,LAION1M,equal,UNG,1.0,UNG,UNG,UNG,UNG,UNG
473,LAION1M,or,UNG,1.0,Post-filter,Post-filter,UNG,FilteredVamana,StitchedVamana
473,tripclick,and,UNG,1.0,UNG,UNG,UNG,UNG,UNG
473,tripclick,equal,UNG,1.0,UNG,UNG,UNG,UNG,UNG
473,tripclick,or,UNG,1.0,Post-filter,UNG,UNG,UNG,UNG
473,yfcc,and,UNG,1.0,SIEVE,UNG,UNG,UNG,StitchedVamana
473,yfcc,equal,UNG,1.0,UNG,UNG,UNG,UNG,StitchedVamana
473,yfcc,or,FilteredVamana,1.0,Post-filter,StitchedVamana,StitchedVamana,UNG,StitchedVamana
473,ytb_audio,and,UNG,1.0,SIEVE,UNG,UNG,UNG,Post-filter
473,ytb_audio,equal,UNG,1.0,UNG,UNG,UNG,UNG,Post-filter
473,ytb_audio,or,StitchedVamana,1.0,Post-filter,UNG,FilteredVamana,UNG,Post-filter
474,LAION1M,and,UNG,1.0,UNG,Post-filter,UNG,UNG,UNG
474,LAION1M,equal,UNG,1.0,UNG,UNG,UNG,UNG,UNG
474,LAION1M,or,UNG,1.0,Post-filter,UNG,UNG,UNG,StitchedVamana
474,tripclick,and,UNG,1.0,UNG,UNG,UNG,UNG,UNG
474,tripclick,equal,UNG,1.0,UNG,UNG,UNG,UNG,UNG
474,tripclick,or,UNG,1.0,Post-filter,UNG,UNG,UNG,UNG
474,yfcc,and,FilteredVamana,1.0,SIEVE,UNG,UNG,UNG,StitchedVamana
474,yfcc,equal,UNG,1.0,UNG,UNG,UNG,UNG,StitchedVamana
474,yfcc,or,FilteredVamana,1.0,Post-filter,StitchedVamana,StitchedVamana,UNG,StitchedVamana
474,ytb_audio,and,SIEVE,0.9,SIEVE,UNG,UNG,UNG,Post-filter
474,ytb_audio,equal,UNG,1.0,UNG,UNG,UNG,UNG,Post-filter
474,ytb_audio,or,StitchedVamana,1.0,Post-filter,UNG,FilteredVamana,UNG,Post-filter
475,LAION1M,and,UNG,1.0,UNG,Post-filter,UNG,UNG,UNG
475,LAION1M,equal,UNG,1.0,UNG,UNG,UNG,UNG,UNG
475,LAION1M,or,UNG,1.0,Post-filter,UNG,UNG,UNG,UNG
475,tripclick,and,Post-filter,1.0,UNG,UNG,UNG,UNG,UNG
475,tripclick,equal,UNG,1.0,UNG,UNG,UNG,UNG,UNG
475,tripclick,or,UNG,1.0,Post-filter,UNG,UNG,UNG,UNG
475,yfcc,and,UNG,1.0,SIEVE,UNG,UNG,UNG,StitchedVamana
475,yfcc,equal,UNG,1.0,UNG,UNG,UNG,UNG,StitchedVamana
475,yfcc,or,FilteredVamana,1.0,Post-filter,StitchedVamana,StitchedVamana,UNG,StitchedVamana
475,ytb_audio,and,UNG,1.0,SIEVE,UNG,UNG,UNG,Post-filter
475,ytb_audio,equal,UNG,1.0,UNG,UNG,UNG,UNG,Post-filter
475,ytb_audio,or,UNG,1.0,Post-filter,UNG,UNG,UNG,Post-filter
476,LAION1M,and,UNG,1.0,UNG,UNG,UNG,UNG,UNG
476,LAION1M,equal,UNG,1.0,UNG,UNG,UNG,UNG,UNG
476,LAION1M,or,UNG,1.0,Post-filter,Post-filter,UNG,UNG,UNG
476,tripclick,and,UNG,1.0,UNG,UNG,UNG,UNG,UNG
476,tripclick,equal,UNG,1.0,UNG,UNG,UNG,UNG,UNG
476,tripclick,or,UNG,1.0,Post-filter,UNG,UNG,UNG,UNG
476,yfcc,and,UNG,1.0,SIEVE,UNG,UNG,UNG,StitchedVamana
476,yfcc,equal,UNG,1.0,UNG,UNG,UNG,UNG,StitchedVamana
476,yfcc,or,FilteredVamana,1.0,Post-filter,FilteredVamana,StitchedVamana,UNG,StitchedVamana
476,ytb_audio,and,UNG,1.0,SIEVE,UNG,UNG,UNG,Post-filter
476,ytb_audio,equal,UNG,1.0,UNG,UNG,UNG,UNG,Post-filter
476,ytb_audio,or,StitchedVamana,1.0,Post-filter,UNG,UNG,UNG,Post-filter
477,LAION1M,and,UNG,1.0,UNG,UNG,UNG,UNG,UNG
477,LAION1M,equal,UNG,1.0,UNG,UNG,UNG,UNG,UNG
477,LAION1M,or,UNG,1.0,Post-filter,UNG,UNG,FilteredVamana,StitchedVamana
477,tripclick,and,UNG,1.0,UNG,UNG,UNG,UNG,UNG
477,tripclick,equal,UNG,1.0,UNG,UNG,UNG,UNG,UNG
477,tripclick,or,Post-filter,1.0,Post-filter,UNG,UNG,UNG,UNG
477,yfcc,and,UNG,1.0,SIEVE,UNG,UNG,UNG,StitchedVamana
477,yfcc,equal,UNG,1.0,UNG,UNG,UNG,UNG,StitchedVamana
477,yfcc,or,FilteredVamana,1.0,Post-filter,StitchedVamana,StitchedVamana,UNG,StitchedVamana
477,ytb_audio,and,UNG,1.0,SIEVE,UNG,UNG,UNG,Post-filter
477,ytb_audio,equal,UNG,1.0,UNG,UNG,UNG,UNG,Post-filter
477,ytb_audio,or,StitchedVamana,1.0,Post-filter,UNG,FilteredVamana,UNG,Post-filter
478,LAION1M,and,UNG,1.0,UNG,UNG,UNG,UNG,UNG
478,LAION1M,equal,UNG,1.0,UNG,UNG,UNG,UNG,UNG
478,LAION1M,or,UNG,1.0,Post-filter,StitchedVamana,UNG,UNG,StitchedVamana
478,tripclick,and,UNG,1.0,UNG,UNG,UNG,UNG,UNG
478,tripclick,equal,UNG,1.0,UNG,UNG,UNG,UNG,UNG
478,tripclick,or,UNG,1.0,Post-filter,UNG,UNG,UNG,UNG
478,yfcc,and,FilteredVamana,1.0,SIEVE,UNG,UNG,UNG,StitchedVamana
478,yfcc,equal,UNG,1.0,UNG,UNG,UNG,UNG,StitchedVamana
478,yfcc,or,FilteredVamana,1.0,Post-filter,StitchedVamana,StitchedVamana,UNG,StitchedVamana
478,ytb_audio,and,UNG,1.0,SIEVE,UNG,UNG,UNG,Post-filter
478,ytb_audio,equal,UNG,1.0,UNG,UNG,UNG,UNG,Post-filter
478,ytb_audio,or,StitchedVamana,1.0,Post-filter,UNG,UNG,UNG,Post-filter
479,LAION1M,and,UNG,1.0,UNG,Post-filter,UNG,UNG,UNG
479,LAION1M,equal,UNG,1.0,UNG,UNG,UNG,UNG,UNG
479,LAION1M,or,UNG,1.0,Post-filter,UNG,UNG,UNG,UNG
479,tripclick,and,UNG,1.0,UNG,UNG,UNG,UNG,UNG
479,tripclick,equal,UNG,1.0,UNG,UNG,UNG,UNG,UNG
479,tripclick,or,UNG,1.0,Post-filter,UNG,UNG,UNG,UNG
479,yfcc,and,FilteredVamana,1.0,SIEVE,UNG,UNG,UNG,StitchedVamana
479,yfcc,equal,UNG,1.0,UNG,UNG,UNG,UNG,StitchedVamana
479,yfcc,or,FilteredVamana,1.0,Post-filter,StitchedVamana,StitchedVamana,UNG,StitchedVamana
479,ytb_audio,and,UNG,1.0,SIEVE,UNG,UNG,UNG,Post-filter
479,ytb_audio,equal,UNG,1.0,UNG,UNG,UNG,UNG,Post-filter
479,ytb_audio,or,SIEVE,1.0,Post-filter,UNG,UNG,UNG,Post-filter
480,LAION1M,and,UNG,1.0,UNG,UNG,UNG,UNG,UNG
480,LAION1M,equal,UNG,1.0,UNG,UNG,UNG,UNG,UNG
480,LAION1M,or,UNG,1.0,Post-filter,UNG,UNG,UNG,StitchedVamana
480,tripclick,and,UNG,1.0,UNG,UNG,UNG,UNG,UNG
480,tripclick,equal,UNG,1.0,UNG,UNG,UNG,UNG,UNG
480,tripclick,or,UNG,1.0,Post-filter,UNG,UNG,UNG,UNG
480,yfcc,and,UNG,1.0,SIEVE,UNG,UNG,UNG,StitchedVamana
480,yfcc,equal,UNG,1.0,UNG,UNG,UNG,UNG,StitchedVamana
480,yfcc,or,FilteredVamana,1.0,Post-filter,StitchedVamana,StitchedVamana,UNG,StitchedVamana
480,ytb_audio,and,UNG,1.0,SIEVE,UNG,UNG,UNG,Post-filter
480,ytb_audio,equal,UNG,1.0,UNG,UNG,UNG,UNG,Post-filter
480,ytb_audio,or,UNG,1.0,Post-filter,UNG,UNG,UNG,Post-filter
481,LAION1M,and,UNG,1.0,UNG,UNG,UNG,UNG,UNG
481,LAION1M,equal,UNG,1.0,UNG,UNG,UNG,UNG,UNG
481,LAION1M,or,UNG,1.0,Post-filter,UNG,UNG,UNG,UNG
481,tripclick,and,UNG,1.0,UNG,UNG,UNG,UNG,UNG
481,tripclick,equal,UNG,1.0,UNG,UNG,UNG,UNG,UNG
481,tripclick,or,UNG,1.0,Post-filter,UNG,UNG,UNG,UNG
481,yfcc,and,FilteredVamana,1.0,SIEVE,UNG,UNG,UNG,StitchedVamana
481,yfcc,equal,UNG,1.0,UNG,UNG,UNG,UNG,StitchedVamana
481,yfcc,or,FilteredVamana,1.0,Post-filter,StitchedVamana,StitchedVamana,UNG,StitchedVamana
481,ytb_audio,and,UNG,1.0,SIEVE,UNG,UNG,UNG,Post-filter
481,ytb_audio,equal,UNG,1.0,UNG,UNG,UNG,UNG,Post-filter
481,ytb_audio,or,StitchedVamana,1.0,Post-filter,UNG,UNG,UNG,Post-filter
482,LAION1M,and,UNG,1.0,UNG,UNG,UNG,UNG,UNG
482,LAION1M,equal,UNG,1.0,UNG,UNG,UNG,UNG,UNG
482,LAION1M,or,UNG,1.0,Post-filter,UNG,UNG,UNG,UNG
482,tripclick,and,UNG,1.0,UNG,UNG,UNG,UNG,UNG
482,tripclick,equal,UNG,1.0,UNG,UNG,UNG,UNG,UNG
482,tripclick,or,Post-filter,1.0,Post-filter,UNG,UNG,UNG,UNG
482,yfcc,and,FilteredVamana,1.0,SIEVE,UNG,UNG,UNG,StitchedVamana
482,yfcc,equal,UNG,1.0,UNG,UNG,UNG,UNG,StitchedVamana
482,yfcc,or,FilteredVamana,1.0,Post-filter,StitchedVamana,StitchedVamana,UNG,StitchedVamana
482,ytb_audio,and,UNG,1.0,SIEVE,UNG,UNG,UNG,Post-filter
482,ytb_audio,equal,UNG,1.0,UNG,UNG,UNG,UNG,Post-filter
482,ytb_audio,or,StitchedVamana,1.0,Post-filter,UNG,UNG,UNG,Post-filter
483,LAION1M,and,UNG,1.0,UNG,UNG,UNG,UNG,UNG
483,LAION1M,equal,UNG,1.0,UNG,UNG,UNG,UNG,UNG
483,LAION1M,or,UNG,1.0,Post-filter,UNG,UNG,UNG,UNG
483,tripclick,and,UNG,1.0,UNG,UNG,UNG,UNG,UNG
483,tripclick,equal,UNG,1.0,UNG,UNG,UNG,UNG,UNG
483,tripclick,or,UNG,1.0,Post-filter,UNG,UNG,UNG,UNG
483,yfcc,and,UNG,1.0,SIEVE,UNG,UNG,UNG,StitchedVamana
483,yfcc,equal,UNG,1.0,UNG,UNG,UNG,UNG,StitchedVamana
483,yfcc,or,FilteredVamana,1.0,Post-filter,StitchedVamana,StitchedVamana,UNG,StitchedVamana
483,ytb_audio,and,SIEVE,1.0,SIEVE,UNG,UNG,UNG,Post-filter
483,ytb_audio,equal,UNG,1.0,UNG,UNG,UNG,UNG,Post-filter
483,ytb_audio,or,UNG,1.0,Post-filter,UNG,UNG,UNG,Post-filter
484,LAION1M,and,UNG,1.0,UNG,Post-filter,UNG,UNG,UNG
484,LAION1M,equal,UNG,1.0,UNG,UNG,UNG,UNG,UNG
484,LAION1M,or,UNG,1.0,Post-filter,UNG,UNG,UNG,StitchedVamana
484,tripclick,and,UNG,1.0,UNG,UNG,UNG,UNG,UNG
484,tripclick,equal,UNG,1.0,UNG,UNG,UNG,UNG,UNG
484,tripclick,or,UNG,1.0,Post-filter,UNG,UNG,UNG,UNG
484,yfcc,and,FilteredVamana,1.0,SIEVE,UNG,UNG,UNG,StitchedVamana
484,yfcc,equal,UNG,1.0,UNG,UNG,UNG,UNG,StitchedVamana
484,yfcc,or,FilteredVamana,1.0,Post-filter,StitchedVamana,StitchedVamana,UNG,StitchedVamana
484,ytb_audio,and,UNG,1.0,SIEVE,UNG,UNG,UNG,Post-filter
484,ytb_audio,equal,UNG,1.0,UNG,UNG,UNG,UNG,Post-filter
484,ytb_audio,or,StitchedVamana,1.0,Post-filter,UNG,FilteredVamana,UNG,Post-filter
485,LAION1M,and,UNG,1.0,UNG,Post-filter,UNG,UNG,UNG
485,LAION1M,equal,UNG,1.0,UNG,UNG,UNG,UNG,UNG
485,LAION1M,or,UNG,1.0,Post-filter,UNG,UNG,UNG,StitchedVamana
485,tripclick,and,UNG,1.0,UNG,UNG,UNG,UNG,UNG
485,tripclick,equal,UNG,1.0,UNG,UNG,UNG,UNG,UNG
485,tripclick,or,Post-filter,1.0,Post-filter,UNG,UNG,UNG,UNG
485,yfcc,and,UNG,1.0,SIEVE,UNG,UNG,UNG,StitchedVamana
485,yfcc,equal,UNG,1.0,UNG,UNG,UNG,UNG,StitchedVamana
485,yfcc,or,FilteredVamana,1.0,Post-filter,FilteredVamana,StitchedVamana,UNG,StitchedVamana
485,ytb_audio,and,UNG,1.0,SIEVE,UNG,UNG,UNG,Post-filter
485,ytb_audio,equal,UNG,1.0,UNG,UNG,UNG,UNG,Post-filter
485,ytb_audio,or,StitchedVamana,1.0,Post-filter,Post-filter,FilteredVamana,UNG,Post-filter
486,LAION1M,and,UNG,1.0,UNG,UNG,UNG,UNG,UNG
486,LAION1M,equal,UNG,1.0,UNG,UNG,UNG,UNG,UNG
486,LAION1M,or,UNG,1.0,Post-filter,UNG,UNG,UNG,UNG
486,tripclick,and,UNG,1.0,UNG,UNG,UNG,UNG,UNG
486,tripclick,equal,UNG,1.0,UNG,UNG,UNG,UNG,UNG
486,tripclick,or,UNG,1.0,Post-filter,UNG,UNG,UNG,UNG
486,yfcc,and,UNG,1.0,SIEVE,UNG,UNG,UNG,StitchedVamana
486,yfcc,equal,UNG,1.0,UNG,UNG,UNG,UNG,StitchedVamana
486,yfcc,or,FilteredVamana,1.0,Post-filter,StitchedVamana,UNG,UNG,StitchedVamana
486,ytb_audio,and,UNG,1.0,SIEVE,UNG,UNG,UNG,Post-filter
486,ytb_audio,equal,UNG,0.9,UNG,UNG,UNG,UNG,Post-filter
486,ytb_audio,or,StitchedVamana,1.0,Post-filter,UNG,UNG,UNG,Post-filter
487,LAION1M,and,UNG,1.0,UNG,UNG,UNG,UNG,UNG
487,LAION1M,equal,UNG,1.0,UNG,UNG,UNG,UNG,UNG
487,LAION1M,or,UNG,1.0,Post-filter,UNG,UNG,UNG,StitchedVamana
487,tripclick,and,UNG,1.0,UNG,UNG,UNG,UNG,UNG
487,tripclick,equal,UNG,1.0,UNG,UNG,UNG,UNG,UNG
487,tripclick,or,UNG,1.0,Post-filter,UNG,UNG,UNG,UNG
487,yfcc,and,Post-filter,1.0,SIEVE,UNG,UNG,UNG,StitchedVamana
487,yfcc,equal,UNG,1.0,UNG,UNG,UNG,UNG,StitchedVamana
487,yfcc,or,FilteredVamana,1.0,Post-filter,StitchedVamana,StitchedVamana,UNG,StitchedVamana
487,ytb_audio,and,SIEVE,1.0,SIEVE,UNG,UNG,UNG,Post-filter
487,ytb_audio,equal,UNG,1.0,UNG,UNG,UNG,UNG,Post-filter
487,ytb_audio,or,StitchedVamana,1.0,Post-filter,UNG,FilteredVamana,UNG,Post-filter
488,LAION1M,and,UNG,1.0,UNG,UNG,UNG,UNG,UNG
488,LAION1M,equal,UNG,1.0,UNG,UNG,UNG,UNG,UNG
488,LAION1M,or,UNG,1.0,Post-filter,UNG,UNG,UNG,UNG
488,tripclick,and,UNG,1.0,UNG,UNG,UNG,UNG,UNG
488,tripclick,equal,UNG,1.0,UNG,UNG,UNG,UNG,UNG
488,tripclick,or,UNG,1.0,Post-filter,UNG,UNG,UNG,UNG
488,yfcc,and,UNG,1.0,SIEVE,UNG,UNG,UNG,StitchedVamana
488,yfcc,equal,UNG,1.0,UNG,UNG,UNG,UNG,StitchedVamana
488,yfcc,or,FilteredVamana,1.0,Post-filter,StitchedVamana,StitchedVamana,UNG,StitchedVamana
488,ytb_audio,and,UNG,1.0,SIEVE,UNG,UNG,UNG,Post-filter
488,ytb_audio,equal,UNG,1.0,UNG,UNG,UNG,UNG,Post-filter
488,ytb_audio,or,StitchedVamana,1.0,Post-filter,UNG,UNG,UNG,Post-filter
489,LAION1M,and,UNG,1.0,UNG,UNG,UNG,UNG,UNG
489,LAION1M,equal,UNG,1.0,UNG,UNG,UNG,UNG,UNG
489,LAION1M,or,UNG,1.0,Post-filter,UNG,UNG,UNG,StitchedVamana
489,tripclick,and,UNG,1.0,UNG,UNG,UNG,UNG,UNG
489,tripclick,equal,UNG,1.0,UNG,UNG,UNG,UNG,UNG
489,tripclick,or,UNG,1.0,Post-filter,UNG,UNG,UNG,UNG
489,yfcc,and,UNG,1.0,SIEVE,UNG,UNG,UNG,StitchedVamana
489,yfcc,equal,UNG,1.0,UNG,UNG,UNG,UNG,StitchedVamana
489,yfcc,or,FilteredVamana,1.0,Post-filter,UNG,StitchedVamana,UNG,StitchedVamana
489,ytb_audio,and,UNG,1.0,SIEVE,UNG,UNG,UNG,Post-filter
489,ytb_audio,equal,UNG,1.0,UNG,UNG,UNG,UNG,Post-filter
489,ytb_audio,or,Post-filter,1.0,Post-filter,UNG,UNG,UNG,Post-filter
490,LAION1M,and,Post-filter,1.0,UNG,Post-filter,UNG,UNG,UNG
490,LAION1M,equal,UNG,1.0,UNG,UNG,UNG,UNG,UNG
490,LAION1M,or,UNG,1.0,Post-filter,Post-filter,UNG,UNG,UNG
490,tripclick,and,UNG,1.0,UNG,UNG,UNG,UNG,UNG
490,tripclick,equal,UNG,1.0,UNG,UNG,UNG,UNG,UNG
490,tripclick,or,UNG,1.0,Post-filter,UNG,UNG,UNG,UNG
490,yfcc,and,UNG,1.0,SIEVE,UNG,UNG,UNG,StitchedVamana
490,yfcc,equal,UNG,1.0,UNG,UNG,UNG,UNG,StitchedVamana
490,yfcc,or,FilteredVamana,1.0,Post-filter,StitchedVamana,StitchedVamana,UNG,StitchedVamana
490,ytb_audio,and,UNG,1.0,SIEVE,UNG,UNG,UNG,Post-filter
490,ytb_audio,equal,UNG,1.0,UNG,UNG,UNG,UNG,Post-filter
490,ytb_audio,or,UNG,1.0,Post-filter,UNG,UNG,UNG,Post-filter
491,LAION1M,and,UNG,1.0,UNG,UNG,UNG,UNG,UNG
491,LAION1M,equal,UNG,1.0,UNG,UNG,UNG,UNG,UNG
491,LAION1M,or,UNG,1.0,Post-filter,UNG,UNG,UNG,UNG
491,tripclick,and,UNG,1.0,UNG,UNG,UNG,UNG,UNG
491,tripclick,equal,UNG,1.0,UNG,UNG,UNG,UNG,UNG
491,tripclick,or,UNG,1.0,Post-filter,UNG,UNG,UNG,UNG
491,yfcc,and,UNG,1.0,SIEVE,UNG,UNG,UNG,StitchedVamana
491,yfcc,equal,UNG,1.0,UNG,UNG,UNG,UNG,StitchedVamana
491,yfcc,or,FilteredVamana,1.0,Post-filter,StitchedVamana,StitchedVamana,UNG,StitchedVamana
491,ytb_audio,and,SIEVE,1.0,SIEVE,UNG,UNG,UNG,Post-filter
491,ytb_audio,equal,UNG,0.9,UNG,UNG,UNG,UNG,Post-filter
491,ytb_audio,or,Post-filter,1.0,Post-filter,UNG,UNG,UNG,Post-filter
492,LAION1M,and,UNG,1.0,UNG,UNG,UNG,UNG,UNG
492,LAION1M,equal,UNG,1.0,UNG,UNG,UNG,UNG,UNG
492,LAION1M,or,UNG,1.0,Post-filter,Post-filter,UNG,UNG,UNG
492,tripclick,and,Post-filter,1.0,UNG,UNG,UNG,UNG,UNG
492,tripclick,equal,UNG,1.0,UNG,UNG,UNG,UNG,UNG
492,tripclick,or,UNG,1.0,Post-filter,UNG,UNG,UNG,UNG
492,yfcc,and,FilteredVamana,1.0,SIEVE,UNG,UNG,UNG,StitchedVamana
492,yfcc,equal,UNG,1.0,UNG,UNG,UNG,UNG,StitchedVamana
492,yfcc,or,FilteredVamana,1.0,Post-filter,StitchedVamana,UNG,UNG,StitchedVamana
492,ytb_audio,and,UNG,1.0,SIEVE,UNG,UNG,UNG,Post-filter
492,ytb_audio,equal,UNG,1.0,UNG,UNG,UNG,UNG,Post-filter
492,ytb_audio,or,StitchedVamana,1.0,Post-filter,UNG,FilteredVamana,UNG,Post-filter
493,LAION1M,and,UNG,1.0,UNG,UNG,UNG,UNG,UNG
493,LAION1M,equal,UNG,1.0,UNG,UNG,UNG,UNG,UNG
493,LAION1M,or,UNG,1.0,Post-filter,Post-filter,UNG,UNG,UNG
493,tripclick,and,UNG,1.0,UNG,UNG,UNG,UNG,UNG
493,tripclick,equal,UNG,1.0,UNG,UNG,UNG,UNG,UNG
493,tripclick,or,Post-filter,1.0,Post-filter,UNG,UNG,UNG,UNG
493,yfcc,and,UNG,1.0,SIEVE,UNG,UNG,UNG,StitchedVamana
493,yfcc,equal,UNG,1.0,UNG,UNG,UNG,UNG,StitchedVamana
493,yfcc,or,Post-filter,1.0,Post-filter,StitchedVamana,StitchedVamana,UNG,StitchedVamana
493,ytb_audio,and,UNG,1.0,SIEVE,UNG,UNG,UNG,Post-filter
493,ytb_audio,equal,UNG,0.8,UNG,UNG,UNG,UNG,Post-filter
493,ytb_audio,or,StitchedVamana,1.0,Post-filter,UNG,FilteredVamana,UNG,Post-filter
494,LAION1M,and,UNG,1.0,UNG,Post-filter,UNG,UNG,UNG
494,LAION1M,equal,UNG,1.0,UNG,UNG,UNG,UNG,UNG
494,LAION1M,or,UNG,1.0,Post-filter,Post-filter,UNG,UNG,UNG
494,tripclick,and,UNG,1.0,UNG,UNG,UNG,UNG,UNG
494,tripclick,equal,UNG,1.0,UNG,UNG,UNG,UNG,UNG
494,tripclick,or,UNG,1.0,Post-filter,UNG,UNG,UNG,UNG
494,yfcc,and,UNG,1.0,SIEVE,UNG,UNG,UNG,StitchedVamana
494,yfcc,equal,UNG,1.0,UNG,UNG,UNG,UNG,StitchedVamana
494,yfcc,or,FilteredVamana,1.0,Post-filter,StitchedVamana,StitchedVamana,UNG,StitchedVamana
494,ytb_audio,and,SIEVE,1.0,SIEVE,UNG,UNG,UNG,Post-filter
494,ytb_audio,equal,UNG,1.0,UNG,UNG,UNG,UNG,Post-filter
494,ytb_audio,or,StitchedVamana,1.0,Post-filter,UNG,FilteredVamana,UNG,Post-filter
495,LAION1M,and,UNG,1.0,UNG,UNG,UNG,UNG,UNG
495,LAION1M,equal,UNG,1.0,UNG,UNG,UNG,UNG,UNG
495,LAION1M,or,UNG,1.0,Post-filter,Post-filter,UNG,UNG,UNG
495,tripclick,and,UNG,1.0,UNG,UNG,UNG,UNG,UNG
495,tripclick,equal,UNG,1.0,UNG,UNG,UNG,UNG,UNG
495,tripclick,or,UNG,1.0,Post-filter,UNG,UNG,UNG,UNG
495,yfcc,and,UNG,1.0,SIEVE,UNG,UNG,UNG,StitchedVamana
495,yfcc,equal,UNG,1.0,UNG,UNG,UNG,UNG,StitchedVamana
495,yfcc,or,FilteredVamana,1.0,Post-filter,StitchedVamana,StitchedVamana,UNG,StitchedVamana
495,ytb_audio,and,SIEVE,1.0,SIEVE,UNG,UNG,UNG,Post-filter
495,ytb_audio,equal,UNG,1.0,UNG,UNG,UNG,UNG,Post-filter
495,ytb_audio,or,StitchedVamana,1.0,Post-filter,UNG,FilteredVamana,UNG,Post-filter
496,LAION1M,and,UNG,1.0,UNG,UNG,UNG,UNG,UNG
496,LAION1M,equal,UNG,1.0,UNG,UNG,UNG,UNG,UNG
496,LAION1M,or,UNG,1.0,Post-filter,Post-filter,UNG,UNG,UNG
496,tripclick,and,UNG,1.0,UNG,UNG,UNG,UNG,UNG
496,tripclick,equal,UNG,1.0,UNG,UNG,UNG,UNG,UNG
496,tripclick,or,UNG,1.0,Post-filter,UNG,UNG,UNG,UNG
496,yfcc,and,FilteredVamana,1.0,SIEVE,UNG,UNG,UNG,StitchedVamana
496,yfcc,equal,UNG,1.0,UNG,UNG,UNG,UNG,StitchedVamana
496,yfcc,or,FilteredVamana,1.0,Post-filter,StitchedVamana,UNG,UNG,StitchedVamana
496,ytb_audio,and,UNG,1.0,SIEVE,UNG,UNG,UNG,Post-filter
496,ytb_audio,equal,UNG,1.0,UNG,UNG,UNG,UNG,Post-filter
496,ytb_audio,or,StitchedVamana,1.0,Post-filter,UNG,FilteredVamana,UNG,Post-filter
497,LAION1M,and,UNG,1.0,UNG,Post-filter,UNG,UNG,UNG
497,LAION1M,equal,UNG,1.0,UNG,UNG,UNG,UNG,UNG
497,LAION1M,or,UNG,1.0,Post-filter,UNG,UNG,UNG,UNG
497,tripclick,and,UNG,1.0,UNG,UNG,UNG,UNG,UNG
497,tripclick,equal,UNG,1.0,UNG,UNG,UNG,UNG,UNG
497,tripclick,or,UNG,1.0,Post-filter,UNG,UNG,UNG,UNG
497,yfcc,and,UNG,1.0,SIEVE,UNG,UNG,UNG,StitchedVamana
497,yfcc,equal,UNG,1.0,UNG,UNG,UNG,UNG,StitchedVamana
497,yfcc,or,FilteredVamana,1.0,Post-filter,StitchedVamana,StitchedVamana,UNG,StitchedVamana
497,ytb_audio,and,UNG,1.0,SIEVE,UNG,UNG,UNG,Post-filter
497,ytb_audio,equal,UNG,1.0,UNG,UNG,UNG,UNG,Post-filter
497,ytb_audio,or,StitchedVamana,0.8,Post-filter,UNG,FilteredVamana,UNG,Post-filter
498,LAION1M,and,UNG,1.0,UNG,Post-filter,UNG,UNG,UNG
498,LAION1M,equal,UNG,1.0,UNG,UNG,UNG,UNG,UNG
498,LAION1M,or,UNG,1.0,Post-filter,StitchedVamana,UNG,UNG,UNG
498,tripclick,and,Post-filter,1.0,UNG,UNG,UNG,UNG,UNG
498,tripclick,equal,UNG,1.0,UNG,UNG,UNG,UNG,UNG
498,tripclick,or,UNG,1.0,Post-filter,UNG,UNG,UNG,UNG
498,yfcc,and,UNG,1.0,SIEVE,UNG,UNG,UNG,StitchedVamana
498,yfcc,equal,UNG,1.0,UNG,UNG,UNG,UNG,StitchedVamana
498,yfcc,or,FilteredVamana,1.0,Post-filter,UNG,UNG,UNG,StitchedVamana
498,ytb_audio,and,SIEVE,1.0,SIEVE,UNG,UNG,UNG,Post-filter
498,ytb_audio,equal,UNG,1.0,UNG,UNG,UNG,UNG,Post-filter
498,ytb_audio,or,StitchedVamana,1.0,Post-filter,UNG,FilteredVamana,UNG,Post-filter
499,LAION1M,and,UNG,1.0,UNG,UNG,UNG,UNG,UNG
499,LAION1M,equal,UNG,1.0,UNG,UNG,UNG,UNG,UNG
499,LAION1M,or,UNG,1.0,Post-filter,UNG,UNG,UNG,StitchedVamana
499,tripclick,and,UNG,1.0,UNG,UNG,UNG,UNG,UNG
499,tripclick,equal,UNG,1.0,UNG,UNG,UNG,UNG,UNG
499,tripclick,or,UNG,1.0,Post-filter,UNG,UNG,UNG,UNG
499,yfcc,and,FilteredVamana,1.0,SIEVE,UNG,UNG,UNG,StitchedVamana
499,yfcc,equal,UNG,1.0,UNG,UNG,UNG,UNG,StitchedVamana
499,yfcc,or,FilteredVamana,1.0,Post-filter,StitchedVamana,StitchedVamana,UNG,StitchedVamana
499,ytb_audio,and,SIEVE,1.0,SIEVE,UNG,UNG,UNG,Post-filter
499,ytb_audio,equal,UNG,1.0,UNG,UNG,UNG,UNG,Post-filter
499,ytb_audio,or,Post-filter,1.0,Post-filter,UNG,UNG,UNG,Post-filter
500,LAION1M,and,UNG,1.0,UNG,Post-filter,UNG,UNG,UNG
500,LAION1M,equal,UNG,1.0,UNG,UNG,UNG,UNG,UNG
500,LAION1M,or,UNG,1.0,Post-filter,UNG,UNG,UNG,StitchedVamana
500,tripclick,and,UNG,1.0,UNG,UNG,UNG,UNG,UNG
500,tripclick,equal,UNG,1.0,UNG,UNG,UNG,UNG,UNG
500,tripclick,or,UNG,1.0,Post-filter,UNG,UNG,UNG,UNG
500,yfcc,and,UNG,1.0,SIEVE,UNG,UNG,UNG,StitchedVamana
500,yfcc,equal,UNG,1.0,UNG,UNG,UNG,UNG,StitchedVamana
500,yfcc,or,FilteredVamana,1.0,Post-filter,StitchedVamana,StitchedVamana,UNG,StitchedVamana
500,ytb_audio,and,UNG,0.9,SIEVE,UNG,UNG,UNG,Post-filter
500,ytb_audio,equal,UNG,1.0,UNG,UNG,UNG,UNG,Post-filter
500,ytb_audio,or,StitchedVamana,1.0,Post-filter,UNG,FilteredVamana,UNG,Post-filter
501,LAION1M,and,UNG,1.0,UNG,UNG,UNG,UNG,UNG
501,LAION1M,equal,UNG,1.0,UNG,UNG,UNG,UNG,UNG
501,LAION1M,or,UNG,1.0,Post-filter,UNG,UNG,UNG,UNG
501,tripclick,and,UNG,1.0,UNG,UNG,UNG,UNG,UNG
501,tripclick,equal,UNG,1.0,UNG,UNG,UNG,UNG,UNG
501,tripclick,or,UNG,1.0,Post-filter,UNG,UNG,UNG,UNG
501,yfcc,and,UNG,1.0,SIEVE,UNG,UNG,UNG,StitchedVamana
501,yfcc,equal,UNG,1.0,UNG,UNG,UNG,UNG,StitchedVamana
501,yfcc,or,FilteredVamana,1.0,Post-filter,StitchedVamana,StitchedVamana,UNG,StitchedVamana
501,ytb_audio,and,UNG,1.0,SIEVE,UNG,UNG,UNG,Post-filter
501,ytb_audio,equal,UNG,1.0,UNG,UNG,UNG,UNG,Post-filter
501,ytb_audio,or,StitchedVamana,1.0,Post-filter,UNG,FilteredVamana,UNG,Post-filter
502,LAION1M,and,UNG,1.0,UNG,UNG,UNG,UNG,UNG
502,LAION1M,equal,UNG,1.0,UNG,UNG,UNG,UNG,UNG
502,LAION1M,or,UNG,1.0,Post-filter,UNG,UNG,UNG,StitchedVamana
502,tripclick,and,UNG,1.0,UNG,UNG,UNG,UNG,UNG
502,tripclick,equal,UNG,1.0,UNG,UNG,UNG,UNG,UNG
502,tripclick,or,UNG,1.0,Post-filter,UNG,UNG,UNG,UNG
502,yfcc,and,FilteredVamana,1.0,SIEVE,UNG,UNG,UNG,StitchedVamana
502,yfcc,equal,UNG,1.0,UNG,UNG,UNG,UNG,StitchedVamana
502,yfcc,or,FilteredVamana,1.0,Post-filter,StitchedVamana,UNG,UNG,StitchedVamana
502,ytb_audio,and,UNG,1.0,SIEVE,UNG,UNG,UNG,Post-filter
502,ytb_audio,equal,UNG,1.0,UNG,UNG,UNG,UNG,Post-filter
502,ytb_audio,or,StitchedVamana,1.0,Post-filter,UNG,FilteredVamana,UNG,Post-filter
503,LAION1M,and,UNG,1.0,UNG,UNG,UNG,UNG,UNG
503,LAION1M,equal,UNG,1.0,UNG,UNG,UNG,UNG,UNG
503,LAION1M,or,UNG,1.0,Post-filter,UNG,UNG,UNG,UNG
503,tripclick,and,UNG,1.0,UNG,UNG,UNG,UNG,UNG
503,tripclick,equal,UNG,1.0,UNG,UNG,UNG,UNG,UNG
503,tripclick,or,UNG,1.0,Post-filter,UNG,UNG,UNG,UNG
503,yfcc,and,UNG,1.0,SIEVE,UNG,UNG,UNG,StitchedVamana
503,yfcc,equal,UNG,1.0,UNG,UNG,UNG,UNG,StitchedVamana
503,yfcc,or,FilteredVamana,1.0,Post-filter,FilteredVamana,StitchedVamana,UNG,StitchedVamana
503,ytb_audio,and,UNG,1.0,SIEVE,UNG,UNG,UNG,Post-filter
503,ytb_audio,equal,UNG,1.0,UNG,UNG,UNG,UNG,Post-filter
503,ytb_audio,or,StitchedVamana,1.0,Post-filter,UNG,UNG,UNG,Post-filter
504,LAION1M,and,UNG,1.0,UNG,UNG,UNG,UNG,UNG
504,LAION1M,equal,UNG,1.0,UNG,UNG,UNG,UNG,UNG
504,LAION1M,or,UNG,1.0,Post-filter,UNG,UNG,UNG,UNG
504,tripclick,and,UNG,1.0,UNG,UNG,UNG,UNG,UNG
504,tripclick,equal,UNG,1.0,UNG,UNG,UNG,UNG,UNG
504,tripclick,or,UNG,1.0,Post-filter,UNG,UNG,UNG,UNG
504,yfcc,and,UNG,1.0,SIEVE,UNG,UNG,UNG,StitchedVamana
504,yfcc,equal,UNG,1.0,UNG,UNG,UNG,UNG,StitchedVamana
504,yfcc,or,FilteredVamana,1.0,Post-filter,FilteredVamana,StitchedVamana,UNG,StitchedVamana
504,ytb_audio,and,UNG,1.0,SIEVE,UNG,UNG,UNG,Post-filter
504,ytb_audio,equal,UNG,1.0,UNG,UNG,UNG,UNG,Post-filter
504,ytb_audio,or,StitchedVamana,1.0,Post-filter,UNG,FilteredVamana,UNG,Post-filter
505,LAION1M,and,UNG,1.0,UNG,UNG,UNG,UNG,UNG
505,LAION1M,equal,UNG,1.0,UNG,UNG,UNG,UNG,UNG
505,LAION1M,or,Post-filter,1.0,Post-filter,UNG,UNG,UNG,UNG
505,tripclick,and,UNG,1.0,UNG,UNG,UNG,UNG,UNG
505,tripclick,equal,UNG,1.0,UNG,UNG,UNG,UNG,UNG
505,tripclick,or,UNG,1.0,Post-filter,UNG,UNG,UNG,UNG
505,yfcc,and,FilteredVamana,1.0,SIEVE,UNG,UNG,UNG,StitchedVamana
505,yfcc,equal,UNG,1.0,UNG,UNG,UNG,UNG,StitchedVamana
505,yfcc,or,FilteredVamana,1.0,Post-filter,StitchedVamana,StitchedVamana,UNG,StitchedVamana
505,ytb_audio,and,UNG,1.0,SIEVE,UNG,UNG,UNG,Post-filter
505,ytb_audio,equal,UNG,1.0,UNG,UNG,UNG,UNG,Post-filter
505,ytb_audio,or,StitchedVamana,1.0,Post-filter,UNG,FilteredVamana,UNG,Post-filter
506,LAION1M,and,UNG,1.0,UNG,Post-filter,UNG,UNG,UNG
506,LAION1M,equal,UNG,1.0,UNG,UNG,UNG,UNG,UNG
506,LAION1M,or,UNG,1.0,Post-filter,UNG,UNG,UNG,UNG
506,tripclick,and,UNG,1.0,UNG,UNG,UNG,UNG,UNG
506,tripclick,equal,UNG,1.0,UNG,UNG,UNG,UNG,UNG
506,tripclick,or,UNG,1.0,Post-filter,UNG,UNG,UNG,UNG
506,yfcc,and,UNG,1.0,SIEVE,UNG,UNG,UNG,StitchedVamana
506,yfcc,equal,UNG,1.0,UNG,UNG,UNG,UNG,StitchedVamana
506,yfcc,or,FilteredVamana,1.0,Post-filter,FilteredVamana,StitchedVamana,UNG,StitchedVamana
506,ytb_audio,and,SIEVE,1.0,SIEVE,UNG,UNG,UNG,Post-filter
506,ytb_audio,equal,UNG,1.0,UNG,UNG,UNG,UNG,Post-filter
506,ytb_audio,or,UNG,1.0,Post-filter,UNG,FilteredVamana,UNG,Post-filter
507,LAION1M,and,UNG,1.0,UNG,UNG,UNG,UNG,UNG
507,LAION1M,equal,UNG,1.0,UNG,UNG,UNG,UNG,UNG
507,LAION1M,or,UNG,1.0,Post-filter,UNG,UNG,UNG,StitchedVamana
507,tripclick,and,Post-filter,1.0,UNG,UNG,UNG,UNG,UNG
507,tripclick,equal,UNG,1.0,UNG,UNG,UNG,UNG,UNG
507,tripclick,or,UNG,1.0,Post-filter,UNG,UNG,UNG,UNG
507,yfcc,and,FilteredVamana,1.0,SIEVE,UNG,UNG,UNG,StitchedVamana
507,yfcc,equal,UNG,1.0,UNG,UNG,UNG,UNG,StitchedVamana
507,yfcc,or,FilteredVamana,1.0,Post-filter,StitchedVamana,UNG,UNG,StitchedVamana
507,ytb_audio,and,UNG,1.0,SIEVE,UNG,UNG,UNG,Post-filter
507,ytb_audio,equal,UNG,1.0,UNG,UNG,UNG,UNG,Post-filter
507,ytb_audio,or,StitchedVamana,1.0,Post-filter,UNG,FilteredVamana,UNG,Post-filter
508,LAION1M,and,UNG,1.0,UNG,UNG,UNG,UNG,UNG
508,LAION1M,equal,UNG,1.0,UNG,UNG,UNG,UNG,UNG
508,LAION1M,or,UNG,1.0,Post-filter,Post-filter,UNG,UNG,UNG
508,tripclick,and,UNG,1.0,UNG,UNG,UNG,UNG,UNG
508,tripclick,equal,UNG,1.0,UNG,UNG,UNG,UNG,UNG
508,tripclick,or,Post-filter,1.0,Post-filter,UNG,UNG,UNG,UNG
508,yfcc,and,UNG,1.0,SIEVE,UNG,UNG,UNG,StitchedVamana
508,yfcc,equal,UNG,1.0,UNG,UNG,UNG,UNG,StitchedVamana
508,yfcc,or,FilteredVamana,1.0,Post-filter,StitchedVamana,StitchedVamana,UNG,StitchedVamana
508,ytb_audio,and,UNG,1.0,SIEVE,UNG,UNG,UNG,Post-filter
508,ytb_audio,equal,UNG,1.0,UNG,UNG,UNG,UNG,Post-filter
508,ytb_audio,or,StitchedVamana,1.0,Post-filter,UNG,UNG,UNG,Post-filter
509,LAION1M,and,UNG,1.0,UNG,Post-filter,UNG,UNG,UNG
509,LAION1M,equal,UNG,1.0,UNG,UNG,UNG,UNG,UNG
509,LAION1M,or,UNG,1.0,Post-filter,UNG,UNG,UNG,UNG
509,tripclick,and,UNG,1.0,UNG,UNG,UNG,UNG,UNG
509,tripclick,equal,UNG,1.0,UNG,UNG,UNG,UNG,UNG
509,tripclick,or,UNG,1.0,Post-filter,UNG,UNG,UNG,UNG
509,yfcc,and,FilteredVamana,1.0,SIEVE,UNG,UNG,UNG,StitchedVamana
509,yfcc,equal,UNG,1.0,UNG,UNG,UNG,UNG,StitchedVamana
509,yfcc,or,Post-filter,1.0,Post-filter,StitchedVamana,StitchedVamana,UNG,StitchedVamana
509,ytb_audio,and,SIEVE,1.0,SIEVE,UNG,UNG,UNG,Post-filter
509,ytb_audio,equal,UNG,1.0,UNG,UNG,UNG,UNG,Post-filter
509,ytb_audio,or,StitchedVamana,1.0,Post-filter,UNG,FilteredVamana,UNG,Post-filter
510,LAION1M,and,UNG,1.0,UNG,UNG,UNG,UNG,UNG
510,LAION1M,equal,UNG,1.0,UNG,UNG,UNG,UNG,UNG
510,LAION1M,or,UNG,1.0,Post-filter,UNG,UNG,UNG,StitchedVamana
510,tripclick,and,UNG,1.0,UNG,UNG,UNG,UNG,UNG
510,tripclick,equal,UNG,1.0,UNG,UNG,UNG,UNG,UNG
510,tripclick,or,UNG,1.0,Post-filter,UNG,UNG,UNG,UNG
510,yfcc,and,UNG,1.0,SIEVE,UNG,UNG,UNG,StitchedVamana
510,yfcc,equal,UNG,1.0,UNG,UNG,UNG,UNG,StitchedVamana
510,yfcc,or,FilteredVamana,1.0,Post-filter,StitchedVamana,StitchedVamana,UNG,StitchedVamana
510,ytb_audio,and,UNG,1.0,SIEVE,UNG,UNG,UNG,Post-filter
510,ytb_audio,equal,UNG,0.6,UNG,UNG,UNG,UNG,Post-filter
510,ytb_audio,or,StitchedVamana,1.0,Post-filter,UNG,FilteredVamana,UNG,Post-filter
511,LAION1M,and,UNG,1.0,UNG,UNG,UNG,UNG,UNG
511,LAION1M,equal,UNG,1.0,UNG,UNG,UNG,UNG,UNG
511,LAION1M,or,UNG,1.0,Post-filter,Post-filter,UNG,UNG,UNG
511,tripclick,and,UNG,1.0,UNG,UNG,UNG,UNG,UNG
511,tripclick,equal,UNG,1.0,UNG,UNG,UNG,UNG,UNG
511,tripclick,or,UNG,1.0,Post-filter,UNG,UNG,UNG,UNG
511,yfcc,and,FilteredVamana,1.0,SIEVE,UNG,UNG,UNG,StitchedVamana
511,yfcc,equal,UNG,1.0,UNG,UNG,UNG,UNG,StitchedVamana
511,yfcc,or,FilteredVamana,1.0,Post-filter,StitchedVamana,StitchedVamana,UNG,StitchedVamana
511,ytb_audio,and,UNG,1.0,SIEVE,UNG,UNG,UNG,Post-filter
511,ytb_audio,equal,UNG,1.0,UNG,UNG,UNG,UNG,Post-filter
511,ytb_audio,or,Post-filter,1.0,Post-filter,UNG,UNG,UNG,Post-filter
512,LAION1M,and,UNG,1.0,UNG,Post-filter,UNG,UNG,UNG
512,LAION1M,equal,UNG,1.0,UNG,UNG,UNG,UNG,UNG
512,LAION1M,or,UNG,1.0,Post-filter,UNG,UNG,UNG,StitchedVamana
512,tripclick,and,UNG,1.0,UNG,UNG,UNG,UNG,UNG
512,tripclick,equal,UNG,1.0,UNG,UNG,UNG,UNG,UNG
512,tripclick,or,UNG,1.0,Post-filter,UNG,UNG,UNG,UNG
512,yfcc,and,FilteredVamana,1.0,SIEVE,UNG,UNG,UNG,StitchedVamana
512,yfcc,equal,UNG,1.0,UNG,UNG,UNG,UNG,StitchedVamana
512,yfcc,or,FilteredVamana,1.0,Post-filter,StitchedVamana,StitchedVamana,UNG,StitchedVamana
512,ytb_audio,and,SIEVE,1.0,SIEVE,UNG,UNG,UNG,Post-filter
512,ytb_audio,equal,UNG,1.0,UNG,UNG,UNG,UNG,Post-filter
512,ytb_audio,or,Post-filter,1.0,Post-filter,UNG,UNG,UNG,Post-filter
513,LAION1M,and,UNG,1.0,UNG,UNG,UNG,UNG,UNG
513,LAION1M,equal,UNG,1.0,UNG,UNG,UNG,UNG,UNG
513,LAION1M,or,UNG,1.0,Post-filter,UNG,UNG,UNG,UNG
513,tripclick,and,UNG,1.0,UNG,UNG,UNG,UNG,UNG
513,tripclick,equal,UNG,1.0,UNG,UNG,UNG,UNG,UNG
513,tripclick,or,UNG,1.0,Post-filter,UNG,UNG,UNG,UNG
513,yfcc,and,FilteredVamana,1.0,SIEVE,UNG,UNG,UNG,StitchedVamana
513,yfcc,equal,UNG,1.0,UNG,UNG,UNG,UNG,StitchedVamana
513,yfcc,or,FilteredVamana,1.0,Post-filter,StitchedVamana,StitchedVamana,UNG,StitchedVamana
513,ytb_audio,and,SIEVE,1.0,SIEVE,UNG,UNG,UNG,Post-filter
513,ytb_audio,equal,UNG,1.0,UNG,UNG,UNG,UNG,Post-filter
513,ytb_audio,or,StitchedVamana,1.0,Post-filter,UNG,FilteredVamana,UNG,Post-filter
514,LAION1M,and,UNG,1.0,UNG,UNG,UNG,UNG,UNG
514,LAION1M,equal,UNG,1.0,UNG,UNG,UNG,UNG,UNG
514,LAION1M,or,UNG,1.0,Post-filter,Post-filter,UNG,FilteredVamana,StitchedVamana
514,tripclick,and,UNG,1.0,UNG,UNG,UNG,UNG,UNG
514,tripclick,equal,UNG,1.0,UNG,UNG,UNG,UNG,UNG
514,tripclick,or,UNG,1.0,Post-filter,UNG,UNG,UNG,UNG
514,yfcc,and,UNG,1.0,SIEVE,UNG,UNG,UNG,StitchedVamana
514,yfcc,equal,UNG,1.0,UNG,UNG,UNG,UNG,StitchedVamana
514,yfcc,or,FilteredVamana,1.0,Post-filter,StitchedVamana,StitchedVamana,UNG,StitchedVamana
514,ytb_audio,and,UNG,0.9,SIEVE,UNG,UNG,UNG,Post-filter
514,ytb_audio,equal,UNG,1.0,UNG,UNG,UNG,UNG,Post-filter
514,ytb_audio,or,StitchedVamana,1.0,Post-filter,UNG,FilteredVamana,UNG,Post-filter
515,LAION1M,and,UNG,1.0,UNG,UNG,UNG,UNG,UNG
515,LAION1M,equal,UNG,1.0,UNG,UNG,UNG,UNG,UNG
515,LAION1M,or,UNG,1.0,Post-filter,Post-filter,UNG,UNG,UNG
515,tripclick,and,UNG,1.0,UNG,UNG,UNG,UNG,UNG
515,tripclick,equal,UNG,1.0,UNG,UNG,UNG,UNG,UNG
515,tripclick,or,UNG,1.0,Post-filter,UNG,UNG,UNG,UNG
515,yfcc,and,UNG,1.0,SIEVE,UNG,UNG,UNG,StitchedVamana
515,yfcc,equal,UNG,1.0,UNG,UNG,UNG,UNG,StitchedVamana
515,yfcc,or,FilteredVamana,1.0,Post-filter,StitchedVamana,StitchedVamana,UNG,StitchedVamana
515,ytb_audio,and,UNG,1.0,SIEVE,UNG,UNG,UNG,Post-filter
515,ytb_audio,equal,UNG,1.0,UNG,UNG,UNG,UNG,Post-filter
515,ytb_audio,or,StitchedVamana,1.0,Post-filter,UNG,UNG,UNG,Post-filter
516,LAION1M,and,UNG,1.0,UNG,UNG,UNG,UNG,UNG
516,LAION1M,equal,UNG,1.0,UNG,UNG,UNG,UNG,UNG
516,LAION1M,or,UNG,1.0,Post-filter,UNG,UNG,UNG,StitchedVamana
516,tripclick,and,UNG,1.0,UNG,UNG,UNG,UNG,UNG
516,tripclick,equal,UNG,1.0,UNG,UNG,UNG,UNG,UNG
516,tripclick,or,Post-filter,1.0,Post-filter,UNG,UNG,UNG,UNG
516,yfcc,and,FilteredVamana,1.0,SIEVE,UNG,UNG,UNG,StitchedVamana
516,yfcc,equal,UNG,1.0,UNG,UNG,UNG,UNG,StitchedVamana
516,yfcc,or,FilteredVamana,1.0,Post-filter,StitchedVamana,StitchedVamana,UNG,StitchedVamana
516,ytb_audio,and,SIEVE,0.8,SIEVE,UNG,UNG,UNG,Post-filter
516,ytb_audio,equal,UNG,1.0,UNG,UNG,UNG,UNG,Post-filter
516,ytb_audio,or,StitchedVamana,1.0,Post-filter,UNG,UNG,UNG,Post-filter
517,LAION1M,and,UNG,1.0,UNG,UNG,UNG,UNG,UNG
517,LAION1M,equal,UNG,1.0,UNG,UNG,UNG,UNG,UNG
517,LAION1M,or,UNG,1.0,Post-filter,UNG,UNG,UNG,StitchedVamana
517,tripclick,and,UNG,1.0,UNG,UNG,UNG,UNG,UNG
517,tripclick,equal,UNG,1.0,UNG,UNG,UNG,UNG,UNG
517,tripclick,or,Post-filter,1.0,Post-filter,UNG,UNG,UNG,UNG
517,yfcc,and,UNG,1.0,SIEVE,UNG,UNG,UNG,StitchedVamana
517,yfcc,equal,UNG,1.0,UNG,UNG,UNG,UNG,StitchedVamana
517,yfcc,or,FilteredVamana,1.0,Post-filter,StitchedVamana,StitchedVamana,UNG,StitchedVamana
517,ytb_audio,and,SIEVE,1.0,SIEVE,UNG,UNG,UNG,Post-filter
517,ytb_audio,equal,UNG,1.0,UNG,UNG,UNG,UNG,Post-filter
517,ytb_audio,or,StitchedVamana,1.0,Post-filter,UNG,UNG,UNG,Post-filter
518,LAION1M,and,UNG,1.0,UNG,UNG,UNG,UNG,UNG
518,LAION1M,equal,UNG,1.0,UNG,UNG,UNG,UNG,UNG
518,LAION1M,or,UNG,1.0,Post-filter,Post-filter,UNG,UNG,UNG
518,tripclick,and,UNG,1.0,UNG,UNG,UNG,UNG,UNG
518,tripclick,equal,UNG,1.0,UNG,UNG,UNG,UNG,UNG
518,tripclick,or,UNG,1.0,Post-filter,UNG,UNG,UNG,UNG
518,yfcc,and,UNG,1.0,SIEVE,UNG,UNG,UNG,StitchedVamana
518,yfcc,equal,UNG,1.0,UNG,UNG,UNG,UNG,StitchedVamana
518,yfcc,or,FilteredVamana,1.0,Post-filter,StitchedVamana,StitchedVamana,UNG,StitchedVamana
518,ytb_audio,and,UNG,1.0,SIEVE,UNG,UNG,UNG,Post-filter
518,ytb_audio,equal,UNG,1.0,UNG,UNG,UNG,UNG,Post-filter
518,ytb_audio,or,StitchedVamana,1.0,Post-filter,UNG,FilteredVamana,UNG,Post-filter
519,LAION1M,and,UNG,1.0,UNG,UNG,UNG,UNG,UNG
519,LAION1M,equal,UNG,1.0,UNG,UNG,UNG,UNG,UNG
519,LAION1M,or,UNG,1.0,Post-filter,UNG,UNG,UNG,UNG
519,tripclick,and,UNG,1.0,UNG,UNG,UNG,UNG,UNG
519,tripclick,equal,UNG,1.0,UNG,UNG,UNG,UNG,UNG
519,tripclick,or,UNG,1.0,Post-filter,UNG,UNG,UNG,UNG
519,yfcc,and,UNG,1.0,SIEVE,UNG,UNG,UNG,StitchedVamana
519,yfcc,equal,UNG,1.0,UNG,UNG,UNG,UNG,StitchedVamana
519,yfcc,or,FilteredVamana,1.0,Post-filter,StitchedVamana,StitchedVamana,UNG,StitchedVamana
519,ytb_audio,and,UNG,1.0,SIEVE,UNG,UNG,UNG,Post-filter
519,ytb_audio,equal,UNG,1.0,UNG,UNG,UNG,UNG,Post-filter
519,ytb_audio,or,UNG,1.0,Post-filter,UNG,UNG,UNG,Post-filter
520,LAION1M,and,UNG,1.0,UNG,UNG,UNG,UNG,UNG
520,LAION1M,equal,UNG,1.0,UNG,UNG,UNG,UNG,UNG
520,LAION1M,or,UNG,1.0,Post-filter,Post-filter,UNG,UNG,UNG
520,tripclick,and,UNG,1.0,UNG,UNG,UNG,UNG,UNG
520,tripclick,equal,UNG,1.0,UNG,UNG,UNG,UNG,UNG
520,tripclick,or,UNG,1.0,Post-filter,UNG,UNG,UNG,UNG
520,yfcc,and,FilteredVamana,1.0,SIEVE,UNG,UNG,UNG,StitchedVamana
520,yfcc,equal,UNG,1.0,UNG,UNG,UNG,UNG,StitchedVamana
520,yfcc,or,FilteredVamana,1.0,Post-filter,FilteredVamana,StitchedVamana,UNG,StitchedVamana
520,ytb_audio,and,SIEVE,0.9,SIEVE,UNG,UNG,UNG,Post-filter
520,ytb_audio,equal,UNG,1.0,UNG,UNG,UNG,UNG,Post-filter
520,ytb_audio,or,StitchedVamana,1.0,Post-filter,UNG,FilteredVamana,UNG,Post-filter
521,LAION1M,and,UNG,1.0,UNG,UNG,UNG,UNG,UNG
521,LAION1M,equal,UNG,1.0,UNG,UNG,UNG,UNG,UNG
521,LAION1M,or,UNG,1.0,Post-filter,UNG,UNG,UNG,StitchedVamana
521,tripclick,and,UNG,1.0,UNG,UNG,UNG,UNG,UNG
521,tripclick,equal,UNG,1.0,UNG,UNG,UNG,UNG,UNG
521,tripclick,or,UNG,1.0,Post-filter,UNG,UNG,UNG,UNG
521,yfcc,and,UNG,1.0,SIEVE,UNG,UNG,UNG,StitchedVamana
521,yfcc,equal,UNG,1.0,UNG,UNG,UNG,UNG,StitchedVamana
521,yfcc,or,FilteredVamana,1.0,Post-filter,StitchedVamana,StitchedVamana,UNG,StitchedVamana
521,ytb_audio,and,UNG,1.0,SIEVE,UNG,UNG,UNG,Post-filter
521,ytb_audio,equal,UNG,1.0,UNG,UNG,UNG,UNG,Post-filter
521,ytb_audio,or,UNG,1.0,Post-filter,UNG,UNG,UNG,Post-filter
522,LAION1M,and,UNG,1.0,UNG,Post-filter,UNG,UNG,UNG
522,LAION1M,equal,UNG,1.0,UNG,UNG,UNG,UNG,UNG
522,LAION1M,or,UNG,1.0,Post-filter,Post-filter,UNG,UNG,UNG
522,tripclick,and,UNG,1.0,UNG,UNG,UNG,UNG,UNG
522,tripclick,equal,UNG,1.0,UNG,UNG,UNG,UNG,UNG
522,tripclick,or,UNG,1.0,Post-filter,UNG,UNG,UNG,UNG
522,yfcc,and,UNG,1.0,SIEVE,UNG,UNG,UNG,StitchedVamana
522,yfcc,equal,UNG,1.0,UNG,UNG,UNG,UNG,StitchedVamana
522,yfcc,or,FilteredVamana,1.0,Post-filter,StitchedVamana,StitchedVamana,UNG,StitchedVamana
522,ytb_audio,and,SIEVE,1.0,SIEVE,UNG,UNG,UNG,Post-filter
522,ytb_audio,equal,UNG,1.0,UNG,UNG,UNG,UNG,Post-filter
522,ytb_audio,or,StitchedVamana,0.9,Post-filter,UNG,UNG,UNG,Post-filter
523,LAION1M,and,UNG,1.0,UNG,UNG,UNG,UNG,UNG
523,LAION1M,equal,UNG,1.0,UNG,UNG,UNG,UNG,UNG
523,LAION1M,or,UNG,1.0,Post-filter,UNG,UNG,UNG,StitchedVamana
523,tripclick,and,UNG,1.0,UNG,UNG,UNG,UNG,UNG
523,tripclick,equal,UNG,1.0,UNG,UNG,UNG,UNG,UNG
523,tripclick,or,Post-filter,1.0,Post-filter,UNG,UNG,UNG,UNG
523,yfcc,and,UNG,1.0,SIEVE,UNG,UNG,UNG,StitchedVamana
523,yfcc,equal,UNG,1.0,UNG,UNG,UNG,UNG,StitchedVamana
523,yfcc,or,FilteredVamana,1.0,Post-filter,StitchedVamana,StitchedVamana,UNG,StitchedVamana
523,ytb_audio,and,UNG,1.0,SIEVE,UNG,UNG,UNG,Post-filter
523,ytb_audio,equal,UNG,1.0,UNG,UNG,UNG,UNG,Post-filter
523,ytb_audio,or,StitchedVamana,1.0,Post-filter,UNG,UNG,UNG,Post-filter
524,LAION1M,and,UNG,1.0,UNG,UNG,UNG,UNG,UNG
524,LAION1M,equal,UNG,1.0,UNG,UNG,UNG,UNG,UNG
524,LAION1M,or,UNG,1.0,Post-filter,UNG,UNG,UNG,UNG
524,tripclick,and,Post-filter,1.0,UNG,UNG,UNG,UNG,UNG
524,tripclick,equal,UNG,1.0,UNG,UNG,UNG,UNG,UNG
524,tripclick,or,Post-filter,1.0,Post-filter,UNG,UNG,UNG,UNG
524,yfcc,and,UNG,1.0,SIEVE,UNG,UNG,UNG,StitchedVamana
524,yfcc,equal,UNG,1.0,UNG,UNG,UNG,UNG,StitchedVamana
524,yfcc,or,FilteredVamana,1.0,Post-filter,StitchedVamana,StitchedVamana,UNG,StitchedVamana
524,ytb_audio,and,UNG,1.0,SIEVE,UNG,UNG,UNG,Post-filter
524,ytb_audio,equal,UNG,1.0,UNG,UNG,UNG,UNG,Post-filter
524,ytb_audio,or,StitchedVamana,1.0,Post-filter,UNG,UNG,UNG,Post-filter
525,LAION1M,and,UNG,1.0,UNG,UNG,UNG,UNG,UNG
525,LAION1M,equal,UNG,1.0,UNG,UNG,UNG,UNG,UNG
525,LAION1M,or,UNG,1.0,Post-filter,Post-filter,UNG,UNG,UNG
525,tripclick,and,UNG,1.0,UNG,UNG,UNG,UNG,UNG
525,tripclick,equal,UNG,1.0,UNG,UNG,UNG,UNG,UNG
525,tripclick,or,UNG,1.0,Post-filter,UNG,UNG,UNG,UNG
525,yfcc,and,SIEVE,1.0,SIEVE,UNG,UNG,UNG,StitchedVamana
525,yfcc,equal,UNG,1.0,UNG,UNG,UNG,UNG,StitchedVamana
525,yfcc,or,FilteredVamana,1.0,Post-filter,UNG,StitchedVamana,UNG,StitchedVamana
525,ytb_audio,and,SIEVE,1.0,SIEVE,UNG,UNG,UNG,Post-filter
525,ytb_audio,equal,UNG,1.0,UNG,UNG,UNG,UNG,Post-filter
525,ytb_audio,or,StitchedVamana,1.0,Post-filter,UNG,FilteredVamana,UNG,Post-filter
526,LAION1M,and,UNG,1.0,UNG,UNG,UNG,UNG,UNG
526,LAION1M,equal,UNG,1.0,UNG,UNG,UNG,UNG,UNG
526,LAION1M,or,UNG,1.0,Post-filter,UNG,UNG,UNG,StitchedVamana
526,tripclick,and,UNG,1.0,UNG,UNG,UNG,UNG,UNG
526,tripclick,equal,UNG,1.0,UNG,UNG,UNG,UNG,UNG
526,tripclick,or,UNG,1.0,Post-filter,UNG,UNG,UNG,UNG
526,yfcc,and,FilteredVamana,1.0,SIEVE,UNG,UNG,UNG,StitchedVamana
526,yfcc,equal,UNG,1.0,UNG,UNG,UNG,UNG,StitchedVamana
526,yfcc,or,FilteredVamana,1.0,Post-filter,StitchedVamana,StitchedVamana,UNG,StitchedVamana
526,ytb_audio,and,UNG,1.0,SIEVE,UNG,UNG,UNG,Post-filter
526,ytb_audio,equal,UNG,1.0,UNG,UNG,UNG,UNG,Post-filter
526,ytb_audio,or,Post-filter,1.0,Post-filter,UNG,UNG,UNG,Post-filter
527,LAION1M,and,UNG,1.0,UNG,UNG,UNG,UNG,UNG
527,LAION1M,equal,UNG,1.0,UNG,UNG,UNG,UNG,UNG
527,LAION1M,or,UNG,1.0,Post-filter,UNG,UNG,UNG,StitchedVamana
527,tripclick,and,Post-filter,1.0,UNG,UNG,UNG,UNG,UNG
527,tripclick,equal,UNG,1.0,UNG,UNG,UNG,UNG,UNG
527,tripclick,or,UNG,1.0,Post-filter,UNG,UNG,UNG,UNG
527,yfcc,and,UNG,1.0,SIEVE,UNG,UNG,UNG,StitchedVamana
527,yfcc,equal,UNG,1.0,UNG,UNG,UNG,UNG,StitchedVamana
527,yfcc,or,FilteredVamana,1.0,Post-filter,FilteredVamana,StitchedVamana,UNG,StitchedVamana
527,ytb_audio,and,SIEVE,1.0,SIEVE,UNG,UNG,UNG,Post-filter
527,ytb_audio,equal,UNG,1.0,UNG,UNG,UNG,UNG,Post-filter
527,ytb_audio,or,StitchedVamana,1.0,Post-filter,UNG,UNG,UNG,Post-filter
528,LAION1M,and,UNG,1.0,UNG,UNG,UNG,UNG,UNG
528,LAION1M,equal,UNG,1.0,UNG,UNG,UNG,UNG,UNG
528,LAION1M,or,UNG,1.0,Post-filter,UNG,UNG,UNG,UNG
528,tripclick,and,UNG,1.0,UNG,UNG,UNG,UNG,UNG
528,tripclick,equal,UNG,1.0,UNG,UNG,UNG,UNG,UNG
528,tripclick,or,UNG,1.0,Post-filter,UNG,UNG,UNG,UNG
528,yfcc,and,UNG,1.0,SIEVE,UNG,UNG,UNG,StitchedVamana
528,yfcc,equal,UNG,1.0,UNG,UNG,UNG,UNG,StitchedVamana
528,yfcc,or,FilteredVamana,1.0,Post-filter,StitchedVamana,StitchedVamana,UNG,StitchedVamana
528,ytb_audio,and,SIEVE,1.0,SIEVE,UNG,UNG,UNG,Post-filter
528,ytb_audio,equal,UNG,1.0,UNG,UNG,UNG,UNG,Post-filter
528,ytb_audio,or,StitchedVamana,1.0,Post-filter,UNG,UNG,UNG,Post-filter
529,LAION1M,and,UNG,1.0,UNG,Post-filter,UNG,UNG,UNG
529,LAION1M,equal,UNG,1.0,UNG,UNG,UNG,UNG,UNG
529,LAION1M,or,UNG,1.0,Post-filter,Post-filter,UNG,FilteredVamana,StitchedVamana
529,tripclick,and,UNG,1.0,UNG,UNG,UNG,UNG,UNG
529,tripclick,equal,UNG,1.0,UNG,UNG,UNG,UNG,UNG
529,tripclick,or,UNG,1.0,Post-filter,UNG,UNG,UNG,UNG
529,yfcc,and,UNG,1.0,SIEVE,UNG,UNG,UNG,StitchedVamana
529,yfcc,equal,UNG,1.0,UNG,UNG,UNG,UNG,StitchedVamana
529,yfcc,or,FilteredVamana,1.0,Post-filter,StitchedVamana,StitchedVamana,UNG,StitchedVamana
529,ytb_audio,and,SIEVE,1.0,SIEVE,UNG,UNG,UNG,Post-filter
529,ytb_audio,equal,UNG,1.0,UNG,UNG,UNG,UNG,Post-filter
529,ytb_audio,or,StitchedVamana,1.0,Post-filter,UNG,UNG,UNG,Post-filter
530,LAION1M,and,UNG,1.0,UNG,Post-filter,UNG,UNG,UNG
530,LAION1M,equal,UNG,1.0,UNG,UNG,UNG,UNG,UNG
530,LAION1M,or,UNG,1.0,Post-filter,UNG,UNG,UNG,StitchedVamana
530,tripclick,and,UNG,1.0,UNG,UNG,UNG,UNG,UNG
530,tripclick,equal,UNG,1.0,UNG,UNG,UNG,UNG,UNG
530,tripclick,or,UNG,1.0,Post-filter,UNG,UNG,UNG,UNG
530,yfcc,and,UNG,1.0,SIEVE,UNG,UNG,UNG,StitchedVamana
530,yfcc,equal,UNG,1.0,UNG,UNG,UNG,UNG,StitchedVamana
530,yfcc,or,FilteredVamana,1.0,Post-filter,StitchedVamana,StitchedVamana,UNG,StitchedVamana
530,ytb_audio,and,UNG,1.0,SIEVE,UNG,UNG,UNG,Post-filter
530,ytb_audio,equal,UNG,1.0,UNG,UNG,UNG,UNG,Post-filter
530,ytb_audio,or,StitchedVamana,1.0,Post-filter,UNG,UNG,UNG,Post-filter
531,LAION1M,and,UNG,1.0,UNG,UNG,UNG,UNG,UNG
531,LAION1M,equal,UNG,1.0,UNG,UNG,UNG,UNG,UNG
531,LAION1M,or,UNG,1.0,Post-filter,UNG,UNG,UNG,UNG
531,tripclick,and,UNG,1.0,UNG,UNG,UNG,UNG,UNG
531,tripclick,equal,UNG,1.0,UNG,UNG,UNG,UNG,UNG
531,tripclick,or,UNG,1.0,Post-filter,UNG,UNG,UNG,UNG
531,yfcc,and,UNG,1.0,SIEVE,UNG,UNG,UNG,StitchedVamana
531,yfcc,equal,UNG,1.0,UNG,UNG,UNG,UNG,StitchedVamana
531,yfcc,or,FilteredVamana,1.0,Post-filter,StitchedVamana,StitchedVamana,UNG,StitchedVamana
531,ytb_audio,and,SIEVE,1.0,SIEVE,UNG,UNG,UNG,Post-filter
531,ytb_audio,equal,UNG,1.0,UNG,UNG,UNG,UNG,Post-filter
531,ytb_audio,or,StitchedVamana,1.0,Post-filter,UNG,FilteredVamana,UNG,Post-filter
532,LAION1M,and,UNG,1.0,UNG,Post-filter,UNG,UNG,UNG
532,LAION1M,equal,UNG,1.0,UNG,UNG,UNG,UNG,UNG
532,LAION1M,or,UNG,1.0,Post-filter,UNG,UNG,UNG,StitchedVamana
532,tripclick,and,UNG,1.0,UNG,UNG,UNG,UNG,UNG
532,tripclick,equal,UNG,1.0,UNG,UNG,UNG,UNG,UNG
532,tripclick,or,UNG,1.0,Post-filter,UNG,UNG,UNG,UNG
532,yfcc,and,UNG,1.0,SIEVE,UNG,UNG,UNG,StitchedVamana
532,yfcc,equal,UNG,1.0,UNG,UNG,UNG,UNG,StitchedVamana
532,yfcc,or,FilteredVamana,1.0,Post-filter,StitchedVamana,StitchedVamana,UNG,StitchedVamana
532,ytb_audio,and,UNG,1.0,SIEVE,UNG,UNG,UNG,Post-filter
532,ytb_audio,equal,UNG,1.0,UNG,UNG,UNG,UNG,Post-filter
532,ytb_audio,or,StitchedVamana,1.0,Post-filter,UNG,UNG,UNG,Post-filter
533,LAION1M,and,UNG,1.0,UNG,UNG,UNG,UNG,UNG
533,LAION1M,equal,UNG,1.0,UNG,UNG,UNG,UNG,UNG
533,LAION1M,or,Post-filter,1.0,Post-filter,Post-filter,UNG,UNG,UNG
533,tripclick,and,UNG,1.0,UNG,UNG,UNG,UNG,UNG
533,tripclick,equal,UNG,1.0,UNG,UNG,UNG,UNG,UNG
533,tripclick,or,UNG,1.0,Post-filter,UNG,UNG,UNG,UNG
533,yfcc,and,UNG,1.0,SIEVE,UNG,UNG,UNG,StitchedVamana
533,yfcc,equal,UNG,1.0,UNG,UNG,UNG,UNG,StitchedVamana
533,yfcc,or,FilteredVamana,1.0,Post-filter,StitchedVamana,StitchedVamana,UNG,StitchedVamana
533,ytb_audio,and,SIEVE,0.9,SIEVE,UNG,UNG,UNG,Post-filter
533,ytb_audio,equal,UNG,1.0,UNG,UNG,UNG,UNG,Post-filter
533,ytb_audio,or,StitchedVamana,1.0,Post-filter,UNG,UNG,UNG,Post-filter
534,LAION1M,and,UNG,1.0,UNG,UNG,UNG,UNG,UNG
534,LAION1M,equal,UNG,1.0,UNG,UNG,UNG,UNG,UNG
534,LAION1M,or,UNG,1.0,Post-filter,UNG,UNG,UNG,UNG
534,tripclick,and,UNG,1.0,UNG,UNG,UNG,UNG,UNG
534,tripclick,equal,UNG,1.0,UNG,UNG,UNG,UNG,UNG
534,tripclick,or,Post-filter,1.0,Post-filter,UNG,UNG,UNG,UNG
534,yfcc,and,UNG,1.0,SIEVE,UNG,UNG,UNG,StitchedVamana
534,yfcc,equal,UNG,1.0,UNG,UNG,UNG,UNG,StitchedVamana
534,yfcc,or,FilteredVamana,1.0,Post-filter,StitchedVamana,StitchedVamana,UNG,StitchedVamana
534,ytb_audio,and,UNG,1.0,SIEVE,UNG,UNG,UNG,Post-filter
534,ytb_audio,equal,UNG,1.0,UNG,UNG,UNG,UNG,Post-filter
534,ytb_audio,or,UNG,1.0,Post-filter,UNG,UNG,UNG,Post-filter
535,LAION1M,and,UNG,1.0,UNG,UNG,UNG,UNG,UNG
535,LAION1M,equal,UNG,1.0,UNG,UNG,UNG,UNG,UNG
535,LAION1M,or,UNG,1.0,Post-filter,UNG,UNG,UNG,UNG
535,tripclick,and,Post-filter,1.0,UNG,UNG,UNG,UNG,UNG
535,tripclick,equal,UNG,1.0,UNG,UNG,UNG,UNG,UNG
535,tripclick,or,UNG,1.0,Post-filter,UNG,UNG,UNG,UNG
535,yfcc,and,Post-filter,1.0,SIEVE,UNG,UNG,UNG,StitchedVamana
535,yfcc,equal,UNG,1.0,UNG,UNG,UNG,UNG,StitchedVamana
535,yfcc,or,FilteredVamana,1.0,Post-filter,StitchedVamana,UNG,UNG,StitchedVamana
535,ytb_audio,and,UNG,1.0,SIEVE,UNG,UNG,UNG,Post-filter
535,ytb_audio,equal,UNG,1.0,UNG,UNG,UNG,UNG,Post-filter
535,ytb_audio,or,StitchedVamana,1.0,Post-filter,UNG,FilteredVamana,UNG,Post-filter
536,LAION1M,and,UNG,1.0,UNG,Post-filter,UNG,UNG,UNG
536,LAION1M,equal,UNG,1.0,UNG,UNG,UNG,UNG,UNG
536,LAION1M,or,UNG,1.0,Post-filter,UNG,UNG,UNG,UNG
536,tripclick,and,UNG,1.0,UNG,UNG,UNG,UNG,UNG
536,tripclick,equal,UNG,1.0,UNG,UNG,UNG,UNG,UNG
536,tripclick,or,UNG,1.0,Post-filter,UNG,UNG,UNG,UNG
536,yfcc,and,UNG,1.0,SIEVE,UNG,UNG,UNG,StitchedVamana
536,yfcc,equal,UNG,1.0,UNG,UNG,UNG,UNG,StitchedVamana
536,yfcc,or,FilteredVamana,1.0,Post-filter,FilteredVamana,StitchedVamana,UNG,StitchedVamana
536,ytb_audio,and,UNG,1.0,SIEVE,UNG,UNG,UNG,Post-filter
536,ytb_audio,equal,UNG,1.0,UNG,UNG,UNG,UNG,Post-filter
536,ytb_audio,or,UNG,1.0,Post-filter,UNG,UNG,UNG,Post-filter
537,LAION1M,and,UNG,1.0,UNG,Post-filter,UNG,UNG,UNG
537,LAION1M,equal,UNG,1.0,UNG,UNG,UNG,UNG,UNG
537,LAION1M,or,UNG,1.0,Post-filter,Post-filter,UNG,UNG,UNG
537,tripclick,and,UNG,1.0,UNG,UNG,UNG,UNG,UNG
537,tripclick,equal,UNG,1.0,UNG,UNG,UNG,UNG,UNG
537,tripclick,or,UNG,1.0,Post-filter,UNG,UNG,UNG,UNG
537,yfcc,and,FilteredVamana,1.0,SIEVE,UNG,UNG,UNG,StitchedVamana
537,yfcc,equal,UNG,1.0,UNG,UNG,UNG,UNG,StitchedVamana
537,yfcc,or,FilteredVamana,1.0,Post-filter,StitchedVamana,StitchedVamana,UNG,StitchedVamana
537,ytb_audio,and,UNG,1.0,SIEVE,UNG,UNG,UNG,Post-filter
537,ytb_audio,equal,UNG,1.0,UNG,UNG,UNG,UNG,Post-filter
537,ytb_audio,or,StitchedVamana,1.0,Post-filter,UNG,FilteredVamana,UNG,Post-filter
538,LAION1M,and,UNG,1.0,UNG,Post-filter,UNG,UNG,UNG
538,LAION1M,equal,UNG,1.0,UNG,UNG,UNG,UNG,UNG
538,LAION1M,or,UNG,1.0,Post-filter,UNG,UNG,UNG,UNG
538,tripclick,and,UNG,1.0,UNG,UNG,UNG,UNG,UNG
538,tripclick,equal,UNG,1.0,UNG,UNG,UNG,UNG,UNG
538,tripclick,or,UNG,1.0,Post-filter,UNG,UNG,UNG,UNG
538,yfcc,and,UNG,1.0,SIEVE,UNG,UNG,UNG,StitchedVamana
538,yfcc,equal,UNG,1.0,UNG,UNG,UNG,UNG,StitchedVamana
538,yfcc,or,FilteredVamana,1.0,Post-filter,StitchedVamana,StitchedVamana,UNG,StitchedVamana
538,ytb_audio,and,SIEVE,1.0,SIEVE,UNG,UNG,UNG,Post-filter
538,ytb_audio,equal,UNG,1.0,UNG,UNG,UNG,UNG,Post-filter
538,ytb_audio,or,StitchedVamana,1.0,Post-filter,UNG,FilteredVamana,UNG,Post-filter
539,LAION1M,and,UNG,1.0,UNG,UNG,UNG,UNG,UNG
539,LAION1M,equal,UNG,1.0,UNG,UNG,UNG,UNG,UNG
539,LAION1M,or,UNG,1.0,Post-filter,UNG,UNG,UNG,UNG
539,tripclick,and,UNG,1.0,UNG,UNG,UNG,UNG,UNG
539,tripclick,equal,UNG,1.0,UNG,UNG,UNG,UNG,UNG
539,tripclick,or,UNG,1.0,Post-filter,UNG,UNG,UNG,UNG
539,yfcc,and,UNG,1.0,SIEVE,UNG,UNG,UNG,StitchedVamana
539,yfcc,equal,UNG,1.0,UNG,UNG,UNG,UNG,StitchedVamana
539,yfcc,or,FilteredVamana,1.0,Post-filter,FilteredVamana,StitchedVamana,UNG,StitchedVamana
539,ytb_audio,and,SIEVE,1.0,SIEVE,UNG,UNG,UNG,Post-filter
539,ytb_audio,equal,UNG,1.0,UNG,UNG,UNG,UNG,Post-filter
539,ytb_audio,or,StitchedVamana,1.0,Post-filter,UNG,FilteredVamana,UNG,Post-filter
540,LAION1M,and,UNG,1.0,UNG,UNG,UNG,UNG,UNG
540,LAION1M,equal,UNG,1.0,UNG,UNG,UNG,UNG,UNG
540,LAION1M,or,UNG,1.0,Post-filter,UNG,UNG,UNG,UNG
540,tripclick,and,UNG,1.0,UNG,UNG,UNG,UNG,UNG
540,tripclick,equal,UNG,1.0,UNG,UNG,UNG,UNG,UNG
540,tripclick,or,Post-filter,1.0,Post-filter,UNG,UNG,UNG,UNG
540,yfcc,and,UNG,1.0,SIEVE,UNG,UNG,UNG,StitchedVamana
540,yfcc,equal,UNG,1.0,UNG,UNG,UNG,UNG,StitchedVamana
540,yfcc,or,FilteredVamana,1.0,Post-filter,StitchedVamana,StitchedVamana,UNG,StitchedVamana
540,ytb_audio,and,UNG,1.0,SIEVE,UNG,UNG,UNG,Post-filter
540,ytb_audio,equal,UNG,1.0,UNG,UNG,UNG,UNG,Post-filter
540,ytb_audio,or,StitchedVamana,1.0,Post-filter,UNG,UNG,UNG,Post-filter
541,LAION1M,and,UNG,1.0,UNG,UNG,UNG,UNG,UNG
541,LAION1M,equal,UNG,1.0,UNG,UNG,UNG,UNG,UNG
541,LAION1M,or,UNG,1.0,Post-filter,Post-filter,UNG,UNG,StitchedVamana
541,tripclick,and,UNG,1.0,UNG,UNG,UNG,UNG,UNG
541,tripclick,equal,UNG,1.0,UNG,UNG,UNG,UNG,UNG
541,tripclick,or,UNG,1.0,Post-filter,UNG,UNG,UNG,UNG
541,yfcc,and,UNG,1.0,SIEVE,UNG,UNG,UNG,StitchedVamana
541,yfcc,equal,UNG,1.0,UNG,UNG,UNG,UNG,StitchedVamana
541,yfcc,or,FilteredVamana,1.0,Post-filter,StitchedVamana,StitchedVamana,UNG,StitchedVamana
541,ytb_audio,and,UNG,1.0,SIEVE,UNG,UNG,UNG,Post-filter
541,ytb_audio,equal,UNG,1.0,UNG,UNG,UNG,UNG,Post-filter
541,ytb_audio,or,Post-filter,1.0,Post-filter,UNG,UNG,UNG,Post-filter
542,LAION1M,and,UNG,1.0,UNG,UNG,UNG,UNG,UNG
542,LAION1M,equal,UNG,1.0,UNG,UNG,UNG,UNG,UNG
542,LAION1M,or,UNG,1.0,Post-filter,StitchedVamana,UNG,UNG,UNG
542,tripclick,and,UNG,1.0,UNG,UNG,UNG,UNG,UNG
542,tripclick,equal,UNG,1.0,UNG,UNG,UNG,UNG,UNG
542,tripclick,or,UNG,1.0,Post-filter,UNG,UNG,UNG,UNG
542,yfcc,and,UNG,1.0,SIEVE,UNG,UNG,UNG,StitchedVamana
542,yfcc,equal,UNG,1.0,UNG,UNG,UNG,UNG,StitchedVamana
542,yfcc,or,FilteredVamana,1.0,Post-filter,StitchedVamana,StitchedVamana,UNG,StitchedVamana
542,ytb_audio,and,UNG,1.0,SIEVE,UNG,UNG,UNG,Post-filter
542,ytb_audio,equal,UNG,0.9,UNG,UNG,UNG,UNG,Post-filter
542,ytb_audio,or,StitchedVamana,1.0,Post-filter,UNG,FilteredVamana,UNG,Post-filter
543,LAION1M,and,UNG,1.0,UNG,UNG,UNG,UNG,UNG
543,LAION1M,equal,UNG,1.0,UNG,UNG,UNG,UNG,UNG
543,LAION1M,or,UNG,1.0,Post-filter,UNG,UNG,UNG,StitchedVamana
543,tripclick,and,UNG,1.0,UNG,UNG,UNG,UNG,UNG
543,tripclick,equal,UNG,1.0,UNG,UNG,UNG,UNG,UNG
543,tripclick,or,UNG,1.0,Post-filter,UNG,UNG,UNG,UNG
543,yfcc,and,FilteredVamana,1.0,SIEVE,UNG,UNG,UNG,StitchedVamana
543,yfcc,equal,UNG,1.0,UNG,UNG,UNG,UNG,StitchedVamana
543,yfcc,or,FilteredVamana,1.0,Post-filter,StitchedVamana,StitchedVamana,UNG,StitchedVamana
543,ytb_audio,and,SIEVE,1.0,SIEVE,UNG,UNG,UNG,Post-filter
543,ytb_audio,equal,UNG,1.0,UNG,UNG,UNG,UNG,Post-filter
543,ytb_audio,or,StitchedVamana,1.0,Post-filter,UNG,FilteredVamana,UNG,Post-filter
544,LAION1M,and,UNG,1.0,UNG,UNG,UNG,UNG,UNG
544,LAION1M,equal,UNG,1.0,UNG,UNG,UNG,UNG,UNG
544,LAION1M,or,UNG,1.0,Post-filter,Post-filter,UNG,FilteredVamana,StitchedVamana
544,tripclick,and,UNG,1.0,UNG,UNG,UNG,UNG,UNG
544,tripclick,equal,UNG,1.0,UNG,UNG,UNG,UNG,UNG
544,tripclick,or,UNG,1.0,Post-filter,UNG,UNG,UNG,UNG
544,yfcc,and,UNG,1.0,SIEVE,UNG,UNG,UNG,StitchedVamana
544,yfcc,equal,UNG,1.0,UNG,UNG,UNG,UNG,StitchedVamana
544,yfcc,or,FilteredVamana,1.0,Post-filter,StitchedVamana,StitchedVamana,UNG,StitchedVamana
544,ytb_audio,and,UNG,1.0,SIEVE,UNG,UNG,UNG,Post-filter
544,ytb_audio,equal,UNG,1.0,UNG,UNG,UNG,UNG,Post-filter
544,ytb_audio,or,StitchedVamana,1.0,Post-filter,UNG,UNG,UNG,Post-filter
545,LAION1M,and,UNG,1.0,UNG,Post-filter,UNG,UNG,UNG
545,LAION1M,equal,UNG,1.0,UNG,UNG,UNG,UNG,UNG
545,LAION1M,or,UNG,1.0,Post-filter,UNG,UNG,UNG,StitchedVamana
545,tripclick,and,UNG,1.0,UNG,UNG,UNG,UNG,UNG
545,tripclick,equal,UNG,1.0,UNG,UNG,UNG,UNG,UNG
545,tripclick,or,UNG,1.0,Post-filter,UNG,UNG,UNG,UNG
545,yfcc,and,UNG,1.0,SIEVE,UNG,UNG,UNG,StitchedVamana
545,yfcc,equal,UNG,1.0,UNG,UNG,UNG,UNG,StitchedVamana
545,yfcc,or,FilteredVamana,1.0,Post-filter,FilteredVamana,StitchedVamana,UNG,StitchedVamana
545,ytb_audio,and,SIEVE,1.0,SIEVE,UNG,UNG,UNG,Post-filter
545,ytb_audio,equal,UNG,1.0,UNG,UNG,UNG,UNG,Post-filter
545,ytb_audio,or,StitchedVamana,1.0,Post-filter,UNG,FilteredVamana,UNG,Post-filter
546,LAION1M,and,UNG,1.0,UNG,Post-filter,UNG,UNG,UNG
546,LAION1M,equal,UNG,1.0,UNG,UNG,UNG,UNG,UNG
546,LAION1M,or,UNG,1.0,Post-filter,Post-filter,UNG,UNG,UNG
546,tripclick,and,UNG,1.0,UNG,UNG,UNG,UNG,UNG
546,tripclick,equal,UNG,1.0,UNG,UNG,UNG,UNG,UNG
546,tripclick,or,UNG,1.0,Post-filter,UNG,UNG,UNG,UNG
546,yfcc,and,FilteredVamana,1.0,SIEVE,UNG,UNG,UNG,StitchedVamana
546,yfcc,equal,UNG,1.0,UNG,UNG,UNG,UNG,StitchedVamana
546,yfcc,or,FilteredVamana,1.0,Post-filter,StitchedVamana,StitchedVamana,UNG,StitchedVamana
546,ytb_audio,and,SIEVE,1.0,SIEVE,UNG,UNG,UNG,Post-filter
546,ytb_audio,equal,UNG,1.0,UNG,UNG,UNG,UNG,Post-filter
546,ytb_audio,or,StitchedVamana,1.0,Post-filter,UNG,FilteredVamana,UNG,Post-filter
547,LAION1M,and,UNG,1.0,UNG,UNG,UNG,UNG,UNG
547,LAION1M,equal,UNG,1.0,UNG,UNG,UNG,UNG,UNG
547,LAION1M,or,UNG,1.0,Post-filter,UNG,UNG,UNG,StitchedVamana
547,tripclick,and,UNG,1.0,UNG,UNG,UNG,UNG,UNG
547,tripclick,equal,UNG,1.0,UNG,UNG,UNG,UNG,UNG
547,tripclick,or,UNG,1.0,Post-filter,UNG,UNG,UNG,UNG
547,yfcc,and,UNG,1.0,SIEVE,UNG,UNG,UNG,StitchedVamana
547,yfcc,equal,UNG,1.0,UNG,UNG,UNG,UNG,StitchedVamana
547,yfcc,or,FilteredVamana,1.0,Post-filter,FilteredVamana,StitchedVamana,UNG,StitchedVamana
547,ytb_audio,and,SIEVE,1.0,SIEVE,UNG,UNG,UNG,Post-filter
547,ytb_audio,equal,UNG,1.0,UNG,UNG,UNG,UNG,Post-filter
547,ytb_audio,or,StitchedVamana,1.0,Post-filter,UNG,FilteredVamana,UNG,Post-filter
548,LAION1M,and,UNG,1.0,UNG,UNG,UNG,UNG,UNG
548,LAION1M,equal,UNG,1.0,UNG,UNG,UNG,UNG,UNG
548,LAION1M,or,UNG,1.0,Post-filter,UNG,UNG,UNG,StitchedVamana
548,tripclick,and,UNG,1.0,UNG,UNG,UNG,UNG,UNG
548,tripclick,equal,UNG,1.0,UNG,UNG,UNG,UNG,UNG
548,tripclick,or,UNG,1.0,Post-filter,UNG,UNG,UNG,UNG
548,yfcc,and,UNG,1.0,SIEVE,UNG,UNG,UNG,StitchedVamana
548,yfcc,equal,UNG,1.0,UNG,UNG,UNG,UNG,StitchedVamana
548,yfcc,or,FilteredVamana,1.0,Post-filter,FilteredVamana,StitchedVamana,UNG,StitchedVamana
548,ytb_audio,and,SIEVE,1.0,SIEVE,UNG,UNG,UNG,Post-filter
548,ytb_audio,equal,UNG,1.0,UNG,UNG,UNG,UNG,Post-filter
548,ytb_audio,or,SIEVE,1.0,Post-filter,UNG,UNG,UNG,Post-filter
549,LAION1M,and,UNG,1.0,UNG,UNG,UNG,UNG,UNG
549,LAION1M,equal,UNG,1.0,UNG,UNG,UNG,UNG,UNG
549,LAION1M,or,UNG,1.0,Post-filter,UNG,UNG,UNG,StitchedVamana
549,tripclick,and,UNG,1.0,UNG,UNG,UNG,UNG,UNG
549,tripclick,equal,UNG,1.0,UNG,UNG,UNG,UNG,UNG
549,tripclick,or,UNG,1.0,Post-filter,UNG,UNG,UNG,UNG
549,yfcc,and,Post-filter,1.0,SIEVE,UNG,UNG,UNG,StitchedVamana
549,yfcc,equal,UNG,1.0,UNG,UNG,UNG,UNG,StitchedVamana
549,yfcc,or,FilteredVamana,1.0,Post-filter,StitchedVamana,StitchedVamana,UNG,StitchedVamana
549,ytb_audio,and,UNG,1.0,SIEVE,UNG,UNG,UNG,Post-filter
549,ytb_audio,equal,UNG,1.0,UNG,UNG,UNG,UNG,Post-filter
549,ytb_audio,or,UNG,1.0,Post-filter,UNG,UNG,UNG,Post-filter
550,LAION1M,and,UNG,1.0,UNG,UNG,UNG,UNG,UNG
550,LAION1M,equal,UNG,1.0,UNG,UNG,UNG,UNG,UNG
550,LAION1M,or,UNG,1.0,Post-filter,UNG,UNG,UNG,UNG
550,tripclick,and,UNG,1.0,UNG,UNG,UNG,UNG,UNG
550,tripclick,equal,UNG,1.0,UNG,UNG,UNG,UNG,UNG
550,tripclick,or,UNG,1.0,Post-filter,UNG,UNG,UNG,UNG
550,yfcc,and,UNG,1.0,SIEVE,UNG,UNG,UNG,StitchedVamana
550,yfcc,equal,UNG,1.0,UNG,UNG,UNG,UNG,StitchedVamana
550,yfcc,or,FilteredVamana,1.0,Post-filter,StitchedVamana,StitchedVamana,UNG,StitchedVamana
550,ytb_audio,and,UNG,1.0,SIEVE,UNG,UNG,UNG,Post-filter
550,ytb_audio,equal,UNG,1.0,UNG,UNG,UNG,UNG,Post-filter
550,ytb_audio,or,StitchedVamana,1.0,Post-filter,UNG,UNG,UNG,Post-filter
551,LAION1M,and,UNG,1.0,UNG,Post-filter,UNG,UNG,UNG
551,LAION1M,equal,UNG,1.0,UNG,UNG,UNG,UNG,UNG
551,LAION1M,or,UNG,1.0,Post-filter,UNG,UNG,UNG,UNG
551,tripclick,and,Post-filter,1.0,UNG,UNG,UNG,UNG,UNG
551,tripclick,equal,UNG,1.0,UNG,UNG,UNG,UNG,UNG
551,tripclick,or,UNG,1.0,Post-filter,UNG,UNG,UNG,UNG
551,yfcc,and,UNG,1.0,SIEVE,UNG,UNG,UNG,StitchedVamana
551,yfcc,equal,UNG,1.0,UNG,UNG,UNG,UNG,StitchedVamana
551,yfcc,or,FilteredVamana,1.0,Post-filter,StitchedVamana,StitchedVamana,UNG,StitchedVamana
551,ytb_audio,and,UNG,1.0,SIEVE,UNG,UNG,UNG,Post-filter
551,ytb_audio,equal,UNG,1.0,UNG,UNG,UNG,UNG,Post-filter
551,ytb_audio,or,StitchedVamana,1.0,Post-filter,UNG,FilteredVamana,UNG,Post-filter
552,LAION1M,and,UNG,1.0,UNG,UNG,UNG,UNG,UNG
552,LAION1M,equal,UNG,1.0,UNG,UNG,UNG,UNG,UNG
552,LAION1M,or,UNG,1.0,Post-filter,Post-filter,UNG,FilteredVamana,StitchedVamana
552,tripclick,and,UNG,1.0,UNG,UNG,UNG,UNG,UNG
552,tripclick,equal,UNG,1.0,UNG,UNG,UNG,UNG,UNG
552,tripclick,or,UNG,1.0,Post-filter,UNG,UNG,UNG,UNG
552,yfcc,and,FilteredVamana,1.0,SIEVE,UNG,UNG,UNG,StitchedVamana
552,yfcc,equal,UNG,1.0,UNG,UNG,UNG,UNG,StitchedVamana
552,yfcc,or,FilteredVamana,1.0,Post-filter,StitchedVamana,StitchedVamana,UNG,StitchedVamana
552,ytb_audio,and,SIEVE,1.0,SIEVE,UNG,UNG,UNG,Post-filter
552,ytb_audio,equal,UNG,1.0,UNG,UNG,UNG,UNG,Post-filter
552,ytb_audio,or,StitchedVamana,1.0,Post-filter,UNG,FilteredVamana,UNG,Post-filter
553,LAION1M,and,UNG,1.0,UNG,UNG,UNG,UNG,UNG
553,LAION1M,equal,UNG,1.0,UNG,UNG,UNG,UNG,UNG
553,LAION1M,or,UNG,1.0,Post-filter,Post-filter,UNG,FilteredVamana,StitchedVamana
553,tripclick,and,UNG,1.0,UNG,UNG,UNG,UNG,UNG
553,tripclick,equal,UNG,1.0,UNG,UNG,UNG,UNG,UNG
553,tripclick,or,UNG,1.0,Post-filter,UNG,UNG,UNG,UNG
553,yfcc,and,UNG,1.0,SIEVE,UNG,UNG,UNG,StitchedVamana
553,yfcc,equal,UNG,1.0,UNG,UNG,UNG,UNG,StitchedVamana
553,yfcc,or,FilteredVamana,1.0,Post-filter,FilteredVamana,StitchedVamana,UNG,StitchedVamana
553,ytb_audio,and,UNG,1.0,SIEVE,UNG,UNG,UNG,Post-filter
553,ytb_audio,equal,UNG,1.0,UNG,UNG,UNG,UNG,Post-filter
553,ytb_audio,or,StitchedVamana,1.0,Post-filter,UNG,FilteredVamana,UNG,Post-filter
554,LAION1M,and,UNG,1.0,UNG,Post-filter,UNG,UNG,UNG
554,LAION1M,equal,UNG,1.0,UNG,UNG,UNG,UNG,UNG
554,LAION1M,or,UNG,1.0,Post-filter,UNG,UNG,UNG,UNG
554,tripclick,and,Post-filter,1.0,UNG,UNG,UNG,UNG,UNG
554,tripclick,equal,UNG,1.0,UNG,UNG,UNG,UNG,UNG
554,tripclick,or,UNG,1.0,Post-filter,UNG,UNG,UNG,UNG
554,yfcc,and,UNG,1.0,SIEVE,UNG,UNG,UNG,StitchedVamana
554,yfcc,equal,UNG,1.0,UNG,UNG,UNG,UNG,StitchedVamana
554,yfcc,or,FilteredVamana,1.0,Post-filter,StitchedVamana,StitchedVamana,UNG,StitchedVamana
554,ytb_audio,and,UNG,1.0,SIEVE,UNG,UNG,UNG,Post-filter
554,ytb_audio,equal,UNG,1.0,UNG,UNG,UNG,UNG,Post-filter
554,ytb_audio,or,UNG,1.0,Post-filter,UNG,UNG,UNG,Post-filter
555,LAION1M,and,UNG,1.0,UNG,UNG,UNG,UNG,UNG
555,LAION1M,equal,UNG,1.0,UNG,UNG,UNG,UNG,UNG
555,LAION1M,or,UNG,1.0,Post-filter,Post-filter,UNG,FilteredVamana,StitchedVamana
555,tripclick,and,UNG,1.0,UNG,UNG,UNG,UNG,UNG
555,tripclick,equal,UNG,1.0,UNG,UNG,UNG,UNG,UNG
555,tripclick,or,UNG,1.0,Post-filter,UNG,UNG,UNG,UNG
555,yfcc,and,FilteredVamana,1.0,SIEVE,UNG,UNG,UNG,StitchedVamana
555,yfcc,equal,UNG,1.0,UNG,UNG,UNG,UNG,StitchedVamana
555,yfcc,or,FilteredVamana,1.0,Post-filter,StitchedVamana,StitchedVamana,UNG,StitchedVamana
555,ytb_audio,and,SIEVE,1.0,SIEVE,UNG,UNG,UNG,Post-filter
555,ytb_audio,equal,UNG,1.0,UNG,UNG,UNG,UNG,Post-filter
555,ytb_audio,or,StitchedVamana,1.0,Post-filter,UNG,FilteredVamana,UNG,Post-filter
556,LAION1M,and,UNG,1.0,UNG,UNG,UNG,UNG,UNG
556,LAION1M,equal,UNG,1.0,UNG,UNG,UNG,UNG,UNG
556,LAION1M,or,UNG,1.0,Post-filter,UNG,UNG,UNG,UNG
556,tripclick,and,UNG,1.0,UNG,UNG,UNG,UNG,UNG
556,tripclick,equal,UNG,1.0,UNG,UNG,UNG,UNG,UNG
556,tripclick,or,UNG,1.0,Post-filter,UNG,UNG,UNG,UNG
556,yfcc,and,FilteredVamana,1.0,SIEVE,UNG,UNG,UNG,StitchedVamana
556,yfcc,equal,UNG,1.0,UNG,UNG,UNG,UNG,StitchedVamana
556,yfcc,or,FilteredVamana,1.0,Post-filter,StitchedVamana,StitchedVamana,UNG,StitchedVamana
556,ytb_audio,and,SIEVE,1.0,SIEVE,UNG,UNG,UNG,Post-filter
556,ytb_audio,equal,UNG,1.0,UNG,UNG,UNG,UNG,Post-filter
556,ytb_audio,or,StitchedVamana,1.0,Post-filter,UNG,FilteredVamana,UNG,Post-filter
557,LAION1M,and,UNG,1.0,UNG,Post-filter,UNG,UNG,UNG
557,LAION1M,equal,UNG,1.0,UNG,UNG,UNG,UNG,UNG
557,LAION1M,or,UNG,1.0,Post-filter,Post-filter,UNG,UNG,UNG
557,tripclick,and,UNG,1.0,UNG,UNG,UNG,UNG,UNG
557,tripclick,equal,UNG,1.0,UNG,UNG,UNG,UNG,UNG
557,tripclick,or,UNG,1.0,Post-filter,UNG,UNG,UNG,UNG
557,yfcc,and,UNG,1.0,SIEVE,UNG,UNG,UNG,StitchedVamana
557,yfcc,equal,UNG,1.0,UNG,UNG,UNG,UNG,StitchedVamana
557,yfcc,or,FilteredVamana,1.0,Post-filter,StitchedVamana,StitchedVamana,UNG,StitchedVamana
557,ytb_audio,and,UNG,1.0,SIEVE,UNG,UNG,UNG,Post-filter
557,ytb_audio,equal,UNG,1.0,UNG,UNG,UNG,UNG,Post-filter
557,ytb_audio,or,StitchedVamana,1.0,Post-filter,UNG,UNG,UNG,Post-filter
558,LAION1M,and,UNG,1.0,UNG,UNG,UNG,UNG,UNG
558,LAION1M,equal,UNG,1.0,UNG,UNG,UNG,UNG,UNG
558,LAION1M,or,UNG,1.0,Post-filter,UNG,UNG,UNG,StitchedVamana
558,tripclick,and,Post-filter,1.0,UNG,UNG,UNG,UNG,UNG
558,tripclick,equal,UNG,1.0,UNG,UNG,UNG,UNG,UNG
558,tripclick,or,UNG,1.0,Post-filter,UNG,UNG,UNG,UNG
558,yfcc,and,UNG,1.0,SIEVE,UNG,UNG,UNG,StitchedVamana
558,yfcc,equal,UNG,1.0,UNG,UNG,UNG,UNG,StitchedVamana
558,yfcc,or,FilteredVamana,1.0,Post-filter,StitchedVamana,StitchedVamana,UNG,StitchedVamana
558,ytb_audio,and,UNG,1.0,SIEVE,UNG,UNG,UNG,Post-filter
558,ytb_audio,equal,UNG,1.0,UNG,UNG,UNG,UNG,Post-filter
558,ytb_audio,or,UNG,1.0,Post-filter,UNG,UNG,UNG,Post-filter
559,LAION1M,and,UNG,1.0,UNG,UNG,UNG,UNG,UNG
559,LAION1M,equal,UNG,1.0,UNG,UNG,UNG,UNG,UNG
559,LAION1M,or,UNG,1.0,Post-filter,UNG,UNG,UNG,UNG
559,tripclick,and,UNG,1.0,UNG,UNG,UNG,UNG,UNG
559,tripclick,equal,UNG,1.0,UNG,UNG,UNG,UNG,UNG
559,tripclick,or,Post-filter,1.0,Post-filter,UNG,UNG,UNG,UNG
559,yfcc,and,FilteredVamana,1.0,SIEVE,UNG,UNG,UNG,StitchedVamana
559,yfcc,equal,UNG,1.0,UNG,UNG,UNG,UNG,StitchedVamana
559,yfcc,or,FilteredVamana,1.0,Post-filter,StitchedVamana,StitchedVamana,UNG,StitchedVamana
559,ytb_audio,and,SIEVE,1.0,SIEVE,UNG,UNG,UNG,Post-filter
559,ytb_audio,equal,UNG,1.0,UNG,UNG,UNG,UNG,Post-filter
559,ytb_audio,or,StitchedVamana,1.0,Post-filter,UNG,UNG,UNG,Post-filter
560,LAION1M,and,UNG,1.0,UNG,UNG,UNG,UNG,UNG
560,LAION1M,equal,UNG,1.0,UNG,UNG,UNG,UNG,UNG
560,LAION1M,or,UNG,1.0,Post-filter,Post-filter,UNG,UNG,UNG
560,tripclick,and,UNG,1.0,UNG,UNG,UNG,UNG,UNG
560,tripclick,equal,UNG,1.0,UNG,UNG,UNG,UNG,UNG
560,tripclick,or,UNG,1.0,Post-filter,UNG,UNG,UNG,UNG
560,yfcc,and,UNG,1.0,SIEVE,UNG,UNG,UNG,StitchedVamana
560,yfcc,equal,UNG,1.0,UNG,UNG,UNG,UNG,StitchedVamana
560,yfcc,or,FilteredVamana,1.0,Post-filter,StitchedVamana,UNG,UNG,StitchedVamana
560,ytb_audio,and,SIEVE,1.0,SIEVE,UNG,UNG,UNG,Post-filter
560,ytb_audio,equal,UNG,1.0,UNG,UNG,UNG,UNG,Post-filter
560,ytb_audio,or,StitchedVamana,1.0,Post-filter,UNG,UNG,UNG,Post-filter
561,LAION1M,and,UNG,1.0,UNG,UNG,UNG,UNG,UNG
561,LAION1M,equal,UNG,1.0,UNG,UNG,UNG,UNG,UNG
561,LAION1M,or,UNG,1.0,Post-filter,Post-filter,UNG,UNG,UNG
561,tripclick,and,Post-filter,1.0,UNG,UNG,UNG,UNG,UNG
561,tripclick,equal,UNG,1.0,UNG,UNG,UNG,UNG,UNG
561,tripclick,or,UNG,1.0,Post-filter,UNG,UNG,UNG,UNG
561,yfcc,and,FilteredVamana,1.0,SIEVE,UNG,UNG,UNG,StitchedVamana
561,yfcc,equal,UNG,1.0,UNG,UNG,UNG,UNG,StitchedVamana
561,yfcc,or,FilteredVamana,1.0,Post-filter,StitchedVamana,StitchedVamana,UNG,StitchedVamana
561,ytb_audio,and,UNG,0.7,SIEVE,UNG,UNG,UNG,Post-filter
561,ytb_audio,equal,UNG,1.0,UNG,UNG,UNG,UNG,Post-filter
561,ytb_audio,or,UNG,1.0,Post-filter,UNG,FilteredVamana,UNG,Post-filter
562,LAION1M,and,UNG,1.0,UNG,UNG,UNG,UNG,UNG
562,LAION1M,equal,UNG,1.0,UNG,UNG,UNG,UNG,UNG
562,LAION1M,or,UNG,1.0,Post-filter,Post-filter,UNG,UNG,StitchedVamana
562,tripclick,and,UNG,1.0,UNG,UNG,UNG,UNG,UNG
562,tripclick,equal,UNG,1.0,UNG,UNG,UNG,UNG,UNG
562,tripclick,or,UNG,1.0,Post-filter,UNG,UNG,UNG,UNG
562,yfcc,and,FilteredVamana,1.0,SIEVE,UNG,UNG,UNG,StitchedVamana
562,yfcc,equal,UNG,1.0,UNG,UNG,UNG,UNG,StitchedVamana
562,yfcc,or,FilteredVamana,1.0,Post-filter,StitchedVamana,StitchedVamana,UNG,StitchedVamana
562,ytb_audio,and,UNG,1.0,SIEVE,UNG,UNG,UNG,Post-filter
562,ytb_audio,equal,UNG,1.0,UNG,UNG,UNG,UNG,Post-filter
562,ytb_audio,or,StitchedVamana,1.0,Post-filter,UNG,FilteredVamana,UNG,Post-filter
563,LAION1M,and,UNG,1.0,UNG,Post-filter,UNG,UNG,UNG
563,LAION1M,equal,UNG,1.0,UNG,UNG,UNG,UNG,UNG
563,LAION1M,or,UNG,1.0,Post-filter,Post-filter,UNG,UNG,UNG
563,tripclick,and,UNG,1.0,UNG,UNG,UNG,UNG,UNG
563,tripclick,equal,UNG,1.0,UNG,UNG,UNG,UNG,UNG
563,tripclick,or,UNG,1.0,Post-filter,UNG,UNG,UNG,UNG
563,yfcc,and,UNG,1.0,SIEVE,UNG,UNG,UNG,StitchedVamana
563,yfcc,equal,UNG,1.0,UNG,UNG,UNG,UNG,StitchedVamana
563,yfcc,or,FilteredVamana,1.0,Post-filter,StitchedVamana,UNG,UNG,StitchedVamana
563,ytb_audio,and,SIEVE,1.0,SIEVE,UNG,UNG,UNG,Post-filter
563,ytb_audio,equal,UNG,1.0,UNG,UNG,UNG,UNG,Post-filter
563,ytb_audio,or,StitchedVamana,1.0,Post-filter,UNG,FilteredVamana,UNG,Post-filter
564,LAION1M,and,UNG,1.0,UNG,UNG,UNG,UNG,UNG
564,LAION1M,equal,UNG,1.0,UNG,UNG,UNG,UNG,UNG
564,LAION1M,or,UNG,1.0,Post-filter,Post-filter,UNG,UNG,UNG
564,tripclick,and,Post-filter,1.0,UNG,UNG,UNG,UNG,UNG
564,tripclick,equal,UNG,1.0,UNG,UNG,UNG,UNG,UNG
564,tripclick,or,UNG,1.0,Post-filter,UNG,UNG,UNG,UNG
564,yfcc,and,UNG,1.0,SIEVE,UNG,UNG,UNG,StitchedVamana
564,yfcc,equal,UNG,1.0,UNG,UNG,UNG,UNG,StitchedVamana
564,yfcc,or,FilteredVamana,1.0,Post-filter,StitchedVamana,StitchedVamana,UNG,StitchedVamana
564,ytb_audio,and,SIEVE,1.0,SIEVE,UNG,UNG,UNG,Post-filter
564,ytb_audio,equal,UNG,1.0,UNG,UNG,UNG,UNG,Post-filter
564,ytb_audio,or,UNG,1.0,Post-filter,UNG,UNG,UNG,Post-filter
565,LAION1M,and,UNG,1.0,UNG,UNG,UNG,UNG,UNG
565,LAION1M,equal,UNG,1.0,UNG,UNG,UNG,UNG,UNG
565,LAION1M,or,UNG,1.0,Post-filter,UNG,UNG,UNG,StitchedVamana
565,tripclick,and,UNG,1.0,UNG,UNG,UNG,UNG,UNG
565,tripclick,equal,UNG,1.0,UNG,UNG,UNG,UNG,UNG
565,tripclick,or,Post-filter,1.0,Post-filter,UNG,UNG,UNG,UNG
565,yfcc,and,UNG,1.0,SIEVE,UNG,UNG,UNG,StitchedVamana
565,yfcc,equal,UNG,1.0,UNG,UNG,UNG,UNG,StitchedVamana
565,yfcc,or,Post-filter,1.0,Post-filter,StitchedVamana,StitchedVamana,UNG,StitchedVamana
565,ytb_audio,and,SIEVE,1.0,SIEVE,UNG,UNG,UNG,Post-filter
565,ytb_audio,equal,UNG,1.0,UNG,UNG,UNG,UNG,Post-filter
565,ytb_audio,or,StitchedVamana,1.0,Post-filter,UNG,UNG,UNG,Post-filter
566,LAION1M,and,UNG,1.0,UNG,Post-filter,UNG,UNG,UNG
566,LAION1M,equal,UNG,1.0,UNG,UNG,UNG,UNG,UNG
566,LAION1M,or,UNG,1.0,Post-filter,Post-filter,UNG,UNG,UNG
566,tripclick,and,UNG,1.0,UNG,UNG,UNG,UNG,UNG
566,tripclick,equal,UNG,1.0,UNG,UNG,UNG,UNG,UNG
566,tripclick,or,UNG,1.0,Post-filter,UNG,UNG,UNG,UNG
566,yfcc,and,UNG,1.0,SIEVE,UNG,UNG,UNG,StitchedVamana
566,yfcc,equal,UNG,1.0,UNG,UNG,UNG,UNG,StitchedVamana
566,yfcc,or,FilteredVamana,1.0,Post-filter,StitchedVamana,StitchedVamana,UNG,StitchedVamana
566,ytb_audio,and,UNG,1.0,SIEVE,UNG,UNG,UNG,Post-filter
566,ytb_audio,equal,UNG,1.0,UNG,UNG,UNG,UNG,Post-filter
566,ytb_audio,or,SIEVE,1.0,Post-filter,UNG,UNG,UNG,Post-filter
567,LAION1M,and,UNG,1.0,UNG,UNG,UNG,UNG,UNG
567,LAION1M,equal,UNG,1.0,UNG,UNG,UNG,UNG,UNG
567,LAION1M,or,UNG,1.0,Post-filter,Post-filter,UNG,UNG,UNG
567,tripclick,and,UNG,1.0,UNG,UNG,UNG,UNG,UNG
567,tripclick,equal,UNG,1.0,UNG,UNG,UNG,UNG,UNG
567,tripclick,or,UNG,1.0,Post-filter,UNG,UNG,UNG,UNG
567,yfcc,and,FilteredVamana,1.0,SIEVE,UNG,UNG,UNG,StitchedVamana
567,yfcc,equal,UNG,1.0,UNG,UNG,UNG,UNG,StitchedVamana
567,yfcc,or,FilteredVamana,1.0,Post-filter,StitchedVamana,StitchedVamana,UNG,StitchedVamana
567,ytb_audio,and,UNG,1.0,SIEVE,UNG,UNG,UNG,Post-filter
567,ytb_audio,equal,UNG,1.0,UNG,UNG,UNG,UNG,Post-filter
567,ytb_audio,or,UNG,1.0,Post-filter,UNG,UNG,UNG,Post-filter
568,LAION1M,and,UNG,1.0,UNG,UNG,UNG,UNG,UNG
568,LAION1M,equal,UNG,1.0,UNG,UNG,UNG,UNG,UNG
568,LAION1M,or,UNG,1.0,Post-filter,UNG,UNG,UNG,StitchedVamana
568,tripclick,and,UNG,1.0,UNG,UNG,UNG,UNG,UNG
568,tripclick,equal,UNG,1.0,UNG,UNG,UNG,UNG,UNG
568,tripclick,or,UNG,1.0,Post-filter,UNG,UNG,UNG,UNG
568,yfcc,and,UNG,1.0,SIEVE,UNG,UNG,UNG,StitchedVamana
568,yfcc,equal,UNG,1.0,UNG,UNG,UNG,UNG,StitchedVamana
568,yfcc,or,FilteredVamana,1.0,Post-filter,StitchedVamana,StitchedVamana,UNG,StitchedVamana
568,ytb_audio,and,UNG,1.0,SIEVE,UNG,UNG,UNG,Post-filter
568,ytb_audio,equal,UNG,1.0,UNG,UNG,UNG,UNG,Post-filter
568,ytb_audio,or,StitchedVamana,1.0,Post-filter,UNG,FilteredVamana,UNG,Post-filter
569,LAION1M,and,UNG,1.0,UNG,UNG,UNG,UNG,UNG
569,LAION1M,equal,UNG,1.0,UNG,UNG,UNG,UNG,UNG
569,LAION1M,or,UNG,1.0,Post-filter,Post-filter,UNG,UNG,UNG
569,tripclick,and,UNG,1.0,UNG,UNG,UNG,UNG,UNG
569,tripclick,equal,UNG,1.0,UNG,UNG,UNG,UNG,UNG
569,tripclick,or,UNG,1.0,Post-filter,UNG,UNG,UNG,UNG
569,yfcc,and,FilteredVamana,1.0,SIEVE,UNG,UNG,UNG,StitchedVamana
569,yfcc,equal,UNG,1.0,UNG,UNG,UNG,UNG,StitchedVamana
569,yfcc,or,FilteredVamana,1.0,Post-filter,FilteredVamana,StitchedVamana,UNG,StitchedVamana
569,ytb_audio,and,UNG,1.0,SIEVE,UNG,UNG,UNG,Post-filter
569,ytb_audio,equal,UNG,1.0,UNG,UNG,UNG,UNG,Post-filter
569,ytb_audio,or,StitchedVamana,1.0,Post-filter,UNG,FilteredVamana,UNG,Post-filter
570,LAION1M,and,UNG,1.0,UNG,UNG,UNG,UNG,UNG
570,LAION1M,equal,UNG,1.0,UNG,UNG,UNG,UNG,UNG
570,LAION1M,or,UNG,1.0,Post-filter,Post-filter,UNG,FilteredVamana,StitchedVamana
570,tripclick,and,UNG,1.0,UNG,UNG,UNG,UNG,UNG
570,tripclick,equal,UNG,1.0,UNG,UNG,UNG,UNG,UNG
570,tripclick,or,UNG,1.0,Post-filter,UNG,UNG,UNG,UNG
570,yfcc,and,UNG,1.0,SIEVE,UNG,UNG,UNG,StitchedVamana
570,yfcc,equal,UNG,1.0,UNG,UNG,UNG,UNG,StitchedVamana
570,yfcc,or,FilteredVamana,1.0,Post-filter,FilteredVamana,StitchedVamana,UNG,StitchedVamana
570,ytb_audio,and,UNG,1.0,SIEVE,UNG,UNG,UNG,Post-filter
570,ytb_audio,equal,UNG,0.8,UNG,UNG,UNG,UNG,Post-filter
570,ytb_audio,or,StitchedVamana,1.0,Post-filter,UNG,FilteredVamana,UNG,Post-filter
571,LAION1M,and,UNG,1.0,UNG,UNG,UNG,UNG,UNG
571,LAION1M,equal,UNG,1.0,UNG,UNG,UNG,UNG,UNG
571,LAION1M,or,UNG,1.0,Post-filter,Post-filter,UNG,UNG,UNG
571,tripclick,and,Post-filter,1.0,UNG,UNG,UNG,UNG,UNG
571,tripclick,equal,UNG,1.0,UNG,UNG,UNG,UNG,UNG
571,tripclick,or,UNG,1.0,Post-filter,UNG,UNG,UNG,UNG
571,yfcc,and,UNG,1.0,SIEVE,UNG,UNG,UNG,StitchedVamana
571,yfcc,equal,UNG,1.0,UNG,UNG,UNG,UNG,StitchedVamana
571,yfcc,or,FilteredVamana,1.0,Post-filter,StitchedVamana,StitchedVamana,UNG,StitchedVamana
571,ytb_audio,and,UNG,1.0,SIEVE,UNG,UNG,UNG,Post-filter
571,ytb_audio,equal,UNG,1.0,UNG,UNG,UNG,UNG,Post-filter
571,ytb_audio,or,StitchedVamana,1.0,Post-filter,UNG,FilteredVamana,UNG,Post-filter
572,LAION1M,and,UNG,1.0,UNG,UNG,UNG,UNG,UNG
572,LAION1M,equal,UNG,1.0,UNG,UNG,UNG,UNG,UNG
572,LAION1M,or,UNG,1.0,Post-filter,Post-filter,UNG,UNG,UNG
572,tripclick,and,UNG,1.0,UNG,UNG,UNG,UNG,UNG
572,tripclick,equal,UNG,1.0,UNG,UNG,UNG,UNG,UNG
572,tripclick,or,UNG,1.0,Post-filter,UNG,UNG,UNG,UNG
572,yfcc,and,UNG,1.0,SIEVE,UNG,UNG,UNG,StitchedVamana
572,yfcc,equal,UNG,1.0,UNG,UNG,UNG,UNG,StitchedVamana
572,yfcc,or,FilteredVamana,1.0,Post-filter,StitchedVamana,StitchedVamana,UNG,StitchedVamana
572,ytb_audio,and,SIEVE,1.0,SIEVE,UNG,UNG,UNG,Post-filter
572,ytb_audio,equal,UNG,1.0,UNG,UNG,UNG,UNG,Post-filter
572,ytb_audio,or,UNG,1.0,Post-filter,UNG,UNG,UNG,Post-filter
573,LAION1M,and,UNG,1.0,UNG,UNG,UNG,UNG,UNG
573,LAION1M,equal,UNG,1.0,UNG,UNG,UNG,UNG,UNG
573,LAION1M,or,UNG,1.0,Post-filter,Post-filter,UNG,UNG,UNG
573,tripclick,and,Post-filter,1.0,UNG,UNG,UNG,UNG,UNG
573,tripclick,equal,UNG,1.0,UNG,UNG,UNG,UNG,UNG
573,tripclick,or,UNG,1.0,Post-filter,UNG,UNG,UNG,UNG
573,yfcc,and,UNG,1.0,SIEVE,UNG,UNG,UNG,StitchedVamana
573,yfcc,equal,UNG,1.0,UNG,UNG,UNG,UNG,StitchedVamana
573,yfcc,or,FilteredVamana,1.0,Post-filter,StitchedVamana,StitchedVamana,UNG,StitchedVamana
573,ytb_audio,and,SIEVE,1.0,SIEVE,UNG,UNG,UNG,Post-filter
573,ytb_audio,equal,UNG,1.0,UNG,UNG,UNG,UNG,Post-filter
573,ytb_audio,or,StitchedVamana,1.0,Post-filter,UNG,FilteredVamana,UNG,Post-filter
574,LAION1M,and,UNG,1.0,UNG,UNG,UNG,UNG,UNG
574,LAION1M,equal,UNG,1.0,UNG,UNG,UNG,UNG,UNG
574,LAION1M,or,UNG,1.0,Post-filter,UNG,UNG,UNG,UNG
574,tripclick,and,UNG,1.0,UNG,UNG,UNG,UNG,UNG
574,tripclick,equal,UNG,1.0,UNG,UNG,UNG,UNG,UNG
574,tripclick,or,UNG,1.0,Post-filter,UNG,UNG,UNG,UNG
574,yfcc,and,FilteredVamana,1.0,SIEVE,UNG,UNG,UNG,StitchedVamana
574,yfcc,equal,UNG,1.0,UNG,UNG,UNG,UNG,StitchedVamana
574,yfcc,or,FilteredVamana,1.0,Post-filter,StitchedVamana,StitchedVamana,UNG,StitchedVamana
574,ytb_audio,and,UNG,1.0,SIEVE,UNG,UNG,UNG,Post-filter
574,ytb_audio,equal,UNG,1.0,UNG,UNG,UNG,UNG,Post-filter
574,ytb_audio,or,StitchedVamana,1.0,Post-filter,UNG,UNG,UNG,Post-filter
575,LAION1M,and,UNG,1.0,UNG,UNG,UNG,UNG,UNG
575,LAION1M,equal,UNG,1.0,UNG,UNG,UNG,UNG,UNG
575,LAION1M,or,UNG,1.0,Post-filter,Post-filter,UNG,UNG,UNG
575,tripclick,and,UNG,1.0,UNG,UNG,UNG,UNG,UNG
575,tripclick,equal,UNG,1.0,UNG,UNG,UNG,UNG,UNG
575,tripclick,or,UNG,1.0,Post-filter,UNG,UNG,UNG,UNG
575,yfcc,and,UNG,1.0,SIEVE,UNG,UNG,UNG,StitchedVamana
575,yfcc,equal,UNG,1.0,UNG,UNG,UNG,UNG,StitchedVamana
575,yfcc,or,FilteredVamana,1.0,Post-filter,StitchedVamana,StitchedVamana,UNG,StitchedVamana
575,ytb_audio,and,UNG,1.0,SIEVE,UNG,UNG,UNG,Post-filter
575,ytb_audio,equal,UNG,1.0,UNG,UNG,UNG,UNG,Post-filter
575,ytb_audio,or,Post-filter,1.0,Post-filter,UNG,UNG,UNG,Post-filter
576,LAION1M,and,UNG,1.0,UNG,UNG,UNG,UNG,UNG
576,LAION1M,equal,UNG,1.0,UNG,UNG,UNG,UNG,UNG
576,LAION1M,or,UNG,1.0,Post-filter,Post-filter,UNG,FilteredVamana,StitchedVamana
576,tripclick,and,UNG,1.0,UNG,UNG,UNG,UNG,UNG
576,tripclick,equal,UNG,1.0,UNG,UNG,UNG,UNG,UNG
576,tripclick,or,UNG,1.0,Post-filter,UNG,UNG,UNG,UNG
576,yfcc,and,FilteredVamana,1.0,SIEVE,UNG,UNG,UNG,StitchedVamana
576,yfcc,equal,UNG,1.0,UNG,UNG,UNG,UNG,StitchedVamana
576,yfcc,or,FilteredVamana,1.0,Post-filter,StitchedVamana,StitchedVamana,UNG,StitchedVamana
576,ytb_audio,and,UNG,1.0,SIEVE,UNG,UNG,UNG,Post-filter
576,ytb_audio,equal,UNG,1.0,UNG,UNG,UNG,UNG,Post-filter
576,ytb_audio,or,Post-filter,1.0,Post-filter,UNG,FilteredVamana,UNG,Post-filter
577,LAION1M,and,UNG,1.0,UNG,Post-filter,UNG,UNG,UNG
577,LAION1M,equal,UNG,1.0,UNG,UNG,UNG,UNG,UNG
577,LAION1M,or,UNG,1.0,Post-filter,UNG,UNG,UNG,StitchedVamana
577,tripclick,and,UNG,1.0,UNG,UNG,UNG,UNG,UNG
577,tripclick,equal,UNG,1.0,UNG,UNG,UNG,UNG,UNG
577,tripclick,or,UNG,1.0,Post-filter,UNG,UNG,UNG,UNG
577,yfcc,and,UNG,1.0,SIEVE,UNG,UNG,UNG,StitchedVamana
577,yfcc,equal,UNG,1.0,UNG,UNG,UNG,UNG,StitchedVamana
577,yfcc,or,FilteredVamana,1.0,Post-filter,StitchedVamana,StitchedVamana,UNG,StitchedVamana
577,ytb_audio,and,UNG,1.0,SIEVE,UNG,UNG,UNG,Post-filter
577,ytb_audio,equal,UNG,1.0,UNG,UNG,UNG,UNG,Post-filter
577,ytb_audio,or,Post-filter,1.0,Post-filter,UNG,UNG,UNG,Post-filter
578,LAION1M,and,UNG,1.0,UNG,UNG,UNG,UNG,UNG
578,LAION1M,equal,UNG,1.0,UNG,UNG,UNG,UNG,UNG
578,LAION1M,or,UNG,1.0,Post-filter,UNG,UNG,FilteredVamana,StitchedVamana
578,tripclick,and,UNG,1.0,UNG,UNG,UNG,UNG,UNG
578,tripclick,equal,UNG,1.0,UNG,UNG,UNG,UNG,UNG
578,tripclick,or,UNG,1.0,Post-filter,UNG,UNG,UNG,UNG
578,yfcc,and,UNG,1.0,SIEVE,UNG,UNG,UNG,StitchedVamana
578,yfcc,equal,UNG,1.0,UNG,UNG,UNG,UNG,StitchedVamana
578,yfcc,or,FilteredVamana,1.0,Post-filter,FilteredVamana,StitchedVamana,UNG,StitchedVamana
578,ytb_audio,and,UNG,1.0,SIEVE,UNG,UNG,UNG,Post-filter
578,ytb_audio,equal,UNG,1.0,UNG,UNG,UNG,UNG,Post-filter
578,ytb_audio,or,SIEVE,1.0,Post-filter,UNG,UNG,UNG,Post-filter
579,LAION1M,and,UNG,1.0,UNG,UNG,UNG,UNG,UNG
579,LAION1M,equal,UNG,1.0,UNG,UNG,UNG,UNG,UNG
579,LAION1M,or,UNG,1.0,Post-filter,Post-filter,UNG,UNG,UNG
579,tripclick,and,UNG,1.0,UNG,UNG,UNG,UNG,UNG
579,tripclick,equal,UNG,1.0,UNG,UNG,UNG,UNG,UNG
579,tripclick,or,UNG,1.0,Post-filter,UNG,UNG,UNG,UNG
579,yfcc,and,UNG,1.0,SIEVE,UNG,UNG,UNG,StitchedVamana
579,yfcc,equal,UNG,1.0,UNG,UNG,UNG,UNG,StitchedVamana
579,yfcc,or,FilteredVamana,1.0,Post-filter,StitchedVamana,StitchedVamana,UNG,StitchedVamana
579,ytb_audio,and,UNG,1.0,SIEVE,UNG,UNG,UNG,Post-filter
579,ytb_audio,equal,UNG,1.0,UNG,UNG,UNG,UNG,Post-filter
579,ytb_audio,or,StitchedVamana,1.0,Post-filter,UNG,FilteredVamana,UNG,Post-filter
580,LAION1M,and,UNG,1.0,UNG,UNG,UNG,UNG,UNG
580,LAION1M,equal,UNG,1.0,UNG,UNG,UNG,UNG,UNG
580,LAION1M,or,UNG,1.0,Post-filter,UNG,UNG,UNG,StitchedVamana
580,tripclick,and,UNG,1.0,UNG,UNG,UNG,UNG,UNG
580,tripclick,equal,UNG,1.0,UNG,UNG,UNG,UNG,UNG
580,tripclick,or,UNG,1.0,Post-filter,UNG,UNG,UNG,UNG
580,yfcc,and,UNG,1.0,SIEVE,UNG,UNG,UNG,StitchedVamana
580,yfcc,equal,UNG,1.0,UNG,UNG,UNG,UNG,StitchedVamana
580,yfcc,or,FilteredVamana,1.0,Post-filter,StitchedVamana,StitchedVamana,UNG,StitchedVamana
580,ytb_audio,and,UNG,0.8,SIEVE,UNG,UNG,UNG,Post-filter
580,ytb_audio,equal,UNG,1.0,UNG,UNG,UNG,UNG,Post-filter
580,ytb_audio,or,UNG,1.0,Post-filter,UNG,UNG,UNG,Post-filter
581,LAION1M,and,UNG,1.0,UNG,UNG,UNG,UNG,UNG
581,LAION1M,equal,UNG,1.0,UNG,UNG,UNG,UNG,UNG
581,LAION1M,or,UNG,1.0,Post-filter,Post-filter,UNG,FilteredVamana,StitchedVamana
581,tripclick,and,UNG,1.0,UNG,UNG,UNG,UNG,UNG
581,tripclick,equal,UNG,1.0,UNG,UNG,UNG,UNG,UNG
581,tripclick,or,UNG,1.0,Post-filter,UNG,UNG,UNG,UNG
581,yfcc,and,UNG,1.0,SIEVE,UNG,UNG,UNG,StitchedVamana
581,yfcc,equal,UNG,1.0,UNG,UNG,UNG,UNG,StitchedVamana
581,yfcc,or,FilteredVamana,1.0,Post-filter,StitchedVamana,StitchedVamana,UNG,StitchedVamana
581,ytb_audio,and,UNG,1.0,SIEVE,UNG,UNG,UNG,Post-filter
581,ytb_audio,equal,UNG,1.0,UNG,UNG,UNG,UNG,Post-filter
581,ytb_audio,or,StitchedVamana,1.0,Post-filter,UNG,FilteredVamana,UNG,Post-filter
582,LAION1M,and,UNG,1.0,UNG,Post-filter,UNG,UNG,UNG
582,LAION1M,equal,UNG,1.0,UNG,UNG,UNG,UNG,UNG
582,LAION1M,or,UNG,1.0,Post-filter,UNG,UNG,UNG,UNG
582,tripclick,and,UNG,1.0,UNG,UNG,UNG,UNG,UNG
582,tripclick,equal,UNG,1.0,UNG,UNG,UNG,UNG,UNG
582,tripclick,or,UNG,1.0,Post-filter,UNG,UNG,UNG,UNG
582,yfcc,and,UNG,1.0,SIEVE,UNG,UNG,UNG,StitchedVamana
582,yfcc,equal,UNG,1.0,UNG,UNG,UNG,UNG,StitchedVamana
582,yfcc,or,FilteredVamana,1.0,Post-filter,StitchedVamana,StitchedVamana,UNG,StitchedVamana
582,ytb_audio,and,UNG,1.0,SIEVE,UNG,UNG,UNG,Post-filter
582,ytb_audio,equal,UNG,0.9,UNG,UNG,UNG,UNG,Post-filter
582,ytb_audio,or,Post-filter,1.0,Post-filter,UNG,UNG,UNG,Post-filter
583,LAION1M,and,UNG,1.0,UNG,Post-filter,UNG,UNG,UNG
583,LAION1M,equal,UNG,1.0,UNG,UNG,UNG,UNG,UNG
583,LAION1M,or,UNG,1.0,Post-filter,UNG,UNG,UNG,UNG
583,tripclick,and,UNG,1.0,UNG,UNG,UNG,UNG,UNG
583,tripclick,equal,UNG,1.0,UNG,UNG,UNG,UNG,UNG
583,tripclick,or,UNG,1.0,Post-filter,UNG,UNG,UNG,UNG
583,yfcc,and,FilteredVamana,1.0,SIEVE,UNG,UNG,UNG,StitchedVamana
583,yfcc,equal,UNG,1.0,UNG,UNG,UNG,UNG,StitchedVamana
583,yfcc,or,FilteredVamana,1.0,Post-filter,StitchedVamana,StitchedVamana,UNG,StitchedVamana
583,ytb_audio,and,UNG,1.0,SIEVE,UNG,UNG,UNG,Post-filter
583,ytb_audio,equal,UNG,1.0,UNG,UNG,UNG,UNG,Post-filter
583,ytb_audio,or,StitchedVamana,1.0,Post-filter,UNG,UNG,UNG,Post-filter
584,LAION1M,and,UNG,1.0,UNG,UNG,UNG,UNG,UNG
584,LAION1M,equal,UNG,1.0,UNG,UNG,UNG,UNG,UNG
584,LAION1M,or,UNG,1.0,Post-filter,UNG,UNG,UNG,UNG
584,tripclick,and,UNG,1.0,UNG,UNG,UNG,UNG,UNG
584,tripclick,equal,UNG,1.0,UNG,UNG,UNG,UNG,UNG
584,tripclick,or,Post-filter,1.0,Post-filter,UNG,UNG,UNG,UNG
584,yfcc,and,UNG,1.0,SIEVE,UNG,UNG,UNG,StitchedVamana
584,yfcc,equal,UNG,1.0,UNG,UNG,UNG,UNG,StitchedVamana
584,yfcc,or,FilteredVamana,1.0,Post-filter,StitchedVamana,StitchedVamana,UNG,StitchedVamana
584,ytb_audio,and,SIEVE,1.0,SIEVE,UNG,UNG,UNG,Post-filter
584,ytb_audio,equal,UNG,1.0,UNG,UNG,UNG,UNG,Post-filter
584,ytb_audio,or,Post-filter,1.0,Post-filter,UNG,UNG,UNG,Post-filter
585,LAION1M,and,UNG,1.0,UNG,UNG,UNG,UNG,UNG
585,LAION1M,equal,UNG,1.0,UNG,UNG,UNG,UNG,UNG
585,LAION1M,or,UNG,1.0,Post-filter,UNG,UNG,UNG,StitchedVamana
585,tripclick,and,UNG,1.0,UNG,UNG,UNG,UNG,UNG
585,tripclick,equal,UNG,1.0,UNG,UNG,UNG,UNG,UNG
585,tripclick,or,UNG,1.0,Post-filter,UNG,UNG,UNG,UNG
585,yfcc,and,UNG,1.0,SIEVE,UNG,UNG,UNG,StitchedVamana
585,yfcc,equal,UNG,1.0,UNG,UNG,UNG,UNG,StitchedVamana
585,yfcc,or,FilteredVamana,1.0,Post-filter,StitchedVamana,StitchedVamana,UNG,StitchedVamana
585,ytb_audio,and,SIEVE,0.9,SIEVE,UNG,UNG,UNG,Post-filter
585,ytb_audio,equal,UNG,1.0,UNG,UNG,UNG,UNG,Post-filter
585,ytb_audio,or,StitchedVamana,1.0,Post-filter,UNG,FilteredVamana,UNG,Post-filter
586,LAION1M,and,UNG,1.0,UNG,UNG,UNG,UNG,UNG
586,LAION1M,equal,UNG,1.0,UNG,UNG,UNG,UNG,UNG
586,LAION1M,or,UNG,1.0,Post-filter,UNG,UNG,UNG,UNG
586,tripclick,and,UNG,1.0,UNG,UNG,UNG,UNG,UNG
586,tripclick,equal,UNG,1.0,UNG,UNG,UNG,UNG,UNG
586,tripclick,or,UNG,1.0,Post-filter,UNG,UNG,UNG,UNG
586,yfcc,and,Post-filter,1.0,SIEVE,UNG,UNG,UNG,StitchedVamana
586,yfcc,equal,UNG,1.0,UNG,UNG,UNG,UNG,StitchedVamana
586,yfcc,or,FilteredVamana,1.0,Post-filter,StitchedVamana,StitchedVamana,UNG,StitchedVamana
586,ytb_audio,and,SIEVE,1.0,SIEVE,UNG,UNG,UNG,Post-filter
586,ytb_audio,equal,UNG,1.0,UNG,UNG,UNG,UNG,Post-filter
586,ytb_audio,or,StitchedVamana,1.0,Post-filter,UNG,FilteredVamana,UNG,Post-filter
587,LAION1M,and,UNG,1.0,UNG,Post-filter,UNG,UNG,UNG
587,LAION1M,equal,UNG,1.0,UNG,UNG,UNG,UNG,UNG
587,LAION1M,or,UNG,1.0,Post-filter,StitchedVamana,UNG,UNG,UNG
587,tripclick,and,UNG,1.0,UNG,UNG,UNG,UNG,UNG
587,tripclick,equal,UNG,1.0,UNG,UNG,UNG,UNG,UNG
587,tripclick,or,UNG,1.0,Post-filter,UNG,UNG,UNG,UNG
587,yfcc,and,UNG,1.0,SIEVE,UNG,UNG,UNG,StitchedVamana
587,yfcc,equal,UNG,1.0,UNG,UNG,UNG,UNG,StitchedVamana
587,yfcc,or,FilteredVamana,1.0,Post-filter,StitchedVamana,StitchedVamana,UNG,StitchedVamana
587,ytb_audio,and,UNG,0.9,SIEVE,UNG,UNG,UNG,Post-filter
587,ytb_audio,equal,UNG,1.0,UNG,UNG,UNG,UNG,Post-filter
587,ytb_audio,or,StitchedVamana,1.0,Post-filter,UNG,FilteredVamana,UNG,Post-filter
588,LAION1M,and,UNG,1.0,UNG,UNG,UNG,UNG,UNG
588,LAION1M,equal,UNG,1.0,UNG,UNG,UNG,UNG,UNG
588,LAION1M,or,UNG,1.0,Post-filter,Post-filter,UNG,UNG,UNG
588,tripclick,and,UNG,1.0,UNG,UNG,UNG,UNG,UNG
588,tripclick,equal,UNG,1.0,UNG,UNG,UNG,UNG,UNG
588,tripclick,or,UNG,1.0,Post-filter,UNG,UNG,UNG,UNG
588,yfcc,and,UNG,1.0,SIEVE,UNG,UNG,UNG,StitchedVamana
588,yfcc,equal,UNG,1.0,UNG,UNG,UNG,UNG,StitchedVamana
588,yfcc,or,FilteredVamana,1.0,Post-filter,FilteredVamana,StitchedVamana,UNG,StitchedVamana
588,ytb_audio,and,SIEVE,1.0,SIEVE,UNG,UNG,UNG,Post-filter
588,ytb_audio,equal,UNG,1.0,UNG,UNG,UNG,UNG,Post-filter
588,ytb_audio,or,UNG,1.0,Post-filter,UNG,FilteredVamana,UNG,Post-filter
589,LAION1M,and,UNG,1.0,UNG,UNG,UNG,UNG,UNG
589,LAION1M,equal,UNG,1.0,UNG,UNG,UNG,UNG,UNG
589,LAION1M,or,UNG,1.0,Post-filter,UNG,UNG,UNG,UNG
589,tripclick,and,UNG,1.0,UNG,UNG,UNG,UNG,UNG
589,tripclick,equal,UNG,1.0,UNG,UNG,UNG,UNG,UNG
589,tripclick,or,UNG,1.0,Post-filter,UNG,UNG,UNG,UNG
589,yfcc,and,UNG,1.0,SIEVE,UNG,UNG,UNG,StitchedVamana
589,yfcc,equal,UNG,1.0,UNG,UNG,UNG,UNG,StitchedVamana
589,yfcc,or,FilteredVamana,1.0,Post-filter,StitchedVamana,StitchedVamana,UNG,StitchedVamana
589,ytb_audio,and,UNG,1.0,SIEVE,UNG,UNG,UNG,Post-filter
589,ytb_audio,equal,UNG,1.0,UNG,UNG,UNG,UNG,Post-filter
589,ytb_audio,or,UNG,1.0,Post-filter,UNG,UNG,UNG,Post-filter
590,LAION1M,and,UNG,1.0,UNG,Post-filter,UNG,UNG,UNG
590,LAION1M,equal,UNG,1.0,UNG,UNG,UNG,UNG,UNG
590,LAION1M,or,UNG,1.0,Post-filter,UNG,UNG,UNG,UNG
590,tripclick,and,Post-filter,1.0,UNG,UNG,UNG,UNG,UNG
590,tripclick,equal,UNG,1.0,UNG,UNG,UNG,UNG,UNG
590,tripclick,or,UNG,1.0,Post-filter,UNG,UNG,UNG,UNG
590,yfcc,and,UNG,1.0,SIEVE,UNG,UNG,UNG,StitchedVamana
590,yfcc,equal,UNG,1.0,UNG,UNG,UNG,UNG,StitchedVamana
590,yfcc,or,FilteredVamana,1.0,Post-filter,StitchedVamana,StitchedVamana,UNG,StitchedVamana
590,ytb_audio,and,UNG,1.0,SIEVE,UNG,UNG,UNG,Post-filter
590,ytb_audio,equal,UNG,1.0,UNG,UNG,UNG,UNG,Post-filter
590,ytb_audio,or,StitchedVamana,1.0,Post-filter,UNG,FilteredVamana,UNG,Post-filter
591,LAION1M,and,UNG,1.0,UNG,Post-filter,UNG,UNG,UNG
591,LAION1M,equal,UNG,1.0,UNG,UNG,UNG,UNG,UNG
591,LAION1M,or,UNG,1.0,Post-filter,UNG,UNG,UNG,StitchedVamana
591,tripclick,and,UNG,1.0,UNG,UNG,UNG,UNG,UNG
591,tripclick,equal,UNG,1.0,UNG,UNG,UNG,UNG,UNG
591,tripclick,or,UNG,1.0,Post-filter,UNG,UNG,UNG,UNG
591,yfcc,and,FilteredVamana,1.0,SIEVE,UNG,UNG,UNG,StitchedVamana
591,yfcc,equal,UNG,1.0,UNG,UNG,UNG,UNG,StitchedVamana
591,yfcc,or,FilteredVamana,1.0,Post-filter,FilteredVamana,StitchedVamana,UNG,StitchedVamana
591,ytb_audio,and,UNG,1.0,SIEVE,UNG,UNG,UNG,Post-filter
591,ytb_audio,equal,UNG,1.0,UNG,UNG,UNG,UNG,Post-filter
591,ytb_audio,or,StitchedVamana,1.0,Post-filter,UNG,UNG,UNG,Post-filter
592,LAION1M,and,UNG,1.0,UNG,Post-filter,UNG,UNG,UNG
592,LAION1M,equal,UNG,1.0,UNG,UNG,UNG,UNG,UNG
592,LAION1M,or,UNG,1.0,Post-filter,UNG,UNG,UNG,UNG
592,tripclick,and,UNG,1.0,UNG,UNG,UNG,UNG,UNG
592,tripclick,equal,UNG,1.0,UNG,UNG,UNG,UNG,UNG
592,tripclick,or,UNG,1.0,Post-filter,UNG,UNG,UNG,UNG
592,yfcc,and,UNG,1.0,SIEVE,UNG,UNG,UNG,StitchedVamana
592,yfcc,equal,UNG,1.0,UNG,UNG,UNG,UNG,StitchedVamana
592,yfcc,or,FilteredVamana,1.0,Post-filter,StitchedVamana,StitchedVamana,UNG,StitchedVamana
592,ytb_audio,and,SIEVE,1.0,SIEVE,UNG,UNG,UNG,Post-filter
592,ytb_audio,equal,UNG,1.0,UNG,UNG,UNG,UNG,Post-filter
592,ytb_audio,or,StitchedVamana,1.0,Post-filter,UNG,FilteredVamana,UNG,Post-filter
593,LAION1M,and,UNG,1.0,UNG,Post-filter,UNG,UNG,UNG
593,LAION1M,equal,UNG,1.0,UNG,UNG,UNG,UNG,UNG
593,LAION1M,or,UNG,1.0,Post-filter,Post-filter,UNG,UNG,UNG
593,tripclick,and,UNG,1.0,UNG,UNG,UNG,UNG,UNG
593,tripclick,equal,UNG,1.0,UNG,UNG,UNG,UNG,UNG
593,tripclick,or,UNG,1.0,Post-filter,UNG,UNG,UNG,UNG
593,yfcc,and,FilteredVamana,1.0,SIEVE,UNG,UNG,UNG,StitchedVamana
593,yfcc,equal,UNG,1.0,UNG,UNG,UNG,UNG,StitchedVamana
593,yfcc,or,FilteredVamana,1.0,Post-filter,StitchedVamana,StitchedVamana,UNG,StitchedVamana
593,ytb_audio,and,UNG,1.0,SIEVE,UNG,UNG,UNG,Post-filter
593,ytb_audio,equal,UNG,1.0,UNG,UNG,UNG,UNG,Post-filter
593,ytb_audio,or,StitchedVamana,1.0,Post-filter,UNG,FilteredVamana,UNG,Post-filter
594,LAION1M,and,UNG,1.0,UNG,UNG,UNG,UNG,UNG
594,LAION1M,equal,UNG,1.0,UNG,UNG,UNG,UNG,UNG
594,LAION1M,or,UNG,1.0,Post-filter,UNG,UNG,UNG,StitchedVamana
594,tripclick,and,UNG,1.0,UNG,UNG,UNG,UNG,UNG
594,tripclick,equal,UNG,1.0,UNG,UNG,UNG,UNG,UNG
594,tripclick,or,UNG,1.0,Post-filter,UNG,UNG,UNG,UNG
594,yfcc,and,FilteredVamana,1.0,SIEVE,UNG,UNG,UNG,StitchedVamana
594,yfcc,equal,UNG,1.0,UNG,UNG,UNG,UNG,StitchedVamana
594,yfcc,or,FilteredVamana,1.0,Post-filter,StitchedVamana,StitchedVamana,UNG,StitchedVamana
594,ytb_audio,and,UNG,1.0,SIEVE,UNG,UNG,UNG,Post-filter
594,ytb_audio,equal,UNG,1.0,UNG,UNG,UNG,UNG,Post-filter
594,ytb_audio,or,StitchedVamana,1.0,Post-filter,UNG,FilteredVamana,UNG,Post-filter
595,LAION1M,and,UNG,1.0,UNG,Post-filter,UNG,UNG,UNG
595,LAION1M,equal,UNG,1.0,UNG,UNG,UNG,UNG,UNG
595,LAION1M,or,UNG,1.0,Post-filter,StitchedVamana,UNG,UNG,StitchedVamana
595,tripclick,and,UNG,1.0,UNG,UNG,UNG,UNG,UNG
595,tripclick,equal,UNG,1.0,UNG,UNG,UNG,UNG,UNG
595,tripclick,or,UNG,1.0,Post-filter,UNG,UNG,UNG,UNG
595,yfcc,and,FilteredVamana,1.0,SIEVE,UNG,UNG,UNG,StitchedVamana
595,yfcc,equal,UNG,1.0,UNG,UNG,UNG,UNG,StitchedVamana
595,yfcc,or,FilteredVamana,1.0,Post-filter,StitchedVamana,StitchedVamana,UNG,StitchedVamana
595,ytb_audio,and,SIEVE,0.9,SIEVE,UNG,UNG,UNG,Post-filter
595,ytb_audio,equal,UNG,1.0,UNG,UNG,UNG,UNG,Post-filter
595,ytb_audio,or,StitchedVamana,1.0,Post-filter,UNG,FilteredVamana,UNG,Post-filter
596,LAION1M,and,UNG,1.0,UNG,UNG,UNG,UNG,UNG
596,LAION1M,equal,UNG,1.0,UNG,UNG,UNG,UNG,UNG
596,LAION1M,or,UNG,1.0,Post-filter,Post-filter,UNG,UNG,UNG
596,tripclick,and,UNG,1.0,UNG,UNG,UNG,UNG,UNG
596,tripclick,equal,UNG,1.0,UNG,UNG,UNG,UNG,UNG
596,tripclick,or,UNG,1.0,Post-filter,UNG,UNG,UNG,UNG
596,yfcc,and,UNG,1.0,SIEVE,UNG,UNG,UNG,StitchedVamana
596,yfcc,equal,UNG,1.0,UNG,UNG,UNG,UNG,StitchedVamana
596,yfcc,or,FilteredVamana,1.0,Post-filter,StitchedVamana,StitchedVamana,UNG,StitchedVamana
596,ytb_audio,and,UNG,1.0,SIEVE,UNG,UNG,UNG,Post-filter
596,ytb_audio,equal,UNG,1.0,UNG,UNG,UNG,UNG,Post-filter
596,ytb_audio,or,Post-filter,1.0,Post-filter,UNG,UNG,UNG,Post-filter
597,LAION1M,and,UNG,1.0,UNG,UNG,UNG,UNG,UNG
597,LAION1M,equal,UNG,1.0,UNG,UNG,UNG,UNG,UNG
597,LAION1M,or,UNG,1.0,Post-filter,UNG,UNG,UNG,StitchedVamana
597,tripclick,and,UNG,1.0,UNG,UNG,UNG,UNG,UNG
597,tripclick,equal,UNG,1.0,UNG,UNG,UNG,UNG,UNG
597,tripclick,or,UNG,1.0,Post-filter,UNG,UNG,UNG,UNG
597,yfcc,and,FilteredVamana,1.0,SIEVE,UNG,UNG,UNG,StitchedVamana
597,yfcc,equal,UNG,1.0,UNG,UNG,UNG,UNG,StitchedVamana
597,yfcc,or,FilteredVamana,1.0,Post-filter,FilteredVamana,StitchedVamana,UNG,StitchedVamana
597,ytb_audio,and,UNG,1.0,SIEVE,UNG,UNG,UNG,Post-filter
597,ytb_audio,equal,UNG,1.0,UNG,UNG,UNG,UNG,Post-filter
597,ytb_audio,or,StitchedVamana,1.0,Post-filter,UNG,FilteredVamana,UNG,Post-filter
598,LAION1M,and,UNG,1.0,UNG,Post-filter,UNG,UNG,UNG
598,LAION1M,equal,UNG,1.0,UNG,UNG,UNG,UNG,UNG
598,LAION1M,or,UNG,1.0,Post-filter,UNG,UNG,UNG,StitchedVamana
598,tripclick,and,UNG,1.0,UNG,UNG,UNG,UNG,UNG
598,tripclick,equal,UNG,1.0,UNG,UNG,UNG,UNG,UNG
598,tripclick,or,UNG,1.0,Post-filter,UNG,UNG,UNG,UNG
598,yfcc,and,FilteredVamana,1.0,SIEVE,UNG,UNG,UNG,StitchedVamana
598,yfcc,equal,UNG,1.0,UNG,UNG,UNG,UNG,StitchedVamana
598,yfcc,or,FilteredVamana,1.0,Post-filter,StitchedVamana,StitchedVamana,UNG,StitchedVamana
598,ytb_audio,and,UNG,1.0,SIEVE,UNG,UNG,UNG,Post-filter
598,ytb_audio,equal,UNG,1.0,UNG,UNG,UNG,UNG,Post-filter
598,ytb_audio,or,Post-filter,1.0,Post-filter,UNG,UNG,UNG,Post-filter
599,LAION1M,and,UNG,1.0,UNG,UNG,UNG,UNG,UNG
599,LAION1M,equal,UNG,1.0,UNG,UNG,UNG,UNG,UNG
599,LAION1M,or,UNG,1.0,Post-filter,UNG,UNG,UNG,UNG
599,tripclick,and,UNG,1.0,UNG,UNG,UNG,UNG,UNG
599,tripclick,equal,UNG,1.0,UNG,UNG,UNG,UNG,UNG
599,tripclick,or,Post-filter,1.0,Post-filter,UNG,UNG,UNG,UNG
599,yfcc,and,UNG,1.0,SIEVE,UNG,UNG,UNG,StitchedVamana
599,yfcc,equal,UNG,1.0,UNG,UNG,UNG,UNG,StitchedVamana
599,yfcc,or,FilteredVamana,1.0,Post-filter,StitchedVamana,StitchedVamana,UNG,StitchedVamana
599,ytb_audio,and,SIEVE,1.0,SIEVE,UNG,UNG,UNG,Post-filter
599,ytb_audio,equal,UNG,1.0,UNG,UNG,UNG,UNG,Post-filter
599,ytb_audio,or,UNG,1.0,Post-filter,UNG,FilteredVamana,UNG,Post-filter
600,LAION1M,and,UNG,1.0,UNG,UNG,UNG,UNG,UNG
600,LAION1M,equal,UNG,1.0,UNG,UNG,UNG,UNG,UNG
600,LAION1M,or,UNG,1.0,Post-filter,Post-filter,UNG,FilteredVamana,StitchedVamana
600,tripclick,and,Post-filter,1.0,UNG,UNG,UNG,UNG,UNG
600,tripclick,equal,UNG,1.0,UNG,UNG,UNG,UNG,UNG
600,tripclick,or,Post-filter,1.0,Post-filter,UNG,UNG,UNG,UNG
600,yfcc,and,UNG,1.0,SIEVE,UNG,UNG,UNG,StitchedVamana
600,yfcc,equal,UNG,1.0,UNG,UNG,UNG,UNG,StitchedVamana
600,yfcc,or,FilteredVamana,1.0,Post-filter,StitchedVamana,StitchedVamana,UNG,StitchedVamana
600,ytb_audio,and,SIEVE,1.0,SIEVE,UNG,UNG,UNG,Post-filter
600,ytb_audio,equal,UNG,1.0,UNG,UNG,UNG,UNG,Post-filter
600,ytb_audio,or,StitchedVamana,1.0,Post-filter,UNG,UNG,UNG,Post-filter
601,LAION1M,and,UNG,1.0,UNG,UNG,UNG,UNG,UNG
601,LAION1M,equal,UNG,1.0,UNG,UNG,UNG,UNG,UNG
601,LAION1M,or,UNG,1.0,Post-filter,UNG,UNG,UNG,UNG
601,tripclick,and,UNG,1.0,UNG,UNG,UNG,UNG,UNG
601,tripclick,equal,UNG,1.0,UNG,UNG,UNG,UNG,UNG
601,tripclick,or,UNG,1.0,Post-filter,UNG,UNG,UNG,UNG
601,yfcc,and,UNG,1.0,SIEVE,UNG,UNG,UNG,StitchedVamana
601,yfcc,equal,UNG,1.0,UNG,UNG,UNG,UNG,StitchedVamana
601,yfcc,or,FilteredVamana,1.0,Post-filter,StitchedVamana,StitchedVamana,UNG,StitchedVamana
601,ytb_audio,and,UNG,1.0,SIEVE,UNG,UNG,UNG,Post-filter
601,ytb_audio,equal,UNG,1.0,UNG,UNG,UNG,UNG,Post-filter
601,ytb_audio,or,Post-filter,1.0,Post-filter,UNG,UNG,UNG,Post-filter
602,LAION1M,and,UNG,1.0,UNG,Post-filter,UNG,UNG,UNG
602,LAION1M,equal,UNG,1.0,UNG,UNG,UNG,UNG,UNG
602,LAION1M,or,UNG,1.0,Post-filter,UNG,UNG,UNG,UNG
602,tripclick,and,UNG,1.0,UNG,UNG,UNG,UNG,UNG
602,tripclick,equal,UNG,1.0,UNG,UNG,UNG,UNG,UNG
602,tripclick,or,UNG,1.0,Post-filter,UNG,UNG,UNG,UNG
602,yfcc,and,FilteredVamana,1.0,SIEVE,UNG,UNG,UNG,StitchedVamana
602,yfcc,equal,UNG,1.0,UNG,UNG,UNG,UNG,StitchedVamana
602,yfcc,or,FilteredVamana,1.0,Post-filter,StitchedVamana,StitchedVamana,UNG,StitchedVamana
602,ytb_audio,and,UNG,1.0,SIEVE,UNG,UNG,UNG,Post-filter
602,ytb_audio,equal,UNG,1.0,UNG,UNG,UNG,UNG,Post-filter
602,ytb_audio,or,StitchedVamana,1.0,Post-filter,UNG,UNG,UNG,Post-filter
603,LAION1M,and,UNG,1.0,UNG,UNG,UNG,UNG,UNG
603,LAION1M,equal,UNG,1.0,UNG,UNG,UNG,UNG,UNG
603,LAION1M,or,UNG,1.0,Post-filter,UNG,UNG,UNG,StitchedVamana
603,tripclick,and,UNG,1.0,UNG,UNG,UNG,UNG,UNG
603,tripclick,equal,UNG,1.0,UNG,UNG,UNG,UNG,UNG
603,tripclick,or,UNG,1.0,Post-filter,UNG,UNG,UNG,UNG
603,yfcc,and,FilteredVamana,1.0,SIEVE,UNG,UNG,UNG,StitchedVamana
603,yfcc,equal,UNG,1.0,UNG,UNG,UNG,UNG,StitchedVamana
603,yfcc,or,FilteredVamana,1.0,Post-filter,FilteredVamana,StitchedVamana,UNG,StitchedVamana
603,ytb_audio,and,SIEVE,1.0,SIEVE,UNG,UNG,UNG,Post-filter
603,ytb_audio,equal,UNG,1.0,UNG,UNG,UNG,UNG,Post-filter
603,ytb_audio,or,StitchedVamana,1.0,Post-filter,UNG,FilteredVamana,UNG,Post-filter
604,LAION1M,and,UNG,1.0,UNG,Post-filter,UNG,UNG,UNG
604,LAION1M,equal,UNG,1.0,UNG,UNG,UNG,UNG,UNG
604,LAION1M,or,UNG,1.0,Post-filter,UNG,UNG,UNG,UNG
604,tripclick,and,UNG,1.0,UNG,UNG,UNG,UNG,UNG
604,tripclick,equal,UNG,1.0,UNG,UNG,UNG,UNG,UNG
604,tripclick,or,Post-filter,1.0,Post-filter,UNG,UNG,UNG,UNG
604,yfcc,and,UNG,1.0,SIEVE,UNG,UNG,UNG,StitchedVamana
604,yfcc,equal,UNG,1.0,UNG,UNG,UNG,UNG,StitchedVamana
604,yfcc,or,FilteredVamana,1.0,Post-filter,StitchedVamana,StitchedVamana,UNG,StitchedVamana
604,ytb_audio,and,UNG,1.0,SIEVE,UNG,UNG,UNG,Post-filter
604,ytb_audio,equal,UNG,1.0,UNG,UNG,UNG,UNG,Post-filter
604,ytb_audio,or,StitchedVamana,1.0,Post-filter,UNG,FilteredVamana,UNG,Post-filter
605,LAION1M,and,UNG,1.0,UNG,Post-filter,UNG,UNG,UNG
605,LAION1M,equal,UNG,1.0,UNG,UNG,UNG,UNG,UNG
605,LAION1M,or,UNG,1.0,Post-filter,UNG,UNG,UNG,StitchedVamana
605,tripclick,and,UNG,1.0,UNG,UNG,UNG,UNG,UNG
605,tripclick,equal,UNG,1.0,UNG,UNG,UNG,UNG,UNG
605,tripclick,or,UNG,1.0,Post-filter,UNG,UNG,UNG,UNG
605,yfcc,and,UNG,1.0,SIEVE,UNG,UNG,UNG,StitchedVamana
605,yfcc,equal,UNG,1.0,UNG,UNG,UNG,UNG,StitchedVamana
605,yfcc,or,FilteredVamana,1.0,Post-filter,StitchedVamana,StitchedVamana,UNG,StitchedVamana
605,ytb_audio,and,UNG,1.0,SIEVE,UNG,UNG,UNG,Post-filter
605,ytb_audio,equal,UNG,1.0,UNG,UNG,UNG,UNG,Post-filter
605,ytb_audio,or,StitchedVamana,1.0,Post-filter,UNG,FilteredVamana,UNG,Post-filter
606,LAION1M,and,UNG,1.0,UNG,UNG,UNG,UNG,UNG
606,LAION1M,equal,UNG,1.0,UNG,UNG,UNG,UNG,UNG
606,LAION1M,or,UNG,1.0,Post-filter,UNG,UNG,UNG,StitchedVamana
606,tripclick,and,UNG,1.0,UNG,UNG,UNG,UNG,UNG
606,tripclick,equal,UNG,1.0,UNG,UNG,UNG,UNG,UNG
606,tripclick,or,Post-filter,1.0,Post-filter,UNG,UNG,UNG,UNG
606,yfcc,and,UNG,1.0,SIEVE,UNG,UNG,UNG,StitchedVamana
606,yfcc,equal,UNG,1.0,UNG,UNG,UNG,UNG,StitchedVamana
606,yfcc,or,FilteredVamana,1.0,Post-filter,StitchedVamana,StitchedVamana,UNG,StitchedVamana
606,ytb_audio,and,UNG,1.0,SIEVE,UNG,UNG,UNG,Post-filter
606,ytb_audio,equal,UNG,1.0,UNG,UNG,UNG,UNG,Post-filter
606,ytb_audio,or,UNG,1.0,Post-filter,UNG,UNG,UNG,Post-filter
607,LAION1M,and,UNG,1.0,UNG,UNG,UNG,UNG,UNG
607,LAION1M,equal,UNG,1.0,UNG,UNG,UNG,UNG,UNG
607,LAION1M,or,UNG,1.0,Post-filter,UNG,UNG,UNG,StitchedVamana
607,tripclick,and,UNG,1.0,UNG,UNG,UNG,UNG,UNG
607,tripclick,equal,UNG,1.0,UNG,UNG,UNG,UNG,UNG
607,tripclick,or,Post-filter,1.0,Post-filter,UNG,UNG,UNG,UNG
607,yfcc,and,UNG,1.0,SIEVE,UNG,UNG,UNG,StitchedVamana
607,yfcc,equal,UNG,1.0,UNG,UNG,UNG,UNG,StitchedVamana
607,yfcc,or,FilteredVamana,1.0,Post-filter,StitchedVamana,StitchedVamana,UNG,StitchedVamana
607,ytb_audio,and,SIEVE,1.0,SIEVE,UNG,UNG,UNG,Post-filter
607,ytb_audio,equal,UNG,1.0,UNG,UNG,UNG,UNG,Post-filter
607,ytb_audio,or,StitchedVamana,1.0,Post-filter,UNG,FilteredVamana,UNG,Post-filter
608,LAION1M,and,UNG,1.0,UNG,UNG,UNG,UNG,UNG
608,LAION1M,equal,UNG,1.0,UNG,UNG,UNG,UNG,UNG
608,LAION1M,or,UNG,1.0,Post-filter,Post-filter,UNG,UNG,UNG
608,tripclick,and,UNG,1.0,UNG,UNG,UNG,UNG,UNG
608,tripclick,equal,UNG,1.0,UNG,UNG,UNG,UNG,UNG
608,tripclick,or,UNG,1.0,Post-filter,UNG,UNG,UNG,UNG
608,yfcc,and,FilteredVamana,1.0,SIEVE,UNG,UNG,UNG,StitchedVamana
608,yfcc,equal,UNG,1.0,UNG,UNG,UNG,UNG,StitchedVamana
608,yfcc,or,FilteredVamana,1.0,Post-filter,StitchedVamana,StitchedVamana,UNG,StitchedVamana
608,ytb_audio,and,SIEVE,1.0,SIEVE,UNG,UNG,UNG,Post-filter
608,ytb_audio,equal,UNG,1.0,UNG,UNG,UNG,UNG,Post-filter
608,ytb_audio,or,StitchedVamana,1.0,Post-filter,UNG,FilteredVamana,UNG,Post-filter
609,LAION1M,and,UNG,1.0,UNG,UNG,UNG,UNG,UNG
609,LAION1M,equal,UNG,1.0,UNG,UNG,UNG,UNG,UNG
609,LAION1M,or,UNG,1.0,Post-filter,UNG,UNG,UNG,StitchedVamana
609,tripclick,and,Post-filter,1.0,UNG,UNG,UNG,UNG,UNG
609,tripclick,equal,UNG,1.0,UNG,UNG,UNG,UNG,UNG
609,tripclick,or,UNG,1.0,Post-filter,UNG,UNG,UNG,UNG
609,yfcc,and,FilteredVamana,1.0,SIEVE,UNG,UNG,UNG,StitchedVamana
609,yfcc,equal,UNG,1.0,UNG,UNG,UNG,UNG,StitchedVamana
609,yfcc,or,FilteredVamana,1.0,Post-filter,FilteredVamana,StitchedVamana,UNG,StitchedVamana
609,ytb_audio,and,SIEVE,1.0,SIEVE,UNG,UNG,UNG,Post-filter
609,ytb_audio,equal,UNG,1.0,UNG,UNG,UNG,UNG,Post-filter
609,ytb_audio,or,StitchedVamana,1.0,Post-filter,UNG,UNG,UNG,Post-filter
610,LAION1M,and,UNG,1.0,UNG,UNG,UNG,UNG,UNG
610,LAION1M,equal,UNG,1.0,UNG,UNG,UNG,UNG,UNG
610,LAION1M,or,UNG,1.0,Post-filter,UNG,UNG,UNG,StitchedVamana
610,tripclick,and,UNG,1.0,UNG,UNG,UNG,UNG,UNG
610,tripclick,equal,UNG,1.0,UNG,UNG,UNG,UNG,UNG
610,tripclick,or,UNG,1.0,Post-filter,UNG,UNG,UNG,UNG
610,yfcc,and,FilteredVamana,1.0,SIEVE,UNG,UNG,UNG,StitchedVamana
610,yfcc,equal,UNG,1.0,UNG,UNG,UNG,UNG,StitchedVamana
610,yfcc,or,FilteredVamana,1.0,Post-filter,StitchedVamana,StitchedVamana,UNG,StitchedVamana
610,ytb_audio,and,UNG,1.0,SIEVE,UNG,UNG,UNG,Post-filter
610,ytb_audio,equal,UNG,1.0,UNG,UNG,UNG,UNG,Post-filter
610,ytb_audio,or,StitchedVamana,1.0,Post-filter,UNG,UNG,UNG,Post-filter
611,LAION1M,and,UNG,1.0,UNG,Post-filter,UNG,UNG,UNG
611,LAION1M,equal,UNG,1.0,UNG,UNG,UNG,UNG,UNG
611,LAION1M,or,UNG,1.0,Post-filter,UNG,UNG,UNG,UNG
611,tripclick,and,UNG,1.0,UNG,UNG,UNG,UNG,UNG
611,tripclick,equal,UNG,1.0,UNG,UNG,UNG,UNG,UNG
611,tripclick,or,UNG,1.0,Post-filter,UNG,UNG,UNG,UNG
611,yfcc,and,FilteredVamana,1.0,SIEVE,UNG,UNG,UNG,StitchedVamana
611,yfcc,equal,UNG,1.0,UNG,UNG,UNG,UNG,StitchedVamana
611,yfcc,or,FilteredVamana,1.0,Post-filter,StitchedVamana,StitchedVamana,UNG,StitchedVamana
611,ytb_audio,and,UNG,1.0,SIEVE,UNG,UNG,UNG,Post-filter
611,ytb_audio,equal,UNG,1.0,UNG,UNG,UNG,UNG,Post-filter
611,ytb_audio,or,StitchedVamana,1.0,Post-filter,UNG,UNG,UNG,Post-filter
612,LAION1M,and,UNG,1.0,UNG,Post-filter,UNG,UNG,UNG
612,LAION1M,equal,UNG,1.0,UNG,UNG,UNG,UNG,UNG
612,LAION1M,or,UNG,1.0,Post-filter,UNG,UNG,UNG,UNG
612,tripclick,and,UNG,1.0,UNG,UNG,UNG,UNG,UNG
612,tripclick,equal,UNG,1.0,UNG,UNG,UNG,UNG,UNG
612,tripclick,or,Post-filter,1.0,Post-filter,UNG,UNG,UNG,UNG
612,yfcc,and,FilteredVamana,1.0,SIEVE,UNG,UNG,UNG,StitchedVamana
612,yfcc,equal,UNG,1.0,UNG,UNG,UNG,UNG,StitchedVamana
612,yfcc,or,FilteredVamana,1.0,Post-filter,StitchedVamana,StitchedVamana,UNG,StitchedVamana
612,ytb_audio,and,SIEVE,1.0,SIEVE,UNG,UNG,UNG,Post-filter
612,ytb_audio,equal,UNG,1.0,UNG,UNG,UNG,UNG,Post-filter
612,ytb_audio,or,UNG,1.0,Post-filter,UNG,FilteredVamana,UNG,Post-filter
613,LAION1M,and,UNG,1.0,UNG,UNG,UNG,UNG,UNG
613,LAION1M,equal,UNG,1.0,UNG,UNG,UNG,UNG,UNG
613,LAION1M,or,UNG,1.0,Post-filter,UNG,UNG,UNG,UNG
613,tripclick,and,UNG,1.0,UNG,UNG,UNG,UNG,UNG
613,tripclick,equal,UNG,1.0,UNG,UNG,UNG,UNG,UNG
613,tripclick,or,UNG,1.0,Post-filter,UNG,UNG,UNG,UNG
613,yfcc,and,UNG,1.0,SIEVE,UNG,UNG,UNG,StitchedVamana
613,yfcc,equal,UNG,1.0,UNG,UNG,UNG,UNG,StitchedVamana
613,yfcc,or,FilteredVamana,1.0,Post-filter,StitchedVamana,StitchedVamana,UNG,StitchedVamana
613,ytb_audio,and,UNG,1.0,SIEVE,UNG,UNG,UNG,Post-filter
613,ytb_audio,equal,UNG,1.0,UNG,UNG,UNG,UNG,Post-filter
613,ytb_audio,or,UNG,1.0,Post-filter,UNG,UNG,UNG,Post-filter
614,LAION1M,and,UNG,1.0,UNG,UNG,UNG,UNG,UNG
614,LAION1M,equal,UNG,1.0,UNG,UNG,UNG,UNG,UNG
614,LAION1M,or,UNG,1.0,Post-filter,Post-filter,UNG,UNG,UNG
614,tripclick,and,UNG,1.0,UNG,UNG,UNG,UNG,UNG
614,tripclick,equal,UNG,1.0,UNG,UNG,UNG,UNG,UNG
614,tripclick,or,UNG,1.0,Post-filter,UNG,UNG,UNG,UNG
614,yfcc,and,UNG,1.0,SIEVE,UNG,UNG,UNG,StitchedVamana
614,yfcc,equal,UNG,1.0,UNG,UNG,UNG,UNG,StitchedVamana
614,yfcc,or,FilteredVamana,1.0,Post-filter,StitchedVamana,StitchedVamana,UNG,StitchedVamana
614,ytb_audio,and,UNG,1.0,SIEVE,UNG,UNG,UNG,Post-filter
614,ytb_audio,equal,UNG,1.0,UNG,UNG,UNG,UNG,Post-filter
614,ytb_audio,or,StitchedVamana,1.0,Post-filter,UNG,FilteredVamana,UNG,Post-filter
615,LAION1M,and,UNG,1.0,UNG,UNG,UNG,UNG,UNG
615,LAION1M,equal,UNG,1.0,UNG,UNG,UNG,UNG,UNG
615,LAION1M,or,UNG,1.0,Post-filter,StitchedVamana,UNG,UNG,UNG
615,tripclick,and,UNG,1.0,UNG,UNG,UNG,UNG,UNG
615,tripclick,equal,UNG,1.0,UNG,UNG,UNG,UNG,UNG
615,tripclick,or,Post-filter,1.0,Post-filter,UNG,UNG,UNG,UNG
615,yfcc,and,FilteredVamana,1.0,SIEVE,UNG,UNG,UNG,StitchedVamana
615,yfcc,equal,UNG,1.0,UNG,UNG,UNG,UNG,StitchedVamana
615,yfcc,or,FilteredVamana,1.0,Post-filter,FilteredVamana,StitchedVamana,UNG,StitchedVamana
615,ytb_audio,and,UNG,1.0,SIEVE,UNG,UNG,UNG,Post-filter
615,ytb_audio,equal,UNG,1.0,UNG,UNG,UNG,UNG,Post-filter
615,ytb_audio,or,SIEVE,1.0,Post-filter,UNG,UNG,UNG,Post-filter
616,LAION1M,and,UNG,1.0,UNG,UNG,UNG,UNG,UNG
616,LAION1M,equal,UNG,1.0,UNG,UNG,UNG,UNG,UNG
616,LAION1M,or,UNG,1.0,Post-filter,Post-filter,UNG,FilteredVamana,StitchedVamana
616,tripclick,and,UNG,1.0,UNG,UNG,UNG,UNG,UNG
616,tripclick,equal,UNG,1.0,UNG,UNG,UNG,UNG,UNG
616,tripclick,or,UNG,1.0,Post-filter,UNG,UNG,UNG,UNG
616,yfcc,and,UNG,1.0,SIEVE,UNG,UNG,UNG,StitchedVamana
616,yfcc,equal,UNG,1.0,UNG,UNG,UNG,UNG,StitchedVamana
616,yfcc,or,FilteredVamana,1.0,Post-filter,StitchedVamana,StitchedVamana,UNG,StitchedVamana
616,ytb_audio,and,SIEVE,1.0,SIEVE,UNG,UNG,UNG,Post-filter
616,ytb_audio,equal,UNG,1.0,UNG,UNG,UNG,UNG,Post-filter
616,ytb_audio,or,StitchedVamana,1.0,Post-filter,UNG,FilteredVamana,UNG,Post-filter
617,LAION1M,and,UNG,1.0,UNG,Post-filter,UNG,UNG,UNG
617,LAION1M,equal,UNG,1.0,UNG,UNG,UNG,UNG,UNG
617,LAION1M,or,UNG,1.0,Post-filter,Post-filter,UNG,FilteredVamana,StitchedVamana
617,tripclick,and,UNG,1.0,UNG,UNG,UNG,UNG,UNG
617,tripclick,equal,UNG,1.0,UNG,UNG,UNG,UNG,UNG
617,tripclick,or,UNG,1.0,Post-filter,UNG,UNG,UNG,UNG
617,yfcc,and,UNG,1.0,SIEVE,UNG,UNG,UNG,StitchedVamana
617,yfcc,equal,UNG,1.0,UNG,UNG,UNG,UNG,StitchedVamana
617,yfcc,or,FilteredVamana,1.0,Post-filter,StitchedVamana,StitchedVamana,UNG,StitchedVamana
617,ytb_audio,and,UNG,1.0,SIEVE,UNG,UNG,UNG,Post-filter
617,ytb_audio,equal,UNG,0.9,UNG,UNG,UNG,UNG,Post-filter
617,ytb_audio,or,StitchedVamana,1.0,Post-filter,UNG,FilteredVamana,UNG,Post-filter
618,LAION1M,and,UNG,1.0,UNG,UNG,UNG,UNG,UNG
618,LAION1M,equal,UNG,1.0,UNG,UNG,UNG,UNG,UNG
618,LAION1M,or,UNG,1.0,Post-filter,UNG,UNG,UNG,UNG
618,tripclick,and,UNG,1.0,UNG,UNG,UNG,UNG,UNG
618,tripclick,equal,UNG,1.0,UNG,UNG,UNG,UNG,UNG
618,tripclick,or,UNG,1.0,Post-filter,UNG,UNG,UNG,UNG
618,yfcc,and,Post-filter,1.0,SIEVE,UNG,UNG,UNG,StitchedVamana
618,yfcc,equal,UNG,1.0,UNG,UNG,UNG,UNG,StitchedVamana
618,yfcc,or,FilteredVamana,1.0,Post-filter,FilteredVamana,StitchedVamana,UNG,StitchedVamana
618,ytb_audio,and,SIEVE,1.0,SIEVE,UNG,UNG,UNG,Post-filter
618,ytb_audio,equal,UNG,1.0,UNG,UNG,UNG,UNG,Post-filter
618,ytb_audio,or,StitchedVamana,1.0,Post-filter,UNG,FilteredVamana,UNG,Post-filter
619,LAION1M,and,UNG,1.0,UNG,UNG,UNG,UNG,UNG
619,LAION1M,equal,UNG,1.0,UNG,UNG,UNG,UNG,UNG
619,LAION1M,or,UNG,1.0,Post-filter,Post-filter,UNG,FilteredVamana,StitchedVamana
619,tripclick,and,UNG,1.0,UNG,UNG,UNG,UNG,UNG
619,tripclick,equal,UNG,1.0,UNG,UNG,UNG,UNG,UNG
619,tripclick,or,UNG,1.0,Post-filter,UNG,UNG,UNG,UNG
619,yfcc,and,UNG,1.0,SIEVE,UNG,UNG,UNG,StitchedVamana
619,yfcc,equal,UNG,1.0,UNG,UNG,UNG,UNG,StitchedVamana
619,yfcc,or,FilteredVamana,1.0,Post-filter,StitchedVamana,StitchedVamana,UNG,StitchedVamana
619,ytb_audio,and,SIEVE,1.0,SIEVE,UNG,UNG,UNG,Post-filter
619,ytb_audio,equal,UNG,1.0,UNG,UNG,UNG,UNG,Post-filter
619,ytb_audio,or,StitchedVamana,1.0,Post-filter,UNG,FilteredVamana,UNG,Post-filter
620,LAION1M,and,UNG,1.0,UNG,UNG,UNG,UNG,UNG
620,LAION1M,equal,UNG,1.0,UNG,UNG,UNG,UNG,UNG
620,LAION1M,or,UNG,1.0,Post-filter,UNG,UNG,UNG,UNG
620,tripclick,and,UNG,1.0,UNG,UNG,UNG,UNG,UNG
620,tripclick,equal,UNG,1.0,UNG,UNG,UNG,UNG,UNG
620,tripclick,or,UNG,1.0,Post-filter,UNG,UNG,UNG,UNG
620,yfcc,and,FilteredVamana,1.0,SIEVE,UNG,UNG,UNG,StitchedVamana
620,yfcc,equal,UNG,1.0,UNG,UNG,UNG,UNG,StitchedVamana
620,yfcc,or,FilteredVamana,1.0,Post-filter,StitchedVamana,StitchedVamana,UNG,StitchedVamana
620,ytb_audio,and,UNG,1.0,SIEVE,UNG,UNG,UNG,Post-filter
620,ytb_audio,equal,UNG,1.0,UNG,UNG,UNG,UNG,Post-filter
620,ytb_audio,or,StitchedVamana,1.0,Post-filter,UNG,FilteredVamana,UNG,Post-filter
621,LAION1M,and,UNG,1.0,UNG,UNG,UNG,UNG,UNG
621,LAION1M,equal,UNG,1.0,UNG,UNG,UNG,UNG,UNG
621,LAION1M,or,UNG,1.0,Post-filter,UNG,UNG,UNG,StitchedVamana
621,tripclick,and,UNG,1.0,UNG,UNG,UNG,UNG,UNG
621,tripclick,equal,UNG,1.0,UNG,UNG,UNG,UNG,UNG
621,tripclick,or,UNG,1.0,Post-filter,UNG,UNG,UNG,UNG
621,yfcc,and,UNG,1.0,SIEVE,UNG,UNG,UNG,StitchedVamana
621,yfcc,equal,UNG,1.0,UNG,UNG,UNG,UNG,StitchedVamana
621,yfcc,or,FilteredVamana,1.0,Post-filter,StitchedVamana,UNG,UNG,StitchedVamana
621,ytb_audio,and,UNG,1.0,SIEVE,UNG,UNG,UNG,Post-filter
621,ytb_audio,equal,UNG,1.0,UNG,UNG,UNG,UNG,Post-filter
621,ytb_audio,or,StitchedVamana,1.0,Post-filter,UNG,FilteredVamana,UNG,Post-filter
622,LAION1M,and,UNG,1.0,UNG,Post-filter,UNG,UNG,UNG
622,LAION1M,equal,UNG,1.0,UNG,UNG,UNG,UNG,UNG
622,LAION1M,or,Post-filter,1.0,Post-filter,UNG,UNG,UNG,StitchedVamana
622,tripclick,and,UNG,1.0,UNG,UNG,UNG,UNG,UNG
622,tripclick,equal,UNG,1.0,UNG,UNG,UNG,UNG,UNG
622,tripclick,or,UNG,1.0,Post-filter,UNG,UNG,UNG,UNG
622,yfcc,and,UNG,1.0,SIEVE,UNG,UNG,UNG,StitchedVamana
622,yfcc,equal,UNG,1.0,UNG,UNG,UNG,UNG,StitchedVamana
622,yfcc,or,FilteredVamana,1.0,Post-filter,StitchedVamana,StitchedVamana,UNG,StitchedVamana
622,ytb_audio,and,UNG,1.0,SIEVE,UNG,UNG,UNG,Post-filter
622,ytb_audio,equal,UNG,1.0,UNG,UNG,UNG,UNG,Post-filter
622,ytb_audio,or,UNG,1.0,Post-filter,UNG,UNG,UNG,Post-filter
623,LAION1M,and,UNG,1.0,UNG,Post-filter,UNG,UNG,UNG
623,LAION1M,equal,UNG,1.0,UNG,UNG,UNG,UNG,UNG
623,LAION1M,or,UNG,1.0,Post-filter,UNG,UNG,FilteredVamana,StitchedVamana
623,tripclick,and,UNG,1.0,UNG,UNG,UNG,UNG,UNG
623,tripclick,equal,UNG,1.0,UNG,UNG,UNG,UNG,UNG
623,tripclick,or,UNG,1.0,Post-filter,UNG,UNG,UNG,UNG
623,yfcc,and,FilteredVamana,1.0,SIEVE,UNG,UNG,UNG,StitchedVamana
623,yfcc,equal,UNG,1.0,UNG,UNG,UNG,UNG,StitchedVamana
623,yfcc,or,FilteredVamana,1.0,Post-filter,StitchedVamana,StitchedVamana,UNG,StitchedVamana
623,ytb_audio,and,UNG,1.0,SIEVE,UNG,UNG,UNG,Post-filter
623,ytb_audio,equal,UNG,1.0,UNG,UNG,UNG,UNG,Post-filter
623,ytb_audio,or,StitchedVamana,1.0,Post-filter,UNG,UNG,UNG,Post-filter
624,LAION1M,and,UNG,1.0,UNG,UNG,UNG,UNG,UNG
624,LAION1M,equal,UNG,1.0,UNG,UNG,UNG,UNG,UNG
624,LAION1M,or,UNG,1.0,Post-filter,Post-filter,UNG,UNG,UNG
624,tripclick,and,UNG,1.0,UNG,UNG,UNG,UNG,UNG
624,tripclick,equal,UNG,1.0,UNG,UNG,UNG,UNG,UNG
624,tripclick,or,UNG,1.0,Post-filter,UNG,UNG,UNG,UNG
624,yfcc,and,UNG,1.0,SIEVE,UNG,UNG,UNG,StitchedVamana
624,yfcc,equal,UNG,1.0,UNG,UNG,UNG,UNG,StitchedVamana
624,yfcc,or,FilteredVamana,1.0,Post-filter,StitchedVamana,StitchedVamana,UNG,StitchedVamana
624,ytb_audio,and,UNG,1.0,SIEVE,UNG,UNG,UNG,Post-filter
624,ytb_audio,equal,UNG,1.0,UNG,UNG,UNG,UNG,Post-filter
624,ytb_audio,or,SIEVE,1.0,Post-filter,UNG,UNG,UNG,Post-filter
625,LAION1M,and,UNG,1.0,UNG,UNG,UNG,UNG,UNG
625,LAION1M,equal,UNG,1.0,UNG,UNG,UNG,UNG,UNG
625,LAION1M,or,UNG,1.0,Post-filter,UNG,UNG,UNG,UNG
625,tripclick,and,UNG,1.0,UNG,UNG,UNG,UNG,UNG
625,tripclick,equal,UNG,1.0,UNG,UNG,UNG,UNG,UNG
625,tripclick,or,UNG,1.0,Post-filter,UNG,UNG,UNG,UNG
625,yfcc,and,UNG,1.0,SIEVE,UNG,UNG,UNG,StitchedVamana
625,yfcc,equal,UNG,1.0,UNG,UNG,UNG,UNG,StitchedVamana
625,yfcc,or,FilteredVamana,1.0,Post-filter,UNG,StitchedVamana,UNG,StitchedVamana
625,ytb_audio,and,UNG,1.0,SIEVE,UNG,UNG,UNG,Post-filter
625,ytb_audio,equal,UNG,1.0,UNG,UNG,UNG,UNG,Post-filter
625,ytb_audio,or,StitchedVamana,1.0,Post-filter,UNG,FilteredVamana,UNG,Post-filter
626,LAION1M,and,UNG,1.0,UNG,UNG,UNG,UNG,UNG
626,LAION1M,equal,UNG,1.0,UNG,UNG,UNG,UNG,UNG
626,LAION1M,or,UNG,1.0,Post-filter,UNG,UNG,FilteredVamana,StitchedVamana
626,tripclick,and,UNG,1.0,UNG,UNG,UNG,UNG,UNG
626,tripclick,equal,UNG,1.0,UNG,UNG,UNG,UNG,UNG
626,tripclick,or,UNG,1.0,Post-filter,UNG,UNG,UNG,UNG
626,yfcc,and,UNG,1.0,SIEVE,UNG,UNG,UNG,StitchedVamana
626,yfcc,equal,UNG,1.0,UNG,UNG,UNG,UNG,StitchedVamana
626,yfcc,or,FilteredVamana,1.0,Post-filter,StitchedVamana,StitchedVamana,UNG,StitchedVamana
626,ytb_audio,and,UNG,1.0,SIEVE,UNG,UNG,UNG,Post-filter
626,ytb_audio,equal,UNG,1.0,UNG,UNG,UNG,UNG,Post-filter
626,ytb_audio,or,StitchedVamana,1.0,Post-filter,UNG,UNG,UNG,Post-filter
627,LAION1M,and,UNG,1.0,UNG,Post-filter,UNG,UNG,UNG
627,LAION1M,equal,UNG,1.0,UNG,UNG,UNG,UNG,UNG
627,LAION1M,or,UNG,1.0,Post-filter,UNG,UNG,UNG,StitchedVamana
627,tripclick,and,UNG,1.0,UNG,UNG,UNG,UNG,UNG
627,tripclick,equal,UNG,1.0,UNG,UNG,UNG,UNG,UNG
627,tripclick,or,UNG,1.0,Post-filter,UNG,UNG,UNG,UNG
627,yfcc,and,FilteredVamana,1.0,SIEVE,UNG,UNG,UNG,StitchedVamana
627,yfcc,equal,UNG,1.0,UNG,UNG,UNG,UNG,StitchedVamana
627,yfcc,or,FilteredVamana,1.0,Post-filter,StitchedVamana,StitchedVamana,UNG,StitchedVamana
627,ytb_audio,and,SIEVE,1.0,SIEVE,UNG,UNG,UNG,Post-filter
627,ytb_audio,equal,UNG,1.0,UNG,UNG,UNG,UNG,Post-filter
627,ytb_audio,or,StitchedVamana,1.0,Post-filter,UNG,FilteredVamana,UNG,Post-filter
628,LAION1M,and,UNG,1.0,UNG,UNG,UNG,UNG,UNG
628,LAION1M,equal,UNG,1.0,UNG,UNG,UNG,UNG,UNG
628,LAION1M,or,UNG,1.0,Post-filter,Post-filter,UNG,UNG,UNG
628,tripclick,and,UNG,1.0,UNG,UNG,UNG,UNG,UNG
628,tripclick,equal,UNG,1.0,UNG,UNG,UNG,UNG,UNG
628,tripclick,or,UNG,1.0,Post-filter,UNG,UNG,UNG,UNG
628,yfcc,and,UNG,1.0,SIEVE,UNG,UNG,UNG,StitchedVamana
628,yfcc,equal,UNG,1.0,UNG,UNG,UNG,UNG,StitchedVamana
628,yfcc,or,FilteredVamana,1.0,Post-filter,StitchedVamana,StitchedVamana,UNG,StitchedVamana
628,ytb_audio,and,UNG,1.0,SIEVE,UNG,UNG,UNG,Post-filter
628,ytb_audio,equal,UNG,1.0,UNG,UNG,UNG,UNG,Post-filter
628,ytb_audio,or,UNG,1.0,Post-filter,UNG,UNG,UNG,Post-filter
629,LAION1M,and,UNG,1.0,UNG,Post-filter,UNG,UNG,UNG
629,LAION1M,equal,UNG,1.0,UNG,UNG,UNG,UNG,UNG
629,LAION1M,or,UNG,1.0,Post-filter,Post-filter,UNG,UNG,UNG
629,tripclick,and,UNG,1.0,UNG,UNG,UNG,UNG,UNG
629,tripclick,equal,UNG,1.0,UNG,UNG,UNG,UNG,UNG
629,tripclick,or,UNG,1.0,Post-filter,UNG,UNG,UNG,UNG
629,yfcc,and,UNG,1.0,SIEVE,UNG,UNG,UNG,StitchedVamana
629,yfcc,equal,UNG,1.0,UNG,UNG,UNG,UNG,StitchedVamana
629,yfcc,or,FilteredVamana,1.0,Post-filter,StitchedVamana,UNG,UNG,StitchedVamana
629,ytb_audio,and,UNG,1.0,SIEVE,UNG,UNG,UNG,Post-filter
629,ytb_audio,equal,UNG,1.0,UNG,UNG,UNG,UNG,Post-filter
629,ytb_audio,or,StitchedVamana,1.0,Post-filter,UNG,FilteredVamana,UNG,Post-filter
630,LAION1M,and,UNG,1.0,UNG,UNG,UNG,UNG,UNG
630,LAION1M,equal,UNG,1.0,UNG,UNG,UNG,UNG,UNG
630,LAION1M,or,UNG,1.0,Post-filter,Post-filter,UNG,UNG,UNG
630,tripclick,and,UNG,1.0,UNG,UNG,UNG,UNG,UNG
630,tripclick,equal,UNG,1.0,UNG,UNG,UNG,UNG,UNG
630,tripclick,or,UNG,1.0,Post-filter,UNG,UNG,UNG,UNG
630,yfcc,and,UNG,1.0,SIEVE,UNG,UNG,UNG,StitchedVamana
630,yfcc,equal,UNG,1.0,UNG,UNG,UNG,UNG,StitchedVamana
630,yfcc,or,FilteredVamana,1.0,Post-filter,StitchedVamana,StitchedVamana,UNG,StitchedVamana
630,ytb_audio,and,UNG,1.0,SIEVE,UNG,UNG,UNG,Post-filter
630,ytb_audio,equal,UNG,1.0,UNG,UNG,UNG,UNG,Post-filter
630,ytb_audio,or,StitchedVamana,1.0,Post-filter,UNG,UNG,UNG,Post-filter
631,LAION1M,and,UNG,1.0,UNG,UNG,UNG,UNG,UNG
631,LAION1M,equal,UNG,1.0,UNG,UNG,UNG,UNG,UNG
631,LAION1M,or,UNG,1.0,Post-filter,UNG,UNG,UNG,StitchedVamana
631,tripclick,and,UNG,1.0,UNG,UNG,UNG,UNG,UNG
631,tripclick,equal,UNG,1.0,UNG,UNG,UNG,UNG,UNG
631,tripclick,or,UNG,1.0,Post-filter,UNG,UNG,UNG,UNG
631,yfcc,and,UNG,1.0,SIEVE,UNG,UNG,UNG,StitchedVamana
631,yfcc,equal,UNG,1.0,UNG,UNG,UNG,UNG,StitchedVamana
631,yfcc,or,FilteredVamana,1.0,Post-filter,StitchedVamana,StitchedVamana,UNG,StitchedVamana
631,ytb_audio,and,SIEVE,1.0,SIEVE,UNG,UNG,UNG,Post-filter
631,ytb_audio,equal,UNG,1.0,UNG,UNG,UNG,UNG,Post-filter
631,ytb_audio,or,StitchedVamana,1.0,Post-filter,UNG,FilteredVamana,UNG,Post-filter
632,LAION1M,and,UNG,1.0,UNG,UNG,UNG,UNG,UNG
632,LAION1M,equal,UNG,1.0,UNG,UNG,UNG,UNG,UNG
632,LAION1M,or,UNG,1.0,Post-filter,UNG,UNG,UNG,StitchedVamana
632,tripclick,and,UNG,1.0,UNG,UNG,UNG,UNG,UNG
632,tripclick,equal,UNG,1.0,UNG,UNG,UNG,UNG,UNG
632,tripclick,or,UNG,1.0,Post-filter,UNG,UNG,UNG,UNG
632,yfcc,and,UNG,1.0,SIEVE,UNG,UNG,UNG,StitchedVamana
632,yfcc,equal,UNG,1.0,UNG,UNG,UNG,UNG,StitchedVamana
632,yfcc,or,FilteredVamana,1.0,Post-filter,StitchedVamana,StitchedVamana,UNG,StitchedVamana
632,ytb_audio,and,UNG,1.0,SIEVE,UNG,UNG,UNG,Post-filter
632,ytb_audio,equal,UNG,1.0,UNG,UNG,UNG,UNG,Post-filter
632,ytb_audio,or,StitchedVamana,1.0,Post-filter,UNG,FilteredVamana,UNG,Post-filter
633,LAION1M,and,UNG,1.0,UNG,UNG,UNG,UNG,UNG
633,LAION1M,equal,UNG,1.0,UNG,UNG,UNG,UNG,UNG
633,LAION1M,or,UNG,1.0,Post-filter,Post-filter,UNG,FilteredVamana,StitchedVamana
633,tripclick,and,UNG,1.0,UNG,UNG,UNG,UNG,UNG
633,tripclick,equal,UNG,1.0,UNG,UNG,UNG,UNG,UNG
633,tripclick,or,Post-filter,1.0,Post-filter,UNG,UNG,UNG,UNG
633,yfcc,and,UNG,1.0,SIEVE,UNG,UNG,UNG,StitchedVamana
633,yfcc,equal,UNG,1.0,UNG,UNG,UNG,UNG,StitchedVamana
633,yfcc,or,FilteredVamana,1.0,Post-filter,StitchedVamana,UNG,UNG,StitchedVamana
633,ytb_audio,and,UNG,1.0,SIEVE,UNG,UNG,UNG,Post-filter
633,ytb_audio,equal,UNG,1.0,UNG,UNG,UNG,UNG,Post-filter
633,ytb_audio,or,StitchedVamana,1.0,Post-filter,UNG,FilteredVamana,UNG,Post-filter
634,LAION1M,and,UNG,1.0,UNG,UNG,UNG,UNG,UNG
634,LAION1M,equal,UNG,1.0,UNG,UNG,UNG,UNG,UNG
634,LAION1M,or,UNG,1.0,Post-filter,UNG,UNG,UNG,StitchedVamana
634,tripclick,and,UNG,1.0,UNG,UNG,UNG,UNG,UNG
634,tripclick,equal,UNG,1.0,UNG,UNG,UNG,UNG,UNG
634,tripclick,or,UNG,1.0,Post-filter,UNG,UNG,UNG,UNG
634,yfcc,and,UNG,1.0,SIEVE,UNG,UNG,UNG,StitchedVamana
634,yfcc,equal,UNG,1.0,UNG,UNG,UNG,UNG,StitchedVamana
634,yfcc,or,FilteredVamana,1.0,Post-filter,FilteredVamana,StitchedVamana,UNG,StitchedVamana
634,ytb_audio,and,UNG,1.0,SIEVE,UNG,UNG,UNG,Post-filter
634,ytb_audio,equal,UNG,1.0,UNG,UNG,UNG,UNG,Post-filter
634,ytb_audio,or,StitchedVamana,1.0,Post-filter,UNG,FilteredVamana,UNG,Post-filter
635,LAION1M,and,UNG,1.0,UNG,UNG,UNG,UNG,UNG
635,LAION1M,equal,UNG,1.0,UNG,UNG,UNG,UNG,UNG
635,LAION1M,or,UNG,1.0,Post-filter,UNG,UNG,UNG,StitchedVamana
635,tripclick,and,UNG,1.0,UNG,UNG,UNG,UNG,UNG
635,tripclick,equal,UNG,1.0,UNG,UNG,UNG,UNG,UNG
635,tripclick,or,UNG,1.0,Post-filter,UNG,UNG,UNG,UNG
635,yfcc,and,FilteredVamana,1.0,SIEVE,UNG,UNG,UNG,StitchedVamana
635,yfcc,equal,UNG,1.0,UNG,UNG,UNG,UNG,StitchedVamana
635,yfcc,or,FilteredVamana,1.0,Post-filter,StitchedVamana,UNG,UNG,StitchedVamana
635,ytb_audio,and,UNG,1.0,SIEVE,UNG,UNG,UNG,Post-filter
635,ytb_audio,equal,UNG,1.0,UNG,UNG,UNG,UNG,Post-filter
635,ytb_audio,or,StitchedVamana,1.0,Post-filter,UNG,UNG,UNG,Post-filter
636,LAION1M,and,UNG,1.0,UNG,UNG,UNG,UNG,UNG
636,LAION1M,equal,UNG,1.0,UNG,UNG,UNG,UNG,UNG
636,LAION1M,or,UNG,1.0,Post-filter,UNG,UNG,UNG,UNG
636,tripclick,and,Post-filter,1.0,UNG,UNG,UNG,UNG,UNG
636,tripclick,equal,UNG,1.0,UNG,UNG,UNG,UNG,UNG
636,tripclick,or,UNG,1.0,Post-filter,UNG,UNG,UNG,UNG
636,yfcc,and,FilteredVamana,1.0,SIEVE,UNG,UNG,UNG,StitchedVamana
636,yfcc,equal,UNG,1.0,UNG,UNG,UNG,UNG,StitchedVamana
636,yfcc,or,FilteredVamana,1.0,Post-filter,StitchedVamana,StitchedVamana,UNG,StitchedVamana
636,ytb_audio,and,UNG,1.0,SIEVE,UNG,UNG,UNG,Post-filter
636,ytb_audio,equal,UNG,1.0,UNG,UNG,UNG,UNG,Post-filter
636,ytb_audio,or,StitchedVamana,1.0,Post-filter,UNG,FilteredVamana,UNG,Post-filter
637,LAION1M,and,UNG,1.0,UNG,Post-filter,UNG,UNG,UNG
637,LAION1M,equal,UNG,1.0,UNG,UNG,UNG,UNG,UNG
637,LAION1M,or,Post-filter,1.0,Post-filter,Post-filter,UNG,FilteredVamana,StitchedVamana
637,tripclick,and,UNG,1.0,UNG,UNG,UNG,UNG,UNG
637,tripclick,equal,UNG,1.0,UNG,UNG,UNG,UNG,UNG
637,tripclick,or,UNG,1.0,Post-filter,UNG,UNG,UNG,UNG
637,yfcc,and,FilteredVamana,1.0,SIEVE,UNG,UNG,UNG,StitchedVamana
637,yfcc,equal,UNG,1.0,UNG,UNG,UNG,UNG,StitchedVamana
637,yfcc,or,FilteredVamana,1.0,Post-filter,StitchedVamana,StitchedVamana,UNG,StitchedVamana
637,ytb_audio,and,UNG,1.0,SIEVE,UNG,UNG,UNG,Post-filter
637,ytb_audio,equal,UNG,1.0,UNG,UNG,UNG,UNG,Post-filter
637,ytb_audio,or,StitchedVamana,1.0,Post-filter,UNG,FilteredVamana,UNG,Post-filter
638,LAION1M,and,UNG,1.0,UNG,Post-filter,UNG,UNG,UNG
638,LAION1M,equal,UNG,1.0,UNG,UNG,UNG,UNG,UNG
638,LAION1M,or,UNG,1.0,Post-filter,StitchedVamana,UNG,UNG,StitchedVamana
638,tripclick,and,UNG,1.0,UNG,UNG,UNG,UNG,UNG
638,tripclick,equal,UNG,1.0,UNG,UNG,UNG,UNG,UNG
638,tripclick,or,UNG,1.0,Post-filter,UNG,UNG,UNG,UNG
638,yfcc,and,FilteredVamana,1.0,SIEVE,UNG,UNG,UNG,StitchedVamana
638,yfcc,equal,UNG,1.0,UNG,UNG,UNG,UNG,StitchedVamana
638,yfcc,or,FilteredVamana,1.0,Post-filter,StitchedVamana,StitchedVamana,UNG,StitchedVamana
638,ytb_audio,and,UNG,1.0,SIEVE,UNG,UNG,UNG,Post-filter
638,ytb_audio,equal,UNG,1.0,UNG,UNG,UNG,UNG,Post-filter
638,ytb_audio,or,StitchedVamana,1.0,Post-filter,UNG,FilteredVamana,UNG,Post-filter
639,LAION1M,and,UNG,1.0,UNG,Post-filter,UNG,UNG,UNG
639,LAION1M,equal,UNG,1.0,UNG,UNG,UNG,UNG,UNG
639,LAION1M,or,UNG,1.0,Post-filter,Post-filter,UNG,FilteredVamana,StitchedVamana
639,tripclick,and,UNG,1.0,UNG,UNG,UNG,UNG,UNG
639,tripclick,equal,UNG,1.0,UNG,UNG,UNG,UNG,UNG
639,tripclick,or,UNG,1.0,Post-filter,UNG,UNG,UNG,UNG
639,yfcc,and,UNG,1.0,SIEVE,UNG,UNG,UNG,StitchedVamana
639,yfcc,equal,UNG,1.0,UNG,UNG,UNG,UNG,StitchedVamana
639,yfcc,or,FilteredVamana,1.0,Post-filter,FilteredVamana,StitchedVamana,UNG,StitchedVamana
639,ytb_audio,and,UNG,0.3,SIEVE,UNG,UNG,UNG,Post-filter
639,ytb_audio,equal,UNG,1.0,UNG,UNG,UNG,UNG,Post-filter
639,ytb_audio,or,UNG,1.0,Post-filter,UNG,FilteredVamana,UNG,Post-filter
640,LAION1M,and,UNG,1.0,UNG,UNG,UNG,UNG,UNG
640,LAION1M,equal,UNG,1.0,UNG,UNG,UNG,UNG,UNG
640,LAION1M,or,UNG,1.0,Post-filter,UNG,UNG,UNG,StitchedVamana
640,tripclick,and,UNG,1.0,UNG,UNG,UNG,UNG,UNG
640,tripclick,equal,UNG,1.0,UNG,UNG,UNG,UNG,UNG
640,tripclick,or,UNG,1.0,Post-filter,UNG,UNG,UNG,UNG
640,yfcc,and,UNG,1.0,SIEVE,UNG,UNG,UNG,StitchedVamana
640,yfcc,equal,UNG,1.0,UNG,UNG,UNG,UNG,StitchedVamana
640,yfcc,or,FilteredVamana,1.0,Post-filter,StitchedVamana,StitchedVamana,UNG,StitchedVamana
640,ytb_audio,and,SIEVE,1.0,SIEVE,UNG,UNG,UNG,Post-filter
640,ytb_audio,equal,UNG,1.0,UNG,UNG,UNG,UNG,Post-filter
640,ytb_audio,or,StitchedVamana,1.0,Post-filter,UNG,FilteredVamana,UNG,Post-filter
641,LAION1M,and,UNG,1.0,UNG,UNG,UNG,UNG,UNG
641,LAION1M,equal,UNG,1.0,UNG,UNG,UNG,UNG,UNG
641,LAION1M,or,UNG,1.0,Post-filter,UNG,UNG,UNG,StitchedVamana
641,tripclick,and,UNG,1.0,UNG,UNG,UNG,UNG,UNG
641,tripclick,equal,UNG,1.0,UNG,UNG,UNG,UNG,UNG
641,tripclick,or,UNG,1.0,Post-filter,UNG,UNG,UNG,UNG
641,yfcc,and,UNG,1.0,SIEVE,UNG,UNG,UNG,StitchedVamana
641,yfcc,equal,UNG,1.0,UNG,UNG,UNG,UNG,StitchedVamana
641,yfcc,or,FilteredVamana,1.0,Post-filter,StitchedVamana,StitchedVamana,UNG,StitchedVamana
641,ytb_audio,and,UNG,1.0,SIEVE,UNG,UNG,UNG,Post-filter
641,ytb_audio,equal,UNG,1.0,UNG,UNG,UNG,UNG,Post-filter
641,ytb_audio,or,StitchedVamana,1.0,Post-filter,UNG,FilteredVamana,UNG,Post-filter
642,LAION1M,and,Post-filter,1.0,UNG,Post-filter,UNG,UNG,UNG
642,LAION1M,equal,UNG,1.0,UNG,UNG,UNG,UNG,UNG
642,LAION1M,or,UNG,1.0,Post-filter,UNG,UNG,UNG,StitchedVamana
642,tripclick,and,UNG,1.0,UNG,UNG,UNG,UNG,UNG
642,tripclick,equal,UNG,1.0,UNG,UNG,UNG,UNG,UNG
642,tripclick,or,UNG,1.0,Post-filter,UNG,UNG,UNG,UNG
642,yfcc,and,UNG,1.0,SIEVE,UNG,UNG,UNG,StitchedVamana
642,yfcc,equal,UNG,1.0,UNG,UNG,UNG,UNG,StitchedVamana
642,yfcc,or,FilteredVamana,1.0,Post-filter,StitchedVamana,StitchedVamana,UNG,StitchedVamana
642,ytb_audio,and,UNG,1.0,SIEVE,UNG,UNG,UNG,Post-filter
642,ytb_audio,equal,UNG,1.0,UNG,UNG,UNG,UNG,Post-filter
642,ytb_audio,or,ACORN,0.9,Post-filter,UNG,UNG,UNG,Post-filter
643,LAION1M,and,UNG,1.0,UNG,UNG,UNG,UNG,UNG
643,LAION1M,equal,UNG,1.0,UNG,UNG,UNG,UNG,UNG
643,LAION1M,or,UNG,1.0,Post-filter,UNG,UNG,UNG,StitchedVamana
643,tripclick,and,UNG,1.0,UNG,UNG,UNG,UNG,UNG
643,tripclick,equal,UNG,1.0,UNG,UNG,UNG,UNG,UNG
643,tripclick,or,UNG,1.0,Post-filter,UNG,UNG,UNG,UNG
643,yfcc,and,UNG,1.0,SIEVE,UNG,UNG,UNG,StitchedVamana
643,yfcc,equal,UNG,1.0,UNG,UNG,UNG,UNG,StitchedVamana
643,yfcc,or,FilteredVamana,1.0,Post-filter,StitchedVamana,StitchedVamana,UNG,StitchedVamana
643,ytb_audio,and,UNG,1.0,SIEVE,UNG,UNG,UNG,Post-filter
643,ytb_audio,equal,UNG,1.0,UNG,UNG,UNG,UNG,Post-filter
643,ytb_audio,or,StitchedVamana,1.0,Post-filter,UNG,UNG,UNG,Post-filter
644,LAION1M,and,UNG,1.0,UNG,Post-filter,UNG,UNG,UNG
644,LAION1M,equal,UNG,1.0,UNG,UNG,UNG,UNG,UNG
644,LAION1M,or,UNG,1.0,Post-filter,UNG,UNG,UNG,StitchedVamana
644,tripclick,and,UNG,1.0,UNG,UNG,UNG,UNG,UNG
644,tripclick,equal,UNG,1.0,UNG,UNG,UNG,UNG,UNG
644,tripclick,or,UNG,1.0,Post-filter,UNG,UNG,UNG,UNG
644,yfcc,and,UNG,1.0,SIEVE,UNG,UNG,UNG,StitchedVamana
644,yfcc,equal,UNG,1.0,UNG,UNG,UNG,UNG,StitchedVamana
644,yfcc,or,FilteredVamana,1.0,Post-filter,StitchedVamana,StitchedVamana,UNG,StitchedVamana
644,ytb_audio,and,SIEVE,1.0,SIEVE,UNG,UNG,UNG,Post-filter
644,ytb_audio,equal,UNG,1.0,UNG,UNG,UNG,UNG,Post-filter
644,ytb_audio,or,Post-filter,1.0,Post-filter,UNG,UNG,UNG,Post-filter
645,LAION1M,and,UNG,1.0,UNG,Post-filter,UNG,UNG,UNG
645,LAION1M,equal,UNG,1.0,UNG,UNG,UNG,UNG,UNG
645,LAION1M,or,UNG,1.0,Post-filter,StitchedVamana,UNG,UNG,StitchedVamana
645,tripclick,and,UNG,1.0,UNG,UNG,UNG,UNG,UNG
645,tripclick,equal,UNG,1.0,UNG,UNG,UNG,UNG,UNG
645,tripclick,or,UNG,1.0,Post-filter,UNG,UNG,UNG,UNG
645,yfcc,and,UNG,1.0,SIEVE,UNG,UNG,UNG,StitchedVamana
645,yfcc,equal,UNG,1.0,UNG,UNG,UNG,UNG,StitchedVamana
645,yfcc,or,FilteredVamana,1.0,Post-filter,StitchedVamana,StitchedVamana,UNG,StitchedVamana
645,ytb_audio,and,SIEVE,1.0,SIEVE,UNG,UNG,UNG,Post-filter
645,ytb_audio,equal,UNG,1.0,UNG,UNG,UNG,UNG,Post-filter
645,ytb_audio,or,Post-filter,1.0,Post-filter,UNG,UNG,UNG,Post-filter
646,LAION1M,and,UNG,1.0,UNG,UNG,UNG,UNG,UNG
646,LAION1M,equal,UNG,1.0,UNG,UNG,UNG,UNG,UNG
646,LAION1M,or,UNG,1.0,Post-filter,Post-filter,UNG,UNG,UNG
646,tripclick,and,UNG,1.0,UNG,UNG,UNG,UNG,UNG
646,tripclick,equal,UNG,1.0,UNG,UNG,UNG,UNG,UNG
646,tripclick,or,Post-filter,1.0,Post-filter,UNG,UNG,UNG,UNG
646,yfcc,and,UNG,1.0,SIEVE,UNG,UNG,UNG,StitchedVamana
646,yfcc,equal,UNG,1.0,UNG,UNG,UNG,UNG,StitchedVamana
646,yfcc,or,FilteredVamana,1.0,Post-filter,StitchedVamana,StitchedVamana,UNG,StitchedVamana
646,ytb_audio,and,UNG,1.0,SIEVE,UNG,UNG,UNG,Post-filter
646,ytb_audio,equal,UNG,1.0,UNG,UNG,UNG,UNG,Post-filter
646,ytb_audio,or,StitchedVamana,1.0,Post-filter,UNG,FilteredVamana,UNG,Post-filter
647,LAION1M,and,UNG,1.0,UNG,UNG,UNG,UNG,UNG
647,LAION1M,equal,UNG,1.0,UNG,UNG,UNG,UNG,UNG
647,LAION1M,or,UNG,1.0,Post-filter,UNG,UNG,UNG,StitchedVamana
647,tripclick,and,UNG,1.0,UNG,UNG,UNG,UNG,UNG
647,tripclick,equal,UNG,1.0,UNG,UNG,UNG,UNG,UNG
647,tripclick,or,Post-filter,1.0,Post-filter,UNG,UNG,UNG,UNG
647,yfcc,and,UNG,1.0,SIEVE,UNG,UNG,UNG,StitchedVamana
647,yfcc,equal,UNG,1.0,UNG,UNG,UNG,UNG,StitchedVamana
647,yfcc,or,FilteredVamana,1.0,Post-filter,StitchedVamana,StitchedVamana,UNG,StitchedVamana
647,ytb_audio,and,SIEVE,1.0,SIEVE,UNG,UNG,UNG,Post-filter
647,ytb_audio,equal,UNG,1.0,UNG,UNG,UNG,UNG,Post-filter
647,ytb_audio,or,UNG,1.0,Post-filter,UNG,UNG,UNG,Post-filter
648,LAION1M,and,UNG,1.0,UNG,UNG,UNG,UNG,UNG
648,LAION1M,equal,UNG,1.0,UNG,UNG,UNG,UNG,UNG
648,LAION1M,or,UNG,1.0,Post-filter,UNG,UNG,UNG,UNG
648,tripclick,and,UNG,1.0,UNG,UNG,UNG,UNG,UNG
648,tripclick,equal,UNG,1.0,UNG,UNG,UNG,UNG,UNG
648,tripclick,or,Post-filter,1.0,Post-filter,UNG,UNG,UNG,UNG
648,yfcc,and,UNG,1.0,SIEVE,UNG,UNG,UNG,StitchedVamana
648,yfcc,equal,UNG,1.0,UNG,UNG,UNG,UNG,StitchedVamana
648,yfcc,or,FilteredVamana,1.0,Post-filter,StitchedVamana,UNG,UNG,StitchedVamana
648,ytb_audio,and,UNG,1.0,SIEVE,UNG,UNG,UNG,Post-filter
648,ytb_audio,equal,UNG,1.0,UNG,UNG,UNG,UNG,Post-filter
648,ytb_audio,or,UNG,1.0,Post-filter,UNG,UNG,UNG,Post-filter
649,LAION1M,and,UNG,1.0,UNG,UNG,UNG,UNG,UNG
649,LAION1M,equal,UNG,1.0,UNG,UNG,UNG,UNG,UNG
649,LAION1M,or,UNG,1.0,Post-filter,Post-filter,UNG,UNG,UNG
649,tripclick,and,UNG,1.0,UNG,UNG,UNG,UNG,UNG
649,tripclick,equal,UNG,1.0,UNG,UNG,UNG,UNG,UNG
649,tripclick,or,UNG,1.0,Post-filter,UNG,UNG,UNG,UNG
649,yfcc,and,UNG,1.0,SIEVE,UNG,UNG,UNG,StitchedVamana
649,yfcc,equal,UNG,1.0,UNG,UNG,UNG,UNG,StitchedVamana
649,yfcc,or,FilteredVamana,1.0,Post-filter,StitchedVamana,UNG,UNG,StitchedVamana
649,ytb_audio,and,UNG,1.0,SIEVE,UNG,UNG,UNG,Post-filter
649,ytb_audio,equal,UNG,1.0,UNG,UNG,UNG,UNG,Post-filter
649,ytb_audio,or,StitchedVamana,1.0,Post-filter,UNG,FilteredVamana,UNG,Post-filter
650,LAION1M,and,UNG,1.0,UNG,Post-filter,UNG,UNG,UNG
650,LAION1M,equal,UNG,1.0,UNG,UNG,UNG,UNG,UNG
650,LAION1M,or,UNG,1.0,Post-filter,Post-filter,UNG,UNG,UNG
650,tripclick,and,UNG,1.0,UNG,UNG,UNG,UNG,UNG
650,tripclick,equal,UNG,1.0,UNG,UNG,UNG,UNG,UNG
650,tripclick,or,UNG,1.0,Post-filter,UNG,UNG,UNG,UNG
650,yfcc,and,FilteredVamana,1.0,SIEVE,UNG,UNG,UNG,StitchedVamana
650,yfcc,equal,UNG,1.0,UNG,UNG,UNG,UNG,StitchedVamana
650,yfcc,or,FilteredVamana,1.0,Post-filter,StitchedVamana,StitchedVamana,UNG,StitchedVamana
650,ytb_audio,and,UNG,1.0,SIEVE,UNG,UNG,UNG,Post-filter
650,ytb_audio,equal,UNG,1.0,UNG,UNG,UNG,UNG,Post-filter
650,ytb_audio,or,StitchedVamana,1.0,Post-filter,UNG,FilteredVamana,UNG,Post-filter
651,LAION1M,and,UNG,1.0,UNG,UNG,UNG,UNG,UNG
651,LAION1M,equal,UNG,1.0,UNG,UNG,UNG,UNG,UNG
651,LAION1M,or,UNG,1.0,Post-filter,StitchedVamana,UNG,UNG,UNG
651,tripclick,and,UNG,1.0,UNG,UNG,UNG,UNG,UNG
651,tripclick,equal,UNG,1.0,UNG,UNG,UNG,UNG,UNG
651,tripclick,or,UNG,1.0,Post-filter,UNG,UNG,UNG,UNG
651,yfcc,and,FilteredVamana,1.0,SIEVE,UNG,UNG,UNG,StitchedVamana
651,yfcc,equal,UNG,1.0,UNG,UNG,UNG,UNG,StitchedVamana
651,yfcc,or,FilteredVamana,1.0,Post-filter,StitchedVamana,StitchedVamana,UNG,StitchedVamana
651,ytb_audio,and,UNG,1.0,SIEVE,UNG,UNG,UNG,Post-filter
651,ytb_audio,equal,UNG,1.0,UNG,UNG,UNG,UNG,Post-filter
651,ytb_audio,or,StitchedVamana,1.0,Post-filter,UNG,FilteredVamana,UNG,Post-filter
652,LAION1M,and,UNG,1.0,UNG,Post-filter,UNG,UNG,UNG
652,LAION1M,equal,UNG,1.0,UNG,UNG,UNG,UNG,UNG
652,LAION1M,or,UNG,1.0,Post-filter,StitchedVamana,UNG,UNG,UNG
652,tripclick,and,UNG,1.0,UNG,UNG,UNG,UNG,UNG
652,tripclick,equal,UNG,1.0,UNG,UNG,UNG,UNG,UNG
652,tripclick,or,UNG,1.0,Post-filter,UNG,UNG,UNG,UNG
652,yfcc,and,ACORN,1.0,SIEVE,UNG,UNG,UNG,StitchedVamana
652,yfcc,equal,UNG,1.0,UNG,UNG,UNG,UNG,StitchedVamana
652,yfcc,or,FilteredVamana,1.0,Post-filter,StitchedVamana,StitchedVamana,UNG,StitchedVamana
652,ytb_audio,and,UNG,1.0,SIEVE,UNG,UNG,UNG,Post-filter
652,ytb_audio,equal,UNG,1.0,UNG,UNG,UNG,UNG,Post-filter
652,ytb_audio,or,StitchedVamana,1.0,Post-filter,UNG,UNG,UNG,Post-filter
653,LAION1M,and,UNG,1.0,UNG,Post-filter,UNG,UNG,UNG
653,LAION1M,equal,UNG,1.0,UNG,UNG,UNG,UNG,UNG
653,LAION1M,or,UNG,1.0,Post-filter,StitchedVamana,UNG,UNG,StitchedVamana
653,tripclick,and,UNG,1.0,UNG,UNG,UNG,UNG,UNG
653,tripclick,equal,UNG,1.0,UNG,UNG,UNG,UNG,UNG
653,tripclick,or,UNG,1.0,Post-filter,UNG,UNG,UNG,UNG
653,yfcc,and,UNG,1.0,SIEVE,UNG,UNG,UNG,StitchedVamana
653,yfcc,equal,UNG,1.0,UNG,UNG,UNG,UNG,StitchedVamana
653,yfcc,or,FilteredVamana,1.0,Post-filter,StitchedVamana,StitchedVamana,UNG,StitchedVamana
653,ytb_audio,and,UNG,1.0,SIEVE,UNG,UNG,UNG,Post-filter
653,ytb_audio,equal,UNG,1.0,UNG,UNG,UNG,UNG,Post-filter
653,ytb_audio,or,StitchedVamana,1.0,Post-filter,UNG,UNG,UNG,Post-filter
654,LAION1M,and,UNG,1.0,UNG,UNG,UNG,UNG,UNG
654,LAION1M,equal,UNG,1.0,UNG,UNG,UNG,UNG,UNG
654,LAION1M,or,UNG,1.0,Post-filter,Post-filter,UNG,FilteredVamana,StitchedVamana
654,tripclick,and,UNG,1.0,UNG,UNG,UNG,UNG,UNG
654,tripclick,equal,UNG,1.0,UNG,UNG,UNG,UNG,UNG
654,tripclick,or,UNG,1.0,Post-filter,UNG,UNG,UNG,UNG
654,yfcc,and,UNG,1.0,SIEVE,UNG,UNG,UNG,StitchedVamana
654,yfcc,equal,UNG,1.0,UNG,UNG,UNG,UNG,StitchedVamana
654,yfcc,or,FilteredVamana,1.0,Post-filter,StitchedVamana,StitchedVamana,UNG,StitchedVamana
654,ytb_audio,and,SIEVE,1.0,SIEVE,UNG,UNG,UNG,Post-filter
654,ytb_audio,equal,UNG,1.0,UNG,UNG,UNG,UNG,Post-filter
654,ytb_audio,or,StitchedVamana,1.0,Post-filter,UNG,FilteredVamana,UNG,Post-filter
655,LAION1M,and,UNG,1.0,UNG,UNG,UNG,UNG,UNG
655,LAION1M,equal,UNG,1.0,UNG,UNG,UNG,UNG,UNG
655,LAION1M,or,UNG,1.0,Post-filter,Post-filter,UNG,UNG,UNG
655,tripclick,and,UNG,1.0,UNG,UNG,UNG,UNG,UNG
655,tripclick,equal,UNG,1.0,UNG,UNG,UNG,UNG,UNG
655,tripclick,or,UNG,1.0,Post-filter,UNG,UNG,UNG,UNG
655,yfcc,and,UNG,1.0,SIEVE,UNG,UNG,UNG,StitchedVamana
655,yfcc,equal,UNG,1.0,UNG,UNG,UNG,UNG,StitchedVamana
655,yfcc,or,FilteredVamana,1.0,Post-filter,StitchedVamana,UNG,UNG,StitchedVamana
655,ytb_audio,and,UNG,1.0,SIEVE,UNG,UNG,UNG,Post-filter
655,ytb_audio,equal,UNG,1.0,UNG,UNG,UNG,UNG,Post-filter
655,ytb_audio,or,Post-filter,1.0,Post-filter,UNG,UNG,UNG,Post-filter
656,LAION1M,and,UNG,1.0,UNG,UNG,UNG,UNG,UNG
656,LAION1M,equal,UNG,1.0,UNG,UNG,UNG,UNG,UNG
656,LAION1M,or,UNG,1.0,Post-filter,Post-filter,UNG,FilteredVamana,StitchedVamana
656,tripclick,and,UNG,1.0,UNG,UNG,UNG,UNG,UNG
656,tripclick,equal,UNG,1.0,UNG,UNG,UNG,UNG,UNG
656,tripclick,or,UNG,1.0,Post-filter,UNG,UNG,UNG,UNG
656,yfcc,and,UNG,1.0,SIEVE,UNG,UNG,UNG,StitchedVamana
656,yfcc,equal,UNG,1.0,UNG,UNG,UNG,UNG,StitchedVamana
656,yfcc,or,FilteredVamana,1.0,Post-filter,FilteredVamana,StitchedVamana,UNG,StitchedVamana
656,ytb_audio,and,SIEVE,1.0,SIEVE,UNG,UNG,UNG,Post-filter
656,ytb_audio,equal,UNG,1.0,UNG,UNG,UNG,UNG,Post-filter
656,ytb_audio,or,StitchedVamana,1.0,Post-filter,UNG,FilteredVamana,UNG,Post-filter
657,LAION1M,and,UNG,1.0,UNG,UNG,UNG,UNG,UNG
657,LAION1M,equal,UNG,1.0,UNG,UNG,UNG,UNG,UNG
657,LAION1M,or,UNG,1.0,Post-filter,UNG,UNG,UNG,UNG
657,tripclick,and,Post-filter,1.0,UNG,UNG,UNG,UNG,UNG
657,tripclick,equal,UNG,1.0,UNG,UNG,UNG,UNG,UNG
657,tripclick,or,UNG,1.0,Post-filter,UNG,UNG,UNG,UNG
657,yfcc,and,UNG,1.0,SIEVE,UNG,UNG,UNG,StitchedVamana
657,yfcc,equal,UNG,1.0,UNG,UNG,UNG,UNG,StitchedVamana
657,yfcc,or,Post-filter,1.0,Post-filter,StitchedVamana,StitchedVamana,UNG,StitchedVamana
657,ytb_audio,and,UNG,1.0,SIEVE,UNG,UNG,UNG,Post-filter
657,ytb_audio,equal,UNG,1.0,UNG,UNG,UNG,UNG,Post-filter
657,ytb_audio,or,Post-filter,1.0,Post-filter,UNG,UNG,UNG,Post-filter
658,LAION1M,and,UNG,1.0,UNG,UNG,UNG,UNG,UNG
658,LAION1M,equal,UNG,1.0,UNG,UNG,UNG,UNG,UNG
658,LAION1M,or,UNG,1.0,Post-filter,StitchedVamana,UNG,UNG,UNG
658,tripclick,and,UNG,1.0,UNG,UNG,UNG,UNG,UNG
658,tripclick,equal,UNG,1.0,UNG,UNG,UNG,UNG,UNG
658,tripclick,or,UNG,1.0,Post-filter,UNG,UNG,UNG,UNG
658,yfcc,and,UNG,1.0,SIEVE,UNG,UNG,UNG,StitchedVamana
658,yfcc,equal,UNG,1.0,UNG,UNG,UNG,UNG,StitchedVamana
658,yfcc,or,FilteredVamana,1.0,Post-filter,StitchedVamana,StitchedVamana,UNG,StitchedVamana
658,ytb_audio,and,UNG,1.0,SIEVE,UNG,UNG,UNG,Post-filter
658,ytb_audio,equal,UNG,1.0,UNG,UNG,UNG,UNG,Post-filter
658,ytb_audio,or,StitchedVamana,1.0,Post-filter,UNG,UNG,UNG,Post-filter
659,LAION1M,and,UNG,1.0,UNG,UNG,UNG,UNG,UNG
659,LAION1M,equal,UNG,1.0,UNG,UNG,UNG,UNG,UNG
659,LAION1M,or,UNG,1.0,Post-filter,UNG,UNG,UNG,StitchedVamana
659,tripclick,and,UNG,1.0,UNG,UNG,UNG,UNG,UNG
659,tripclick,equal,UNG,1.0,UNG,UNG,UNG,UNG,UNG
659,tripclick,or,UNG,1.0,Post-filter,UNG,UNG,UNG,UNG
659,yfcc,and,UNG,1.0,SIEVE,UNG,UNG,UNG,StitchedVamana
659,yfcc,equal,UNG,1.0,UNG,UNG,UNG,UNG,StitchedVamana
659,yfcc,or,FilteredVamana,1.0,Post-filter,StitchedVamana,StitchedVamana,UNG,StitchedVamana
659,ytb_audio,and,SIEVE,1.0,SIEVE,UNG,UNG,UNG,Post-filter
659,ytb_audio,equal,UNG,1.0,UNG,UNG,UNG,UNG,Post-filter
659,ytb_audio,or,Post-filter,1.0,Post-filter,UNG,UNG,UNG,Post-filter
660,LAION1M,and,UNG,1.0,UNG,UNG,UNG,UNG,UNG
660,LAION1M,equal,UNG,1.0,UNG,UNG,UNG,UNG,UNG
660,LAION1M,or,UNG,1.0,Post-filter,UNG,UNG,UNG,StitchedVamana
660,tripclick,and,UNG,1.0,UNG,UNG,UNG,UNG,UNG
660,tripclick,equal,UNG,1.0,UNG,UNG,UNG,UNG,UNG
660,tripclick,or,UNG,1.0,Post-filter,UNG,UNG,UNG,UNG
660,yfcc,and,UNG,1.0,SIEVE,UNG,UNG,UNG,StitchedVamana
660,yfcc,equal,UNG,1.0,UNG,UNG,UNG,UNG,StitchedVamana
660,yfcc,or,FilteredVamana,1.0,Post-filter,StitchedVamana,StitchedVamana,UNG,StitchedVamana
660,ytb_audio,and,UNG,1.0,SIEVE,UNG,UNG,UNG,Post-filter
660,ytb_audio,equal,UNG,1.0,UNG,UNG,UNG,UNG,Post-filter
660,ytb_audio,or,StitchedVamana,1.0,Post-filter,UNG,UNG,UNG,Post-filter
661,LAION1M,and,UNG,1.0,UNG,Post-filter,UNG,UNG,UNG
661,LAION1M,equal,UNG,1.0,UNG,UNG,UNG,UNG,UNG
661,LAION1M,or,UNG,1.0,Post-filter,UNG,UNG,UNG,StitchedVamana
661,tripclick,and,UNG,1.0,UNG,UNG,UNG,UNG,UNG
661,tripclick,equal,UNG,1.0,UNG,UNG,UNG,UNG,UNG
661,tripclick,or,UNG,1.0,Post-filter,UNG,UNG,UNG,UNG
661,yfcc,and,FilteredVamana,1.0,SIEVE,UNG,UNG,UNG,StitchedVamana
661,yfcc,equal,UNG,1.0,UNG,UNG,UNG,UNG,StitchedVamana
661,yfcc,or,FilteredVamana,1.0,Post-filter,StitchedVamana,StitchedVamana,UNG,StitchedVamana
661,ytb_audio,and,UNG,1.0,SIEVE,UNG,UNG,UNG,Post-filter
661,ytb_audio,equal,UNG,1.0,UNG,UNG,UNG,UNG,Post-filter
661,ytb_audio,or,StitchedVamana,1.0,Post-filter,UNG,FilteredVamana,UNG,Post-filter
662,LAION1M,and,UNG,1.0,UNG,UNG,UNG,UNG,UNG
662,LAION1M,equal,UNG,1.0,UNG,UNG,UNG,UNG,UNG
662,LAION1M,or,UNG,1.0,Post-filter,Post-filter,UNG,UNG,UNG
662,tripclick,and,UNG,1.0,UNG,UNG,UNG,UNG,UNG
662,tripclick,equal,UNG,1.0,UNG,UNG,UNG,UNG,UNG
662,tripclick,or,UNG,1.0,Post-filter,UNG,UNG,UNG,UNG
662,yfcc,and,UNG,1.0,SIEVE,UNG,UNG,UNG,StitchedVamana
662,yfcc,equal,UNG,1.0,UNG,UNG,UNG,UNG,StitchedVamana
662,yfcc,or,FilteredVamana,1.0,Post-filter,StitchedVamana,StitchedVamana,UNG,StitchedVamana
662,ytb_audio,and,UNG,1.0,SIEVE,UNG,UNG,UNG,Post-filter
662,ytb_audio,equal,UNG,1.0,UNG,UNG,UNG,UNG,Post-filter
662,ytb_audio,or,StitchedVamana,1.0,Post-filter,UNG,UNG,UNG,Post-filter
663,LAION1M,and,UNG,1.0,UNG,Post-filter,UNG,UNG,UNG
663,LAION1M,equal,UNG,1.0,UNG,UNG,UNG,UNG,UNG
663,LAION1M,or,UNG,1.0,Post-filter,UNG,UNG,UNG,StitchedVamana
663,tripclick,and,UNG,1.0,UNG,UNG,UNG,UNG,UNG
663,tripclick,equal,UNG,1.0,UNG,UNG,UNG,UNG,UNG
663,tripclick,or,UNG,1.0,Post-filter,UNG,UNG,UNG,UNG
663,yfcc,and,UNG,1.0,SIEVE,UNG,UNG,UNG,StitchedVamana
663,yfcc,equal,UNG,1.0,UNG,UNG,UNG,UNG,StitchedVamana
663,yfcc,or,FilteredVamana,1.0,Post-filter,StitchedVamana,StitchedVamana,UNG,StitchedVamana
663,ytb_audio,and,UNG,1.0,SIEVE,UNG,UNG,UNG,Post-filter
663,ytb_audio,equal,UNG,1.0,UNG,UNG,UNG,UNG,Post-filter
663,ytb_audio,or,StitchedVamana,1.0,Post-filter,UNG,UNG,UNG,Post-filter
664,LAION1M,and,UNG,1.0,UNG,Post-filter,UNG,UNG,UNG
664,LAION1M,equal,UNG,1.0,UNG,UNG,UNG,UNG,UNG
664,LAION1M,or,UNG,1.0,Post-filter,Post-filter,UNG,UNG,UNG
664,tripclick,and,Post-filter,1.0,UNG,UNG,UNG,UNG,UNG
664,tripclick,equal,UNG,1.0,UNG,UNG,UNG,UNG,UNG
664,tripclick,or,UNG,1.0,Post-filter,UNG,UNG,UNG,UNG
664,yfcc,and,FilteredVamana,1.0,SIEVE,UNG,UNG,UNG,StitchedVamana
664,yfcc,equal,UNG,1.0,UNG,UNG,UNG,UNG,StitchedVamana
664,yfcc,or,FilteredVamana,1.0,Post-filter,StitchedVamana,StitchedVamana,UNG,StitchedVamana
664,ytb_audio,and,UNG,1.0,SIEVE,UNG,UNG,UNG,Post-filter
664,ytb_audio,equal,UNG,1.0,UNG,UNG,UNG,UNG,Post-filter
664,ytb_audio,or,StitchedVamana,1.0,Post-filter,UNG,FilteredVamana,UNG,Post-filter
665,LAION1M,and,UNG,1.0,UNG,Post-filter,UNG,UNG,UNG
665,LAION1M,equal,UNG,1.0,UNG,UNG,UNG,UNG,UNG
665,LAION1M,or,UNG,1.0,Post-filter,UNG,UNG,UNG,StitchedVamana
665,tripclick,and,UNG,1.0,UNG,UNG,UNG,UNG,UNG
665,tripclick,equal,UNG,1.0,UNG,UNG,UNG,UNG,UNG
665,tripclick,or,Post-filter,1.0,Post-filter,UNG,UNG,UNG,UNG
665,yfcc,and,FilteredVamana,1.0,SIEVE,UNG,UNG,UNG,StitchedVamana
665,yfcc,equal,UNG,1.0,UNG,UNG,UNG,UNG,StitchedVamana
665,yfcc,or,FilteredVamana,1.0,Post-filter,StitchedVamana,StitchedVamana,UNG,StitchedVamana
665,ytb_audio,and,UNG,1.0,SIEVE,UNG,UNG,UNG,Post-filter
665,ytb_audio,equal,UNG,1.0,UNG,UNG,UNG,UNG,Post-filter
665,ytb_audio,or,StitchedVamana,1.0,Post-filter,UNG,UNG,UNG,Post-filter
666,LAION1M,and,UNG,1.0,UNG,UNG,UNG,UNG,UNG
666,LAION1M,equal,UNG,1.0,UNG,UNG,UNG,UNG,UNG
666,LAION1M,or,UNG,1.0,Post-filter,UNG,UNG,UNG,UNG
666,tripclick,and,UNG,1.0,UNG,UNG,UNG,UNG,UNG
666,tripclick,equal,UNG,1.0,UNG,UNG,UNG,UNG,UNG
666,tripclick,or,UNG,1.0,Post-filter,UNG,UNG,UNG,UNG
666,yfcc,and,UNG,1.0,SIEVE,UNG,UNG,UNG,StitchedVamana
666,yfcc,equal,UNG,1.0,UNG,UNG,UNG,UNG,StitchedVamana
666,yfcc,or,FilteredVamana,1.0,Post-filter,StitchedVamana,StitchedVamana,UNG,StitchedVamana
666,ytb_audio,and,UNG,1.0,SIEVE,UNG,UNG,UNG,Post-filter
666,ytb_audio,equal,UNG,1.0,UNG,UNG,UNG,UNG,Post-filter
666,ytb_audio,or,UNG,1.0,Post-filter,UNG,UNG,UNG,Post-filter
667,LAION1M,and,UNG,1.0,UNG,Post-filter,UNG,UNG,UNG
667,LAION1M,equal,UNG,1.0,UNG,UNG,UNG,UNG,UNG
667,LAION1M,or,UNG,1.0,Post-filter,UNG,UNG,UNG,StitchedVamana
667,tripclick,and,UNG,1.0,UNG,UNG,UNG,UNG,UNG
667,tripclick,equal,UNG,1.0,UNG,UNG,UNG,UNG,UNG
667,tripclick,or,Post-filter,1.0,Post-filter,UNG,UNG,UNG,UNG
667,yfcc,and,UNG,1.0,SIEVE,UNG,UNG,UNG,StitchedVamana
667,yfcc,equal,UNG,1.0,UNG,UNG,UNG,UNG,StitchedVamana
667,yfcc,or,FilteredVamana,1.0,Post-filter,StitchedVamana,StitchedVamana,UNG,StitchedVamana
667,ytb_audio,and,UNG,1.0,SIEVE,UNG,UNG,UNG,Post-filter
667,ytb_audio,equal,UNG,1.0,UNG,UNG,UNG,UNG,Post-filter
667,ytb_audio,or,Post-filter,1.0,Post-filter,UNG,UNG,UNG,Post-filter
668,LAION1M,and,UNG,1.0,UNG,UNG,UNG,UNG,UNG
668,LAION1M,equal,UNG,1.0,UNG,UNG,UNG,UNG,UNG
668,LAION1M,or,UNG,1.0,Post-filter,UNG,UNG,UNG,UNG
668,tripclick,and,UNG,1.0,UNG,UNG,UNG,UNG,UNG
668,tripclick,equal,UNG,1.0,UNG,UNG,UNG,UNG,UNG
668,tripclick,or,Post-filter,1.0,Post-filter,UNG,UNG,UNG,UNG
668,yfcc,and,UNG,1.0,SIEVE,UNG,UNG,UNG,StitchedVamana
668,yfcc,equal,UNG,1.0,UNG,UNG,UNG,UNG,StitchedVamana
668,yfcc,or,FilteredVamana,1.0,Post-filter,UNG,UNG,UNG,StitchedVamana
668,ytb_audio,and,UNG,1.0,SIEVE,UNG,UNG,UNG,Post-filter
668,ytb_audio,equal,UNG,1.0,UNG,UNG,UNG,UNG,Post-filter
668,ytb_audio,or,StitchedVamana,1.0,Post-filter,UNG,UNG,UNG,Post-filter
669,LAION1M,and,UNG,1.0,UNG,UNG,UNG,UNG,UNG
669,LAION1M,equal,UNG,1.0,UNG,UNG,UNG,UNG,UNG
669,LAION1M,or,UNG,1.0,Post-filter,Post-filter,UNG,UNG,UNG
669,tripclick,and,UNG,1.0,UNG,UNG,UNG,UNG,UNG
669,tripclick,equal,UNG,1.0,UNG,UNG,UNG,UNG,UNG
669,tripclick,or,UNG,1.0,Post-filter,UNG,UNG,UNG,UNG
669,yfcc,and,UNG,1.0,SIEVE,UNG,UNG,UNG,StitchedVamana
669,yfcc,equal,UNG,1.0,UNG,UNG,UNG,UNG,StitchedVamana
669,yfcc,or,FilteredVamana,1.0,Post-filter,StitchedVamana,StitchedVamana,UNG,StitchedVamana
669,ytb_audio,and,SIEVE,1.0,SIEVE,UNG,UNG,UNG,Post-filter
669,ytb_audio,equal,UNG,1.0,UNG,UNG,UNG,UNG,Post-filter
669,ytb_audio,or,UNG,1.0,Post-filter,UNG,UNG,UNG,Post-filter
670,LAION1M,and,UNG,1.0,UNG,UNG,UNG,UNG,UNG
670,LAION1M,equal,UNG,1.0,UNG,UNG,UNG,UNG,UNG
670,LAION1M,or,UNG,1.0,Post-filter,UNG,UNG,UNG,StitchedVamana
670,tripclick,and,UNG,1.0,UNG,UNG,UNG,UNG,UNG
670,tripclick,equal,UNG,1.0,UNG,UNG,UNG,UNG,UNG
670,tripclick,or,UNG,1.0,Post-filter,UNG,UNG,UNG,UNG
670,yfcc,and,Post-filter,1.0,SIEVE,UNG,UNG,UNG,StitchedVamana
670,yfcc,equal,UNG,1.0,UNG,UNG,UNG,UNG,StitchedVamana
670,yfcc,or,FilteredVamana,1.0,Post-filter,StitchedVamana,StitchedVamana,UNG,StitchedVamana
670,ytb_audio,and,SIEVE,1.0,SIEVE,UNG,UNG,UNG,Post-filter
670,ytb_audio,equal,UNG,1.0,UNG,UNG,UNG,UNG,Post-filter
670,ytb_audio,or,StitchedVamana,1.0,Post-filter,UNG,FilteredVamana,UNG,Post-filter
671,LAION1M,and,UNG,1.0,UNG,UNG,UNG,UNG,UNG
671,LAION1M,equal,UNG,1.0,UNG,UNG,UNG,UNG,UNG
671,LAION1M,or,UNG,1.0,Post-filter,UNG,UNG,UNG,StitchedVamana
671,tripclick,and,UNG,1.0,UNG,UNG,UNG,UNG,UNG
671,tripclick,equal,UNG,1.0,UNG,UNG,UNG,UNG,UNG
671,tripclick,or,UNG,1.0,Post-filter,UNG,UNG,UNG,UNG
671,yfcc,and,UNG,1.0,SIEVE,UNG,UNG,UNG,StitchedVamana
671,yfcc,equal,UNG,1.0,UNG,UNG,UNG,UNG,StitchedVamana
671,yfcc,or,FilteredVamana,1.0,Post-filter,StitchedVamana,StitchedVamana,UNG,StitchedVamana
671,ytb_audio,and,UNG,0.9,SIEVE,UNG,UNG,UNG,Post-filter
671,ytb_audio,equal,UNG,1.0,UNG,UNG,UNG,UNG,Post-filter
671,ytb_audio,or,UNG,1.0,Post-filter,UNG,UNG,UNG,Post-filter
672,LAION1M,and,UNG,1.0,UNG,UNG,UNG,UNG,UNG
672,LAION1M,equal,UNG,1.0,UNG,UNG,UNG,UNG,UNG
672,LAION1M,or,UNG,1.0,Post-filter,UNG,UNG,UNG,StitchedVamana
672,tripclick,and,UNG,1.0,UNG,UNG,UNG,UNG,UNG
672,tripclick,equal,UNG,1.0,UNG,UNG,UNG,UNG,UNG
672,tripclick,or,UNG,1.0,Post-filter,UNG,UNG,UNG,UNG
672,yfcc,and,FilteredVamana,1.0,SIEVE,UNG,UNG,UNG,StitchedVamana
672,yfcc,equal,UNG,1.0,UNG,UNG,UNG,UNG,StitchedVamana
672,yfcc,or,FilteredVamana,1.0,Post-filter,StitchedVamana,UNG,UNG,StitchedVamana
672,ytb_audio,and,UNG,1.0,SIEVE,UNG,UNG,UNG,Post-filter
672,ytb_audio,equal,UNG,1.0,UNG,UNG,UNG,UNG,Post-filter
672,ytb_audio,or,StitchedVamana,1.0,Post-filter,UNG,FilteredVamana,UNG,Post-filter
673,LAION1M,and,UNG,1.0,UNG,UNG,UNG,UNG,UNG
673,LAION1M,equal,UNG,1.0,UNG,UNG,UNG,UNG,UNG
673,LAION1M,or,UNG,1.0,Post-filter,Post-filter,UNG,UNG,UNG
673,tripclick,and,UNG,1.0,UNG,UNG,UNG,UNG,UNG
673,tripclick,equal,UNG,1.0,UNG,UNG,UNG,UNG,UNG
673,tripclick,or,UNG,1.0,Post-filter,UNG,UNG,UNG,UNG
673,yfcc,and,FilteredVamana,1.0,SIEVE,UNG,UNG,UNG,StitchedVamana
673,yfcc,equal,UNG,1.0,UNG,UNG,UNG,UNG,StitchedVamana
673,yfcc,or,FilteredVamana,1.0,Post-filter,StitchedVamana,StitchedVamana,UNG,StitchedVamana
673,ytb_audio,and,UNG,1.0,SIEVE,UNG,UNG,UNG,Post-filter
673,ytb_audio,equal,UNG,1.0,UNG,UNG,UNG,UNG,Post-filter
673,ytb_audio,or,UNG,1.0,Post-filter,UNG,FilteredVamana,UNG,Post-filter
674,LAION1M,and,UNG,1.0,UNG,Post-filter,UNG,UNG,UNG
674,LAION1M,equal,UNG,1.0,UNG,UNG,UNG,UNG,UNG
674,LAION1M,or,UNG,1.0,Post-filter,UNG,UNG,UNG,StitchedVamana
674,tripclick,and,UNG,1.0,UNG,UNG,UNG,UNG,UNG
674,tripclick,equal,UNG,1.0,UNG,UNG,UNG,UNG,UNG
674,tripclick,or,UNG,1.0,Post-filter,UNG,UNG,UNG,UNG
674,yfcc,and,FilteredVamana,1.0,SIEVE,UNG,UNG,UNG,StitchedVamana
674,yfcc,equal,UNG,1.0,UNG,UNG,UNG,UNG,StitchedVamana
674,yfcc,or,FilteredVamana,1.0,Post-filter,FilteredVamana,StitchedVamana,UNG,StitchedVamana
674,ytb_audio,and,UNG,1.0,SIEVE,UNG,UNG,UNG,Post-filter
674,ytb_audio,equal,UNG,1.0,UNG,UNG,UNG,UNG,Post-filter
674,ytb_audio,or,StitchedVamana,1.0,Post-filter,UNG,FilteredVamana,UNG,Post-filter
675,LAION1M,and,UNG,1.0,UNG,UNG,UNG,UNG,UNG
675,LAION1M,equal,UNG,1.0,UNG,UNG,UNG,UNG,UNG
675,LAION1M,or,Post-filter,1.0,Post-filter,UNG,UNG,UNG,UNG
675,tripclick,and,UNG,1.0,UNG,UNG,UNG,UNG,UNG
675,tripclick,equal,UNG,1.0,UNG,UNG,UNG,UNG,UNG
675,tripclick,or,UNG,1.0,Post-filter,UNG,UNG,UNG,UNG
675,yfcc,and,FilteredVamana,1.0,SIEVE,UNG,UNG,UNG,StitchedVamana
675,yfcc,equal,UNG,1.0,UNG,UNG,UNG,UNG,StitchedVamana
675,yfcc,or,FilteredVamana,1.0,Post-filter,StitchedVamana,StitchedVamana,UNG,StitchedVamana
675,ytb_audio,and,SIEVE,1.0,SIEVE,UNG,UNG,UNG,Post-filter
675,ytb_audio,equal,UNG,1.0,UNG,UNG,UNG,UNG,Post-filter
675,ytb_audio,or,UNG,1.0,Post-filter,UNG,UNG,UNG,Post-filter
676,LAION1M,and,UNG,1.0,UNG,UNG,UNG,UNG,UNG
676,LAION1M,equal,UNG,1.0,UNG,UNG,UNG,UNG,UNG
676,LAION1M,or,UNG,1.0,Post-filter,UNG,UNG,UNG,UNG
676,tripclick,and,UNG,1.0,UNG,UNG,UNG,UNG,UNG
676,tripclick,equal,UNG,1.0,UNG,UNG,UNG,UNG,UNG
676,tripclick,or,UNG,1.0,Post-filter,UNG,UNG,UNG,UNG
676,yfcc,and,UNG,1.0,SIEVE,UNG,UNG,UNG,StitchedVamana
676,yfcc,equal,UNG,1.0,UNG,UNG,UNG,UNG,StitchedVamana
676,yfcc,or,FilteredVamana,1.0,Post-filter,StitchedVamana,StitchedVamana,UNG,StitchedVamana
676,ytb_audio,and,UNG,1.0,SIEVE,UNG,UNG,UNG,Post-filter
676,ytb_audio,equal,UNG,1.0,UNG,UNG,UNG,UNG,Post-filter
676,ytb_audio,or,UNG,1.0,Post-filter,UNG,UNG,UNG,Post-filter
677,LAION1M,and,UNG,1.0,UNG,Post-filter,UNG,UNG,UNG
677,LAION1M,equal,UNG,1.0,UNG,UNG,UNG,UNG,UNG
677,LAION1M,or,UNG,1.0,Post-filter,Post-filter,UNG,UNG,UNG
677,tripclick,and,UNG,1.0,UNG,UNG,UNG,UNG,UNG
677,tripclick,equal,UNG,1.0,UNG,UNG,UNG,UNG,UNG
677,tripclick,or,UNG,1.0,Post-filter,UNG,UNG,UNG,UNG
677,yfcc,and,UNG,1.0,SIEVE,UNG,UNG,UNG,StitchedVamana
677,yfcc,equal,UNG,1.0,UNG,UNG,UNG,UNG,StitchedVamana
677,yfcc,or,FilteredVamana,1.0,Post-filter,StitchedVamana,StitchedVamana,UNG,StitchedVamana
677,ytb_audio,and,UNG,1.0,SIEVE,UNG,UNG,UNG,Post-filter
677,ytb_audio,equal,UNG,1.0,UNG,UNG,UNG,UNG,Post-filter
677,ytb_audio,or,StitchedVamana,1.0,Post-filter,UNG,UNG,UNG,Post-filter
678,LAION1M,and,UNG,1.0,UNG,Post-filter,UNG,UNG,UNG
678,LAION1M,equal,UNG,1.0,UNG,UNG,UNG,UNG,UNG
678,LAION1M,or,UNG,1.0,Post-filter,UNG,UNG,UNG,StitchedVamana
678,tripclick,and,UNG,1.0,UNG,UNG,UNG,UNG,UNG
678,tripclick,equal,UNG,1.0,UNG,UNG,UNG,UNG,UNG
678,tripclick,or,UNG,1.0,Post-filter,UNG,UNG,UNG,UNG
678,yfcc,and,FilteredVamana,1.0,SIEVE,UNG,UNG,UNG,StitchedVamana
678,yfcc,equal,UNG,1.0,UNG,UNG,UNG,UNG,StitchedVamana
678,yfcc,or,FilteredVamana,1.0,Post-filter,FilteredVamana,StitchedVamana,UNG,StitchedVamana
678,ytb_audio,and,UNG,1.0,SIEVE,UNG,UNG,UNG,Post-filter
678,ytb_audio,equal,UNG,1.0,UNG,UNG,UNG,UNG,Post-filter
678,ytb_audio,or,Post-filter,1.0,Post-filter,UNG,FilteredVamana,UNG,Post-filter
679,LAION1M,and,UNG,1.0,UNG,Post-filter,UNG,UNG,UNG
679,LAION1M,equal,UNG,1.0,UNG,UNG,UNG,UNG,UNG
679,LAION1M,or,UNG,1.0,Post-filter,Post-filter,UNG,UNG,UNG
679,tripclick,and,UNG,1.0,UNG,UNG,UNG,UNG,UNG
679,tripclick,equal,UNG,1.0,UNG,UNG,UNG,UNG,UNG
679,tripclick,or,UNG,1.0,Post-filter,UNG,UNG,UNG,UNG
679,yfcc,and,UNG,1.0,SIEVE,UNG,UNG,UNG,StitchedVamana
679,yfcc,equal,UNG,1.0,UNG,UNG,UNG,UNG,StitchedVamana
679,yfcc,or,FilteredVamana,1.0,Post-filter,StitchedVamana,StitchedVamana,UNG,StitchedVamana
679,ytb_audio,and,UNG,1.0,SIEVE,UNG,UNG,UNG,Post-filter
679,ytb_audio,equal,UNG,1.0,UNG,UNG,UNG,UNG,Post-filter
679,ytb_audio,or,UNG,1.0,Post-filter,UNG,UNG,UNG,Post-filter
680,LAION1M,and,UNG,1.0,UNG,UNG,UNG,UNG,UNG
680,LAION1M,equal,UNG,1.0,UNG,UNG,UNG,UNG,UNG
680,LAION1M,or,UNG,1.0,Post-filter,Post-filter,UNG,UNG,UNG
680,tripclick,and,Post-filter,1.0,UNG,UNG,UNG,UNG,UNG
680,tripclick,equal,UNG,1.0,UNG,UNG,UNG,UNG,UNG
680,tripclick,or,UNG,1.0,Post-filter,UNG,UNG,UNG,UNG
680,yfcc,and,FilteredVamana,1.0,SIEVE,UNG,UNG,UNG,StitchedVamana
680,yfcc,equal,UNG,1.0,UNG,UNG,UNG,UNG,StitchedVamana
680,yfcc,or,FilteredVamana,1.0,Post-filter,StitchedVamana,StitchedVamana,UNG,StitchedVamana
680,ytb_audio,and,UNG,1.0,SIEVE,UNG,UNG,UNG,Post-filter
680,ytb_audio,equal,UNG,1.0,UNG,UNG,UNG,UNG,Post-filter
680,ytb_audio,or,StitchedVamana,1.0,Post-filter,UNG,UNG,UNG,Post-filter
681,LAION1M,and,UNG,1.0,UNG,UNG,UNG,UNG,UNG
681,LAION1M,equal,UNG,1.0,UNG,UNG,UNG,UNG,UNG
681,LAION1M,or,UNG,1.0,Post-filter,UNG,UNG,UNG,UNG
681,tripclick,and,UNG,1.0,UNG,UNG,UNG,UNG,UNG
681,tripclick,equal,UNG,1.0,UNG,UNG,UNG,UNG,UNG
681,tripclick,or,Post-filter,1.0,Post-filter,UNG,UNG,UNG,UNG
681,yfcc,and,UNG,1.0,SIEVE,UNG,UNG,UNG,StitchedVamana
681,yfcc,equal,UNG,1.0,UNG,UNG,UNG,UNG,StitchedVamana
681,yfcc,or,FilteredVamana,1.0,Post-filter,StitchedVamana,StitchedVamana,UNG,StitchedVamana
681,ytb_audio,and,UNG,1.0,SIEVE,UNG,UNG,UNG,Post-filter
681,ytb_audio,equal,UNG,1.0,UNG,UNG,UNG,UNG,Post-filter
681,ytb_audio,or,UNG,1.0,Post-filter,UNG,UNG,UNG,Post-filter
682,LAION1M,and,UNG,1.0,UNG,UNG,UNG,UNG,UNG
682,LAION1M,equal,UNG,1.0,UNG,UNG,UNG,UNG,UNG
682,LAION1M,or,UNG,1.0,Post-filter,UNG,UNG,UNG,StitchedVamana
682,tripclick,and,UNG,1.0,UNG,UNG,UNG,UNG,UNG
682,tripclick,equal,UNG,1.0,UNG,UNG,UNG,UNG,UNG
682,tripclick,or,Post-filter,1.0,Post-filter,UNG,UNG,UNG,UNG
682,yfcc,and,UNG,1.0,SIEVE,UNG,UNG,UNG,StitchedVamana
682,yfcc,equal,UNG,1.0,UNG,UNG,UNG,UNG,StitchedVamana
682,yfcc,or,FilteredVamana,1.0,Post-filter,FilteredVamana,StitchedVamana,UNG,StitchedVamana
682,ytb_audio,and,UNG,1.0,SIEVE,UNG,UNG,UNG,Post-filter
682,ytb_audio,equal,UNG,1.0,UNG,UNG,UNG,UNG,Post-filter
682,ytb_audio,or,StitchedVamana,1.0,Post-filter,UNG,FilteredVamana,UNG,Post-filter
683,LAION1M,and,UNG,1.0,UNG,UNG,UNG,UNG,UNG
683,LAION1M,equal,UNG,1.0,UNG,UNG,UNG,UNG,UNG
683,LAION1M,or,Post-filter,1.0,Post-filter,UNG,UNG,UNG,StitchedVamana
683,tripclick,and,UNG,1.0,UNG,UNG,UNG,UNG,UNG
683,tripclick,equal,UNG,1.0,UNG,UNG,UNG,UNG,UNG
683,tripclick,or,UNG,1.0,Post-filter,UNG,UNG,UNG,UNG
683,yfcc,and,FilteredVamana,1.0,SIEVE,UNG,UNG,UNG,StitchedVamana
683,yfcc,equal,UNG,1.0,UNG,UNG,UNG,UNG,StitchedVamana
683,yfcc,or,FilteredVamana,1.0,Post-filter,StitchedVamana,StitchedVamana,UNG,StitchedVamana
683,ytb_audio,and,SIEVE,1.0,SIEVE,UNG,UNG,UNG,Post-filter
683,ytb_audio,equal,UNG,1.0,UNG,UNG,UNG,UNG,Post-filter
683,ytb_audio,or,Post-filter,1.0,Post-filter,UNG,UNG,UNG,Post-filter
684,LAION1M,and,UNG,1.0,UNG,UNG,UNG,UNG,UNG
684,LAION1M,equal,UNG,1.0,UNG,UNG,UNG,UNG,UNG
684,LAION1M,or,UNG,1.0,Post-filter,Post-filter,UNG,UNG,UNG
684,tripclick,and,UNG,1.0,UNG,UNG,UNG,UNG,UNG
684,tripclick,equal,UNG,1.0,UNG,UNG,UNG,UNG,UNG
684,tripclick,or,UNG,1.0,Post-filter,UNG,UNG,UNG,UNG
684,yfcc,and,UNG,1.0,SIEVE,UNG,UNG,UNG,StitchedVamana
684,yfcc,equal,UNG,1.0,UNG,UNG,UNG,UNG,StitchedVamana
684,yfcc,or,FilteredVamana,1.0,Post-filter,StitchedVamana,StitchedVamana,UNG,StitchedVamana
684,ytb_audio,and,SIEVE,1.0,SIEVE,UNG,UNG,UNG,Post-filter
684,ytb_audio,equal,UNG,1.0,UNG,UNG,UNG,UNG,Post-filter
684,ytb_audio,or,Post-filter,1.0,Post-filter,UNG,UNG,UNG,Post-filter
685,LAION1M,and,UNG,1.0,UNG,UNG,UNG,UNG,UNG
685,LAION1M,equal,UNG,1.0,UNG,UNG,UNG,UNG,UNG
685,LAION1M,or,UNG,1.0,Post-filter,UNG,UNG,UNG,StitchedVamana
685,tripclick,and,UNG,1.0,UNG,UNG,UNG,UNG,UNG
685,tripclick,equal,UNG,1.0,UNG,UNG,UNG,UNG,UNG
685,tripclick,or,UNG,1.0,Post-filter,UNG,UNG,UNG,UNG
685,yfcc,and,FilteredVamana,1.0,SIEVE,UNG,UNG,UNG,StitchedVamana
685,yfcc,equal,UNG,1.0,UNG,UNG,UNG,UNG,StitchedVamana
685,yfcc,or,FilteredVamana,1.0,Post-filter,StitchedVamana,StitchedVamana,UNG,StitchedVamana
685,ytb_audio,and,UNG,1.0,SIEVE,UNG,UNG,UNG,Post-filter
685,ytb_audio,equal,UNG,1.0,UNG,UNG,UNG,UNG,Post-filter
685,ytb_audio,or,StitchedVamana,1.0,Post-filter,UNG,UNG,UNG,Post-filter
686,LAION1M,and,UNG,1.0,UNG,UNG,UNG,UNG,UNG
686,LAION1M,equal,UNG,1.0,UNG,UNG,UNG,UNG,UNG
686,LAION1M,or,UNG,1.0,Post-filter,Post-filter,UNG,UNG,UNG
686,tripclick,and,UNG,1.0,UNG,UNG,UNG,UNG,UNG
686,tripclick,equal,UNG,1.0,UNG,UNG,UNG,UNG,UNG
686,tripclick,or,UNG,1.0,Post-filter,UNG,UNG,UNG,UNG
686,yfcc,and,FilteredVamana,1.0,SIEVE,UNG,UNG,UNG,StitchedVamana
686,yfcc,equal,UNG,1.0,UNG,UNG,UNG,UNG,StitchedVamana
686,yfcc,or,FilteredVamana,1.0,Post-filter,StitchedVamana,StitchedVamana,UNG,StitchedVamana
686,ytb_audio,and,UNG,1.0,SIEVE,UNG,UNG,UNG,Post-filter
686,ytb_audio,equal,UNG,1.0,UNG,UNG,UNG,UNG,Post-filter
686,ytb_audio,or,StitchedVamana,1.0,Post-filter,UNG,FilteredVamana,UNG,Post-filter
687,LAION1M,and,UNG,1.0,UNG,UNG,UNG,UNG,UNG
687,LAION1M,equal,UNG,1.0,UNG,UNG,UNG,UNG,UNG
687,LAION1M,or,UNG,1.0,Post-filter,Post-filter,UNG,UNG,UNG
687,tripclick,and,UNG,1.0,UNG,UNG,UNG,UNG,UNG
687,tripclick,equal,UNG,1.0,UNG,UNG,UNG,UNG,UNG
687,tripclick,or,Post-filter,1.0,Post-filter,UNG,UNG,UNG,UNG
687,yfcc,and,FilteredVamana,1.0,SIEVE,UNG,UNG,UNG,StitchedVamana
687,yfcc,equal,UNG,1.0,UNG,UNG,UNG,UNG,StitchedVamana
687,yfcc,or,FilteredVamana,1.0,Post-filter,StitchedVamana,StitchedVamana,UNG,StitchedVamana
687,ytb_audio,and,SIEVE,0.8,SIEVE,UNG,UNG,UNG,Post-filter
687,ytb_audio,equal,UNG,1.0,UNG,UNG,UNG,UNG,Post-filter
687,ytb_audio,or,StitchedVamana,1.0,Post-filter,UNG,FilteredVamana,UNG,Post-filter
688,LAION1M,and,UNG,1.0,UNG,UNG,UNG,UNG,UNG
688,LAION1M,equal,UNG,1.0,UNG,UNG,UNG,UNG,UNG
688,LAION1M,or,UNG,1.0,Post-filter,Post-filter,UNG,FilteredVamana,StitchedVamana
688,tripclick,and,UNG,1.0,UNG,UNG,UNG,UNG,UNG
688,tripclick,equal,UNG,1.0,UNG,UNG,UNG,UNG,UNG
688,tripclick,or,UNG,1.0,Post-filter,UNG,UNG,UNG,UNG
688,yfcc,and,UNG,1.0,SIEVE,UNG,UNG,UNG,StitchedVamana
688,yfcc,equal,UNG,1.0,UNG,UNG,UNG,UNG,StitchedVamana
688,yfcc,or,FilteredVamana,1.0,Post-filter,StitchedVamana,StitchedVamana,UNG,StitchedVamana
688,ytb_audio,and,SIEVE,0.8,SIEVE,UNG,UNG,UNG,Post-filter
688,ytb_audio,equal,UNG,1.0,UNG,UNG,UNG,UNG,Post-filter
688,ytb_audio,or,StitchedVamana,1.0,Post-filter,UNG,FilteredVamana,UNG,Post-filter
689,LAION1M,and,UNG,1.0,UNG,UNG,UNG,UNG,UNG
689,LAION1M,equal,UNG,1.0,UNG,UNG,UNG,UNG,UNG
689,LAION1M,or,UNG,1.0,Post-filter,Post-filter,UNG,UNG,UNG
689,tripclick,and,UNG,1.0,UNG,UNG,UNG,UNG,UNG
689,tripclick,equal,UNG,1.0,UNG,UNG,UNG,UNG,UNG
689,tripclick,or,UNG,1.0,Post-filter,UNG,UNG,UNG,UNG
689,yfcc,and,FilteredVamana,1.0,SIEVE,UNG,UNG,UNG,StitchedVamana
689,yfcc,equal,UNG,1.0,UNG,UNG,UNG,UNG,StitchedVamana
689,yfcc,or,FilteredVamana,1.0,Post-filter,FilteredVamana,StitchedVamana,UNG,StitchedVamana
689,ytb_audio,and,UNG,1.0,SIEVE,UNG,UNG,UNG,Post-filter
689,ytb_audio,equal,UNG,1.0,UNG,UNG,UNG,UNG,Post-filter
689,ytb_audio,or,StitchedVamana,1.0,Post-filter,UNG,FilteredVamana,UNG,Post-filter
690,LAION1M,and,UNG,1.0,UNG,UNG,UNG,UNG,UNG
690,LAION1M,equal,UNG,1.0,UNG,UNG,UNG,UNG,UNG
690,LAION1M,or,UNG,1.0,Post-filter,Post-filter,UNG,UNG,UNG
690,tripclick,and,UNG,1.0,UNG,UNG,UNG,UNG,UNG
690,tripclick,equal,UNG,1.0,UNG,UNG,UNG,UNG,UNG
690,tripclick,or,UNG,1.0,Post-filter,UNG,UNG,UNG,UNG
690,yfcc,and,UNG,1.0,SIEVE,UNG,UNG,UNG,StitchedVamana
690,yfcc,equal,UNG,1.0,UNG,UNG,UNG,UNG,StitchedVamana
690,yfcc,or,FilteredVamana,1.0,Post-filter,FilteredVamana,StitchedVamana,UNG,StitchedVamana
690,ytb_audio,and,SIEVE,0.8,SIEVE,UNG,UNG,UNG,Post-filter
690,ytb_audio,equal,UNG,1.0,UNG,UNG,UNG,UNG,Post-filter
690,ytb_audio,or,StitchedVamana,1.0,Post-filter,UNG,FilteredVamana,UNG,Post-filter
691,LAION1M,and,UNG,1.0,UNG,Post-filter,UNG,UNG,UNG
691,LAION1M,equal,UNG,1.0,UNG,UNG,UNG,UNG,UNG
691,LAION1M,or,UNG,1.0,Post-filter,Post-filter,UNG,UNG,UNG
691,tripclick,and,UNG,1.0,UNG,UNG,UNG,UNG,UNG
691,tripclick,equal,UNG,1.0,UNG,UNG,UNG,UNG,UNG
691,tripclick,or,UNG,1.0,Post-filter,UNG,UNG,UNG,UNG
691,yfcc,and,UNG,1.0,SIEVE,UNG,UNG,UNG,StitchedVamana
691,yfcc,equal,UNG,1.0,UNG,UNG,UNG,UNG,StitchedVamana
691,yfcc,or,FilteredVamana,1.0,Post-filter,StitchedVamana,StitchedVamana,UNG,StitchedVamana
691,ytb_audio,and,UNG,1.0,SIEVE,UNG,UNG,UNG,Post-filter
691,ytb_audio,equal,UNG,1.0,UNG,UNG,UNG,UNG,Post-filter
691,ytb_audio,or,SIEVE,1.0,Post-filter,UNG,UNG,UNG,Post-filter
692,LAION1M,and,UNG,1.0,UNG,Post-filter,UNG,UNG,UNG
692,LAION1M,equal,UNG,1.0,UNG,UNG,UNG,UNG,UNG
692,LAION1M,or,UNG,1.0,Post-filter,Post-filter,UNG,UNG,UNG
692,tripclick,and,UNG,1.0,UNG,UNG,UNG,UNG,UNG
692,tripclick,equal,UNG,1.0,UNG,UNG,UNG,UNG,UNG
692,tripclick,or,UNG,1.0,Post-filter,UNG,UNG,UNG,UNG
692,yfcc,and,UNG,1.0,SIEVE,UNG,UNG,UNG,StitchedVamana
692,yfcc,equal,UNG,1.0,UNG,UNG,UNG,UNG,StitchedVamana
692,yfcc,or,FilteredVamana,1.0,Post-filter,StitchedVamana,StitchedVamana,UNG,StitchedVamana
692,ytb_audio,and,UNG,1.0,SIEVE,UNG,UNG,UNG,Post-filter
692,ytb_audio,equal,UNG,1.0,UNG,UNG,UNG,UNG,Post-filter
692,ytb_audio,or,StitchedVamana,1.0,Post-filter,UNG,FilteredVamana,UNG,Post-filter
693,LAION1M,and,UNG,1.0,UNG,UNG,UNG,UNG,UNG
693,LAION1M,equal,UNG,1.0,UNG,UNG,UNG,UNG,UNG
693,LAION1M,or,UNG,1.0,Post-filter,StitchedVamana,UNG,UNG,StitchedVamana
693,tripclick,and,UNG,1.0,UNG,UNG,UNG,UNG,UNG
693,tripclick,equal,UNG,1.0,UNG,UNG,UNG,UNG,UNG
693,tripclick,or,UNG,1.0,Post-filter,UNG,UNG,UNG,UNG
693,yfcc,and,UNG,1.0,SIEVE,UNG,UNG,UNG,StitchedVamana
693,yfcc,equal,UNG,1.0,UNG,UNG,UNG,UNG,StitchedVamana
693,yfcc,or,FilteredVamana,1.0,Post-filter,StitchedVamana,StitchedVamana,UNG,StitchedVamana
693,ytb_audio,and,UNG,1.0,SIEVE,UNG,UNG,UNG,Post-filter
693,ytb_audio,equal,UNG,1.0,UNG,UNG,UNG,UNG,Post-filter
693,ytb_audio,or,StitchedVamana,1.0,Post-filter,UNG,UNG,UNG,Post-filter
694,LAION1M,and,UNG,1.0,UNG,Post-filter,UNG,UNG,UNG
694,LAION1M,equal,UNG,1.0,UNG,UNG,UNG,UNG,UNG
694,LAION1M,or,UNG,1.0,Post-filter,Post-filter,UNG,UNG,UNG
694,tripclick,and,UNG,1.0,UNG,UNG,UNG,UNG,UNG
694,tripclick,equal,UNG,1.0,UNG,UNG,UNG,UNG,UNG
694,tripclick,or,UNG,1.0,Post-filter,UNG,UNG,UNG,UNG
694,yfcc,and,UNG,1.0,SIEVE,UNG,UNG,UNG,StitchedVamana
694,yfcc,equal,UNG,1.0,UNG,UNG,UNG,UNG,StitchedVamana
694,yfcc,or,FilteredVamana,1.0,Post-filter,StitchedVamana,UNG,UNG,StitchedVamana
694,ytb_audio,and,UNG,1.0,SIEVE,UNG,UNG,UNG,Post-filter
694,ytb_audio,equal,UNG,1.0,UNG,UNG,UNG,UNG,Post-filter
694,ytb_audio,or,StitchedVamana,1.0,Post-filter,UNG,FilteredVamana,UNG,Post-filter
695,LAION1M,and,UNG,1.0,UNG,UNG,UNG,UNG,UNG
695,LAION1M,equal,UNG,1.0,UNG,UNG,UNG,UNG,UNG
695,LAION1M,or,UNG,1.0,Post-filter,UNG,UNG,UNG,UNG
695,tripclick,and,UNG,1.0,UNG,UNG,UNG,UNG,UNG
695,tripclick,equal,UNG,1.0,UNG,UNG,UNG,UNG,UNG
695,tripclick,or,UNG,1.0,Post-filter,UNG,UNG,UNG,UNG
695,yfcc,and,UNG,1.0,SIEVE,UNG,UNG,UNG,StitchedVamana
695,yfcc,equal,UNG,1.0,UNG,UNG,UNG,UNG,StitchedVamana
695,yfcc,or,FilteredVamana,1.0,Post-filter,FilteredVamana,StitchedVamana,UNG,StitchedVamana
695,ytb_audio,and,UNG,1.0,SIEVE,UNG,UNG,UNG,Post-filter
695,ytb_audio,equal,UNG,1.0,UNG,UNG,UNG,UNG,Post-filter
695,ytb_audio,or,StitchedVamana,1.0,Post-filter,UNG,FilteredVamana,UNG,Post-filter
696,LAION1M,and,UNG,1.0,UNG,UNG,UNG,UNG,UNG
696,LAION1M,equal,UNG,1.0,UNG,UNG,UNG,UNG,UNG
696,LAION1M,or,UNG,1.0,Post-filter,Post-filter,UNG,FilteredVamana,StitchedVamana
696,tripclick,and,Post-filter,1.0,UNG,UNG,UNG,UNG,UNG
696,tripclick,equal,UNG,1.0,UNG,UNG,UNG,UNG,UNG
696,tripclick,or,UNG,1.0,Post-filter,UNG,UNG,UNG,UNG
696,yfcc,and,FilteredVamana,1.0,SIEVE,UNG,UNG,UNG,StitchedVamana
696,yfcc,equal,UNG,1.0,UNG,UNG,UNG,UNG,StitchedVamana
696,yfcc,or,FilteredVamana,1.0,Post-filter,StitchedVamana,StitchedVamana,UNG,StitchedVamana
696,ytb_audio,and,UNG,1.0,SIEVE,UNG,UNG,UNG,Post-filter
696,ytb_audio,equal,UNG,1.0,UNG,UNG,UNG,UNG,Post-filter
696,ytb_audio,or,UNG,1.0,Post-filter,UNG,UNG,UNG,Post-filter
697,LAION1M,and,UNG,1.0,UNG,UNG,UNG,UNG,UNG
697,LAION1M,equal,UNG,1.0,UNG,UNG,UNG,UNG,UNG
697,LAION1M,or,UNG,1.0,Post-filter,UNG,UNG,UNG,StitchedVamana
697,tripclick,and,UNG,1.0,UNG,UNG,UNG,UNG,UNG
697,tripclick,equal,UNG,1.0,UNG,UNG,UNG,UNG,UNG
697,tripclick,or,Post-filter,1.0,Post-filter,UNG,UNG,UNG,UNG
697,yfcc,and,UNG,0.8,SIEVE,UNG,UNG,UNG,StitchedVamana
697,yfcc,equal,UNG,1.0,UNG,UNG,UNG,UNG,StitchedVamana
697,yfcc,or,FilteredVamana,1.0,Post-filter,StitchedVamana,StitchedVamana,UNG,StitchedVamana
697,ytb_audio,and,UNG,1.0,SIEVE,UNG,UNG,UNG,Post-filter
697,ytb_audio,equal,UNG,1.0,UNG,UNG,UNG,UNG,Post-filter
697,ytb_audio,or,StitchedVamana,1.0,Post-filter,UNG,UNG,UNG,Post-filter
698,LAION1M,and,UNG,1.0,UNG,UNG,UNG,UNG,UNG
698,LAION1M,equal,UNG,1.0,UNG,UNG,UNG,UNG,UNG
698,LAION1M,or,UNG,1.0,Post-filter,Post-filter,UNG,FilteredVamana,StitchedVamana
698,tripclick,and,UNG,1.0,UNG,UNG,UNG,UNG,UNG
698,tripclick,equal,UNG,1.0,UNG,UNG,UNG,UNG,UNG
698,tripclick,or,UNG,1.0,Post-filter,UNG,UNG,UNG,UNG
698,yfcc,and,UNG,1.0,SIEVE,UNG,UNG,UNG,StitchedVamana
698,yfcc,equal,UNG,1.0,UNG,UNG,UNG,UNG,StitchedVamana
698,yfcc,or,FilteredVamana,1.0,Post-filter,StitchedVamana,StitchedVamana,UNG,StitchedVamana
698,ytb_audio,and,UNG,1.0,SIEVE,UNG,UNG,UNG,Post-filter
698,ytb_audio,equal,UNG,1.0,UNG,UNG,UNG,UNG,Post-filter
698,ytb_audio,or,StitchedVamana,1.0,Post-filter,UNG,UNG,UNG,Post-filter
699,LAION1M,and,UNG,1.0,UNG,UNG,UNG,UNG,UNG
699,LAION1M,equal,UNG,1.0,UNG,UNG,UNG,UNG,UNG
699,LAION1M,or,UNG,1.0,Post-filter,UNG,UNG,UNG,StitchedVamana
699,tripclick,and,UNG,1.0,UNG,UNG,UNG,UNG,UNG
699,tripclick,equal,UNG,1.0,UNG,UNG,UNG,UNG,UNG
699,tripclick,or,UNG,1.0,Post-filter,UNG,UNG,UNG,UNG
699,yfcc,and,UNG,1.0,SIEVE,UNG,UNG,UNG,StitchedVamana
699,yfcc,equal,UNG,1.0,UNG,UNG,UNG,UNG,StitchedVamana
699,yfcc,or,FilteredVamana,1.0,Post-filter,FilteredVamana,StitchedVamana,UNG,StitchedVamana
699,ytb_audio,and,UNG,1.0,SIEVE,UNG,UNG,UNG,Post-filter
699,ytb_audio,equal,UNG,1.0,UNG,UNG,UNG,UNG,Post-filter
699,ytb_audio,or,StitchedVamana,1.0,Post-filter,UNG,UNG,UNG,Post-filter
700,LAION1M,and,UNG,1.0,UNG,UNG,UNG,UNG,UNG
700,LAION1M,equal,UNG,1.0,UNG,UNG,UNG,UNG,UNG
700,LAION1M,or,UNG,1.0,Post-filter,UNG,UNG,FilteredVamana,StitchedVamana
700,tripclick,and,UNG,1.0,UNG,UNG,UNG,UNG,UNG
700,tripclick,equal,UNG,1.0,UNG,UNG,UNG,UNG,UNG
700,tripclick,or,UNG,1.0,Post-filter,UNG,UNG,UNG,UNG
700,yfcc,and,StitchedVamana,1.0,SIEVE,UNG,UNG,UNG,StitchedVamana
700,yfcc,equal,UNG,1.0,UNG,UNG,UNG,UNG,StitchedVamana
700,yfcc,or,FilteredVamana,1.0,Post-filter,FilteredVamana,StitchedVamana,UNG,StitchedVamana
700,ytb_audio,and,UNG,1.0,SIEVE,UNG,UNG,UNG,Post-filter
700,ytb_audio,equal,UNG,1.0,UNG,UNG,UNG,UNG,Post-filter
700,ytb_audio,or,UNG,1.0,Post-filter,UNG,UNG,UNG,Post-filter
701,LAION1M,and,UNG,1.0,UNG,Post-filter,UNG,UNG,UNG
701,LAION1M,equal,UNG,1.0,UNG,UNG,UNG,UNG,UNG
701,LAION1M,or,UNG,1.0,Post-filter,Post-filter,UNG,UNG,UNG
701,tripclick,and,UNG,1.0,UNG,UNG,UNG,UNG,UNG
701,tripclick,equal,UNG,1.0,UNG,UNG,UNG,UNG,UNG
701,tripclick,or,Post-filter,1.0,Post-filter,UNG,UNG,UNG,UNG
701,yfcc,and,FilteredVamana,1.0,SIEVE,UNG,UNG,UNG,StitchedVamana
701,yfcc,equal,UNG,1.0,UNG,UNG,UNG,UNG,StitchedVamana
701,yfcc,or,FilteredVamana,1.0,Post-filter,StitchedVamana,StitchedVamana,UNG,StitchedVamana
701,ytb_audio,and,SIEVE,1.0,SIEVE,UNG,UNG,UNG,Post-filter
701,ytb_audio,equal,UNG,1.0,UNG,UNG,UNG,UNG,Post-filter
701,ytb_audio,or,StitchedVamana,1.0,Post-filter,UNG,FilteredVamana,UNG,Post-filter
702,LAION1M,and,UNG,1.0,UNG,UNG,UNG,UNG,UNG
702,LAION1M,equal,UNG,1.0,UNG,UNG,UNG,UNG,UNG
702,LAION1M,or,UNG,1.0,Post-filter,UNG,UNG,UNG,UNG
702,tripclick,and,UNG,1.0,UNG,UNG,UNG,UNG,UNG
702,tripclick,equal,UNG,1.0,UNG,UNG,UNG,UNG,UNG
702,tripclick,or,UNG,1.0,Post-filter,UNG,UNG,UNG,UNG
702,yfcc,and,FilteredVamana,1.0,SIEVE,UNG,UNG,UNG,StitchedVamana
702,yfcc,equal,UNG,1.0,UNG,UNG,UNG,UNG,StitchedVamana
702,yfcc,or,FilteredVamana,1.0,Post-filter,StitchedVamana,StitchedVamana,UNG,StitchedVamana
702,ytb_audio,and,SIEVE,1.0,SIEVE,UNG,UNG,UNG,Post-filter
702,ytb_audio,equal,UNG,1.0,UNG,UNG,UNG,UNG,Post-filter
702,ytb_audio,or,StitchedVamana,1.0,Post-filter,UNG,FilteredVamana,UNG,Post-filter
703,LAION1M,and,UNG,1.0,UNG,Post-filter,UNG,UNG,UNG
703,LAION1M,equal,UNG,1.0,UNG,UNG,UNG,UNG,UNG
703,LAION1M,or,UNG,1.0,Post-filter,Post-filter,UNG,FilteredVamana,StitchedVamana
703,tripclick,and,UNG,1.0,UNG,UNG,UNG,UNG,UNG
703,tripclick,equal,UNG,1.0,UNG,UNG,UNG,UNG,UNG
703,tripclick,or,UNG,1.0,Post-filter,UNG,UNG,UNG,UNG
703,yfcc,and,UNG,1.0,SIEVE,UNG,UNG,UNG,StitchedVamana
703,yfcc,equal,UNG,1.0,UNG,UNG,UNG,UNG,StitchedVamana
703,yfcc,or,Post-filter,1.0,Post-filter,StitchedVamana,StitchedVamana,UNG,StitchedVamana
703,ytb_audio,and,UNG,1.0,SIEVE,UNG,UNG,UNG,Post-filter
703,ytb_audio,equal,UNG,1.0,UNG,UNG,UNG,UNG,Post-filter
703,ytb_audio,or,UNG,1.0,Post-filter,UNG,UNG,UNG,Post-filter
704,LAION1M,and,UNG,1.0,UNG,UNG,UNG,UNG,UNG
704,LAION1M,equal,UNG,1.0,UNG,UNG,UNG,UNG,UNG
704,LAION1M,or,UNG,1.0,Post-filter,UNG,UNG,UNG,UNG
704,tripclick,and,UNG,1.0,UNG,UNG,UNG,UNG,UNG
704,tripclick,equal,UNG,1.0,UNG,UNG,UNG,UNG,UNG
704,tripclick,or,UNG,1.0,Post-filter,UNG,UNG,UNG,UNG
704,yfcc,and,FilteredVamana,1.0,SIEVE,UNG,UNG,UNG,StitchedVamana
704,yfcc,equal,UNG,1.0,UNG,UNG,UNG,UNG,StitchedVamana
704,yfcc,or,FilteredVamana,1.0,Post-filter,StitchedVamana,StitchedVamana,UNG,StitchedVamana
704,ytb_audio,and,UNG,1.0,SIEVE,UNG,UNG,UNG,Post-filter
704,ytb_audio,equal,UNG,1.0,UNG,UNG,UNG,UNG,Post-filter
704,ytb_audio,or,StitchedVamana,1.0,Post-filter,UNG,UNG,UNG,Post-filter
705,LAION1M,and,UNG,1.0,UNG,Post-filter,UNG,UNG,UNG
705,LAION1M,equal,UNG,1.0,UNG,UNG,UNG,UNG,UNG
705,LAION1M,or,UNG,1.0,Post-filter,UNG,UNG,UNG,UNG
705,tripclick,and,UNG,1.0,UNG,UNG,UNG,UNG,UNG
705,tripclick,equal,UNG,1.0,UNG,UNG,UNG,UNG,UNG
705,tripclick,or,UNG,1.0,Post-filter,UNG,UNG,UNG,UNG
705,yfcc,and,UNG,1.0,SIEVE,UNG,UNG,UNG,StitchedVamana
705,yfcc,equal,UNG,1.0,UNG,UNG,UNG,UNG,StitchedVamana
705,yfcc,or,FilteredVamana,1.0,Post-filter,StitchedVamana,StitchedVamana,UNG,StitchedVamana
705,ytb_audio,and,SIEVE,1.0,SIEVE,UNG,UNG,UNG,Post-filter
705,ytb_audio,equal,UNG,1.0,UNG,UNG,UNG,UNG,Post-filter
705,ytb_audio,or,StitchedVamana,1.0,Post-filter,UNG,FilteredVamana,UNG,Post-filter
706,LAION1M,and,UNG,1.0,UNG,UNG,UNG,UNG,UNG
706,LAION1M,equal,UNG,1.0,UNG,UNG,UNG,UNG,UNG
706,LAION1M,or,UNG,1.0,Post-filter,UNG,UNG,UNG,UNG
706,tripclick,and,UNG,1.0,UNG,UNG,UNG,UNG,UNG
706,tripclick,equal,UNG,1.0,UNG,UNG,UNG,UNG,UNG
706,tripclick,or,UNG,1.0,Post-filter,UNG,UNG,UNG,UNG
706,yfcc,and,UNG,1.0,SIEVE,UNG,UNG,UNG,StitchedVamana
706,yfcc,equal,UNG,1.0,UNG,UNG,UNG,UNG,StitchedVamana
706,yfcc,or,FilteredVamana,1.0,Post-filter,FilteredVamana,StitchedVamana,UNG,StitchedVamana
706,ytb_audio,and,UNG,1.0,SIEVE,UNG,UNG,UNG,Post-filter
706,ytb_audio,equal,UNG,1.0,UNG,UNG,UNG,UNG,Post-filter
706,ytb_audio,or,StitchedVamana,1.0,Post-filter,UNG,UNG,UNG,Post-filter
707,LAION1M,and,UNG,1.0,UNG,UNG,UNG,UNG,UNG
707,LAION1M,equal,UNG,1.0,UNG,UNG,UNG,UNG,UNG
707,LAION1M,or,UNG,1.0,Post-filter,UNG,UNG,UNG,StitchedVamana
707,tripclick,and,UNG,1.0,UNG,UNG,UNG,UNG,UNG
707,tripclick,equal,UNG,1.0,UNG,UNG,UNG,UNG,UNG
707,tripclick,or,Post-filter,1.0,Post-filter,UNG,UNG,UNG,UNG
707,yfcc,and,UNG,1.0,SIEVE,UNG,UNG,UNG,StitchedVamana
707,yfcc,equal,UNG,1.0,UNG,UNG,UNG,UNG,StitchedVamana
707,yfcc,or,FilteredVamana,1.0,Post-filter,StitchedVamana,StitchedVamana,UNG,StitchedVamana
707,ytb_audio,and,UNG,1.0,SIEVE,UNG,UNG,UNG,Post-filter
707,ytb_audio,equal,UNG,1.0,UNG,UNG,UNG,UNG,Post-filter
707,ytb_audio,or,StitchedVamana,1.0,Post-filter,UNG,UNG,UNG,Post-filter
708,LAION1M,and,UNG,1.0,UNG,UNG,UNG,UNG,UNG
708,LAION1M,equal,UNG,1.0,UNG,UNG,UNG,UNG,UNG
708,LAION1M,or,UNG,1.0,Post-filter,Post-filter,UNG,FilteredVamana,StitchedVamana
708,tripclick,and,UNG,1.0,UNG,UNG,UNG,UNG,UNG
708,tripclick,equal,UNG,1.0,UNG,UNG,UNG,UNG,UNG
708,tripclick,or,UNG,1.0,Post-filter,UNG,UNG,UNG,UNG
708,yfcc,and,FilteredVamana,1.0,SIEVE,UNG,UNG,UNG,StitchedVamana
708,yfcc,equal,UNG,1.0,UNG,UNG,UNG,UNG,StitchedVamana
708,yfcc,or,FilteredVamana,1.0,Post-filter,StitchedVamana,StitchedVamana,UNG,StitchedVamana
708,ytb_audio,and,UNG,1.0,SIEVE,UNG,UNG,UNG,Post-filter
708,ytb_audio,equal,UNG,1.0,UNG,UNG,UNG,UNG,Post-filter
708,ytb_audio,or,StitchedVamana,1.0,Post-filter,UNG,FilteredVamana,UNG,Post-filter
709,LAION1M,and,UNG,1.0,UNG,UNG,UNG,UNG,UNG
709,LAION1M,equal,UNG,1.0,UNG,UNG,UNG,UNG,UNG
709,LAION1M,or,UNG,1.0,Post-filter,UNG,UNG,UNG,StitchedVamana
709,tripclick,and,UNG,1.0,UNG,UNG,UNG,UNG,UNG
709,tripclick,equal,UNG,1.0,UNG,UNG,UNG,UNG,UNG
709,tripclick,or,UNG,1.0,Post-filter,UNG,UNG,UNG,UNG
709,yfcc,and,UNG,1.0,SIEVE,UNG,UNG,UNG,StitchedVamana
709,yfcc,equal,UNG,1.0,UNG,UNG,UNG,UNG,StitchedVamana
709,yfcc,or,FilteredVamana,1.0,Post-filter,StitchedVamana,StitchedVamana,UNG,StitchedVamana
709,ytb_audio,and,UNG,1.0,SIEVE,UNG,UNG,UNG,Post-filter
709,ytb_audio,equal,UNG,0.8,UNG,UNG,UNG,UNG,Post-filter
709,ytb_audio,or,StitchedVamana,1.0,Post-filter,UNG,FilteredVamana,UNG,Post-filter
710,LAION1M,and,UNG,1.0,UNG,UNG,UNG,UNG,UNG
710,LAION1M,equal,UNG,1.0,UNG,UNG,UNG,UNG,UNG
710,LAION1M,or,Post-filter,1.0,Post-filter,Post-filter,UNG,UNG,UNG
710,tripclick,and,UNG,1.0,UNG,UNG,UNG,UNG,UNG
710,tripclick,equal,UNG,1.0,UNG,UNG,UNG,UNG,UNG
710,tripclick,or,UNG,1.0,Post-filter,UNG,UNG,UNG,UNG
710,yfcc,and,UNG,1.0,SIEVE,UNG,UNG,UNG,StitchedVamana
710,yfcc,equal,UNG,1.0,UNG,UNG,UNG,UNG,StitchedVamana
710,yfcc,or,FilteredVamana,1.0,Post-filter,StitchedVamana,StitchedVamana,UNG,StitchedVamana
710,ytb_audio,and,UNG,1.0,SIEVE,UNG,UNG,UNG,Post-filter
710,ytb_audio,equal,UNG,1.0,UNG,UNG,UNG,UNG,Post-filter
710,ytb_audio,or,StitchedVamana,1.0,Post-filter,UNG,FilteredVamana,UNG,Post-filter
711,LAION1M,and,UNG,1.0,UNG,UNG,UNG,UNG,UNG
711,LAION1M,equal,UNG,1.0,UNG,UNG,UNG,UNG,UNG
711,LAION1M,or,UNG,1.0,Post-filter,Post-filter,UNG,FilteredVamana,StitchedVamana
711,tripclick,and,UNG,1.0,UNG,UNG,UNG,UNG,UNG
711,tripclick,equal,UNG,1.0,UNG,UNG,UNG,UNG,UNG
711,tripclick,or,UNG,1.0,Post-filter,UNG,UNG,UNG,UNG
711,yfcc,and,UNG,1.0,SIEVE,UNG,UNG,UNG,StitchedVamana
711,yfcc,equal,UNG,1.0,UNG,UNG,UNG,UNG,StitchedVamana
711,yfcc,or,FilteredVamana,1.0,Post-filter,StitchedVamana,StitchedVamana,UNG,StitchedVamana
711,ytb_audio,and,SIEVE,0.9,SIEVE,UNG,UNG,UNG,Post-filter
711,ytb_audio,equal,UNG,1.0,UNG,UNG,UNG,UNG,Post-filter
711,ytb_audio,or,Post-filter,1.0,Post-filter,UNG,UNG,UNG,Post-filter
712,LAION1M,and,UNG,1.0,UNG,Post-filter,UNG,UNG,UNG
712,LAION1M,equal,UNG,1.0,UNG,UNG,UNG,UNG,UNG
712,LAION1M,or,UNG,1.0,Post-filter,Post-filter,UNG,UNG,UNG
712,tripclick,and,UNG,1.0,UNG,UNG,UNG,UNG,UNG
712,tripclick,equal,UNG,1.0,UNG,UNG,UNG,UNG,UNG
712,tripclick,or,UNG,1.0,Post-filter,UNG,UNG,UNG,UNG
712,yfcc,and,FilteredVamana,1.0,SIEVE,UNG,UNG,UNG,StitchedVamana
712,yfcc,equal,UNG,1.0,UNG,UNG,UNG,UNG,StitchedVamana
712,yfcc,or,FilteredVamana,1.0,Post-filter,StitchedVamana,StitchedVamana,UNG,StitchedVamana
712,ytb_audio,and,UNG,1.0,SIEVE,UNG,UNG,UNG,Post-filter
712,ytb_audio,equal,UNG,1.0,UNG,UNG,UNG,UNG,Post-filter
712,ytb_audio,or,StitchedVamana,1.0,Post-filter,UNG,UNG,UNG,Post-filter
713,LAION1M,and,UNG,1.0,UNG,UNG,UNG,UNG,UNG
713,LAION1M,equal,UNG,1.0,UNG,UNG,UNG,UNG,UNG
713,LAION1M,or,UNG,1.0,Post-filter,Post-filter,UNG,UNG,UNG
713,tripclick,and,UNG,1.0,UNG,UNG,UNG,UNG,UNG
713,tripclick,equal,UNG,1.0,UNG,UNG,UNG,UNG,UNG
713,tripclick,or,UNG,1.0,Post-filter,UNG,UNG,UNG,UNG
713,yfcc,and,UNG,1.0,SIEVE,UNG,UNG,UNG,StitchedVamana
713,yfcc,equal,UNG,1.0,UNG,UNG,UNG,UNG,StitchedVamana
713,yfcc,or,FilteredVamana,1.0,Post-filter,FilteredVamana,StitchedVamana,UNG,StitchedVamana
713,ytb_audio,and,UNG,1.0,SIEVE,UNG,UNG,UNG,Post-filter
713,ytb_audio,equal,UNG,1.0,UNG,UNG,UNG,UNG,Post-filter
713,ytb_audio,or,StitchedVamana,1.0,Post-filter,UNG,UNG,UNG,Post-filter
714,LAION1M,and,UNG,1.0,UNG,UNG,UNG,UNG,UNG
714,LAION1M,equal,UNG,1.0,UNG,UNG,UNG,UNG,UNG
714,LAION1M,or,UNG,1.0,Post-filter,UNG,UNG,UNG,UNG
714,tripclick,and,UNG,1.0,UNG,UNG,UNG,UNG,UNG
714,tripclick,equal,UNG,1.0,UNG,UNG,UNG,UNG,UNG
714,tripclick,or,UNG,1.0,Post-filter,UNG,UNG,UNG,UNG
714,yfcc,and,FilteredVamana,1.0,SIEVE,UNG,UNG,UNG,StitchedVamana
714,yfcc,equal,UNG,1.0,UNG,UNG,UNG,UNG,StitchedVamana
714,yfcc,or,FilteredVamana,1.0,Post-filter,StitchedVamana,StitchedVamana,UNG,StitchedVamana
714,ytb_audio,and,SIEVE,1.0,SIEVE,UNG,UNG,UNG,Post-filter
714,ytb_audio,equal,UNG,1.0,UNG,UNG,UNG,UNG,Post-filter
714,ytb_audio,or,Post-filter,1.0,Post-filter,UNG,UNG,UNG,Post-filter
715,LAION1M,and,UNG,1.0,UNG,UNG,UNG,UNG,UNG
715,LAION1M,equal,UNG,1.0,UNG,UNG,UNG,UNG,UNG
715,LAION1M,or,UNG,1.0,Post-filter,StitchedVamana,UNG,UNG,UNG
715,tripclick,and,Post-filter,1.0,UNG,UNG,UNG,UNG,UNG
715,tripclick,equal,UNG,1.0,UNG,UNG,UNG,UNG,UNG
715,tripclick,or,UNG,1.0,Post-filter,UNG,UNG,UNG,UNG
715,yfcc,and,UNG,1.0,SIEVE,UNG,UNG,UNG,StitchedVamana
715,yfcc,equal,UNG,1.0,UNG,UNG,UNG,UNG,StitchedVamana
715,yfcc,or,FilteredVamana,1.0,Post-filter,StitchedVamana,StitchedVamana,UNG,StitchedVamana
715,ytb_audio,and,UNG,1.0,SIEVE,UNG,UNG,UNG,Post-filter
715,ytb_audio,equal,UNG,1.0,UNG,UNG,UNG,UNG,Post-filter
715,ytb_audio,or,Post-filter,1.0,Post-filter,UNG,UNG,UNG,Post-filter
716,LAION1M,and,UNG,1.0,UNG,UNG,UNG,UNG,UNG
716,LAION1M,equal,UNG,1.0,UNG,UNG,UNG,UNG,UNG
716,LAION1M,or,UNG,1.0,Post-filter,UNG,UNG,UNG,UNG
716,tripclick,and,UNG,1.0,UNG,UNG,UNG,UNG,UNG
716,tripclick,equal,UNG,1.0,UNG,UNG,UNG,UNG,UNG
716,tripclick,or,UNG,1.0,Post-filter,UNG,UNG,UNG,UNG
716,yfcc,and,UNG,1.0,SIEVE,UNG,UNG,UNG,StitchedVamana
716,yfcc,equal,UNG,1.0,UNG,UNG,UNG,UNG,StitchedVamana
716,yfcc,or,FilteredVamana,1.0,Post-filter,FilteredVamana,StitchedVamana,UNG,StitchedVamana
716,ytb_audio,and,UNG,1.0,SIEVE,UNG,UNG,UNG,Post-filter
716,ytb_audio,equal,UNG,1.0,UNG,UNG,UNG,UNG,Post-filter
716,ytb_audio,or,Post-filter,1.0,Post-filter,UNG,UNG,UNG,Post-filter
717,LAION1M,and,UNG,1.0,UNG,Post-filter,UNG,UNG,UNG
717,LAION1M,equal,UNG,1.0,UNG,UNG,UNG,UNG,UNG
717,LAION1M,or,UNG,1.0,Post-filter,UNG,UNG,UNG,StitchedVamana
717,tripclick,and,UNG,1.0,UNG,UNG,UNG,UNG,UNG
717,tripclick,equal,UNG,1.0,UNG,UNG,UNG,UNG,UNG
717,tripclick,or,UNG,1.0,Post-filter,UNG,UNG,UNG,UNG
717,yfcc,and,UNG,1.0,SIEVE,UNG,UNG,UNG,StitchedVamana
717,yfcc,equal,UNG,1.0,UNG,UNG,UNG,UNG,StitchedVamana
717,yfcc,or,FilteredVamana,1.0,Post-filter,StitchedVamana,StitchedVamana,UNG,StitchedVamana
717,ytb_audio,and,UNG,1.0,SIEVE,UNG,UNG,UNG,Post-filter
717,ytb_audio,equal,UNG,1.0,UNG,UNG,UNG,UNG,Post-filter
717,ytb_audio,or,StitchedVamana,1.0,Post-filter,UNG,UNG,UNG,Post-filter
718,LAION1M,and,UNG,1.0,UNG,UNG,UNG,UNG,UNG
718,LAION1M,equal,UNG,1.0,UNG,UNG,UNG,UNG,UNG
718,LAION1M,or,UNG,1.0,Post-filter,Post-filter,UNG,UNG,UNG
718,tripclick,and,UNG,1.0,UNG,UNG,UNG,UNG,UNG
718,tripclick,equal,UNG,1.0,UNG,UNG,UNG,UNG,UNG
718,tripclick,or,UNG,1.0,Post-filter,UNG,UNG,UNG,UNG
718,yfcc,and,UNG,1.0,SIEVE,UNG,UNG,UNG,StitchedVamana
718,yfcc,equal,UNG,1.0,UNG,UNG,UNG,UNG,StitchedVamana
718,yfcc,or,FilteredVamana,1.0,Post-filter,StitchedVamana,StitchedVamana,UNG,StitchedVamana
718,ytb_audio,and,UNG,1.0,SIEVE,UNG,UNG,UNG,Post-filter
718,ytb_audio,equal,UNG,1.0,UNG,UNG,UNG,UNG,Post-filter
718,ytb_audio,or,StitchedVamana,1.0,Post-filter,UNG,FilteredVamana,UNG,Post-filter
719,LAION1M,and,UNG,1.0,UNG,UNG,UNG,UNG,UNG
719,LAION1M,equal,UNG,1.0,UNG,UNG,UNG,UNG,UNG
719,LAION1M,or,UNG,1.0,Post-filter,UNG,UNG,UNG,UNG
719,tripclick,and,UNG,1.0,UNG,UNG,UNG,UNG,UNG
719,tripclick,equal,UNG,1.0,UNG,UNG,UNG,UNG,UNG
719,tripclick,or,Post-filter,1.0,Post-filter,UNG,UNG,UNG,UNG
719,yfcc,and,UNG,1.0,SIEVE,UNG,UNG,UNG,StitchedVamana
719,yfcc,equal,UNG,1.0,UNG,UNG,UNG,UNG,StitchedVamana
719,yfcc,or,FilteredVamana,1.0,Post-filter,StitchedVamana,StitchedVamana,UNG,StitchedVamana
719,ytb_audio,and,UNG,1.0,SIEVE,UNG,UNG,UNG,Post-filter
719,ytb_audio,equal,UNG,1.0,UNG,UNG,UNG,UNG,Post-filter
719,ytb_audio,or,UNG,1.0,Post-filter,UNG,UNG,UNG,Post-filter
720,LAION1M,and,UNG,1.0,UNG,UNG,UNG,UNG,UNG
720,LAION1M,equal,UNG,1.0,UNG,UNG,UNG,UNG,UNG
720,LAION1M,or,UNG,1.0,Post-filter,UNG,UNG,UNG,StitchedVamana
720,tripclick,and,Post-filter,1.0,UNG,UNG,UNG,UNG,UNG
720,tripclick,equal,UNG,1.0,UNG,UNG,UNG,UNG,UNG
720,tripclick,or,UNG,1.0,Post-filter,UNG,UNG,UNG,UNG
720,yfcc,and,UNG,1.0,SIEVE,UNG,UNG,UNG,StitchedVamana
720,yfcc,equal,UNG,1.0,UNG,UNG,UNG,UNG,StitchedVamana
720,yfcc,or,FilteredVamana,1.0,Post-filter,StitchedVamana,StitchedVamana,UNG,StitchedVamana
720,ytb_audio,and,UNG,1.0,SIEVE,UNG,UNG,UNG,Post-filter
720,ytb_audio,equal,UNG,1.0,UNG,UNG,UNG,UNG,Post-filter
720,ytb_audio,or,StitchedVamana,1.0,Post-filter,UNG,FilteredVamana,UNG,Post-filter
721,LAION1M,and,UNG,1.0,UNG,UNG,UNG,UNG,UNG
721,LAION1M,equal,UNG,1.0,UNG,UNG,UNG,UNG,UNG
721,LAION1M,or,UNG,1.0,Post-filter,UNG,UNG,UNG,StitchedVamana
721,tripclick,and,UNG,1.0,UNG,UNG,UNG,UNG,UNG
721,tripclick,equal,UNG,1.0,UNG,UNG,UNG,UNG,UNG
721,tripclick,or,UNG,1.0,Post-filter,UNG,UNG,UNG,UNG
721,yfcc,and,UNG,1.0,SIEVE,UNG,UNG,UNG,StitchedVamana
721,yfcc,equal,UNG,1.0,UNG,UNG,UNG,UNG,StitchedVamana
721,yfcc,or,FilteredVamana,1.0,Post-filter,StitchedVamana,StitchedVamana,UNG,StitchedVamana
721,ytb_audio,and,UNG,1.0,SIEVE,UNG,UNG,UNG,Post-filter
721,ytb_audio,equal,UNG,1.0,UNG,UNG,UNG,UNG,Post-filter
721,ytb_audio,or,Post-filter,1.0,Post-filter,UNG,UNG,UNG,Post-filter
722,LAION1M,and,UNG,1.0,UNG,UNG,UNG,UNG,UNG
722,LAION1M,equal,UNG,1.0,UNG,UNG,UNG,UNG,UNG
722,LAION1M,or,UNG,1.0,Post-filter,StitchedVamana,UNG,UNG,StitchedVamana
722,tripclick,and,UNG,1.0,UNG,UNG,UNG,UNG,UNG
722,tripclick,equal,UNG,1.0,UNG,UNG,UNG,UNG,UNG
722,tripclick,or,UNG,1.0,Post-filter,UNG,UNG,UNG,UNG
722,yfcc,and,FilteredVamana,1.0,SIEVE,UNG,UNG,UNG,StitchedVamana
722,yfcc,equal,UNG,1.0,UNG,UNG,UNG,UNG,StitchedVamana
722,yfcc,or,FilteredVamana,1.0,Post-filter,StitchedVamana,StitchedVamana,UNG,StitchedVamana
722,ytb_audio,and,SIEVE,1.0,SIEVE,UNG,UNG,UNG,Post-filter
722,ytb_audio,equal,UNG,1.0,UNG,UNG,UNG,UNG,Post-filter
722,ytb_audio,or,SIEVE,1.0,Post-filter,UNG,UNG,UNG,Post-filter
723,LAION1M,and,UNG,1.0,UNG,Post-filter,UNG,UNG,UNG
723,LAION1M,equal,UNG,1.0,UNG,UNG,UNG,UNG,UNG
723,LAION1M,or,UNG,1.0,Post-filter,UNG,UNG,UNG,UNG
723,tripclick,and,Post-filter,1.0,UNG,UNG,UNG,UNG,UNG
723,tripclick,equal,UNG,1.0,UNG,UNG,UNG,UNG,UNG
723,tripclick,or,UNG,1.0,Post-filter,UNG,UNG,UNG,UNG
723,yfcc,and,FilteredVamana,1.0,SIEVE,UNG,UNG,UNG,StitchedVamana
723,yfcc,equal,UNG,1.0,UNG,UNG,UNG,UNG,StitchedVamana
723,yfcc,or,FilteredVamana,1.0,Post-filter,StitchedVamana,StitchedVamana,UNG,StitchedVamana
723,ytb_audio,and,UNG,0.9,SIEVE,UNG,UNG,UNG,Post-filter
723,ytb_audio,equal,UNG,1.0,UNG,UNG,UNG,UNG,Post-filter
723,ytb_audio,or,SIEVE,1.0,Post-filter,UNG,UNG,UNG,Post-filter
724,LAION1M,and,UNG,1.0,UNG,UNG,UNG,UNG,UNG
724,LAION1M,equal,UNG,1.0,UNG,UNG,UNG,UNG,UNG
724,LAION1M,or,UNG,1.0,Post-filter,UNG,UNG,UNG,UNG
724,tripclick,and,UNG,1.0,UNG,UNG,UNG,UNG,UNG
724,tripclick,equal,UNG,1.0,UNG,UNG,UNG,UNG,UNG
724,tripclick,or,UNG,1.0,Post-filter,UNG,UNG,UNG,UNG
724,yfcc,and,UNG,1.0,SIEVE,UNG,UNG,UNG,StitchedVamana
724,yfcc,equal,UNG,1.0,UNG,UNG,UNG,UNG,StitchedVamana
724,yfcc,or,FilteredVamana,1.0,Post-filter,StitchedVamana,StitchedVamana,UNG,StitchedVamana
724,ytb_audio,and,UNG,0.9,SIEVE,UNG,UNG,UNG,Post-filter
724,ytb_audio,equal,UNG,1.0,UNG,UNG,UNG,UNG,Post-filter
724,ytb_audio,or,StitchedVamana,1.0,Post-filter,UNG,FilteredVamana,UNG,Post-filter
725,LAION1M,and,UNG,1.0,UNG,UNG,UNG,UNG,UNG
725,LAION1M,equal,UNG,1.0,UNG,UNG,UNG,UNG,UNG
725,LAION1M,or,UNG,1.0,Post-filter,Post-filter,UNG,FilteredVamana,StitchedVamana
725,tripclick,and,UNG,1.0,UNG,UNG,UNG,UNG,UNG
725,tripclick,equal,UNG,1.0,UNG,UNG,UNG,UNG,UNG
725,tripclick,or,UNG,1.0,Post-filter,UNG,UNG,UNG,UNG
725,yfcc,and,UNG,1.0,SIEVE,UNG,UNG,UNG,StitchedVamana
725,yfcc,equal,UNG,1.0,UNG,UNG,UNG,UNG,StitchedVamana
725,yfcc,or,FilteredVamana,1.0,Post-filter,StitchedVamana,StitchedVamana,UNG,StitchedVamana
725,ytb_audio,and,SIEVE,1.0,SIEVE,UNG,UNG,UNG,Post-filter
725,ytb_audio,equal,UNG,1.0,UNG,UNG,UNG,UNG,Post-filter
725,ytb_audio,or,StitchedVamana,1.0,Post-filter,UNG,FilteredVamana,UNG,Post-filter
726,LAION1M,and,UNG,1.0,UNG,UNG,UNG,UNG,UNG
726,LAION1M,equal,UNG,1.0,UNG,UNG,UNG,UNG,UNG
726,LAION1M,or,UNG,1.0,Post-filter,Post-filter,UNG,FilteredVamana,StitchedVamana
726,tripclick,and,Post-filter,1.0,UNG,UNG,UNG,UNG,UNG
726,tripclick,equal,UNG,1.0,UNG,UNG,UNG,UNG,UNG
726,tripclick,or,UNG,1.0,Post-filter,UNG,UNG,UNG,UNG
726,yfcc,and,UNG,1.0,SIEVE,UNG,UNG,UNG,StitchedVamana
726,yfcc,equal,UNG,1.0,UNG,UNG,UNG,UNG,StitchedVamana
726,yfcc,or,FilteredVamana,1.0,Post-filter,StitchedVamana,StitchedVamana,UNG,StitchedVamana
726,ytb_audio,and,UNG,1.0,SIEVE,UNG,UNG,UNG,Post-filter
726,ytb_audio,equal,UNG,1.0,UNG,UNG,UNG,UNG,Post-filter
726,ytb_audio,or,Post-filter,1.0,Post-filter,UNG,UNG,UNG,Post-filter
727,LAION1M,and,UNG,1.0,UNG,UNG,UNG,UNG,UNG
727,LAION1M,equal,UNG,1.0,UNG,UNG,UNG,UNG,UNG
727,LAION1M,or,UNG,1.0,Post-filter,UNG,UNG,UNG,UNG
727,tripclick,and,UNG,1.0,UNG,UNG,UNG,UNG,UNG
727,tripclick,equal,UNG,1.0,UNG,UNG,UNG,UNG,UNG
727,tripclick,or,UNG,1.0,Post-filter,UNG,UNG,UNG,UNG
727,yfcc,and,UNG,1.0,SIEVE,UNG,UNG,UNG,StitchedVamana
727,yfcc,equal,UNG,1.0,UNG,UNG,UNG,UNG,StitchedVamana
727,yfcc,or,FilteredVamana,1.0,Post-filter,UNG,UNG,UNG,StitchedVamana
727,ytb_audio,and,SIEVE,1.0,SIEVE,UNG,UNG,UNG,Post-filter
727,ytb_audio,equal,UNG,1.0,UNG,UNG,UNG,UNG,Post-filter
727,ytb_audio,or,StitchedVamana,1.0,Post-filter,UNG,UNG,UNG,Post-filter
728,LAION1M,and,UNG,1.0,UNG,UNG,UNG,UNG,UNG
728,LAION1M,equal,UNG,1.0,UNG,UNG,UNG,UNG,UNG
728,LAION1M,or,UNG,1.0,Post-filter,Post-filter,UNG,UNG,UNG
728,tripclick,and,UNG,1.0,UNG,UNG,UNG,UNG,UNG
728,tripclick,equal,UNG,1.0,UNG,UNG,UNG,UNG,UNG
728,tripclick,or,UNG,1.0,Post-filter,UNG,UNG,UNG,UNG
728,yfcc,and,UNG,1.0,SIEVE,UNG,UNG,UNG,StitchedVamana
728,yfcc,equal,UNG,1.0,UNG,UNG,UNG,UNG,StitchedVamana
728,yfcc,or,FilteredVamana,1.0,Post-filter,StitchedVamana,StitchedVamana,UNG,StitchedVamana
728,ytb_audio,and,SIEVE,0.7,SIEVE,UNG,UNG,UNG,Post-filter
728,ytb_audio,equal,UNG,1.0,UNG,UNG,UNG,UNG,Post-filter
728,ytb_audio,or,StitchedVamana,1.0,Post-filter,UNG,UNG,UNG,Post-filter
729,LAION1M,and,UNG,1.0,UNG,UNG,UNG,UNG,UNG
729,LAION1M,equal,UNG,1.0,UNG,UNG,UNG,UNG,UNG
729,LAION1M,or,UNG,1.0,Post-filter,UNG,UNG,UNG,UNG
729,tripclick,and,UNG,1.0,UNG,UNG,UNG,UNG,UNG
729,tripclick,equal,UNG,1.0,UNG,UNG,UNG,UNG,UNG
729,tripclick,or,UNG,1.0,Post-filter,UNG,UNG,UNG,UNG
729,yfcc,and,UNG,1.0,SIEVE,UNG,UNG,UNG,StitchedVamana
729,yfcc,equal,UNG,1.0,UNG,UNG,UNG,UNG,StitchedVamana
729,yfcc,or,FilteredVamana,1.0,Post-filter,StitchedVamana,StitchedVamana,UNG,StitchedVamana
729,ytb_audio,and,SIEVE,1.0,SIEVE,UNG,UNG,UNG,Post-filter
729,ytb_audio,equal,UNG,1.0,UNG,UNG,UNG,UNG,Post-filter
729,ytb_audio,or,StitchedVamana,1.0,Post-filter,UNG,FilteredVamana,UNG,Post-filter
730,LAION1M,and,UNG,1.0,UNG,UNG,UNG,UNG,UNG
730,LAION1M,equal,UNG,1.0,UNG,UNG,UNG,UNG,UNG
730,LAION1M,or,UNG,1.0,Post-filter,UNG,UNG,UNG,StitchedVamana
730,tripclick,and,UNG,1.0,UNG,UNG,UNG,UNG,UNG
730,tripclick,equal,UNG,1.0,UNG,UNG,UNG,UNG,UNG
730,tripclick,or,UNG,1.0,Post-filter,UNG,UNG,UNG,UNG
730,yfcc,and,UNG,1.0,SIEVE,UNG,UNG,UNG,StitchedVamana
730,yfcc,equal,UNG,1.0,UNG,UNG,UNG,UNG,StitchedVamana
730,yfcc,or,FilteredVamana,1.0,Post-filter,StitchedVamana,StitchedVamana,UNG,StitchedVamana
730,ytb_audio,and,UNG,1.0,SIEVE,UNG,UNG,UNG,Post-filter
730,ytb_audio,equal,UNG,1.0,UNG,UNG,UNG,UNG,Post-filter
730,ytb_audio,or,StitchedVamana,1.0,Post-filter,UNG,UNG,UNG,Post-filter
731,LAION1M,and,UNG,1.0,UNG,UNG,UNG,UNG,UNG
731,LAION1M,equal,UNG,1.0,UNG,UNG,UNG,UNG,UNG
731,LAION1M,or,UNG,1.0,Post-filter,UNG,UNG,FilteredVamana,StitchedVamana
731,tripclick,and,UNG,1.0,UNG,UNG,UNG,UNG,UNG
731,tripclick,equal,UNG,1.0,UNG,UNG,UNG,UNG,UNG
731,tripclick,or,UNG,1.0,Post-filter,UNG,UNG,UNG,UNG
731,yfcc,and,FilteredVamana,1.0,SIEVE,UNG,UNG,UNG,StitchedVamana
731,yfcc,equal,UNG,1.0,UNG,UNG,UNG,UNG,StitchedVamana
731,yfcc,or,FilteredVamana,1.0,Post-filter,StitchedVamana,StitchedVamana,UNG,StitchedVamana
731,ytb_audio,and,SIEVE,1.0,SIEVE,UNG,UNG,UNG,Post-filter
731,ytb_audio,equal,UNG,1.0,UNG,UNG,UNG,UNG,Post-filter
731,ytb_audio,or,UNG,1.0,Post-filter,UNG,UNG,UNG,Post-filter
732,LAION1M,and,UNG,1.0,UNG,UNG,UNG,UNG,UNG
732,LAION1M,equal,UNG,1.0,UNG,UNG,UNG,UNG,UNG
732,LAION1M,or,UNG,1.0,Post-filter,UNG,UNG,UNG,StitchedVamana
732,tripclick,and,UNG,1.0,UNG,UNG,UNG,UNG,UNG
732,tripclick,equal,UNG,1.0,UNG,UNG,UNG,UNG,UNG
732,tripclick,or,UNG,1.0,Post-filter,UNG,UNG,UNG,UNG
732,yfcc,and,FilteredVamana,1.0,SIEVE,UNG,UNG,UNG,StitchedVamana
732,yfcc,equal,UNG,1.0,UNG,UNG,UNG,UNG,StitchedVamana
732,yfcc,or,FilteredVamana,1.0,Post-filter,StitchedVamana,StitchedVamana,UNG,StitchedVamana
732,ytb_audio,and,UNG,0.9,SIEVE,UNG,UNG,UNG,Post-filter
732,ytb_audio,equal,UNG,1.0,UNG,UNG,UNG,UNG,Post-filter
732,ytb_audio,or,StitchedVamana,1.0,Post-filter,UNG,FilteredVamana,UNG,Post-filter
733,LAION1M,and,UNG,1.0,UNG,UNG,UNG,UNG,UNG
733,LAION1M,equal,UNG,1.0,UNG,UNG,UNG,UNG,UNG
733,LAION1M,or,UNG,1.0,Post-filter,Post-filter,UNG,UNG,UNG
733,tripclick,and,UNG,1.0,UNG,UNG,UNG,UNG,UNG
733,tripclick,equal,UNG,1.0,UNG,UNG,UNG,UNG,UNG
733,tripclick,or,UNG,1.0,Post-filter,UNG,UNG,UNG,UNG
733,yfcc,and,UNG,1.0,SIEVE,UNG,UNG,UNG,StitchedVamana
733,yfcc,equal,UNG,1.0,UNG,UNG,UNG,UNG,StitchedVamana
733,yfcc,or,FilteredVamana,1.0,Post-filter,StitchedVamana,StitchedVamana,UNG,StitchedVamana
733,ytb_audio,and,UNG,1.0,SIEVE,UNG,UNG,UNG,Post-filter
733,ytb_audio,equal,UNG,1.0,UNG,UNG,UNG,UNG,Post-filter
733,ytb_audio,or,StitchedVamana,1.0,Post-filter,UNG,UNG,UNG,Post-filter
734,LAION1M,and,UNG,1.0,UNG,UNG,UNG,UNG,UNG
734,LAION1M,equal,UNG,1.0,UNG,UNG,UNG,UNG,UNG
734,LAION1M,or,UNG,1.0,Post-filter,StitchedVamana,UNG,UNG,UNG
734,tripclick,and,UNG,1.0,UNG,UNG,UNG,UNG,UNG
734,tripclick,equal,UNG,1.0,UNG,UNG,UNG,UNG,UNG
734,tripclick,or,UNG,1.0,Post-filter,UNG,UNG,UNG,UNG
734,yfcc,and,UNG,1.0,SIEVE,UNG,UNG,UNG,StitchedVamana
734,yfcc,equal,UNG,1.0,UNG,UNG,UNG,UNG,StitchedVamana
734,yfcc,or,FilteredVamana,1.0,Post-filter,StitchedVamana,StitchedVamana,UNG,StitchedVamana
734,ytb_audio,and,UNG,1.0,SIEVE,UNG,UNG,UNG,Post-filter
734,ytb_audio,equal,UNG,1.0,UNG,UNG,UNG,UNG,Post-filter
734,ytb_audio,or,Post-filter,1.0,Post-filter,UNG,UNG,UNG,Post-filter
735,LAION1M,and,UNG,1.0,UNG,UNG,UNG,UNG,UNG
735,LAION1M,equal,UNG,1.0,UNG,UNG,UNG,UNG,UNG
735,LAION1M,or,UNG,1.0,Post-filter,Post-filter,UNG,UNG,UNG
735,tripclick,and,UNG,1.0,UNG,UNG,UNG,UNG,UNG
735,tripclick,equal,UNG,1.0,UNG,UNG,UNG,UNG,UNG
735,tripclick,or,UNG,1.0,Post-filter,UNG,UNG,UNG,UNG
735,yfcc,and,UNG,1.0,SIEVE,UNG,UNG,UNG,StitchedVamana
735,yfcc,equal,UNG,1.0,UNG,UNG,UNG,UNG,StitchedVamana
735,yfcc,or,FilteredVamana,1.0,Post-filter,StitchedVamana,StitchedVamana,UNG,StitchedVamana
735,ytb_audio,and,UNG,1.0,SIEVE,UNG,UNG,UNG,Post-filter
735,ytb_audio,equal,UNG,1.0,UNG,UNG,UNG,UNG,Post-filter
735,ytb_audio,or,UNG,1.0,Post-filter,UNG,UNG,UNG,Post-filter
736,LAION1M,and,UNG,1.0,UNG,Post-filter,UNG,UNG,UNG
736,LAION1M,equal,UNG,1.0,UNG,UNG,UNG,UNG,UNG
736,LAION1M,or,UNG,1.0,Post-filter,UNG,UNG,UNG,UNG
736,tripclick,and,UNG,1.0,UNG,UNG,UNG,UNG,UNG
736,tripclick,equal,UNG,1.0,UNG,UNG,UNG,UNG,UNG
736,tripclick,or,Post-filter,1.0,Post-filter,UNG,UNG,UNG,UNG
736,yfcc,and,UNG,1.0,SIEVE,UNG,UNG,UNG,StitchedVamana
736,yfcc,equal,UNG,1.0,UNG,UNG,UNG,UNG,StitchedVamana
736,yfcc,or,FilteredVamana,1.0,Post-filter,StitchedVamana,StitchedVamana,UNG,StitchedVamana
736,ytb_audio,and,UNG,1.0,SIEVE,UNG,UNG,UNG,Post-filter
736,ytb_audio,equal,UNG,0.6,UNG,UNG,UNG,UNG,Post-filter
736,ytb_audio,or,UNG,1.0,Post-filter,UNG,UNG,UNG,Post-filter
737,LAION1M,and,UNG,1.0,UNG,UNG,UNG,UNG,UNG
737,LAION1M,equal,UNG,1.0,UNG,UNG,UNG,UNG,UNG
737,LAION1M,or,UNG,1.0,Post-filter,Post-filter,UNG,UNG,UNG
737,tripclick,and,UNG,1.0,UNG,UNG,UNG,UNG,UNG
737,tripclick,equal,UNG,1.0,UNG,UNG,UNG,UNG,UNG
737,tripclick,or,UNG,1.0,Post-filter,UNG,UNG,UNG,UNG
737,yfcc,and,UNG,1.0,SIEVE,UNG,UNG,UNG,StitchedVamana
737,yfcc,equal,UNG,1.0,UNG,UNG,UNG,UNG,StitchedVamana
737,yfcc,or,FilteredVamana,1.0,Post-filter,StitchedVamana,StitchedVamana,UNG,StitchedVamana
737,ytb_audio,and,UNG,1.0,SIEVE,UNG,UNG,UNG,Post-filter
737,ytb_audio,equal,UNG,1.0,UNG,UNG,UNG,UNG,Post-filter
737,ytb_audio,or,StitchedVamana,1.0,Post-filter,UNG,UNG,UNG,Post-filter
738,LAION1M,and,UNG,1.0,UNG,Post-filter,UNG,UNG,UNG
738,LAION1M,equal,UNG,1.0,UNG,UNG,UNG,UNG,UNG
738,LAION1M,or,UNG,1.0,Post-filter,UNG,UNG,UNG,UNG
738,tripclick,and,UNG,1.0,UNG,UNG,UNG,UNG,UNG
738,tripclick,equal,UNG,1.0,UNG,UNG,UNG,UNG,UNG
738,tripclick,or,UNG,1.0,Post-filter,UNG,UNG,UNG,UNG
738,yfcc,and,UNG,1.0,SIEVE,UNG,UNG,UNG,StitchedVamana
738,yfcc,equal,UNG,1.0,UNG,UNG,UNG,UNG,StitchedVamana
738,yfcc,or,FilteredVamana,1.0,Post-filter,StitchedVamana,StitchedVamana,UNG,StitchedVamana
738,ytb_audio,and,UNG,1.0,SIEVE,UNG,UNG,UNG,Post-filter
738,ytb_audio,equal,UNG,1.0,UNG,UNG,UNG,UNG,Post-filter
738,ytb_audio,or,StitchedVamana,1.0,Post-filter,UNG,UNG,UNG,Post-filter
739,LAION1M,and,UNG,1.0,UNG,UNG,UNG,UNG,UNG
739,LAION1M,equal,UNG,1.0,UNG,UNG,UNG,UNG,UNG
739,LAION1M,or,UNG,1.0,Post-filter,UNG,UNG,UNG,StitchedVamana
739,tripclick,and,UNG,1.0,UNG,UNG,UNG,UNG,UNG
739,tripclick,equal,UNG,1.0,UNG,UNG,UNG,UNG,UNG
739,tripclick,or,Post-filter,1.0,Post-filter,UNG,UNG,UNG,UNG
739,yfcc,and,UNG,1.0,SIEVE,UNG,UNG,UNG,StitchedVamana
739,yfcc,equal,UNG,1.0,UNG,UNG,UNG,UNG,StitchedVamana
739,yfcc,or,FilteredVamana,1.0,Post-filter,StitchedVamana,UNG,UNG,StitchedVamana
739,ytb_audio,and,UNG,1.0,SIEVE,UNG,UNG,UNG,Post-filter
739,ytb_audio,equal,UNG,1.0,UNG,UNG,UNG,UNG,Post-filter
739,ytb_audio,or,StitchedVamana,1.0,Post-filter,UNG,UNG,UNG,Post-filter
740,LAION1M,and,UNG,1.0,UNG,UNG,UNG,UNG,UNG
740,LAION1M,equal,UNG,1.0,UNG,UNG,UNG,UNG,UNG
740,LAION1M,or,UNG,1.0,Post-filter,Post-filter,UNG,UNG,UNG
740,tripclick,and,UNG,1.0,UNG,UNG,UNG,UNG,UNG
740,tripclick,equal,UNG,1.0,UNG,UNG,UNG,UNG,UNG
740,tripclick,or,Post-filter,1.0,Post-filter,UNG,UNG,UNG,UNG
740,yfcc,and,UNG,1.0,SIEVE,UNG,UNG,UNG,StitchedVamana
740,yfcc,equal,UNG,1.0,UNG,UNG,UNG,UNG,StitchedVamana
740,yfcc,or,FilteredVamana,1.0,Post-filter,StitchedVamana,StitchedVamana,UNG,StitchedVamana
740,ytb_audio,and,SIEVE,1.0,SIEVE,UNG,UNG,UNG,Post-filter
740,ytb_audio,equal,UNG,1.0,UNG,UNG,UNG,UNG,Post-filter
740,ytb_audio,or,SIEVE,1.0,Post-filter,UNG,UNG,UNG,Post-filter
741,LAION1M,and,UNG,1.0,UNG,UNG,UNG,UNG,UNG
741,LAION1M,equal,UNG,1.0,UNG,UNG,UNG,UNG,UNG
741,LAION1M,or,UNG,1.0,Post-filter,StitchedVamana,UNG,UNG,StitchedVamana
741,tripclick,and,UNG,1.0,UNG,UNG,UNG,UNG,UNG
741,tripclick,equal,UNG,1.0,UNG,UNG,UNG,UNG,UNG
741,tripclick,or,UNG,1.0,Post-filter,UNG,UNG,UNG,UNG
741,yfcc,and,UNG,1.0,SIEVE,UNG,UNG,UNG,StitchedVamana
741,yfcc,equal,UNG,1.0,UNG,UNG,UNG,UNG,StitchedVamana
741,yfcc,or,FilteredVamana,1.0,Post-filter,StitchedVamana,StitchedVamana,UNG,StitchedVamana
741,ytb_audio,and,SIEVE,0.9,SIEVE,UNG,UNG,UNG,Post-filter
741,ytb_audio,equal,UNG,1.0,UNG,UNG,UNG,UNG,Post-filter
741,ytb_audio,or,StitchedVamana,1.0,Post-filter,UNG,UNG,UNG,Post-filter
742,LAION1M,and,UNG,1.0,UNG,UNG,UNG,UNG,UNG
742,LAION1M,equal,UNG,1.0,UNG,UNG,UNG,UNG,UNG
742,LAION1M,or,UNG,1.0,Post-filter,Post-filter,UNG,FilteredVamana,StitchedVamana
742,tripclick,and,UNG,1.0,UNG,UNG,UNG,UNG,UNG
742,tripclick,equal,UNG,1.0,UNG,UNG,UNG,UNG,UNG
742,tripclick,or,UNG,1.0,Post-filter,UNG,UNG,UNG,UNG
742,yfcc,and,UNG,1.0,SIEVE,UNG,UNG,UNG,StitchedVamana
742,yfcc,equal,UNG,1.0,UNG,UNG,UNG,UNG,StitchedVamana
742,yfcc,or,FilteredVamana,1.0,Post-filter,StitchedVamana,StitchedVamana,UNG,StitchedVamana
742,ytb_audio,and,UNG,1.0,SIEVE,UNG,UNG,UNG,Post-filter
742,ytb_audio,equal,UNG,1.0,UNG,UNG,UNG,UNG,Post-filter
742,ytb_audio,or,StitchedVamana,1.0,Post-filter,UNG,FilteredVamana,UNG,Post-filter
743,LAION1M,and,UNG,1.0,UNG,UNG,UNG,UNG,UNG
743,LAION1M,equal,UNG,1.0,UNG,UNG,UNG,UNG,UNG
743,LAION1M,or,UNG,1.0,Post-filter,UNG,UNG,UNG,StitchedVamana
743,tripclick,and,UNG,1.0,UNG,UNG,UNG,UNG,UNG
743,tripclick,equal,UNG,1.0,UNG,UNG,UNG,UNG,UNG
743,tripclick,or,UNG,1.0,Post-filter,UNG,UNG,UNG,UNG
743,yfcc,and,FilteredVamana,1.0,SIEVE,UNG,UNG,UNG,StitchedVamana
743,yfcc,equal,UNG,1.0,UNG,UNG,UNG,UNG,StitchedVamana
743,yfcc,or,FilteredVamana,1.0,Post-filter,FilteredVamana,StitchedVamana,UNG,StitchedVamana
743,ytb_audio,and,UNG,1.0,SIEVE,UNG,UNG,UNG,Post-filter
743,ytb_audio,equal,UNG,1.0,UNG,UNG,UNG,UNG,Post-filter
743,ytb_audio,or,StitchedVamana,1.0,Post-filter,UNG,UNG,UNG,Post-filter
744,LAION1M,and,UNG,1.0,UNG,UNG,UNG,UNG,UNG
744,LAION1M,equal,UNG,1.0,UNG,UNG,UNG,UNG,UNG
744,LAION1M,or,UNG,1.0,Post-filter,Post-filter,UNG,UNG,UNG
744,tripclick,and,Post-filter,1.0,UNG,UNG,UNG,UNG,UNG
744,tripclick,equal,UNG,1.0,UNG,UNG,UNG,UNG,UNG
744,tripclick,or,UNG,1.0,Post-filter,UNG,UNG,UNG,UNG
744,yfcc,and,FilteredVamana,1.0,SIEVE,UNG,UNG,UNG,StitchedVamana
744,yfcc,equal,UNG,1.0,UNG,UNG,UNG,UNG,StitchedVamana
744,yfcc,or,FilteredVamana,1.0,Post-filter,StitchedVamana,StitchedVamana,UNG,StitchedVamana
744,ytb_audio,and,UNG,1.0,SIEVE,UNG,UNG,UNG,Post-filter
744,ytb_audio,equal,UNG,1.0,UNG,UNG,UNG,UNG,Post-filter
744,ytb_audio,or,UNG,1.0,Post-filter,UNG,UNG,UNG,Post-filter
745,LAION1M,and,UNG,1.0,UNG,UNG,UNG,UNG,UNG
745,LAION1M,equal,UNG,1.0,UNG,UNG,UNG,UNG,UNG
745,LAION1M,or,UNG,1.0,Post-filter,StitchedVamana,UNG,UNG,UNG
745,tripclick,and,UNG,1.0,UNG,UNG,UNG,UNG,UNG
745,tripclick,equal,UNG,1.0,UNG,UNG,UNG,UNG,UNG
745,tripclick,or,UNG,1.0,Post-filter,UNG,UNG,UNG,UNG
745,yfcc,and,UNG,1.0,SIEVE,UNG,UNG,UNG,StitchedVamana
745,yfcc,equal,UNG,1.0,UNG,UNG,UNG,UNG,StitchedVamana
745,yfcc,or,FilteredVamana,1.0,Post-filter,StitchedVamana,StitchedVamana,UNG,StitchedVamana
745,ytb_audio,and,UNG,1.0,SIEVE,UNG,UNG,UNG,Post-filter
745,ytb_audio,equal,UNG,1.0,UNG,UNG,UNG,UNG,Post-filter
745,ytb_audio,or,StitchedVamana,1.0,Post-filter,UNG,UNG,UNG,Post-filter
746,LAION1M,and,UNG,1.0,UNG,Post-filter,UNG,UNG,UNG
746,LAION1M,equal,UNG,1.0,UNG,UNG,UNG,UNG,UNG
746,LAION1M,or,UNG,1.0,Post-filter,Post-filter,UNG,UNG,UNG
746,tripclick,and,UNG,1.0,UNG,UNG,UNG,UNG,UNG
746,tripclick,equal,UNG,1.0,UNG,UNG,UNG,UNG,UNG
746,tripclick,or,UNG,1.0,Post-filter,UNG,UNG,UNG,UNG
746,yfcc,and,UNG,1.0,SIEVE,UNG,UNG,UNG,StitchedVamana
746,yfcc,equal,UNG,1.0,UNG,UNG,UNG,UNG,StitchedVamana
746,yfcc,or,FilteredVamana,1.0,Post-filter,StitchedVamana,StitchedVamana,UNG,StitchedVamana
746,ytb_audio,and,UNG,1.0,SIEVE,UNG,UNG,UNG,Post-filter
746,ytb_audio,equal,UNG,1.0,UNG,UNG,UNG,UNG,Post-filter
746,ytb_audio,or,UNG,1.0,Post-filter,UNG,FilteredVamana,UNG,Post-filter
747,LAION1M,and,UNG,1.0,UNG,UNG,UNG,UNG,UNG
747,LAION1M,equal,UNG,1.0,UNG,UNG,UNG,UNG,UNG
747,LAION1M,or,UNG,1.0,Post-filter,Post-filter,UNG,UNG,UNG
747,tripclick,and,UNG,1.0,UNG,UNG,UNG,UNG,UNG
747,tripclick,equal,UNG,1.0,UNG,UNG,UNG,UNG,UNG
747,tripclick,or,Post-filter,1.0,Post-filter,UNG,UNG,UNG,UNG
747,yfcc,and,FilteredVamana,1.0,SIEVE,UNG,UNG,UNG,StitchedVamana
747,yfcc,equal,UNG,1.0,UNG,UNG,UNG,UNG,StitchedVamana
747,yfcc,or,FilteredVamana,1.0,Post-filter,FilteredVamana,StitchedVamana,UNG,StitchedVamana
747,ytb_audio,and,SIEVE,1.0,SIEVE,UNG,UNG,UNG,Post-filter
747,ytb_audio,equal,UNG,1.0,UNG,UNG,UNG,UNG,Post-filter
747,ytb_audio,or,StitchedVamana,1.0,Post-filter,UNG,FilteredVamana,UNG,Post-filter
748,LAION1M,and,UNG,1.0,UNG,UNG,UNG,UNG,UNG
748,LAION1M,equal,UNG,1.0,UNG,UNG,UNG,UNG,UNG
748,LAION1M,or,UNG,1.0,Post-filter,UNG,UNG,UNG,StitchedVamana
748,tripclick,and,UNG,1.0,UNG,UNG,UNG,UNG,UNG
748,tripclick,equal,UNG,1.0,UNG,UNG,UNG,UNG,UNG
748,tripclick,or,UNG,1.0,Post-filter,UNG,UNG,UNG,UNG
748,yfcc,and,UNG,1.0,SIEVE,UNG,UNG,UNG,StitchedVamana
748,yfcc,equal,UNG,1.0,UNG,UNG,UNG,UNG,StitchedVamana
748,yfcc,or,FilteredVamana,1.0,Post-filter,StitchedVamana,StitchedVamana,UNG,StitchedVamana
748,ytb_audio,and,SIEVE,0.9,SIEVE,UNG,UNG,UNG,Post-filter
748,ytb_audio,equal,UNG,1.0,UNG,UNG,UNG,UNG,Post-filter
748,ytb_audio,or,StitchedVamana,1.0,Post-filter,UNG,FilteredVamana,UNG,Post-filter
749,LAION1M,and,UNG,1.0,UNG,UNG,UNG,UNG,UNG
749,LAION1M,equal,UNG,1.0,UNG,UNG,UNG,UNG,UNG
749,LAION1M,or,UNG,1.0,Post-filter,Post-filter,UNG,UNG,UNG
749,tripclick,and,UNG,1.0,UNG,UNG,UNG,UNG,UNG
749,tripclick,equal,UNG,1.0,UNG,UNG,UNG,UNG,UNG
749,tripclick,or,UNG,1.0,Post-filter,UNG,UNG,UNG,UNG
749,yfcc,and,UNG,1.0,SIEVE,UNG,UNG,UNG,StitchedVamana
749,yfcc,equal,UNG,1.0,UNG,UNG,UNG,UNG,StitchedVamana
749,yfcc,or,FilteredVamana,1.0,Post-filter,UNG,UNG,UNG,StitchedVamana
749,ytb_audio,and,UNG,1.0,SIEVE,UNG,UNG,UNG,Post-filter
749,ytb_audio,equal,UNG,1.0,UNG,UNG,UNG,UNG,Post-filter
749,ytb_audio,or,StitchedVamana,1.0,Post-filter,UNG,FilteredVamana,UNG,Post-filter
750,LAION1M,and,UNG,1.0,UNG,Post-filter,UNG,UNG,UNG
750,LAION1M,equal,UNG,1.0,UNG,UNG,UNG,UNG,UNG
750,LAION1M,or,UNG,1.0,Post-filter,UNG,UNG,UNG,StitchedVamana
750,tripclick,and,UNG,1.0,UNG,UNG,UNG,UNG,UNG
750,tripclick,equal,UNG,1.0,UNG,UNG,UNG,UNG,UNG
750,tripclick,or,UNG,1.0,Post-filter,UNG,UNG,UNG,UNG
750,yfcc,and,UNG,1.0,SIEVE,UNG,UNG,UNG,StitchedVamana
750,yfcc,equal,UNG,1.0,UNG,UNG,UNG,UNG,StitchedVamana
750,yfcc,or,FilteredVamana,1.0,Post-filter,StitchedVamana,StitchedVamana,UNG,StitchedVamana
750,ytb_audio,and,UNG,1.0,SIEVE,UNG,UNG,UNG,Post-filter
750,ytb_audio,equal,UNG,1.0,UNG,UNG,UNG,UNG,Post-filter
750,ytb_audio,or,Post-filter,1.0,Post-filter,UNG,UNG,UNG,Post-filter
751,LAION1M,and,UNG,1.0,UNG,Post-filter,UNG,UNG,UNG
751,LAION1M,equal,UNG,1.0,UNG,UNG,UNG,UNG,UNG
751,LAION1M,or,UNG,1.0,Post-filter,Post-filter,UNG,UNG,UNG
751,tripclick,and,UNG,1.0,UNG,UNG,UNG,UNG,UNG
751,tripclick,equal,UNG,1.0,UNG,UNG,UNG,UNG,UNG
751,tripclick,or,UNG,1.0,Post-filter,UNG,UNG,UNG,UNG
751,yfcc,and,UNG,1.0,SIEVE,UNG,UNG,UNG,StitchedVamana
751,yfcc,equal,UNG,1.0,UNG,UNG,UNG,UNG,StitchedVamana
751,yfcc,or,FilteredVamana,1.0,Post-filter,FilteredVamana,StitchedVamana,UNG,StitchedVamana
751,ytb_audio,and,UNG,1.0,SIEVE,UNG,UNG,UNG,Post-filter
751,ytb_audio,equal,UNG,1.0,UNG,UNG,UNG,UNG,Post-filter
751,ytb_audio,or,StitchedVamana,1.0,Post-filter,UNG,FilteredVamana,UNG,Post-filter
752,LAION1M,and,UNG,1.0,UNG,UNG,UNG,UNG,UNG
752,LAION1M,equal,UNG,1.0,UNG,UNG,UNG,UNG,UNG
752,LAION1M,or,UNG,1.0,Post-filter,UNG,UNG,UNG,UNG
752,tripclick,and,UNG,1.0,UNG,UNG,UNG,UNG,UNG
752,tripclick,equal,UNG,1.0,UNG,UNG,UNG,UNG,UNG
752,tripclick,or,UNG,1.0,Post-filter,UNG,UNG,UNG,UNG
752,yfcc,and,UNG,1.0,SIEVE,UNG,UNG,UNG,StitchedVamana
752,yfcc,equal,UNG,1.0,UNG,UNG,UNG,UNG,StitchedVamana
752,yfcc,or,FilteredVamana,1.0,Post-filter,StitchedVamana,StitchedVamana,UNG,StitchedVamana
752,ytb_audio,and,UNG,1.0,SIEVE,UNG,UNG,UNG,Post-filter
752,ytb_audio,equal,UNG,1.0,UNG,UNG,UNG,UNG,Post-filter
752,ytb_audio,or,StitchedVamana,1.0,Post-filter,UNG,UNG,UNG,Post-filter
753,LAION1M,and,UNG,1.0,UNG,UNG,UNG,UNG,UNG
753,LAION1M,equal,UNG,1.0,UNG,UNG,UNG,UNG,UNG
753,LAION1M,or,UNG,1.0,Post-filter,UNG,UNG,UNG,StitchedVamana
753,tripclick,and,UNG,1.0,UNG,UNG,UNG,UNG,UNG
753,tripclick,equal,UNG,1.0,UNG,UNG,UNG,UNG,UNG
753,tripclick,or,UNG,1.0,Post-filter,UNG,UNG,UNG,UNG
753,yfcc,and,UNG,1.0,SIEVE,UNG,UNG,UNG,StitchedVamana
753,yfcc,equal,UNG,1.0,UNG,UNG,UNG,UNG,StitchedVamana
753,yfcc,or,FilteredVamana,1.0,Post-filter,StitchedVamana,UNG,UNG,StitchedVamana
753,ytb_audio,and,SIEVE,1.0,SIEVE,UNG,UNG,UNG,Post-filter
753,ytb_audio,equal,UNG,1.0,UNG,UNG,UNG,UNG,Post-filter
753,ytb_audio,or,StitchedVamana,1.0,Post-filter,UNG,FilteredVamana,UNG,Post-filter
754,LAION1M,and,UNG,1.0,UNG,UNG,UNG,UNG,UNG
754,LAION1M,equal,UNG,1.0,UNG,UNG,UNG,UNG,UNG
754,LAION1M,or,UNG,1.0,Post-filter,UNG,UNG,UNG,StitchedVamana
754,tripclick,and,UNG,1.0,UNG,UNG,UNG,UNG,UNG
754,tripclick,equal,UNG,1.0,UNG,UNG,UNG,UNG,UNG
754,tripclick,or,UNG,1.0,Post-filter,UNG,UNG,UNG,UNG
754,yfcc,and,FilteredVamana,1.0,SIEVE,UNG,UNG,UNG,StitchedVamana
754,yfcc,equal,UNG,1.0,UNG,UNG,UNG,UNG,StitchedVamana
754,yfcc,or,FilteredVamana,1.0,Post-filter,StitchedVamana,UNG,UNG,StitchedVamana
754,ytb_audio,and,UNG,0.9,SIEVE,UNG,UNG,UNG,Post-filter
754,ytb_audio,equal,UNG,1.0,UNG,UNG,UNG,UNG,Post-filter
754,ytb_audio,or,UNG,1.0,Post-filter,UNG,UNG,UNG,Post-filter
755,LAION1M,and,UNG,1.0,UNG,UNG,UNG,UNG,UNG
755,LAION1M,equal,UNG,1.0,UNG,UNG,UNG,UNG,UNG
755,LAION1M,or,UNG,1.0,Post-filter,Post-filter,UNG,UNG,UNG
755,tripclick,and,UNG,1.0,UNG,UNG,UNG,UNG,UNG
755,tripclick,equal,UNG,1.0,UNG,UNG,UNG,UNG,UNG
755,tripclick,or,UNG,1.0,Post-filter,UNG,UNG,UNG,UNG
755,yfcc,and,UNG,1.0,SIEVE,UNG,UNG,UNG,StitchedVamana
755,yfcc,equal,UNG,1.0,UNG,UNG,UNG,UNG,StitchedVamana
755,yfcc,or,FilteredVamana,1.0,Post-filter,StitchedVamana,StitchedVamana,UNG,StitchedVamana
755,ytb_audio,and,SIEVE,1.0,SIEVE,UNG,UNG,UNG,Post-filter
755,ytb_audio,equal,UNG,1.0,UNG,UNG,UNG,UNG,Post-filter
755,ytb_audio,or,StitchedVamana,1.0,Post-filter,UNG,UNG,UNG,Post-filter
756,LAION1M,and,UNG,1.0,UNG,UNG,UNG,UNG,UNG
756,LAION1M,equal,UNG,1.0,UNG,UNG,UNG,UNG,UNG
756,LAION1M,or,UNG,1.0,Post-filter,UNG,UNG,UNG,StitchedVamana
756,tripclick,and,UNG,1.0,UNG,UNG,UNG,UNG,UNG
756,tripclick,equal,UNG,1.0,UNG,UNG,UNG,UNG,UNG
756,tripclick,or,UNG,1.0,Post-filter,UNG,UNG,UNG,UNG
756,yfcc,and,UNG,1.0,SIEVE,UNG,UNG,UNG,StitchedVamana
756,yfcc,equal,UNG,1.0,UNG,UNG,UNG,UNG,StitchedVamana
756,yfcc,or,FilteredVamana,1.0,Post-filter,StitchedVamana,UNG,UNG,StitchedVamana
756,ytb_audio,and,UNG,0.9,SIEVE,UNG,UNG,UNG,Post-filter
756,ytb_audio,equal,UNG,1.0,UNG,UNG,UNG,UNG,Post-filter
756,ytb_audio,or,StitchedVamana,1.0,Post-filter,UNG,UNG,UNG,Post-filter
757,LAION1M,and,UNG,1.0,UNG,Post-filter,UNG,UNG,UNG
757,LAION1M,equal,UNG,1.0,UNG,UNG,UNG,UNG,UNG
757,LAION1M,or,UNG,1.0,Post-filter,StitchedVamana,UNG,UNG,StitchedVamana
757,tripclick,and,UNG,1.0,UNG,UNG,UNG,UNG,UNG
757,tripclick,equal,UNG,1.0,UNG,UNG,UNG,UNG,UNG
757,tripclick,or,UNG,1.0,Post-filter,UNG,UNG,UNG,UNG
757,yfcc,and,UNG,1.0,SIEVE,UNG,UNG,UNG,StitchedVamana
757,yfcc,equal,UNG,1.0,UNG,UNG,UNG,UNG,StitchedVamana
757,yfcc,or,FilteredVamana,1.0,Post-filter,UNG,StitchedVamana,UNG,StitchedVamana
757,ytb_audio,and,UNG,1.0,SIEVE,UNG,UNG,UNG,Post-filter
757,ytb_audio,equal,UNG,1.0,UNG,UNG,UNG,UNG,Post-filter
757,ytb_audio,or,StitchedVamana,1.0,Post-filter,UNG,FilteredVamana,UNG,Post-filter
758,LAION1M,and,UNG,1.0,UNG,UNG,UNG,UNG,UNG
758,LAION1M,equal,UNG,1.0,UNG,UNG,UNG,UNG,UNG
758,LAION1M,or,UNG,1.0,Post-filter,UNG,UNG,UNG,UNG
758,tripclick,and,UNG,1.0,UNG,UNG,UNG,UNG,UNG
758,tripclick,equal,UNG,1.0,UNG,UNG,UNG,UNG,UNG
758,tripclick,or,UNG,1.0,Post-filter,UNG,UNG,UNG,UNG
758,yfcc,and,FilteredVamana,1.0,SIEVE,UNG,UNG,UNG,StitchedVamana
758,yfcc,equal,UNG,1.0,UNG,UNG,UNG,UNG,StitchedVamana
758,yfcc,or,FilteredVamana,1.0,Post-filter,StitchedVamana,StitchedVamana,UNG,StitchedVamana
758,ytb_audio,and,UNG,1.0,SIEVE,UNG,UNG,UNG,Post-filter
758,ytb_audio,equal,UNG,1.0,UNG,UNG,UNG,UNG,Post-filter
758,ytb_audio,or,Post-filter,1.0,Post-filter,UNG,UNG,UNG,Post-filter
759,LAION1M,and,UNG,1.0,UNG,UNG,UNG,UNG,UNG
759,LAION1M,equal,UNG,1.0,UNG,UNG,UNG,UNG,UNG
759,LAION1M,or,UNG,1.0,Post-filter,Post-filter,UNG,UNG,UNG
759,tripclick,and,UNG,1.0,UNG,UNG,UNG,UNG,UNG
759,tripclick,equal,UNG,1.0,UNG,UNG,UNG,UNG,UNG
759,tripclick,or,Post-filter,1.0,Post-filter,UNG,UNG,UNG,UNG
759,yfcc,and,UNG,1.0,SIEVE,UNG,UNG,UNG,StitchedVamana
759,yfcc,equal,UNG,1.0,UNG,UNG,UNG,UNG,StitchedVamana
759,yfcc,or,FilteredVamana,1.0,Post-filter,StitchedVamana,StitchedVamana,UNG,StitchedVamana
759,ytb_audio,and,SIEVE,1.0,SIEVE,UNG,UNG,UNG,Post-filter
759,ytb_audio,equal,UNG,1.0,UNG,UNG,UNG,UNG,Post-filter
759,ytb_audio,or,StitchedVamana,1.0,Post-filter,UNG,UNG,UNG,Post-filter
760,LAION1M,and,UNG,1.0,UNG,Post-filter,UNG,UNG,UNG
760,LAION1M,equal,UNG,1.0,UNG,UNG,UNG,UNG,UNG
760,LAION1M,or,UNG,1.0,Post-filter,Post-filter,UNG,UNG,UNG
760,tripclick,and,UNG,1.0,UNG,UNG,UNG,UNG,UNG
760,tripclick,equal,UNG,1.0,UNG,UNG,UNG,UNG,UNG
760,tripclick,or,Post-filter,1.0,Post-filter,UNG,UNG,UNG,UNG
760,yfcc,and,FilteredVamana,1.0,SIEVE,UNG,UNG,UNG,StitchedVamana
760,yfcc,equal,UNG,1.0,UNG,UNG,UNG,UNG,StitchedVamana
760,yfcc,or,FilteredVamana,1.0,Post-filter,StitchedVamana,StitchedVamana,UNG,StitchedVamana
760,ytb_audio,and,UNG,1.0,SIEVE,UNG,UNG,UNG,Post-filter
760,ytb_audio,equal,UNG,1.0,UNG,UNG,UNG,UNG,Post-filter
760,ytb_audio,or,StitchedVamana,1.0,Post-filter,UNG,UNG,UNG,Post-filter
761,LAION1M,and,UNG,1.0,UNG,Post-filter,UNG,UNG,UNG
761,LAION1M,equal,UNG,1.0,UNG,UNG,UNG,UNG,UNG
761,LAION1M,or,UNG,1.0,Post-filter,Post-filter,UNG,UNG,UNG
761,tripclick,and,Post-filter,1.0,UNG,UNG,UNG,UNG,UNG
761,tripclick,equal,UNG,1.0,UNG,UNG,UNG,UNG,UNG
761,tripclick,or,UNG,1.0,Post-filter,UNG,UNG,UNG,UNG
761,yfcc,and,UNG,1.0,SIEVE,UNG,UNG,UNG,StitchedVamana
761,yfcc,equal,UNG,1.0,UNG,UNG,UNG,UNG,StitchedVamana
761,yfcc,or,FilteredVamana,1.0,Post-filter,StitchedVamana,StitchedVamana,UNG,StitchedVamana
761,ytb_audio,and,SIEVE,1.0,SIEVE,UNG,UNG,UNG,Post-filter
761,ytb_audio,equal,UNG,1.0,UNG,UNG,UNG,UNG,Post-filter
761,ytb_audio,or,StitchedVamana,1.0,Post-filter,UNG,UNG,UNG,Post-filter
762,LAION1M,and,UNG,1.0,UNG,UNG,UNG,UNG,UNG
762,LAION1M,equal,UNG,1.0,UNG,UNG,UNG,UNG,UNG
762,LAION1M,or,UNG,1.0,Post-filter,UNG,UNG,UNG,UNG
762,tripclick,and,UNG,1.0,UNG,UNG,UNG,UNG,UNG
762,tripclick,equal,UNG,1.0,UNG,UNG,UNG,UNG,UNG
762,tripclick,or,UNG,1.0,Post-filter,UNG,UNG,UNG,UNG
762,yfcc,and,UNG,1.0,SIEVE,UNG,UNG,UNG,StitchedVamana
762,yfcc,equal,UNG,1.0,UNG,UNG,UNG,UNG,StitchedVamana
762,yfcc,or,FilteredVamana,1.0,Post-filter,StitchedVamana,StitchedVamana,UNG,StitchedVamana
762,ytb_audio,and,UNG,1.0,SIEVE,UNG,UNG,UNG,Post-filter
762,ytb_audio,equal,UNG,1.0,UNG,UNG,UNG,UNG,Post-filter
762,ytb_audio,or,StitchedVamana,1.0,Post-filter,UNG,FilteredVamana,UNG,Post-filter
763,LAION1M,and,UNG,1.0,UNG,Post-filter,UNG,UNG,UNG
763,LAION1M,equal,UNG,1.0,UNG,UNG,UNG,UNG,UNG
763,LAION1M,or,UNG,1.0,Post-filter,UNG,UNG,UNG,UNG
763,tripclick,and,UNG,1.0,UNG,UNG,UNG,UNG,UNG
763,tripclick,equal,UNG,1.0,UNG,UNG,UNG,UNG,UNG
763,tripclick,or,UNG,1.0,Post-filter,UNG,UNG,UNG,UNG
763,yfcc,and,UNG,1.0,SIEVE,UNG,UNG,UNG,StitchedVamana
763,yfcc,equal,UNG,1.0,UNG,UNG,UNG,UNG,StitchedVamana
763,yfcc,or,FilteredVamana,1.0,Post-filter,UNG,UNG,UNG,StitchedVamana
763,ytb_audio,and,UNG,1.0,SIEVE,UNG,UNG,UNG,Post-filter
763,ytb_audio,equal,UNG,1.0,UNG,UNG,UNG,UNG,Post-filter
763,ytb_audio,or,UNG,1.0,Post-filter,UNG,UNG,UNG,Post-filter
764,LAION1M,and,UNG,1.0,UNG,UNG,UNG,UNG,UNG
764,LAION1M,equal,UNG,1.0,UNG,UNG,UNG,UNG,UNG
764,LAION1M,or,UNG,1.0,Post-filter,UNG,UNG,UNG,StitchedVamana
764,tripclick,and,UNG,1.0,UNG,UNG,UNG,UNG,UNG
764,tripclick,equal,UNG,1.0,UNG,UNG,UNG,UNG,UNG
764,tripclick,or,UNG,1.0,Post-filter,UNG,UNG,UNG,UNG
764,yfcc,and,Post-filter,1.0,SIEVE,UNG,UNG,UNG,StitchedVamana
764,yfcc,equal,UNG,1.0,UNG,UNG,UNG,UNG,StitchedVamana
764,yfcc,or,FilteredVamana,1.0,Post-filter,StitchedVamana,StitchedVamana,UNG,StitchedVamana
764,ytb_audio,and,UNG,1.0,SIEVE,UNG,UNG,UNG,Post-filter
764,ytb_audio,equal,UNG,1.0,UNG,UNG,UNG,UNG,Post-filter
764,ytb_audio,or,StitchedVamana,1.0,Post-filter,UNG,UNG,UNG,Post-filter
765,LAION1M,and,UNG,1.0,UNG,UNG,UNG,UNG,UNG
765,LAION1M,equal,UNG,1.0,UNG,UNG,UNG,UNG,UNG
765,LAION1M,or,UNG,1.0,Post-filter,UNG,UNG,UNG,UNG
765,tripclick,and,UNG,1.0,UNG,UNG,UNG,UNG,UNG
765,tripclick,equal,UNG,1.0,UNG,UNG,UNG,UNG,UNG
765,tripclick,or,Post-filter,1.0,Post-filter,UNG,UNG,UNG,UNG
765,yfcc,and,UNG,1.0,SIEVE,UNG,UNG,UNG,StitchedVamana
765,yfcc,equal,UNG,1.0,UNG,UNG,UNG,UNG,StitchedVamana
765,yfcc,or,FilteredVamana,1.0,Post-filter,StitchedVamana,StitchedVamana,UNG,StitchedVamana
765,ytb_audio,and,UNG,1.0,SIEVE,UNG,UNG,UNG,Post-filter
765,ytb_audio,equal,UNG,1.0,UNG,UNG,UNG,UNG,Post-filter
765,ytb_audio,or,Post-filter,1.0,Post-filter,UNG,UNG,UNG,Post-filter
766,LAION1M,and,UNG,1.0,UNG,UNG,UNG,UNG,UNG
766,LAION1M,equal,UNG,1.0,UNG,UNG,UNG,UNG,UNG
766,LAION1M,or,UNG,1.0,Post-filter,UNG,UNG,UNG,UNG
766,tripclick,and,UNG,1.0,UNG,UNG,UNG,UNG,UNG
766,tripclick,equal,UNG,1.0,UNG,UNG,UNG,UNG,UNG
766,tripclick,or,UNG,1.0,Post-filter,UNG,UNG,UNG,UNG
766,yfcc,and,UNG,1.0,SIEVE,UNG,UNG,UNG,StitchedVamana
766,yfcc,equal,UNG,1.0,UNG,UNG,UNG,UNG,StitchedVamana
766,yfcc,or,FilteredVamana,1.0,Post-filter,StitchedVamana,UNG,UNG,StitchedVamana
766,ytb_audio,and,UNG,1.0,SIEVE,UNG,UNG,UNG,Post-filter
766,ytb_audio,equal,UNG,1.0,UNG,UNG,UNG,UNG,Post-filter
766,ytb_audio,or,StitchedVamana,1.0,Post-filter,UNG,UNG,UNG,Post-filter
767,LAION1M,and,UNG,1.0,UNG,Post-filter,UNG,UNG,UNG
767,LAION1M,equal,UNG,1.0,UNG,UNG,UNG,UNG,UNG
767,LAION1M,or,UNG,1.0,Post-filter,UNG,UNG,UNG,UNG
767,tripclick,and,UNG,1.0,UNG,UNG,UNG,UNG,UNG
767,tripclick,equal,UNG,1.0,UNG,UNG,UNG,UNG,UNG
767,tripclick,or,UNG,1.0,Post-filter,UNG,UNG,UNG,UNG
767,yfcc,and,UNG,1.0,SIEVE,UNG,UNG,UNG,StitchedVamana
767,yfcc,equal,UNG,1.0,UNG,UNG,UNG,UNG,StitchedVamana
767,yfcc,or,FilteredVamana,1.0,Post-filter,FilteredVamana,StitchedVamana,UNG,StitchedVamana
767,ytb_audio,and,UNG,1.0,SIEVE,UNG,UNG,UNG,Post-filter
767,ytb_audio,equal,UNG,1.0,UNG,UNG,UNG,UNG,Post-filter
767,ytb_audio,or,StitchedVamana,1.0,Post-filter,UNG,FilteredVamana,UNG,Post-filter
768,LAION1M,and,UNG,1.0,UNG,Post-filter,UNG,UNG,UNG
768,LAION1M,equal,UNG,1.0,UNG,UNG,UNG,UNG,UNG
768,LAION1M,or,UNG,1.0,Post-filter,Post-filter,UNG,UNG,UNG
768,tripclick,and,UNG,1.0,UNG,UNG,UNG,UNG,UNG
768,tripclick,equal,UNG,1.0,UNG,UNG,UNG,UNG,UNG
768,tripclick,or,UNG,1.0,Post-filter,UNG,UNG,UNG,UNG
768,yfcc,and,UNG,1.0,SIEVE,UNG,UNG,UNG,StitchedVamana
768,yfcc,equal,UNG,1.0,UNG,UNG,UNG,UNG,StitchedVamana
768,yfcc,or,FilteredVamana,1.0,Post-filter,StitchedVamana,StitchedVamana,UNG,StitchedVamana
768,ytb_audio,and,UNG,1.0,SIEVE,UNG,UNG,UNG,Post-filter
768,ytb_audio,equal,UNG,1.0,UNG,UNG,UNG,UNG,Post-filter
768,ytb_audio,or,StitchedVamana,1.0,Post-filter,UNG,FilteredVamana,UNG,Post-filter
769,LAION1M,and,UNG,1.0,UNG,UNG,UNG,UNG,UNG
769,LAION1M,equal,UNG,1.0,UNG,UNG,UNG,UNG,UNG
769,LAION1M,or,UNG,1.0,Post-filter,Post-filter,UNG,UNG,UNG
769,tripclick,and,UNG,1.0,UNG,UNG,UNG,UNG,UNG
769,tripclick,equal,UNG,1.0,UNG,UNG,UNG,UNG,UNG
769,tripclick,or,UNG,1.0,Post-filter,UNG,UNG,UNG,UNG
769,yfcc,and,UNG,1.0,SIEVE,UNG,UNG,UNG,StitchedVamana
769,yfcc,equal,UNG,1.0,UNG,UNG,UNG,UNG,StitchedVamana
769,yfcc,or,FilteredVamana,1.0,Post-filter,FilteredVamana,StitchedVamana,UNG,StitchedVamana
769,ytb_audio,and,SIEVE,1.0,SIEVE,UNG,UNG,UNG,Post-filter
769,ytb_audio,equal,UNG,1.0,UNG,UNG,UNG,UNG,Post-filter
769,ytb_audio,or,UNG,1.0,Post-filter,UNG,UNG,UNG,Post-filter
770,LAION1M,and,UNG,1.0,UNG,UNG,UNG,UNG,UNG
770,LAION1M,equal,UNG,1.0,UNG,UNG,UNG,UNG,UNG
770,LAION1M,or,UNG,1.0,Post-filter,UNG,UNG,UNG,UNG
770,tripclick,and,UNG,1.0,UNG,UNG,UNG,UNG,UNG
770,tripclick,equal,UNG,1.0,UNG,UNG,UNG,UNG,UNG
770,tripclick,or,UNG,1.0,Post-filter,UNG,UNG,UNG,UNG
770,yfcc,and,FilteredVamana,1.0,SIEVE,UNG,UNG,UNG,StitchedVamana
770,yfcc,equal,UNG,1.0,UNG,UNG,UNG,UNG,StitchedVamana
770,yfcc,or,FilteredVamana,1.0,Post-filter,StitchedVamana,StitchedVamana,UNG,StitchedVamana
770,ytb_audio,and,UNG,1.0,SIEVE,UNG,UNG,UNG,Post-filter
770,ytb_audio,equal,UNG,1.0,UNG,UNG,UNG,UNG,Post-filter
770,ytb_audio,or,StitchedVamana,1.0,Post-filter,UNG,FilteredVamana,UNG,Post-filter
771,LAION1M,and,UNG,1.0,UNG,UNG,UNG,UNG,UNG
771,LAION1M,equal,UNG,1.0,UNG,UNG,UNG,UNG,UNG
771,LAION1M,or,UNG,1.0,Post-filter,UNG,UNG,UNG,StitchedVamana
771,tripclick,and,UNG,1.0,UNG,UNG,UNG,UNG,UNG
771,tripclick,equal,UNG,1.0,UNG,UNG,UNG,UNG,UNG
771,tripclick,or,UNG,1.0,Post-filter,UNG,UNG,UNG,UNG
771,yfcc,and,FilteredVamana,1.0,SIEVE,UNG,UNG,UNG,StitchedVamana
771,yfcc,equal,UNG,1.0,UNG,UNG,UNG,UNG,StitchedVamana
771,yfcc,or,FilteredVamana,1.0,Post-filter,StitchedVamana,StitchedVamana,UNG,StitchedVamana
771,ytb_audio,and,SIEVE,1.0,SIEVE,UNG,UNG,UNG,Post-filter
771,ytb_audio,equal,UNG,1.0,UNG,UNG,UNG,UNG,Post-filter
771,ytb_audio,or,StitchedVamana,1.0,Post-filter,UNG,FilteredVamana,UNG,Post-filter
772,LAION1M,and,UNG,1.0,UNG,Post-filter,UNG,UNG,UNG
772,LAION1M,equal,UNG,1.0,UNG,UNG,UNG,UNG,UNG
772,LAION1M,or,UNG,1.0,Post-filter,UNG,UNG,UNG,UNG
772,tripclick,and,Post-filter,1.0,UNG,UNG,UNG,UNG,UNG
772,tripclick,equal,UNG,1.0,UNG,UNG,UNG,UNG,UNG
772,tripclick,or,UNG,1.0,Post-filter,UNG,UNG,UNG,UNG
772,yfcc,and,FilteredVamana,1.0,SIEVE,UNG,UNG,UNG,StitchedVamana
772,yfcc,equal,UNG,1.0,UNG,UNG,UNG,UNG,StitchedVamana
772,yfcc,or,FilteredVamana,1.0,Post-filter,StitchedVamana,StitchedVamana,UNG,StitchedVamana
772,ytb_audio,and,UNG,1.0,SIEVE,UNG,UNG,UNG,Post-filter
772,ytb_audio,equal,UNG,1.0,UNG,UNG,UNG,UNG,Post-filter
772,ytb_audio,or,StitchedVamana,1.0,Post-filter,UNG,UNG,UNG,Post-filter
773,LAION1M,and,UNG,1.0,UNG,UNG,UNG,UNG,UNG
773,LAION1M,equal,UNG,1.0,UNG,UNG,UNG,UNG,UNG
773,LAION1M,or,UNG,1.0,Post-filter,UNG,UNG,UNG,UNG
773,tripclick,and,UNG,1.0,UNG,UNG,UNG,UNG,UNG
773,tripclick,equal,UNG,1.0,UNG,UNG,UNG,UNG,UNG
773,tripclick,or,UNG,1.0,Post-filter,UNG,UNG,UNG,UNG
773,yfcc,and,FilteredVamana,1.0,SIEVE,UNG,UNG,UNG,StitchedVamana
773,yfcc,equal,UNG,1.0,UNG,UNG,UNG,UNG,StitchedVamana
773,yfcc,or,FilteredVamana,1.0,Post-filter,StitchedVamana,StitchedVamana,UNG,StitchedVamana
773,ytb_audio,and,SIEVE,1.0,SIEVE,UNG,UNG,UNG,Post-filter
773,ytb_audio,equal,UNG,1.0,UNG,UNG,UNG,UNG,Post-filter
773,ytb_audio,or,UNG,1.0,Post-filter,UNG,FilteredVamana,UNG,Post-filter
774,LAION1M,and,UNG,1.0,UNG,UNG,UNG,UNG,UNG
774,LAION1M,equal,UNG,1.0,UNG,UNG,UNG,UNG,UNG
774,LAION1M,or,UNG,1.0,Post-filter,UNG,UNG,UNG,StitchedVamana
774,tripclick,and,UNG,1.0,UNG,UNG,UNG,UNG,UNG
774,tripclick,equal,UNG,1.0,UNG,UNG,UNG,UNG,UNG
774,tripclick,or,UNG,1.0,Post-filter,UNG,UNG,UNG,UNG
774,yfcc,and,UNG,1.0,SIEVE,UNG,UNG,UNG,StitchedVamana
774,yfcc,equal,UNG,1.0,UNG,UNG,UNG,UNG,StitchedVamana
774,yfcc,or,FilteredVamana,1.0,Post-filter,StitchedVamana,StitchedVamana,UNG,StitchedVamana
774,ytb_audio,and,SIEVE,1.0,SIEVE,UNG,UNG,UNG,Post-filter
774,ytb_audio,equal,UNG,1.0,UNG,UNG,UNG,UNG,Post-filter
774,ytb_audio,or,SIEVE,1.0,Post-filter,UNG,UNG,UNG,Post-filter
775,LAION1M,and,UNG,1.0,UNG,UNG,UNG,UNG,UNG
775,LAION1M,equal,UNG,1.0,UNG,UNG,UNG,UNG,UNG
775,LAION1M,or,UNG,1.0,Post-filter,Post-filter,UNG,UNG,UNG
775,tripclick,and,UNG,1.0,UNG,UNG,UNG,UNG,UNG
775,tripclick,equal,UNG,1.0,UNG,UNG,UNG,UNG,UNG
775,tripclick,or,Post-filter,1.0,Post-filter,UNG,UNG,UNG,UNG
775,yfcc,and,FilteredVamana,1.0,SIEVE,UNG,UNG,UNG,StitchedVamana
775,yfcc,equal,UNG,1.0,UNG,UNG,UNG,UNG,StitchedVamana
775,yfcc,or,FilteredVamana,1.0,Post-filter,StitchedVamana,StitchedVamana,UNG,StitchedVamana
775,ytb_audio,and,UNG,1.0,SIEVE,UNG,UNG,UNG,Post-filter
775,ytb_audio,equal,UNG,1.0,UNG,UNG,UNG,UNG,Post-filter
775,ytb_audio,or,StitchedVamana,1.0,Post-filter,UNG,FilteredVamana,UNG,Post-filter
776,LAION1M,and,UNG,1.0,UNG,Post-filter,UNG,UNG,UNG
776,LAION1M,equal,UNG,1.0,UNG,UNG,UNG,UNG,UNG
776,LAION1M,or,UNG,1.0,Post-filter,UNG,UNG,FilteredVamana,StitchedVamana
776,tripclick,and,UNG,1.0,UNG,UNG,UNG,UNG,UNG
776,tripclick,equal,UNG,1.0,UNG,UNG,UNG,UNG,UNG
776,tripclick,or,UNG,1.0,Post-filter,UNG,UNG,UNG,UNG
776,yfcc,and,FilteredVamana,1.0,SIEVE,UNG,UNG,UNG,StitchedVamana
776,yfcc,equal,UNG,1.0,UNG,UNG,UNG,UNG,StitchedVamana
776,yfcc,or,FilteredVamana,1.0,Post-filter,StitchedVamana,StitchedVamana,UNG,StitchedVamana
776,ytb_audio,and,UNG,1.0,SIEVE,UNG,UNG,UNG,Post-filter
776,ytb_audio,equal,UNG,1.0,UNG,UNG,UNG,UNG,Post-filter
776,ytb_audio,or,StitchedVamana,1.0,Post-filter,UNG,UNG,UNG,Post-filter
777,LAION1M,and,UNG,1.0,UNG,UNG,UNG,UNG,UNG
777,LAION1M,equal,UNG,1.0,UNG,UNG,UNG,UNG,UNG
777,LAION1M,or,UNG,1.0,Post-filter,Post-filter,UNG,UNG,UNG
777,tripclick,and,UNG,1.0,UNG,UNG,UNG,UNG,UNG
777,tripclick,equal,UNG,1.0,UNG,UNG,UNG,UNG,UNG
777,tripclick,or,UNG,1.0,Post-filter,UNG,UNG,UNG,UNG
777,yfcc,and,FilteredVamana,1.0,SIEVE,UNG,UNG,UNG,StitchedVamana
777,yfcc,equal,UNG,1.0,UNG,UNG,UNG,UNG,StitchedVamana
777,yfcc,or,FilteredVamana,1.0,Post-filter,StitchedVamana,StitchedVamana,UNG,StitchedVamana
777,ytb_audio,and,UNG,1.0,SIEVE,UNG,UNG,UNG,Post-filter
777,ytb_audio,equal,UNG,1.0,UNG,UNG,UNG,UNG,Post-filter
777,ytb_audio,or,StitchedVamana,1.0,Post-filter,UNG,FilteredVamana,UNG,Post-filter
778,LAION1M,and,UNG,1.0,UNG,UNG,UNG,UNG,UNG
778,LAION1M,equal,UNG,1.0,UNG,UNG,UNG,UNG,UNG
778,LAION1M,or,UNG,1.0,Post-filter,Post-filter,UNG,UNG,UNG
778,tripclick,and,Post-filter,1.0,UNG,UNG,UNG,UNG,UNG
778,tripclick,equal,UNG,1.0,UNG,UNG,UNG,UNG,UNG
778,tripclick,or,UNG,1.0,Post-filter,UNG,UNG,UNG,UNG
778,yfcc,and,UNG,1.0,SIEVE,UNG,UNG,UNG,StitchedVamana
778,yfcc,equal,UNG,1.0,UNG,UNG,UNG,UNG,StitchedVamana
778,yfcc,or,FilteredVamana,1.0,Post-filter,StitchedVamana,StitchedVamana,UNG,StitchedVamana
778,ytb_audio,and,UNG,1.0,SIEVE,UNG,UNG,UNG,Post-filter
778,ytb_audio,equal,UNG,1.0,UNG,UNG,UNG,UNG,Post-filter
778,ytb_audio,or,UNG,1.0,Post-filter,UNG,FilteredVamana,UNG,Post-filter
779,LAION1M,and,UNG,1.0,UNG,UNG,UNG,UNG,UNG
779,LAION1M,equal,UNG,1.0,UNG,UNG,UNG,UNG,UNG
779,LAION1M,or,UNG,1.0,Post-filter,Post-filter,UNG,UNG,UNG
779,tripclick,and,UNG,1.0,UNG,UNG,UNG,UNG,UNG
779,tripclick,equal,UNG,1.0,UNG,UNG,UNG,UNG,UNG
779,tripclick,or,UNG,1.0,Post-filter,UNG,UNG,UNG,UNG
779,yfcc,and,FilteredVamana,1.0,SIEVE,UNG,UNG,UNG,StitchedVamana
779,yfcc,equal,UNG,1.0,UNG,UNG,UNG,UNG,StitchedVamana
779,yfcc,or,FilteredVamana,1.0,Post-filter,StitchedVamana,StitchedVamana,UNG,StitchedVamana
779,ytb_audio,and,UNG,1.0,SIEVE,UNG,UNG,UNG,Post-filter
779,ytb_audio,equal,UNG,1.0,UNG,UNG,UNG,UNG,Post-filter
779,ytb_audio,or,StitchedVamana,1.0,Post-filter,UNG,UNG,UNG,Post-filter
780,LAION1M,and,UNG,1.0,UNG,UNG,UNG,UNG,UNG
780,LAION1M,equal,UNG,1.0,UNG,UNG,UNG,UNG,UNG
780,LAION1M,or,UNG,1.0,Post-filter,UNG,UNG,UNG,StitchedVamana
780,tripclick,and,UNG,1.0,UNG,UNG,UNG,UNG,UNG
780,tripclick,equal,UNG,1.0,UNG,UNG,UNG,UNG,UNG
780,tripclick,or,UNG,1.0,Post-filter,UNG,UNG,UNG,UNG
780,yfcc,and,UNG,1.0,SIEVE,UNG,UNG,UNG,StitchedVamana
780,yfcc,equal,UNG,1.0,UNG,UNG,UNG,UNG,StitchedVamana
780,yfcc,or,FilteredVamana,1.0,Post-filter,FilteredVamana,StitchedVamana,UNG,StitchedVamana
780,ytb_audio,and,SIEVE,1.0,SIEVE,UNG,UNG,UNG,Post-filter
780,ytb_audio,equal,UNG,1.0,UNG,UNG,UNG,UNG,Post-filter
780,ytb_audio,or,StitchedVamana,1.0,Post-filter,UNG,UNG,UNG,Post-filter
781,LAION1M,and,UNG,1.0,UNG,Post-filter,UNG,UNG,UNG
781,LAION1M,equal,UNG,1.0,UNG,UNG,UNG,UNG,UNG
781,LAION1M,or,UNG,1.0,Post-filter,Post-filter,UNG,FilteredVamana,StitchedVamana
781,tripclick,and,UNG,1.0,UNG,UNG,UNG,UNG,UNG
781,tripclick,equal,UNG,1.0,UNG,UNG,UNG,UNG,UNG
781,tripclick,or,UNG,1.0,Post-filter,UNG,UNG,UNG,UNG
781,yfcc,and,UNG,1.0,SIEVE,UNG,UNG,UNG,StitchedVamana
781,yfcc,equal,UNG,1.0,UNG,UNG,UNG,UNG,StitchedVamana
781,yfcc,or,FilteredVamana,1.0,Post-filter,StitchedVamana,StitchedVamana,UNG,StitchedVamana
781,ytb_audio,and,UNG,1.0,SIEVE,UNG,UNG,UNG,Post-filter
781,ytb_audio,equal,UNG,1.0,UNG,UNG,UNG,UNG,Post-filter
781,ytb_audio,or,StitchedVamana,1.0,Post-filter,UNG,FilteredVamana,UNG,Post-filter
782,LAION1M,and,UNG,1.0,UNG,UNG,UNG,UNG,UNG
782,LAION1M,equal,UNG,1.0,UNG,UNG,UNG,UNG,UNG
782,LAION1M,or,UNG,1.0,Post-filter,UNG,UNG,UNG,UNG
782,tripclick,and,UNG,1.0,UNG,UNG,UNG,UNG,UNG
782,tripclick,equal,UNG,1.0,UNG,UNG,UNG,UNG,UNG
782,tripclick,or,UNG,1.0,Post-filter,UNG,UNG,UNG,UNG
782,yfcc,and,UNG,1.0,SIEVE,UNG,UNG,UNG,StitchedVamana
782,yfcc,equal,UNG,1.0,UNG,UNG,UNG,UNG,StitchedVamana
782,yfcc,or,FilteredVamana,1.0,Post-filter,StitchedVamana,StitchedVamana,UNG,StitchedVamana
782,ytb_audio,and,UNG,1.0,SIEVE,UNG,UNG,UNG,Post-filter
782,ytb_audio,equal,UNG,1.0,UNG,UNG,UNG,UNG,Post-filter
782,ytb_audio,or,StitchedVamana,1.0,Post-filter,UNG,FilteredVamana,UNG,Post-filter
783,LAION1M,and,UNG,1.0,UNG,UNG,UNG,UNG,UNG
783,LAION1M,equal,UNG,1.0,UNG,UNG,UNG,UNG,UNG
783,LAION1M,or,UNG,1.0,Post-filter,StitchedVamana,UNG,UNG,StitchedVamana
783,tripclick,and,UNG,1.0,UNG,UNG,UNG,UNG,UNG
783,tripclick,equal,UNG,1.0,UNG,UNG,UNG,UNG,UNG
783,tripclick,or,UNG,1.0,Post-filter,UNG,UNG,UNG,UNG
783,yfcc,and,UNG,1.0,SIEVE,UNG,UNG,UNG,StitchedVamana
783,yfcc,equal,UNG,1.0,UNG,UNG,UNG,UNG,StitchedVamana
783,yfcc,or,FilteredVamana,1.0,Post-filter,StitchedVamana,StitchedVamana,UNG,StitchedVamana
783,ytb_audio,and,UNG,1.0,SIEVE,UNG,UNG,UNG,Post-filter
783,ytb_audio,equal,UNG,1.0,UNG,UNG,UNG,UNG,Post-filter
783,ytb_audio,or,StitchedVamana,0.9,Post-filter,UNG,UNG,UNG,Post-filter
784,LAION1M,and,UNG,1.0,UNG,UNG,UNG,UNG,UNG
784,LAION1M,equal,UNG,1.0,UNG,UNG,UNG,UNG,UNG
784,LAION1M,or,UNG,1.0,Post-filter,Post-filter,UNG,UNG,UNG
784,tripclick,and,UNG,1.0,UNG,UNG,UNG,UNG,UNG
784,tripclick,equal,UNG,1.0,UNG,UNG,UNG,UNG,UNG
784,tripclick,or,UNG,1.0,Post-filter,UNG,UNG,UNG,UNG
784,yfcc,and,Post-filter,1.0,SIEVE,UNG,UNG,UNG,StitchedVamana
784,yfcc,equal,UNG,1.0,UNG,UNG,UNG,UNG,StitchedVamana
784,yfcc,or,FilteredVamana,1.0,Post-filter,StitchedVamana,StitchedVamana,UNG,StitchedVamana
784,ytb_audio,and,UNG,1.0,SIEVE,UNG,UNG,UNG,Post-filter
784,ytb_audio,equal,UNG,1.0,UNG,UNG,UNG,UNG,Post-filter
784,ytb_audio,or,StitchedVamana,1.0,Post-filter,UNG,FilteredVamana,UNG,Post-filter
785,LAION1M,and,UNG,1.0,UNG,UNG,UNG,UNG,UNG
785,LAION1M,equal,UNG,1.0,UNG,UNG,UNG,UNG,UNG
785,LAION1M,or,UNG,1.0,Post-filter,Post-filter,UNG,UNG,UNG
785,tripclick,and,UNG,1.0,UNG,UNG,UNG,UNG,UNG
785,tripclick,equal,UNG,1.0,UNG,UNG,UNG,UNG,UNG
785,tripclick,or,UNG,1.0,Post-filter,UNG,UNG,UNG,UNG
785,yfcc,and,FilteredVamana,1.0,SIEVE,UNG,UNG,UNG,StitchedVamana
785,yfcc,equal,UNG,1.0,UNG,UNG,UNG,UNG,StitchedVamana
785,yfcc,or,FilteredVamana,1.0,Post-filter,StitchedVamana,StitchedVamana,UNG,StitchedVamana
785,ytb_audio,and,UNG,1.0,SIEVE,UNG,UNG,UNG,Post-filter
785,ytb_audio,equal,UNG,1.0,UNG,UNG,UNG,UNG,Post-filter
785,ytb_audio,or,StitchedVamana,1.0,Post-filter,UNG,FilteredVamana,UNG,Post-filter
786,LAION1M,and,UNG,1.0,UNG,UNG,UNG,UNG,UNG
786,LAION1M,equal,UNG,1.0,UNG,UNG,UNG,UNG,UNG
786,LAION1M,or,UNG,1.0,Post-filter,Post-filter,UNG,UNG,UNG
786,tripclick,and,UNG,1.0,UNG,UNG,UNG,UNG,UNG
786,tripclick,equal,UNG,1.0,UNG,UNG,UNG,UNG,UNG
786,tripclick,or,UNG,1.0,Post-filter,UNG,UNG,UNG,UNG
786,yfcc,and,UNG,1.0,SIEVE,UNG,UNG,UNG,StitchedVamana
786,yfcc,equal,UNG,1.0,UNG,UNG,UNG,UNG,StitchedVamana
786,yfcc,or,FilteredVamana,1.0,Post-filter,StitchedVamana,StitchedVamana,UNG,StitchedVamana
786,ytb_audio,and,UNG,1.0,SIEVE,UNG,UNG,UNG,Post-filter
786,ytb_audio,equal,UNG,1.0,UNG,UNG,UNG,UNG,Post-filter
786,ytb_audio,or,StitchedVamana,1.0,Post-filter,UNG,FilteredVamana,UNG,Post-filter
787,LAION1M,and,UNG,1.0,UNG,UNG,UNG,UNG,UNG
787,LAION1M,equal,UNG,1.0,UNG,UNG,UNG,UNG,UNG
787,LAION1M,or,UNG,1.0,Post-filter,Post-filter,UNG,UNG,UNG
787,tripclick,and,UNG,1.0,UNG,UNG,UNG,UNG,UNG
787,tripclick,equal,UNG,1.0,UNG,UNG,UNG,UNG,UNG
787,tripclick,or,Post-filter,1.0,Post-filter,UNG,UNG,UNG,UNG
787,yfcc,and,UNG,1.0,SIEVE,UNG,UNG,UNG,StitchedVamana
787,yfcc,equal,UNG,1.0,UNG,UNG,UNG,UNG,StitchedVamana
787,yfcc,or,FilteredVamana,1.0,Post-filter,StitchedVamana,StitchedVamana,UNG,StitchedVamana
787,ytb_audio,and,UNG,1.0,SIEVE,UNG,UNG,UNG,Post-filter
787,ytb_audio,equal,UNG,1.0,UNG,UNG,UNG,UNG,Post-filter
787,ytb_audio,or,StitchedVamana,1.0,Post-filter,UNG,FilteredVamana,UNG,Post-filter
788,LAION1M,and,UNG,1.0,UNG,UNG,UNG,UNG,UNG
788,LAION1M,equal,UNG,1.0,UNG,UNG,UNG,UNG,UNG
788,LAION1M,or,UNG,1.0,Post-filter,Post-filter,UNG,UNG,UNG
788,tripclick,and,UNG,1.0,UNG,UNG,UNG,UNG,UNG
788,tripclick,equal,UNG,1.0,UNG,UNG,UNG,UNG,UNG
788,tripclick,or,UNG,1.0,Post-filter,UNG,UNG,UNG,UNG
788,yfcc,and,UNG,1.0,SIEVE,UNG,UNG,UNG,StitchedVamana
788,yfcc,equal,UNG,1.0,UNG,UNG,UNG,UNG,StitchedVamana
788,yfcc,or,FilteredVamana,1.0,Post-filter,StitchedVamana,StitchedVamana,UNG,StitchedVamana
788,ytb_audio,and,SIEVE,0.9,SIEVE,UNG,UNG,UNG,Post-filter
788,ytb_audio,equal,UNG,1.0,UNG,UNG,UNG,UNG,Post-filter
788,ytb_audio,or,Post-filter,1.0,Post-filter,UNG,UNG,UNG,Post-filter
789,LAION1M,and,UNG,1.0,UNG,Post-filter,UNG,UNG,UNG
789,LAION1M,equal,UNG,1.0,UNG,UNG,UNG,UNG,UNG
789,LAION1M,or,UNG,1.0,Post-filter,UNG,UNG,UNG,StitchedVamana
789,tripclick,and,UNG,1.0,UNG,UNG,UNG,UNG,UNG
789,tripclick,equal,UNG,1.0,UNG,UNG,UNG,UNG,UNG
789,tripclick,or,UNG,1.0,Post-filter,UNG,UNG,UNG,UNG
789,yfcc,and,UNG,1.0,SIEVE,UNG,UNG,UNG,StitchedVamana
789,yfcc,equal,UNG,1.0,UNG,UNG,UNG,UNG,StitchedVamana
789,yfcc,or,FilteredVamana,1.0,Post-filter,StitchedVamana,StitchedVamana,UNG,StitchedVamana
789,ytb_audio,and,UNG,1.0,SIEVE,UNG,UNG,UNG,Post-filter
789,ytb_audio,equal,UNG,1.0,UNG,UNG,UNG,UNG,Post-filter
789,ytb_audio,or,StitchedVamana,1.0,Post-filter,UNG,UNG,UNG,Post-filter
790,LAION1M,and,UNG,1.0,UNG,UNG,UNG,UNG,UNG
790,LAION1M,equal,UNG,1.0,UNG,UNG,UNG,UNG,UNG
790,LAION1M,or,UNG,1.0,Post-filter,UNG,UNG,UNG,StitchedVamana
790,tripclick,and,UNG,1.0,UNG,UNG,UNG,UNG,UNG
790,tripclick,equal,UNG,1.0,UNG,UNG,UNG,UNG,UNG
790,tripclick,or,UNG,1.0,Post-filter,UNG,UNG,UNG,UNG
790,yfcc,and,UNG,1.0,SIEVE,UNG,UNG,UNG,StitchedVamana
790,yfcc,equal,UNG,1.0,UNG,UNG,UNG,UNG,StitchedVamana
790,yfcc,or,FilteredVamana,1.0,Post-filter,StitchedVamana,StitchedVamana,UNG,StitchedVamana
790,ytb_audio,and,SIEVE,1.0,SIEVE,UNG,UNG,UNG,Post-filter
790,ytb_audio,equal,UNG,0.9,UNG,UNG,UNG,UNG,Post-filter
790,ytb_audio,or,StitchedVamana,1.0,Post-filter,UNG,FilteredVamana,UNG,Post-filter
791,LAION1M,and,UNG,1.0,UNG,UNG,UNG,UNG,UNG
791,LAION1M,equal,UNG,1.0,UNG,UNG,UNG,UNG,UNG
791,LAION1M,or,UNG,1.0,Post-filter,UNG,UNG,UNG,StitchedVamana
791,tripclick,and,UNG,1.0,UNG,UNG,UNG,UNG,UNG
791,tripclick,equal,Post-filter,1.0,UNG,UNG,UNG,UNG,UNG
791,tripclick,or,UNG,1.0,Post-filter,UNG,UNG,UNG,UNG
791,yfcc,and,UNG,1.0,SIEVE,UNG,UNG,UNG,StitchedVamana
791,yfcc,equal,UNG,1.0,UNG,UNG,UNG,UNG,StitchedVamana
791,yfcc,or,FilteredVamana,1.0,Post-filter,UNG,StitchedVamana,UNG,StitchedVamana
791,ytb_audio,and,UNG,1.0,SIEVE,UNG,UNG,UNG,Post-filter
791,ytb_audio,equal,UNG,1.0,UNG,UNG,UNG,UNG,Post-filter
791,ytb_audio,or,StitchedVamana,1.0,Post-filter,UNG,FilteredVamana,UNG,Post-filter
792,LAION1M,and,UNG,1.0,UNG,UNG,UNG,UNG,UNG
792,LAION1M,equal,UNG,1.0,UNG,UNG,UNG,UNG,UNG
792,LAION1M,or,UNG,1.0,Post-filter,UNG,UNG,FilteredVamana,StitchedVamana
792,tripclick,and,UNG,1.0,UNG,UNG,UNG,UNG,UNG
792,tripclick,equal,UNG,1.0,UNG,UNG,UNG,UNG,UNG
792,tripclick,or,UNG,1.0,Post-filter,UNG,UNG,UNG,UNG
792,yfcc,and,UNG,1.0,SIEVE,UNG,UNG,UNG,StitchedVamana
792,yfcc,equal,UNG,1.0,UNG,UNG,UNG,UNG,StitchedVamana
792,yfcc,or,FilteredVamana,1.0,Post-filter,StitchedVamana,StitchedVamana,UNG,StitchedVamana
792,ytb_audio,and,SIEVE,1.0,SIEVE,UNG,UNG,UNG,Post-filter
792,ytb_audio,equal,UNG,1.0,UNG,UNG,UNG,UNG,Post-filter
792,ytb_audio,or,UNG,1.0,Post-filter,UNG,UNG,UNG,Post-filter
793,LAION1M,and,UNG,1.0,UNG,UNG,UNG,UNG,UNG
793,LAION1M,equal,UNG,1.0,UNG,UNG,UNG,UNG,UNG
793,LAION1M,or,UNG,1.0,Post-filter,UNG,UNG,UNG,UNG
793,tripclick,and,UNG,1.0,UNG,UNG,UNG,UNG,UNG
793,tripclick,equal,UNG,1.0,UNG,UNG,UNG,UNG,UNG
793,tripclick,or,UNG,1.0,Post-filter,UNG,UNG,UNG,UNG
793,yfcc,and,FilteredVamana,1.0,SIEVE,UNG,UNG,UNG,StitchedVamana
793,yfcc,equal,UNG,1.0,UNG,UNG,UNG,UNG,StitchedVamana
793,yfcc,or,FilteredVamana,1.0,Post-filter,StitchedVamana,StitchedVamana,UNG,StitchedVamana
793,ytb_audio,and,SIEVE,1.0,SIEVE,UNG,UNG,UNG,Post-filter
793,ytb_audio,equal,UNG,1.0,UNG,UNG,UNG,UNG,Post-filter
793,ytb_audio,or,StitchedVamana,1.0,Post-filter,UNG,FilteredVamana,UNG,Post-filter
794,LAION1M,and,UNG,1.0,UNG,UNG,UNG,UNG,UNG
794,LAION1M,equal,UNG,1.0,UNG,UNG,UNG,UNG,UNG
794,LAION1M,or,UNG,1.0,Post-filter,UNG,UNG,UNG,UNG
794,tripclick,and,UNG,1.0,UNG,UNG,UNG,UNG,UNG
794,tripclick,equal,UNG,1.0,UNG,UNG,UNG,UNG,UNG
794,tripclick,or,UNG,1.0,Post-filter,UNG,UNG,UNG,UNG
794,yfcc,and,UNG,1.0,SIEVE,UNG,UNG,UNG,StitchedVamana
794,yfcc,equal,UNG,1.0,UNG,UNG,UNG,UNG,StitchedVamana
794,yfcc,or,FilteredVamana,1.0,Post-filter,StitchedVamana,StitchedVamana,UNG,StitchedVamana
794,ytb_audio,and,UNG,1.0,SIEVE,UNG,UNG,UNG,Post-filter
794,ytb_audio,equal,UNG,1.0,UNG,UNG,UNG,UNG,Post-filter
794,ytb_audio,or,UNG,1.0,Post-filter,UNG,UNG,UNG,Post-filter
795,LAION1M,and,UNG,1.0,UNG,UNG,UNG,UNG,UNG
795,LAION1M,equal,UNG,1.0,UNG,UNG,UNG,UNG,UNG
795,LAION1M,or,UNG,1.0,Post-filter,UNG,UNG,UNG,UNG
795,tripclick,and,UNG,1.0,UNG,UNG,UNG,UNG,UNG
795,tripclick,equal,UNG,1.0,UNG,UNG,UNG,UNG,UNG
795,tripclick,or,UNG,1.0,Post-filter,UNG,UNG,UNG,UNG
795,yfcc,and,UNG,1.0,SIEVE,UNG,UNG,UNG,StitchedVamana
795,yfcc,equal,UNG,1.0,UNG,UNG,UNG,UNG,StitchedVamana
795,yfcc,or,FilteredVamana,1.0,Post-filter,StitchedVamana,StitchedVamana,UNG,StitchedVamana
795,ytb_audio,and,SIEVE,1.0,SIEVE,UNG,UNG,UNG,Post-filter
795,ytb_audio,equal,UNG,1.0,UNG,UNG,UNG,UNG,Post-filter
795,ytb_audio,or,StitchedVamana,1.0,Post-filter,UNG,FilteredVamana,UNG,Post-filter
796,LAION1M,and,UNG,1.0,UNG,UNG,UNG,UNG,UNG
796,LAION1M,equal,UNG,1.0,UNG,UNG,UNG,UNG,UNG
796,LAION1M,or,UNG,1.0,Post-filter,UNG,UNG,UNG,StitchedVamana
796,tripclick,and,UNG,1.0,UNG,UNG,UNG,UNG,UNG
796,tripclick,equal,UNG,1.0,UNG,UNG,UNG,UNG,UNG
796,tripclick,or,UNG,1.0,Post-filter,UNG,UNG,UNG,UNG
796,yfcc,and,UNG,1.0,SIEVE,UNG,UNG,UNG,StitchedVamana
796,yfcc,equal,UNG,1.0,UNG,UNG,UNG,UNG,StitchedVamana
796,yfcc,or,FilteredVamana,1.0,Post-filter,StitchedVamana,StitchedVamana,UNG,StitchedVamana
796,ytb_audio,and,SIEVE,0.5,SIEVE,UNG,UNG,UNG,Post-filter
796,ytb_audio,equal,UNG,1.0,UNG,UNG,UNG,UNG,Post-filter
796,ytb_audio,or,StitchedVamana,1.0,Post-filter,UNG,FilteredVamana,UNG,Post-filter
797,LAION1M,and,UNG,1.0,UNG,Post-filter,UNG,UNG,UNG
797,LAION1M,equal,UNG,1.0,UNG,UNG,UNG,UNG,UNG
797,LAION1M,or,UNG,1.0,Post-filter,Post-filter,UNG,UNG,UNG
797,tripclick,and,UNG,1.0,UNG,UNG,UNG,UNG,UNG
797,tripclick,equal,UNG,1.0,UNG,UNG,UNG,UNG,UNG
797,tripclick,or,UNG,1.0,Post-filter,UNG,UNG,UNG,UNG
797,yfcc,and,UNG,1.0,SIEVE,UNG,UNG,UNG,StitchedVamana
797,yfcc,equal,UNG,1.0,UNG,UNG,UNG,UNG,StitchedVamana
797,yfcc,or,FilteredVamana,1.0,Post-filter,FilteredVamana,StitchedVamana,UNG,StitchedVamana
797,ytb_audio,and,UNG,1.0,SIEVE,UNG,UNG,UNG,Post-filter
797,ytb_audio,equal,UNG,1.0,UNG,UNG,UNG,UNG,Post-filter
797,ytb_audio,or,UNG,1.0,Post-filter,UNG,UNG,UNG,Post-filter
798,LAION1M,and,UNG,1.0,UNG,UNG,UNG,UNG,UNG
798,LAION1M,equal,UNG,1.0,UNG,UNG,UNG,UNG,UNG
798,LAION1M,or,UNG,1.0,Post-filter,Post-filter,UNG,FilteredVamana,StitchedVamana
798,tripclick,and,UNG,1.0,UNG,UNG,UNG,UNG,UNG
798,tripclick,equal,UNG,1.0,UNG,UNG,UNG,UNG,UNG
798,tripclick,or,UNG,1.0,Post-filter,UNG,UNG,UNG,UNG
798,yfcc,and,UNG,1.0,SIEVE,UNG,UNG,UNG,StitchedVamana
798,yfcc,equal,UNG,1.0,UNG,UNG,UNG,UNG,StitchedVamana
798,yfcc,or,FilteredVamana,1.0,Post-filter,StitchedVamana,StitchedVamana,UNG,StitchedVamana
798,ytb_audio,and,UNG,1.0,SIEVE,UNG,UNG,UNG,Post-filter
798,ytb_audio,equal,UNG,1.0,UNG,UNG,UNG,UNG,Post-filter
798,ytb_audio,or,StitchedVamana,1.0,Post-filter,UNG,FilteredVamana,UNG,Post-filter
799,LAION1M,and,UNG,1.0,UNG,UNG,UNG,UNG,UNG
799,LAION1M,equal,UNG,1.0,UNG,UNG,UNG,UNG,UNG
799,LAION1M,or,UNG,1.0,Post-filter,UNG,UNG,UNG,UNG
799,tripclick,and,UNG,1.0,UNG,UNG,UNG,UNG,UNG
799,tripclick,equal,UNG,1.0,UNG,UNG,UNG,UNG,UNG
799,tripclick,or,UNG,1.0,Post-filter,UNG,UNG,UNG,UNG
799,yfcc,and,UNG,1.0,SIEVE,UNG,UNG,UNG,StitchedVamana
799,yfcc,equal,UNG,1.0,UNG,UNG,UNG,UNG,StitchedVamana
799,yfcc,or,FilteredVamana,1.0,Post-filter,StitchedVamana,StitchedVamana,UNG,StitchedVamana
799,ytb_audio,and,SIEVE,1.0,SIEVE,UNG,UNG,UNG,Post-filter
799,ytb_audio,equal,UNG,1.0,UNG,UNG,UNG,UNG,Post-filter
799,ytb_audio,or,StitchedVamana,1.0,Post-filter,UNG,UNG,UNG,Post-filter
800,LAION1M,and,UNG,1.0,UNG,UNG,UNG,UNG,UNG
800,LAION1M,equal,UNG,1.0,UNG,UNG,UNG,UNG,UNG
800,LAION1M,or,UNG,1.0,Post-filter,UNG,UNG,UNG,StitchedVamana
800,tripclick,and,UNG,1.0,UNG,UNG,UNG,UNG,UNG
800,tripclick,equal,UNG,1.0,UNG,UNG,UNG,UNG,UNG
800,tripclick,or,Post-filter,1.0,Post-filter,UNG,UNG,UNG,UNG
800,yfcc,and,UNG,1.0,SIEVE,UNG,UNG,UNG,StitchedVamana
800,yfcc,equal,UNG,1.0,UNG,UNG,UNG,UNG,StitchedVamana
800,yfcc,or,FilteredVamana,1.0,Post-filter,StitchedVamana,StitchedVamana,UNG,StitchedVamana
800,ytb_audio,and,UNG,1.0,SIEVE,UNG,UNG,UNG,Post-filter
800,ytb_audio,equal,UNG,1.0,UNG,UNG,UNG,UNG,Post-filter
800,ytb_audio,or,UNG,1.0,Post-filter,UNG,UNG,UNG,Post-filter
801,LAION1M,and,UNG,1.0,UNG,Post-filter,UNG,UNG,UNG
801,LAION1M,equal,UNG,1.0,UNG,UNG,UNG,UNG,UNG
801,LAION1M,or,UNG,1.0,Post-filter,UNG,UNG,UNG,StitchedVamana
801,tripclick,and,UNG,1.0,UNG,UNG,UNG,UNG,UNG
801,tripclick,equal,UNG,1.0,UNG,UNG,UNG,UNG,UNG
801,tripclick,or,UNG,1.0,Post-filter,UNG,UNG,UNG,UNG
801,yfcc,and,UNG,1.0,SIEVE,UNG,UNG,UNG,StitchedVamana
801,yfcc,equal,UNG,1.0,UNG,UNG,UNG,UNG,StitchedVamana
801,yfcc,or,FilteredVamana,1.0,Post-filter,FilteredVamana,StitchedVamana,UNG,StitchedVamana
801,ytb_audio,and,SIEVE,1.0,SIEVE,UNG,UNG,UNG,Post-filter
801,ytb_audio,equal,UNG,1.0,UNG,UNG,UNG,UNG,Post-filter
801,ytb_audio,or,UNG,1.0,Post-filter,UNG,UNG,UNG,Post-filter
802,LAION1M,and,UNG,1.0,UNG,UNG,UNG,UNG,UNG
802,LAION1M,equal,UNG,1.0,UNG,UNG,UNG,UNG,UNG
802,LAION1M,or,UNG,1.0,Post-filter,UNG,UNG,UNG,StitchedVamana
802,tripclick,and,UNG,1.0,UNG,UNG,UNG,UNG,UNG
802,tripclick,equal,UNG,1.0,UNG,UNG,UNG,UNG,UNG
802,tripclick,or,UNG,1.0,Post-filter,UNG,UNG,UNG,UNG
802,yfcc,and,UNG,1.0,SIEVE,UNG,UNG,UNG,StitchedVamana
802,yfcc,equal,UNG,1.0,UNG,UNG,UNG,UNG,StitchedVamana
802,yfcc,or,FilteredVamana,1.0,Post-filter,UNG,UNG,UNG,StitchedVamana
802,ytb_audio,and,UNG,1.0,SIEVE,UNG,UNG,UNG,Post-filter
802,ytb_audio,equal,UNG,1.0,UNG,UNG,UNG,UNG,Post-filter
802,ytb_audio,or,StitchedVamana,1.0,Post-filter,UNG,FilteredVamana,UNG,Post-filter
803,LAION1M,and,UNG,1.0,UNG,UNG,UNG,UNG,UNG
803,LAION1M,equal,UNG,1.0,UNG,UNG,UNG,UNG,UNG
803,LAION1M,or,UNG,1.0,Post-filter,Post-filter,UNG,UNG,UNG
803,tripclick,and,Post-filter,1.0,UNG,UNG,UNG,UNG,UNG
803,tripclick,equal,UNG,1.0,UNG,UNG,UNG,UNG,UNG
803,tripclick,or,UNG,1.0,Post-filter,UNG,UNG,UNG,UNG
803,yfcc,and,UNG,1.0,SIEVE,UNG,UNG,UNG,StitchedVamana
803,yfcc,equal,UNG,1.0,UNG,UNG,UNG,UNG,StitchedVamana
803,yfcc,or,FilteredVamana,1.0,Post-filter,FilteredVamana,StitchedVamana,UNG,StitchedVamana
803,ytb_audio,and,UNG,1.0,SIEVE,UNG,UNG,UNG,Post-filter
803,ytb_audio,equal,UNG,1.0,UNG,UNG,UNG,UNG,Post-filter
803,ytb_audio,or,StitchedVamana,1.0,Post-filter,UNG,FilteredVamana,UNG,Post-filter
804,LAION1M,and,UNG,1.0,UNG,UNG,UNG,UNG,UNG
804,LAION1M,equal,UNG,1.0,UNG,UNG,UNG,UNG,UNG
804,LAION1M,or,UNG,1.0,Post-filter,Post-filter,UNG,UNG,UNG
804,tripclick,and,UNG,1.0,UNG,UNG,UNG,UNG,UNG
804,tripclick,equal,UNG,1.0,UNG,UNG,UNG,UNG,UNG
804,tripclick,or,UNG,1.0,Post-filter,UNG,UNG,UNG,UNG
804,yfcc,and,FilteredVamana,1.0,SIEVE,UNG,UNG,UNG,StitchedVamana
804,yfcc,equal,UNG,1.0,UNG,UNG,UNG,UNG,StitchedVamana
804,yfcc,or,FilteredVamana,1.0,Post-filter,StitchedVamana,StitchedVamana,UNG,StitchedVamana
804,ytb_audio,and,UNG,1.0,SIEVE,UNG,UNG,UNG,Post-filter
804,ytb_audio,equal,UNG,1.0,UNG,UNG,UNG,UNG,Post-filter
804,ytb_audio,or,StitchedVamana,1.0,Post-filter,UNG,FilteredVamana,UNG,Post-filter
805,LAION1M,and,UNG,1.0,UNG,Post-filter,UNG,UNG,UNG
805,LAION1M,equal,UNG,1.0,UNG,UNG,UNG,UNG,UNG
805,LAION1M,or,UNG,1.0,Post-filter,Post-filter,UNG,UNG,UNG
805,tripclick,and,UNG,1.0,UNG,UNG,UNG,UNG,UNG
805,tripclick,equal,UNG,1.0,UNG,UNG,UNG,UNG,UNG
805,tripclick,or,UNG,1.0,Post-filter,UNG,UNG,UNG,UNG
805,yfcc,and,UNG,1.0,SIEVE,UNG,UNG,UNG,StitchedVamana
805,yfcc,equal,UNG,1.0,UNG,UNG,UNG,UNG,StitchedVamana
805,yfcc,or,Post-filter,1.0,Post-filter,FilteredVamana,Post-filter,UNG,StitchedVamana
805,ytb_audio,and,SIEVE,1.0,SIEVE,UNG,UNG,UNG,Post-filter
805,ytb_audio,equal,UNG,1.0,UNG,UNG,UNG,UNG,Post-filter
805,ytb_audio,or,StitchedVamana,1.0,Post-filter,UNG,UNG,UNG,Post-filter
806,LAION1M,and,UNG,1.0,UNG,Post-filter,UNG,UNG,UNG
806,LAION1M,equal,UNG,1.0,UNG,UNG,UNG,UNG,UNG
806,LAION1M,or,UNG,1.0,Post-filter,Post-filter,UNG,UNG,UNG
806,tripclick,and,UNG,1.0,UNG,UNG,UNG,UNG,UNG
806,tripclick,equal,UNG,1.0,UNG,UNG,UNG,UNG,UNG
806,tripclick,or,UNG,1.0,Post-filter,UNG,UNG,UNG,UNG
806,yfcc,and,UNG,1.0,SIEVE,UNG,UNG,UNG,StitchedVamana
806,yfcc,equal,UNG,1.0,UNG,UNG,UNG,UNG,StitchedVamana
806,yfcc,or,FilteredVamana,1.0,Post-filter,StitchedVamana,StitchedVamana,UNG,StitchedVamana
806,ytb_audio,and,UNG,1.0,SIEVE,UNG,UNG,UNG,Post-filter
806,ytb_audio,equal,UNG,1.0,UNG,UNG,UNG,UNG,Post-filter
806,ytb_audio,or,StitchedVamana,1.0,Post-filter,UNG,UNG,UNG,Post-filter
807,LAION1M,and,UNG,1.0,UNG,UNG,UNG,UNG,UNG
807,LAION1M,equal,UNG,1.0,UNG,UNG,UNG,UNG,UNG
807,LAION1M,or,UNG,1.0,Post-filter,UNG,UNG,UNG,StitchedVamana
807,tripclick,and,UNG,1.0,UNG,UNG,UNG,UNG,UNG
807,tripclick,equal,UNG,1.0,UNG,UNG,UNG,UNG,UNG
807,tripclick,or,UNG,1.0,Post-filter,UNG,UNG,UNG,UNG
807,yfcc,and,FilteredVamana,1.0,SIEVE,UNG,UNG,UNG,StitchedVamana
807,yfcc,equal,UNG,1.0,UNG,UNG,UNG,UNG,StitchedVamana
807,yfcc,or,FilteredVamana,1.0,Post-filter,StitchedVamana,StitchedVamana,UNG,StitchedVamana
807,ytb_audio,and,SIEVE,1.0,SIEVE,UNG,UNG,UNG,Post-filter
807,ytb_audio,equal,UNG,1.0,UNG,UNG,UNG,UNG,Post-filter
807,ytb_audio,or,StitchedVamana,1.0,Post-filter,UNG,FilteredVamana,UNG,Post-filter
808,LAION1M,and,UNG,1.0,UNG,UNG,UNG,UNG,UNG
808,LAION1M,equal,UNG,1.0,UNG,UNG,UNG,UNG,UNG
808,LAION1M,or,UNG,1.0,Post-filter,Post-filter,UNG,UNG,UNG
808,tripclick,and,UNG,1.0,UNG,UNG,UNG,UNG,UNG
808,tripclick,equal,UNG,1.0,UNG,UNG,UNG,UNG,UNG
808,tripclick,or,UNG,1.0,Post-filter,UNG,UNG,UNG,UNG
808,yfcc,and,UNG,1.0,SIEVE,UNG,UNG,UNG,StitchedVamana
808,yfcc,equal,UNG,1.0,UNG,UNG,UNG,UNG,StitchedVamana
808,yfcc,or,FilteredVamana,1.0,Post-filter,StitchedVamana,StitchedVamana,UNG,StitchedVamana
808,ytb_audio,and,SIEVE,1.0,SIEVE,UNG,UNG,UNG,Post-filter
808,ytb_audio,equal,UNG,1.0,UNG,UNG,UNG,UNG,Post-filter
808,ytb_audio,or,UNG,1.0,Post-filter,UNG,UNG,UNG,Post-filter
809,LAION1M,and,UNG,1.0,UNG,Post-filter,UNG,UNG,UNG
809,LAION1M,equal,UNG,1.0,UNG,UNG,UNG,UNG,UNG
809,LAION1M,or,UNG,1.0,Post-filter,Post-filter,UNG,UNG,UNG
809,tripclick,and,UNG,1.0,UNG,UNG,UNG,UNG,UNG
809,tripclick,equal,UNG,1.0,UNG,UNG,UNG,UNG,UNG
809,tripclick,or,UNG,1.0,Post-filter,UNG,UNG,UNG,UNG
809,yfcc,and,UNG,1.0,SIEVE,UNG,UNG,UNG,StitchedVamana
809,yfcc,equal,UNG,1.0,UNG,UNG,UNG,UNG,StitchedVamana
809,yfcc,or,FilteredVamana,0.9,Post-filter,StitchedVamana,StitchedVamana,UNG,StitchedVamana
809,ytb_audio,and,UNG,1.0,SIEVE,UNG,UNG,UNG,Post-filter
809,ytb_audio,equal,UNG,1.0,UNG,UNG,UNG,UNG,Post-filter
809,ytb_audio,or,Post-filter,1.0,Post-filter,UNG,UNG,UNG,Post-filter
810,LAION1M,and,UNG,1.0,UNG,UNG,UNG,UNG,UNG
810,LAION1M,equal,UNG,1.0,UNG,UNG,UNG,UNG,UNG
810,LAION1M,or,UNG,1.0,Post-filter,Post-filter,UNG,UNG,UNG
810,tripclick,and,UNG,1.0,UNG,UNG,UNG,UNG,UNG
810,tripclick,equal,UNG,1.0,UNG,UNG,UNG,UNG,UNG
810,tripclick,or,UNG,1.0,Post-filter,UNG,UNG,UNG,UNG
810,yfcc,and,FilteredVamana,1.0,SIEVE,UNG,UNG,UNG,StitchedVamana
810,yfcc,equal,UNG,1.0,UNG,UNG,UNG,UNG,StitchedVamana
810,yfcc,or,FilteredVamana,1.0,Post-filter,StitchedVamana,StitchedVamana,UNG,StitchedVamana
810,ytb_audio,and,UNG,1.0,SIEVE,UNG,UNG,UNG,Post-filter
810,ytb_audio,equal,UNG,1.0,UNG,UNG,UNG,UNG,Post-filter
810,ytb_audio,or,StitchedVamana,1.0,Post-filter,UNG,FilteredVamana,UNG,Post-filter
811,LAION1M,and,UNG,1.0,UNG,Post-filter,UNG,UNG,UNG
811,LAION1M,equal,UNG,1.0,UNG,UNG,UNG,UNG,UNG
811,LAION1M,or,UNG,1.0,Post-filter,UNG,UNG,UNG,UNG
811,tripclick,and,UNG,1.0,UNG,UNG,UNG,UNG,UNG
811,tripclick,equal,UNG,1.0,UNG,UNG,UNG,UNG,UNG
811,tripclick,or,UNG,1.0,Post-filter,UNG,UNG,UNG,UNG
811,yfcc,and,UNG,1.0,SIEVE,UNG,UNG,UNG,StitchedVamana
811,yfcc,equal,UNG,1.0,UNG,UNG,UNG,UNG,StitchedVamana
811,yfcc,or,FilteredVamana,1.0,Post-filter,StitchedVamana,StitchedVamana,UNG,StitchedVamana
811,ytb_audio,and,UNG,1.0,SIEVE,UNG,UNG,UNG,Post-filter
811,ytb_audio,equal,UNG,1.0,UNG,UNG,UNG,UNG,Post-filter
811,ytb_audio,or,Post-filter,1.0,Post-filter,UNG,UNG,UNG,Post-filter
812,LAION1M,and,UNG,1.0,UNG,UNG,UNG,UNG,UNG
812,LAION1M,equal,UNG,1.0,UNG,UNG,UNG,UNG,UNG
812,LAION1M,or,Post-filter,1.0,Post-filter,UNG,UNG,UNG,UNG
812,tripclick,and,UNG,1.0,UNG,UNG,UNG,UNG,UNG
812,tripclick,equal,UNG,1.0,UNG,UNG,UNG,UNG,UNG
812,tripclick,or,UNG,1.0,Post-filter,UNG,UNG,UNG,UNG
812,yfcc,and,FilteredVamana,1.0,SIEVE,UNG,UNG,UNG,StitchedVamana
812,yfcc,equal,UNG,1.0,UNG,UNG,UNG,UNG,StitchedVamana
812,yfcc,or,FilteredVamana,1.0,Post-filter,StitchedVamana,StitchedVamana,UNG,StitchedVamana
812,ytb_audio,and,SIEVE,1.0,SIEVE,UNG,UNG,UNG,Post-filter
812,ytb_audio,equal,UNG,1.0,UNG,UNG,UNG,UNG,Post-filter
812,ytb_audio,or,StitchedVamana,1.0,Post-filter,UNG,FilteredVamana,UNG,Post-filter
813,LAION1M,and,UNG,1.0,UNG,UNG,UNG,UNG,UNG
813,LAION1M,equal,UNG,1.0,UNG,UNG,UNG,UNG,UNG
813,LAION1M,or,UNG,1.0,Post-filter,UNG,UNG,UNG,StitchedVamana
813,tripclick,and,UNG,1.0,UNG,UNG,UNG,UNG,UNG
813,tripclick,equal,UNG,1.0,UNG,UNG,UNG,UNG,UNG
813,tripclick,or,UNG,1.0,Post-filter,UNG,UNG,UNG,UNG
813,yfcc,and,UNG,1.0,SIEVE,UNG,UNG,UNG,StitchedVamana
813,yfcc,equal,UNG,1.0,UNG,UNG,UNG,UNG,StitchedVamana
813,yfcc,or,FilteredVamana,1.0,Post-filter,StitchedVamana,StitchedVamana,UNG,StitchedVamana
813,ytb_audio,and,UNG,1.0,SIEVE,UNG,UNG,UNG,Post-filter
813,ytb_audio,equal,UNG,1.0,UNG,UNG,UNG,UNG,Post-filter
813,ytb_audio,or,StitchedVamana,1.0,Post-filter,UNG,UNG,UNG,Post-filter
814,LAION1M,and,UNG,1.0,UNG,UNG,UNG,UNG,UNG
814,LAION1M,equal,UNG,1.0,UNG,UNG,UNG,UNG,UNG
814,LAION1M,or,UNG,1.0,Post-filter,Post-filter,UNG,FilteredVamana,StitchedVamana
814,tripclick,and,UNG,1.0,UNG,UNG,UNG,UNG,UNG
814,tripclick,equal,UNG,1.0,UNG,UNG,UNG,UNG,UNG
814,tripclick,or,UNG,1.0,Post-filter,UNG,UNG,UNG,UNG
814,yfcc,and,UNG,1.0,SIEVE,UNG,UNG,UNG,StitchedVamana
814,yfcc,equal,UNG,1.0,UNG,UNG,UNG,UNG,StitchedVamana
814,yfcc,or,FilteredVamana,1.0,Post-filter,StitchedVamana,StitchedVamana,UNG,StitchedVamana
814,ytb_audio,and,UNG,1.0,SIEVE,UNG,UNG,UNG,Post-filter
814,ytb_audio,equal,UNG,1.0,UNG,UNG,UNG,UNG,Post-filter
814,ytb_audio,or,UNG,1.0,Post-filter,UNG,UNG,UNG,Post-filter
815,LAION1M,and,UNG,1.0,UNG,UNG,UNG,UNG,UNG
815,LAION1M,equal,UNG,1.0,UNG,UNG,UNG,UNG,UNG
815,LAION1M,or,UNG,1.0,Post-filter,Post-filter,UNG,UNG,UNG
815,tripclick,and,UNG,1.0,UNG,UNG,UNG,UNG,UNG
815,tripclick,equal,UNG,1.0,UNG,UNG,UNG,UNG,UNG
815,tripclick,or,UNG,1.0,Post-filter,UNG,UNG,UNG,UNG
815,yfcc,and,UNG,1.0,SIEVE,UNG,UNG,UNG,StitchedVamana
815,yfcc,equal,UNG,1.0,UNG,UNG,UNG,UNG,StitchedVamana
815,yfcc,or,FilteredVamana,1.0,Post-filter,StitchedVamana,StitchedVamana,UNG,StitchedVamana
815,ytb_audio,and,UNG,1.0,SIEVE,UNG,UNG,UNG,Post-filter
815,ytb_audio,equal,UNG,1.0,UNG,UNG,UNG,UNG,Post-filter
815,ytb_audio,or,StitchedVamana,1.0,Post-filter,UNG,FilteredVamana,UNG,Post-filter
816,LAION1M,and,UNG,1.0,UNG,Post-filter,UNG,UNG,UNG
816,LAION1M,equal,UNG,1.0,UNG,UNG,UNG,UNG,UNG
816,LAION1M,or,UNG,1.0,Post-filter,StitchedVamana,UNG,UNG,UNG
816,tripclick,and,Post-filter,1.0,UNG,UNG,UNG,UNG,UNG
816,tripclick,equal,UNG,1.0,UNG,UNG,UNG,UNG,UNG
816,tripclick,or,UNG,1.0,Post-filter,UNG,UNG,UNG,UNG
816,yfcc,and,UNG,1.0,SIEVE,UNG,UNG,UNG,StitchedVamana
816,yfcc,equal,UNG,1.0,UNG,UNG,UNG,UNG,StitchedVamana
816,yfcc,or,FilteredVamana,1.0,Post-filter,StitchedVamana,StitchedVamana,UNG,StitchedVamana
816,ytb_audio,and,UNG,1.0,SIEVE,UNG,UNG,UNG,Post-filter
816,ytb_audio,equal,UNG,1.0,UNG,UNG,UNG,UNG,Post-filter
816,ytb_audio,or,Post-filter,1.0,Post-filter,UNG,UNG,UNG,Post-filter
817,LAION1M,and,UNG,1.0,UNG,UNG,UNG,UNG,UNG
817,LAION1M,equal,UNG,1.0,UNG,UNG,UNG,UNG,UNG
817,LAION1M,or,UNG,1.0,Post-filter,UNG,UNG,UNG,StitchedVamana
817,tripclick,and,UNG,1.0,UNG,UNG,UNG,UNG,UNG
817,tripclick,equal,UNG,1.0,UNG,UNG,UNG,UNG,UNG
817,tripclick,or,UNG,1.0,Post-filter,UNG,UNG,UNG,UNG
817,yfcc,and,FilteredVamana,1.0,SIEVE,UNG,UNG,UNG,StitchedVamana
817,yfcc,equal,UNG,1.0,UNG,UNG,UNG,UNG,StitchedVamana
817,yfcc,or,FilteredVamana,1.0,Post-filter,StitchedVamana,StitchedVamana,UNG,StitchedVamana
817,ytb_audio,and,SIEVE,1.0,SIEVE,UNG,UNG,UNG,Post-filter
817,ytb_audio,equal,UNG,1.0,UNG,UNG,UNG,UNG,Post-filter
817,ytb_audio,or,StitchedVamana,1.0,Post-filter,UNG,FilteredVamana,UNG,Post-filter
818,LAION1M,and,UNG,1.0,UNG,Post-filter,UNG,UNG,UNG
818,LAION1M,equal,UNG,1.0,UNG,UNG,UNG,UNG,UNG
818,LAION1M,or,UNG,1.0,Post-filter,Post-filter,UNG,UNG,UNG
818,tripclick,and,Post-filter,1.0,UNG,UNG,UNG,UNG,UNG
818,tripclick,equal,UNG,1.0,UNG,UNG,UNG,UNG,UNG
818,tripclick,or,UNG,1.0,Post-filter,UNG,UNG,UNG,UNG
818,yfcc,and,UNG,1.0,SIEVE,UNG,UNG,UNG,StitchedVamana
818,yfcc,equal,UNG,1.0,UNG,UNG,UNG,UNG,StitchedVamana
818,yfcc,or,FilteredVamana,1.0,Post-filter,StitchedVamana,StitchedVamana,UNG,StitchedVamana
818,ytb_audio,and,UNG,1.0,SIEVE,UNG,UNG,UNG,Post-filter
818,ytb_audio,equal,UNG,1.0,UNG,UNG,UNG,UNG,Post-filter
818,ytb_audio,or,StitchedVamana,1.0,Post-filter,UNG,FilteredVamana,UNG,Post-filter
819,LAION1M,and,UNG,1.0,UNG,Post-filter,UNG,UNG,UNG
819,LAION1M,equal,UNG,1.0,UNG,UNG,UNG,UNG,UNG
819,LAION1M,or,UNG,1.0,Post-filter,Post-filter,UNG,UNG,UNG
819,tripclick,and,UNG,1.0,UNG,UNG,UNG,UNG,UNG
819,tripclick,equal,UNG,1.0,UNG,UNG,UNG,UNG,UNG
819,tripclick,or,UNG,1.0,Post-filter,UNG,UNG,UNG,UNG
819,yfcc,and,UNG,1.0,SIEVE,UNG,UNG,UNG,StitchedVamana
819,yfcc,equal,UNG,1.0,UNG,UNG,UNG,UNG,StitchedVamana
819,yfcc,or,FilteredVamana,1.0,Post-filter,StitchedVamana,StitchedVamana,UNG,StitchedVamana
819,ytb_audio,and,SIEVE,0.9,SIEVE,UNG,UNG,UNG,Post-filter
819,ytb_audio,equal,UNG,1.0,UNG,UNG,UNG,UNG,Post-filter
819,ytb_audio,or,StitchedVamana,1.0,Post-filter,UNG,FilteredVamana,UNG,Post-filter
820,LAION1M,and,UNG,1.0,UNG,Post-filter,UNG,UNG,UNG
820,LAION1M,equal,UNG,1.0,UNG,UNG,UNG,UNG,UNG
820,LAION1M,or,UNG,1.0,Post-filter,UNG,UNG,UNG,StitchedVamana
820,tripclick,and,UNG,1.0,UNG,UNG,UNG,UNG,UNG
820,tripclick,equal,UNG,1.0,UNG,UNG,UNG,UNG,UNG
820,tripclick,or,UNG,1.0,Post-filter,UNG,UNG,UNG,UNG
820,yfcc,and,UNG,1.0,SIEVE,UNG,UNG,UNG,StitchedVamana
820,yfcc,equal,UNG,1.0,UNG,UNG,UNG,UNG,StitchedVamana
820,yfcc,or,FilteredVamana,1.0,Post-filter,StitchedVamana,StitchedVamana,UNG,StitchedVamana
820,ytb_audio,and,SIEVE,1.0,SIEVE,UNG,UNG,UNG,Post-filter
820,ytb_audio,equal,UNG,1.0,UNG,UNG,UNG,UNG,Post-filter
820,ytb_audio,or,StitchedVamana,1.0,Post-filter,UNG,UNG,UNG,Post-filter
821,LAION1M,and,UNG,1.0,UNG,UNG,UNG,UNG,UNG
821,LAION1M,equal,UNG,1.0,UNG,UNG,UNG,UNG,UNG
821,LAION1M,or,UNG,1.0,Post-filter,UNG,UNG,UNG,StitchedVamana
821,tripclick,and,UNG,1.0,UNG,UNG,UNG,UNG,UNG
821,tripclick,equal,UNG,1.0,UNG,UNG,UNG,UNG,UNG
821,tripclick,or,UNG,1.0,Post-filter,UNG,UNG,UNG,UNG
821,yfcc,and,StitchedVamana,1.0,SIEVE,UNG,UNG,UNG,StitchedVamana
821,yfcc,equal,UNG,1.0,UNG,UNG,UNG,UNG,StitchedVamana
821,yfcc,or,FilteredVamana,1.0,Post-filter,StitchedVamana,StitchedVamana,UNG,StitchedVamana
821,ytb_audio,and,SIEVE,1.0,SIEVE,UNG,UNG,UNG,Post-filter
821,ytb_audio,equal,UNG,1.0,UNG,UNG,UNG,UNG,Post-filter
821,ytb_audio,or,StitchedVamana,1.0,Post-filter,UNG,FilteredVamana,UNG,Post-filter
822,LAION1M,and,UNG,1.0,UNG,Post-filter,UNG,UNG,UNG
822,LAION1M,equal,UNG,1.0,UNG,UNG,UNG,UNG,UNG
822,LAION1M,or,Post-filter,1.0,Post-filter,Post-filter,UNG,FilteredVamana,StitchedVamana
822,tripclick,and,UNG,1.0,UNG,UNG,UNG,UNG,UNG
822,tripclick,equal,UNG,1.0,UNG,UNG,UNG,UNG,UNG
822,tripclick,or,UNG,1.0,Post-filter,UNG,UNG,UNG,UNG
822,yfcc,and,UNG,1.0,SIEVE,UNG,UNG,UNG,StitchedVamana
822,yfcc,equal,UNG,1.0,UNG,UNG,UNG,UNG,StitchedVamana
822,yfcc,or,FilteredVamana,1.0,Post-filter,StitchedVamana,StitchedVamana,UNG,StitchedVamana
822,ytb_audio,and,UNG,1.0,SIEVE,UNG,UNG,UNG,Post-filter
822,ytb_audio,equal,UNG,1.0,UNG,UNG,UNG,UNG,Post-filter
822,ytb_audio,or,StitchedVamana,1.0,Post-filter,Post-filter,FilteredVamana,UNG,Post-filter
823,LAION1M,and,UNG,1.0,UNG,Post-filter,UNG,UNG,UNG
823,LAION1M,equal,UNG,1.0,UNG,UNG,UNG,UNG,UNG
823,LAION1M,or,UNG,1.0,Post-filter,UNG,UNG,UNG,UNG
823,tripclick,and,UNG,1.0,UNG,UNG,UNG,UNG,UNG
823,tripclick,equal,UNG,1.0,UNG,UNG,UNG,UNG,UNG
823,tripclick,or,UNG,1.0,Post-filter,UNG,UNG,UNG,UNG
823,yfcc,and,UNG,1.0,SIEVE,UNG,UNG,UNG,StitchedVamana
823,yfcc,equal,UNG,1.0,UNG,UNG,UNG,UNG,StitchedVamana
823,yfcc,or,FilteredVamana,1.0,Post-filter,FilteredVamana,StitchedVamana,UNG,StitchedVamana
823,ytb_audio,and,SIEVE,1.0,SIEVE,UNG,UNG,UNG,Post-filter
823,ytb_audio,equal,UNG,1.0,UNG,UNG,UNG,UNG,Post-filter
823,ytb_audio,or,StitchedVamana,1.0,Post-filter,UNG,FilteredVamana,UNG,Post-filter
824,LAION1M,and,UNG,1.0,UNG,Post-filter,UNG,UNG,UNG
824,LAION1M,equal,UNG,1.0,UNG,UNG,UNG,UNG,UNG
824,LAION1M,or,UNG,1.0,Post-filter,Post-filter,UNG,UNG,UNG
824,tripclick,and,UNG,1.0,UNG,UNG,UNG,UNG,UNG
824,tripclick,equal,UNG,1.0,UNG,UNG,UNG,UNG,UNG
824,tripclick,or,UNG,1.0,Post-filter,UNG,UNG,UNG,UNG
824,yfcc,and,UNG,1.0,SIEVE,UNG,UNG,UNG,StitchedVamana
824,yfcc,equal,UNG,1.0,UNG,UNG,UNG,UNG,StitchedVamana
824,yfcc,or,FilteredVamana,1.0,Post-filter,StitchedVamana,StitchedVamana,UNG,StitchedVamana
824,ytb_audio,and,SIEVE,1.0,SIEVE,UNG,UNG,UNG,Post-filter
824,ytb_audio,equal,UNG,1.0,UNG,UNG,UNG,UNG,Post-filter
824,ytb_audio,or,StitchedVamana,1.0,Post-filter,UNG,FilteredVamana,UNG,Post-filter
825,LAION1M,and,UNG,1.0,UNG,UNG,UNG,UNG,UNG
825,LAION1M,equal,UNG,1.0,UNG,UNG,UNG,UNG,UNG
825,LAION1M,or,UNG,1.0,Post-filter,UNG,UNG,UNG,UNG
825,tripclick,and,UNG,1.0,UNG,UNG,UNG,UNG,UNG
825,tripclick,equal,UNG,1.0,UNG,UNG,UNG,UNG,UNG
825,tripclick,or,UNG,1.0,Post-filter,UNG,UNG,UNG,UNG
825,yfcc,and,FilteredVamana,1.0,SIEVE,UNG,UNG,UNG,StitchedVamana
825,yfcc,equal,UNG,1.0,UNG,UNG,UNG,UNG,StitchedVamana
825,yfcc,or,FilteredVamana,1.0,Post-filter,StitchedVamana,StitchedVamana,UNG,StitchedVamana
825,ytb_audio,and,UNG,1.0,SIEVE,UNG,UNG,UNG,Post-filter
825,ytb_audio,equal,UNG,1.0,UNG,UNG,UNG,UNG,Post-filter
825,ytb_audio,or,StitchedVamana,1.0,Post-filter,UNG,UNG,UNG,Post-filter
826,LAION1M,and,UNG,1.0,UNG,UNG,UNG,UNG,UNG
826,LAION1M,equal,UNG,1.0,UNG,UNG,UNG,UNG,UNG
826,LAION1M,or,UNG,1.0,Post-filter,UNG,UNG,UNG,StitchedVamana
826,tripclick,and,UNG,1.0,UNG,UNG,UNG,UNG,UNG
826,tripclick,equal,UNG,1.0,UNG,UNG,UNG,UNG,UNG
826,tripclick,or,UNG,1.0,Post-filter,UNG,UNG,UNG,UNG
826,yfcc,and,UNG,1.0,SIEVE,UNG,UNG,UNG,StitchedVamana
826,yfcc,equal,UNG,1.0,UNG,UNG,UNG,UNG,StitchedVamana
826,yfcc,or,FilteredVamana,1.0,Post-filter,StitchedVamana,StitchedVamana,UNG,StitchedVamana
826,ytb_audio,and,UNG,1.0,SIEVE,UNG,UNG,UNG,Post-filter
826,ytb_audio,equal,UNG,1.0,UNG,UNG,UNG,UNG,Post-filter
826,ytb_audio,or,StitchedVamana,1.0,Post-filter,UNG,UNG,UNG,Post-filter
827,LAION1M,and,UNG,1.0,UNG,Post-filter,UNG,UNG,UNG
827,LAION1M,equal,UNG,1.0,UNG,UNG,UNG,UNG,UNG
827,LAION1M,or,UNG,1.0,Post-filter,UNG,UNG,UNG,UNG
827,tripclick,and,UNG,1.0,UNG,UNG,UNG,UNG,UNG
827,tripclick,equal,UNG,1.0,UNG,UNG,UNG,UNG,UNG
827,tripclick,or,Post-filter,1.0,Post-filter,UNG,UNG,UNG,UNG
827,yfcc,and,UNG,1.0,SIEVE,UNG,UNG,UNG,StitchedVamana
827,yfcc,equal,UNG,1.0,UNG,UNG,UNG,UNG,StitchedVamana
827,yfcc,or,FilteredVamana,1.0,Post-filter,UNG,UNG,UNG,StitchedVamana
827,ytb_audio,and,UNG,1.0,SIEVE,UNG,UNG,UNG,Post-filter
827,ytb_audio,equal,UNG,1.0,UNG,UNG,UNG,UNG,Post-filter
827,ytb_audio,or,UNG,1.0,Post-filter,UNG,UNG,UNG,Post-filter
828,LAION1M,and,UNG,1.0,UNG,UNG,UNG,UNG,UNG
828,LAION1M,equal,UNG,1.0,UNG,UNG,UNG,UNG,UNG
828,LAION1M,or,UNG,1.0,Post-filter,Post-filter,UNG,UNG,UNG
828,tripclick,and,UNG,1.0,UNG,UNG,UNG,UNG,UNG
828,tripclick,equal,UNG,1.0,UNG,UNG,UNG,UNG,UNG
828,tripclick,or,UNG,1.0,Post-filter,UNG,UNG,UNG,UNG
828,yfcc,and,UNG,1.0,SIEVE,UNG,UNG,UNG,StitchedVamana
828,yfcc,equal,UNG,1.0,UNG,UNG,UNG,UNG,StitchedVamana
828,yfcc,or,FilteredVamana,1.0,Post-filter,StitchedVamana,UNG,UNG,StitchedVamana
828,ytb_audio,and,UNG,1.0,SIEVE,UNG,UNG,UNG,Post-filter
828,ytb_audio,equal,UNG,1.0,UNG,UNG,UNG,UNG,Post-filter
828,ytb_audio,or,StitchedVamana,1.0,Post-filter,UNG,FilteredVamana,UNG,Post-filter
829,LAION1M,and,UNG,1.0,UNG,UNG,UNG,UNG,UNG
829,LAION1M,equal,UNG,1.0,UNG,UNG,UNG,UNG,UNG
829,LAION1M,or,UNG,1.0,Post-filter,UNG,UNG,UNG,StitchedVamana
829,tripclick,and,Post-filter,1.0,UNG,UNG,UNG,UNG,UNG
829,tripclick,equal,UNG,1.0,UNG,UNG,UNG,UNG,UNG
829,tripclick,or,UNG,1.0,Post-filter,UNG,UNG,UNG,UNG
829,yfcc,and,Post-filter,1.0,SIEVE,UNG,UNG,UNG,StitchedVamana
829,yfcc,equal,UNG,1.0,UNG,UNG,UNG,UNG,StitchedVamana
829,yfcc,or,FilteredVamana,1.0,Post-filter,StitchedVamana,StitchedVamana,UNG,StitchedVamana
829,ytb_audio,and,UNG,1.0,SIEVE,UNG,UNG,UNG,Post-filter
829,ytb_audio,equal,UNG,1.0,UNG,UNG,UNG,UNG,Post-filter
829,ytb_audio,or,UNG,1.0,Post-filter,UNG,UNG,UNG,Post-filter
830,LAION1M,and,UNG,1.0,UNG,UNG,UNG,UNG,StitchedVamana
830,LAION1M,equal,UNG,1.0,UNG,UNG,UNG,UNG,UNG
830,LAION1M,or,UNG,1.0,Post-filter,Post-filter,UNG,UNG,UNG
830,tripclick,and,Post-filter,1.0,UNG,UNG,UNG,UNG,UNG
830,tripclick,equal,UNG,1.0,UNG,UNG,UNG,UNG,UNG
830,tripclick,or,UNG,1.0,Post-filter,UNG,UNG,UNG,UNG
830,yfcc,and,UNG,1.0,SIEVE,UNG,UNG,UNG,StitchedVamana
830,yfcc,equal,UNG,1.0,UNG,UNG,UNG,UNG,StitchedVamana
830,yfcc,or,FilteredVamana,1.0,Post-filter,StitchedVamana,StitchedVamana,UNG,StitchedVamana
830,ytb_audio,and,UNG,1.0,SIEVE,UNG,UNG,UNG,Post-filter
830,ytb_audio,equal,UNG,1.0,UNG,UNG,UNG,UNG,Post-filter
830,ytb_audio,or,UNG,1.0,Post-filter,UNG,UNG,UNG,Post-filter
831,LAION1M,and,UNG,1.0,UNG,UNG,UNG,UNG,UNG
831,LAION1M,equal,UNG,1.0,UNG,UNG,UNG,UNG,UNG
831,LAION1M,or,UNG,1.0,Post-filter,StitchedVamana,UNG,UNG,UNG
831,tripclick,and,Post-filter,1.0,UNG,UNG,UNG,UNG,UNG
831,tripclick,equal,UNG,1.0,UNG,UNG,UNG,UNG,UNG
831,tripclick,or,UNG,1.0,Post-filter,UNG,UNG,UNG,UNG
831,yfcc,and,FilteredVamana,1.0,SIEVE,UNG,UNG,UNG,StitchedVamana
831,yfcc,equal,UNG,1.0,UNG,UNG,UNG,UNG,StitchedVamana
831,yfcc,or,FilteredVamana,1.0,Post-filter,StitchedVamana,StitchedVamana,UNG,StitchedVamana
831,ytb_audio,and,SIEVE,1.0,SIEVE,UNG,UNG,UNG,Post-filter
831,ytb_audio,equal,UNG,1.0,UNG,UNG,UNG,UNG,Post-filter
831,ytb_audio,or,Post-filter,1.0,Post-filter,UNG,UNG,UNG,Post-filter
832,LAION1M,and,UNG,1.0,UNG,Post-filter,UNG,UNG,UNG
832,LAION1M,equal,UNG,1.0,UNG,UNG,UNG,UNG,UNG
832,LAION1M,or,UNG,1.0,Post-filter,UNG,UNG,UNG,StitchedVamana
832,tripclick,and,Post-filter,1.0,UNG,UNG,UNG,UNG,UNG
832,tripclick,equal,UNG,1.0,UNG,UNG,UNG,UNG,UNG
832,tripclick,or,UNG,1.0,Post-filter,UNG,UNG,UNG,UNG
832,yfcc,and,UNG,1.0,SIEVE,UNG,UNG,UNG,StitchedVamana
832,yfcc,equal,UNG,1.0,UNG,UNG,UNG,UNG,StitchedVamana
832,yfcc,or,FilteredVamana,1.0,Post-filter,StitchedVamana,StitchedVamana,UNG,StitchedVamana
832,ytb_audio,and,SIEVE,1.0,SIEVE,UNG,UNG,UNG,Post-filter
832,ytb_audio,equal,UNG,1.0,UNG,UNG,UNG,UNG,Post-filter
832,ytb_audio,or,Post-filter,1.0,Post-filter,UNG,UNG,UNG,Post-filter
833,LAION1M,and,UNG,1.0,UNG,Post-filter,UNG,UNG,UNG
833,LAION1M,equal,UNG,1.0,UNG,UNG,UNG,UNG,UNG
833,LAION1M,or,UNG,1.0,Post-filter,Post-filter,UNG,UNG,UNG
833,tripclick,and,UNG,1.0,UNG,UNG,UNG,UNG,UNG
833,tripclick,equal,UNG,1.0,UNG,UNG,UNG,UNG,UNG
833,tripclick,or,Post-filter,1.0,Post-filter,UNG,UNG,UNG,UNG
833,yfcc,and,UNG,1.0,SIEVE,UNG,UNG,UNG,StitchedVamana
833,yfcc,equal,UNG,1.0,UNG,UNG,UNG,UNG,StitchedVamana
833,yfcc,or,FilteredVamana,1.0,Post-filter,StitchedVamana,StitchedVamana,UNG,StitchedVamana
833,ytb_audio,and,UNG,1.0,SIEVE,UNG,UNG,UNG,Post-filter
833,ytb_audio,equal,UNG,1.0,UNG,UNG,UNG,UNG,Post-filter
833,ytb_audio,or,UNG,1.0,Post-filter,UNG,FilteredVamana,UNG,Post-filter
834,LAION1M,and,UNG,1.0,UNG,UNG,UNG,UNG,UNG
834,LAION1M,equal,UNG,1.0,UNG,UNG,UNG,UNG,UNG
834,LAION1M,or,UNG,1.0,Post-filter,Post-filter,UNG,FilteredVamana,StitchedVamana
834,tripclick,and,UNG,1.0,UNG,UNG,UNG,UNG,UNG
834,tripclick,equal,UNG,1.0,UNG,UNG,UNG,UNG,UNG
834,tripclick,or,UNG,1.0,Post-filter,UNG,UNG,UNG,UNG
834,yfcc,and,UNG,1.0,SIEVE,UNG,UNG,UNG,StitchedVamana
834,yfcc,equal,UNG,1.0,UNG,UNG,UNG,UNG,StitchedVamana
834,yfcc,or,FilteredVamana,1.0,Post-filter,StitchedVamana,StitchedVamana,UNG,StitchedVamana
834,ytb_audio,and,UNG,1.0,SIEVE,UNG,UNG,UNG,Post-filter
834,ytb_audio,equal,UNG,1.0,UNG,UNG,UNG,UNG,Post-filter
834,ytb_audio,or,Post-filter,1.0,Post-filter,UNG,UNG,UNG,Post-filter
835,LAION1M,and,UNG,1.0,UNG,UNG,UNG,UNG,UNG
835,LAION1M,equal,UNG,1.0,UNG,UNG,UNG,UNG,UNG
835,LAION1M,or,UNG,1.0,Post-filter,Post-filter,UNG,UNG,UNG
835,tripclick,and,UNG,1.0,UNG,UNG,UNG,UNG,UNG
835,tripclick,equal,UNG,1.0,UNG,UNG,UNG,UNG,UNG
835,tripclick,or,UNG,1.0,Post-filter,UNG,UNG,UNG,UNG
835,yfcc,and,UNG,1.0,SIEVE,UNG,UNG,UNG,StitchedVamana
835,yfcc,equal,UNG,1.0,UNG,UNG,UNG,UNG,StitchedVamana
835,yfcc,or,FilteredVamana,1.0,Post-filter,StitchedVamana,StitchedVamana,UNG,StitchedVamana
835,ytb_audio,and,UNG,1.0,SIEVE,UNG,UNG,UNG,Post-filter
835,ytb_audio,equal,UNG,1.0,UNG,UNG,UNG,UNG,Post-filter
835,ytb_audio,or,StitchedVamana,1.0,Post-filter,UNG,FilteredVamana,UNG,Post-filter
836,LAION1M,and,UNG,1.0,UNG,Post-filter,UNG,UNG,UNG
836,LAION1M,equal,UNG,1.0,UNG,UNG,UNG,UNG,UNG
836,LAION1M,or,UNG,1.0,Post-filter,UNG,UNG,UNG,UNG
836,tripclick,and,UNG,1.0,UNG,UNG,UNG,UNG,UNG
836,tripclick,equal,UNG,1.0,UNG,UNG,UNG,UNG,UNG
836,tripclick,or,UNG,1.0,Post-filter,UNG,UNG,UNG,UNG
836,yfcc,and,FilteredVamana,1.0,SIEVE,UNG,UNG,UNG,StitchedVamana
836,yfcc,equal,UNG,1.0,UNG,UNG,UNG,UNG,StitchedVamana
836,yfcc,or,FilteredVamana,1.0,Post-filter,FilteredVamana,StitchedVamana,UNG,StitchedVamana
836,ytb_audio,and,UNG,1.0,SIEVE,UNG,UNG,UNG,Post-filter
836,ytb_audio,equal,UNG,1.0,UNG,UNG,UNG,UNG,Post-filter
836,ytb_audio,or,StitchedVamana,1.0,Post-filter,UNG,FilteredVamana,UNG,Post-filter
837,LAION1M,and,UNG,1.0,UNG,UNG,UNG,UNG,UNG
837,LAION1M,equal,UNG,1.0,UNG,UNG,UNG,UNG,UNG
837,LAION1M,or,UNG,1.0,Post-filter,UNG,UNG,UNG,UNG
837,tripclick,and,UNG,1.0,UNG,UNG,UNG,UNG,UNG
837,tripclick,equal,UNG,1.0,UNG,UNG,UNG,UNG,UNG
837,tripclick,or,UNG,1.0,Post-filter,UNG,UNG,UNG,UNG
837,yfcc,and,UNG,1.0,SIEVE,UNG,UNG,UNG,StitchedVamana
837,yfcc,equal,UNG,1.0,UNG,UNG,UNG,UNG,StitchedVamana
837,yfcc,or,FilteredVamana,1.0,Post-filter,StitchedVamana,UNG,UNG,StitchedVamana
837,ytb_audio,and,UNG,1.0,SIEVE,UNG,UNG,UNG,Post-filter
837,ytb_audio,equal,UNG,1.0,UNG,UNG,UNG,UNG,Post-filter
837,ytb_audio,or,StitchedVamana,1.0,Post-filter,UNG,FilteredVamana,UNG,Post-filter
838,LAION1M,and,UNG,1.0,UNG,UNG,UNG,UNG,UNG
838,LAION1M,equal,UNG,1.0,UNG,UNG,UNG,UNG,UNG
838,LAION1M,or,Post-filter,1.0,Post-filter,UNG,UNG,UNG,UNG
838,tripclick,and,UNG,1.0,UNG,UNG,UNG,UNG,UNG
838,tripclick,equal,UNG,1.0,UNG,UNG,UNG,UNG,UNG
838,tripclick,or,UNG,1.0,Post-filter,UNG,UNG,UNG,UNG
838,yfcc,and,UNG,1.0,SIEVE,UNG,UNG,UNG,StitchedVamana
838,yfcc,equal,UNG,1.0,UNG,UNG,UNG,UNG,StitchedVamana
838,yfcc,or,FilteredVamana,1.0,Post-filter,StitchedVamana,StitchedVamana,UNG,StitchedVamana
838,ytb_audio,and,UNG,1.0,SIEVE,UNG,UNG,UNG,Post-filter
838,ytb_audio,equal,UNG,0.7,UNG,UNG,UNG,UNG,Post-filter
838,ytb_audio,or,StitchedVamana,1.0,Post-filter,UNG,UNG,UNG,Post-filter
839,LAION1M,and,UNG,1.0,UNG,Post-filter,UNG,UNG,UNG
839,LAION1M,equal,UNG,1.0,UNG,UNG,UNG,UNG,UNG
839,LAION1M,or,UNG,1.0,Post-filter,UNG,UNG,UNG,UNG
839,tripclick,and,UNG,1.0,UNG,UNG,UNG,UNG,UNG
839,tripclick,equal,UNG,1.0,UNG,UNG,UNG,UNG,UNG
839,tripclick,or,Post-filter,1.0,Post-filter,UNG,UNG,UNG,UNG
839,yfcc,and,UNG,1.0,SIEVE,UNG,UNG,UNG,StitchedVamana
839,yfcc,equal,UNG,1.0,UNG,UNG,UNG,UNG,StitchedVamana
839,yfcc,or,FilteredVamana,1.0,Post-filter,StitchedVamana,StitchedVamana,UNG,StitchedVamana
839,ytb_audio,and,UNG,1.0,SIEVE,UNG,UNG,UNG,Post-filter
839,ytb_audio,equal,UNG,1.0,UNG,UNG,UNG,UNG,Post-filter
839,ytb_audio,or,StitchedVamana,1.0,Post-filter,UNG,UNG,UNG,Post-filter
840,LAION1M,and,UNG,1.0,UNG,UNG,UNG,UNG,UNG
840,LAION1M,equal,UNG,1.0,UNG,UNG,UNG,UNG,UNG
840,LAION1M,or,UNG,1.0,Post-filter,Post-filter,UNG,UNG,UNG
840,tripclick,and,UNG,1.0,UNG,UNG,UNG,UNG,UNG
840,tripclick,equal,UNG,1.0,UNG,UNG,UNG,UNG,UNG
840,tripclick,or,UNG,1.0,Post-filter,UNG,UNG,UNG,UNG
840,yfcc,and,UNG,1.0,SIEVE,UNG,UNG,UNG,StitchedVamana
840,yfcc,equal,UNG,1.0,UNG,UNG,UNG,UNG,StitchedVamana
840,yfcc,or,FilteredVamana,1.0,Post-filter,StitchedVamana,StitchedVamana,UNG,StitchedVamana
840,ytb_audio,and,SIEVE,1.0,SIEVE,UNG,UNG,UNG,Post-filter
840,ytb_audio,equal,UNG,1.0,UNG,UNG,UNG,UNG,Post-filter
840,ytb_audio,or,StitchedVamana,1.0,Post-filter,UNG,FilteredVamana,UNG,Post-filter
841,LAION1M,and,UNG,1.0,UNG,UNG,UNG,UNG,UNG
841,LAION1M,equal,UNG,1.0,UNG,UNG,UNG,UNG,UNG
841,LAION1M,or,UNG,1.0,Post-filter,UNG,UNG,UNG,StitchedVamana
841,tripclick,and,UNG,1.0,UNG,UNG,UNG,UNG,UNG
841,tripclick,equal,UNG,1.0,UNG,UNG,UNG,UNG,UNG
841,tripclick,or,UNG,1.0,Post-filter,UNG,UNG,UNG,UNG
841,yfcc,and,UNG,1.0,SIEVE,UNG,UNG,UNG,StitchedVamana
841,yfcc,equal,UNG,1.0,UNG,UNG,UNG,UNG,StitchedVamana
841,yfcc,or,FilteredVamana,1.0,Post-filter,StitchedVamana,StitchedVamana,UNG,StitchedVamana
841,ytb_audio,and,UNG,1.0,SIEVE,UNG,UNG,UNG,Post-filter
841,ytb_audio,equal,UNG,1.0,UNG,UNG,UNG,UNG,Post-filter
841,ytb_audio,or,StitchedVamana,1.0,Post-filter,UNG,UNG,UNG,Post-filter
842,LAION1M,and,UNG,1.0,UNG,UNG,UNG,UNG,UNG
842,LAION1M,equal,UNG,1.0,UNG,UNG,UNG,UNG,UNG
842,LAION1M,or,UNG,1.0,Post-filter,UNG,UNG,UNG,StitchedVamana
842,tripclick,and,Post-filter,1.0,UNG,UNG,UNG,UNG,UNG
842,tripclick,equal,UNG,1.0,UNG,UNG,UNG,UNG,UNG
842,tripclick,or,Post-filter,1.0,Post-filter,UNG,UNG,UNG,UNG
842,yfcc,and,ACORN,1.0,SIEVE,UNG,UNG,UNG,StitchedVamana
842,yfcc,equal,UNG,1.0,UNG,UNG,UNG,UNG,StitchedVamana
842,yfcc,or,FilteredVamana,1.0,Post-filter,StitchedVamana,StitchedVamana,UNG,StitchedVamana
842,ytb_audio,and,SIEVE,1.0,SIEVE,UNG,UNG,UNG,Post-filter
842,ytb_audio,equal,UNG,1.0,UNG,UNG,UNG,UNG,Post-filter
842,ytb_audio,or,StitchedVamana,1.0,Post-filter,UNG,FilteredVamana,UNG,Post-filter
843,LAION1M,and,UNG,1.0,UNG,UNG,UNG,UNG,UNG
843,LAION1M,equal,UNG,1.0,UNG,UNG,UNG,UNG,UNG
843,LAION1M,or,UNG,1.0,Post-filter,UNG,UNG,FilteredVamana,FilteredVamana
843,tripclick,and,UNG,1.0,UNG,UNG,UNG,UNG,UNG
843,tripclick,equal,UNG,1.0,UNG,UNG,UNG,UNG,UNG
843,tripclick,or,Post-filter,1.0,Post-filter,UNG,UNG,UNG,UNG
843,yfcc,and,FilteredVamana,1.0,SIEVE,UNG,UNG,UNG,StitchedVamana
843,yfcc,equal,UNG,1.0,UNG,UNG,UNG,UNG,StitchedVamana
843,yfcc,or,FilteredVamana,1.0,Post-filter,StitchedVamana,StitchedVamana,UNG,StitchedVamana
843,ytb_audio,and,SIEVE,1.0,SIEVE,UNG,UNG,UNG,Post-filter
843,ytb_audio,equal,UNG,1.0,UNG,UNG,UNG,UNG,Post-filter
843,ytb_audio,or,Post-filter,1.0,Post-filter,UNG,UNG,UNG,Post-filter
844,LAION1M,and,UNG,1.0,UNG,UNG,UNG,UNG,UNG
844,LAION1M,equal,UNG,1.0,UNG,UNG,UNG,UNG,UNG
844,LAION1M,or,UNG,1.0,Post-filter,UNG,UNG,UNG,UNG
844,tripclick,and,UNG,1.0,UNG,UNG,UNG,UNG,UNG
844,tripclick,equal,UNG,1.0,UNG,UNG,UNG,UNG,UNG
844,tripclick,or,UNG,1.0,Post-filter,UNG,UNG,UNG,UNG
844,yfcc,and,FilteredVamana,1.0,SIEVE,UNG,UNG,UNG,StitchedVamana
844,yfcc,equal,UNG,1.0,UNG,UNG,UNG,UNG,StitchedVamana
844,yfcc,or,FilteredVamana,1.0,Post-filter,StitchedVamana,StitchedVamana,UNG,StitchedVamana
844,ytb_audio,and,UNG,1.0,SIEVE,UNG,UNG,UNG,Post-filter
844,ytb_audio,equal,UNG,1.0,UNG,UNG,UNG,UNG,Post-filter
844,ytb_audio,or,StitchedVamana,0.9,Post-filter,UNG,UNG,UNG,Post-filter
845,LAION1M,and,UNG,1.0,UNG,UNG,UNG,UNG,UNG
845,LAION1M,equal,UNG,1.0,UNG,UNG,UNG,UNG,UNG
845,LAION1M,or,UNG,1.0,Post-filter,UNG,UNG,UNG,StitchedVamana
845,tripclick,and,UNG,1.0,UNG,UNG,UNG,UNG,UNG
845,tripclick,equal,UNG,1.0,UNG,UNG,UNG,UNG,UNG
845,tripclick,or,Post-filter,1.0,Post-filter,UNG,UNG,UNG,UNG
845,yfcc,and,UNG,1.0,SIEVE,UNG,UNG,UNG,StitchedVamana
845,yfcc,equal,UNG,1.0,UNG,UNG,UNG,UNG,StitchedVamana
845,yfcc,or,FilteredVamana,1.0,Post-filter,StitchedVamana,StitchedVamana,UNG,StitchedVamana
845,ytb_audio,and,SIEVE,1.0,SIEVE,UNG,UNG,UNG,Post-filter
845,ytb_audio,equal,UNG,1.0,UNG,UNG,UNG,UNG,Post-filter
845,ytb_audio,or,UNG,1.0,Post-filter,UNG,UNG,UNG,Post-filter
846,LAION1M,and,Post-filter,1.0,UNG,Post-filter,UNG,UNG,UNG
846,LAION1M,equal,UNG,1.0,UNG,UNG,UNG,UNG,UNG
846,LAION1M,or,UNG,1.0,Post-filter,Post-filter,UNG,UNG,StitchedVamana
846,tripclick,and,UNG,1.0,UNG,UNG,UNG,UNG,UNG
846,tripclick,equal,UNG,1.0,UNG,UNG,UNG,UNG,UNG
846,tripclick,or,Post-filter,1.0,Post-filter,UNG,UNG,UNG,UNG
846,yfcc,and,UNG,1.0,SIEVE,UNG,UNG,UNG,StitchedVamana
846,yfcc,equal,UNG,1.0,UNG,UNG,UNG,UNG,StitchedVamana
846,yfcc,or,FilteredVamana,1.0,Post-filter,StitchedVamana,StitchedVamana,UNG,StitchedVamana
846,ytb_audio,and,SIEVE,1.0,SIEVE,UNG,UNG,UNG,Post-filter
846,ytb_audio,equal,UNG,1.0,UNG,UNG,UNG,UNG,Post-filter
846,ytb_audio,or,StitchedVamana,1.0,Post-filter,UNG,FilteredVamana,UNG,Post-filter
847,LAION1M,and,UNG,1.0,UNG,Post-filter,UNG,UNG,UNG
847,LAION1M,equal,UNG,1.0,UNG,UNG,UNG,UNG,UNG
847,LAION1M,or,UNG,1.0,Post-filter,Post-filter,UNG,UNG,UNG
847,tripclick,and,UNG,1.0,UNG,UNG,UNG,UNG,UNG
847,tripclick,equal,UNG,1.0,UNG,UNG,UNG,UNG,UNG
847,tripclick,or,UNG,1.0,Post-filter,UNG,UNG,UNG,UNG
847,yfcc,and,UNG,1.0,SIEVE,UNG,UNG,UNG,StitchedVamana
847,yfcc,equal,UNG,1.0,UNG,UNG,UNG,UNG,StitchedVamana
847,yfcc,or,FilteredVamana,1.0,Post-filter,StitchedVamana,StitchedVamana,UNG,StitchedVamana
847,ytb_audio,and,SIEVE,1.0,SIEVE,UNG,UNG,UNG,Post-filter
847,ytb_audio,equal,UNG,1.0,UNG,UNG,UNG,UNG,Post-filter
847,ytb_audio,or,StitchedVamana,1.0,Post-filter,UNG,UNG,UNG,Post-filter
848,LAION1M,and,UNG,1.0,UNG,UNG,UNG,UNG,UNG
848,LAION1M,equal,UNG,1.0,UNG,UNG,UNG,UNG,UNG
848,LAION1M,or,Post-filter,1.0,Post-filter,Post-filter,UNG,UNG,UNG
848,tripclick,and,UNG,1.0,UNG,UNG,UNG,UNG,UNG
848,tripclick,equal,UNG,1.0,UNG,UNG,UNG,UNG,UNG
848,tripclick,or,UNG,1.0,Post-filter,UNG,UNG,UNG,UNG
848,yfcc,and,FilteredVamana,1.0,SIEVE,UNG,UNG,UNG,StitchedVamana
848,yfcc,equal,UNG,1.0,UNG,UNG,UNG,UNG,StitchedVamana
848,yfcc,or,FilteredVamana,1.0,Post-filter,StitchedVamana,StitchedVamana,UNG,StitchedVamana
848,ytb_audio,and,UNG,1.0,SIEVE,UNG,UNG,UNG,Post-filter
848,ytb_audio,equal,UNG,1.0,UNG,UNG,UNG,UNG,Post-filter
848,ytb_audio,or,StitchedVamana,1.0,Post-filter,UNG,FilteredVamana,UNG,Post-filter
849,LAION1M,and,UNG,1.0,UNG,UNG,UNG,UNG,UNG
849,LAION1M,equal,UNG,1.0,UNG,UNG,UNG,UNG,UNG
849,LAION1M,or,Post-filter,1.0,Post-filter,Post-filter,UNG,FilteredVamana,StitchedVamana
849,tripclick,and,UNG,1.0,UNG,UNG,UNG,UNG,UNG
849,tripclick,equal,UNG,1.0,UNG,UNG,UNG,UNG,UNG
849,tripclick,or,UNG,1.0,Post-filter,UNG,UNG,UNG,UNG
849,yfcc,and,UNG,1.0,SIEVE,UNG,UNG,UNG,StitchedVamana
849,yfcc,equal,UNG,1.0,UNG,UNG,UNG,UNG,StitchedVamana
849,yfcc,or,FilteredVamana,1.0,Post-filter,StitchedVamana,StitchedVamana,UNG,StitchedVamana
849,ytb_audio,and,UNG,1.0,SIEVE,UNG,UNG,UNG,Post-filter
849,ytb_audio,equal,UNG,1.0,UNG,UNG,UNG,UNG,Post-filter
849,ytb_audio,or,StitchedVamana,1.0,Post-filter,UNG,FilteredVamana,UNG,Post-filter
850,LAION1M,and,UNG,1.0,UNG,Post-filter,UNG,UNG,UNG
850,LAION1M,equal,UNG,1.0,UNG,UNG,UNG,UNG,UNG
850,LAION1M,or,UNG,1.0,Post-filter,UNG,UNG,UNG,UNG
850,tripclick,and,UNG,1.0,UNG,UNG,UNG,UNG,UNG
850,tripclick,equal,UNG,1.0,UNG,UNG,UNG,UNG,UNG
850,tripclick,or,Post-filter,1.0,Post-filter,UNG,UNG,UNG,UNG
850,yfcc,and,UNG,1.0,SIEVE,UNG,UNG,UNG,StitchedVamana
850,yfcc,equal,UNG,1.0,UNG,UNG,UNG,UNG,StitchedVamana
850,yfcc,or,FilteredVamana,1.0,Post-filter,StitchedVamana,StitchedVamana,UNG,StitchedVamana
850,ytb_audio,and,UNG,1.0,SIEVE,UNG,UNG,UNG,Post-filter
850,ytb_audio,equal,UNG,1.0,UNG,UNG,UNG,UNG,Post-filter
850,ytb_audio,or,StitchedVamana,1.0,Post-filter,UNG,FilteredVamana,UNG,Post-filter
851,LAION1M,and,UNG,1.0,UNG,UNG,UNG,UNG,UNG
851,LAION1M,equal,UNG,1.0,UNG,UNG,UNG,UNG,UNG
851,LAION1M,or,UNG,1.0,Post-filter,Post-filter,UNG,UNG,UNG
851,tripclick,and,UNG,1.0,UNG,UNG,UNG,UNG,UNG
851,tripclick,equal,UNG,1.0,UNG,UNG,UNG,UNG,UNG
851,tripclick,or,UNG,1.0,Post-filter,UNG,UNG,UNG,UNG
851,yfcc,and,FilteredVamana,1.0,SIEVE,UNG,UNG,UNG,StitchedVamana
851,yfcc,equal,UNG,1.0,UNG,UNG,UNG,UNG,StitchedVamana
851,yfcc,or,FilteredVamana,1.0,Post-filter,StitchedVamana,StitchedVamana,UNG,StitchedVamana
851,ytb_audio,and,UNG,1.0,SIEVE,UNG,UNG,UNG,Post-filter
851,ytb_audio,equal,UNG,1.0,UNG,UNG,UNG,UNG,Post-filter
851,ytb_audio,or,StitchedVamana,1.0,Post-filter,UNG,FilteredVamana,UNG,Post-filter
852,LAION1M,and,UNG,1.0,UNG,UNG,UNG,UNG,UNG
852,LAION1M,equal,UNG,1.0,UNG,UNG,UNG,UNG,UNG
852,LAION1M,or,UNG,1.0,Post-filter,UNG,UNG,UNG,StitchedVamana
852,tripclick,and,UNG,1.0,UNG,UNG,UNG,UNG,UNG
852,tripclick,equal,UNG,1.0,UNG,UNG,UNG,UNG,UNG
852,tripclick,or,UNG,1.0,Post-filter,UNG,UNG,UNG,UNG
852,yfcc,and,UNG,1.0,SIEVE,UNG,UNG,UNG,StitchedVamana
852,yfcc,equal,UNG,1.0,UNG,UNG,UNG,UNG,StitchedVamana
852,yfcc,or,FilteredVamana,1.0,Post-filter,StitchedVamana,StitchedVamana,UNG,StitchedVamana
852,ytb_audio,and,SIEVE,1.0,SIEVE,UNG,UNG,UNG,Post-filter
852,ytb_audio,equal,UNG,1.0,UNG,UNG,UNG,UNG,Post-filter
852,ytb_audio,or,UNG,1.0,Post-filter,UNG,UNG,UNG,Post-filter
853,LAION1M,and,UNG,1.0,UNG,UNG,UNG,UNG,UNG
853,LAION1M,equal,UNG,1.0,UNG,UNG,UNG,UNG,UNG
853,LAION1M,or,UNG,1.0,Post-filter,Post-filter,UNG,FilteredVamana,StitchedVamana
853,tripclick,and,UNG,1.0,UNG,UNG,UNG,UNG,UNG
853,tripclick,equal,UNG,1.0,UNG,UNG,UNG,UNG,UNG
853,tripclick,or,Post-filter,1.0,Post-filter,UNG,UNG,UNG,UNG
853,yfcc,and,FilteredVamana,1.0,SIEVE,UNG,UNG,UNG,StitchedVamana
853,yfcc,equal,UNG,1.0,UNG,UNG,UNG,UNG,StitchedVamana
853,yfcc,or,FilteredVamana,1.0,Post-filter,StitchedVamana,StitchedVamana,UNG,StitchedVamana
853,ytb_audio,and,SIEVE,1.0,SIEVE,UNG,UNG,UNG,Post-filter
853,ytb_audio,equal,UNG,1.0,UNG,UNG,UNG,UNG,Post-filter
853,ytb_audio,or,StitchedVamana,1.0,Post-filter,UNG,FilteredVamana,UNG,Post-filter
854,LAION1M,and,UNG,1.0,UNG,UNG,UNG,UNG,UNG
854,LAION1M,equal,UNG,1.0,UNG,UNG,UNG,UNG,UNG
854,LAION1M,or,UNG,1.0,Post-filter,UNG,UNG,UNG,StitchedVamana
854,tripclick,and,UNG,1.0,UNG,UNG,UNG,UNG,UNG
854,tripclick,equal,UNG,1.0,UNG,UNG,UNG,UNG,UNG
854,tripclick,or,UNG,1.0,Post-filter,UNG,UNG,UNG,UNG
854,yfcc,and,FilteredVamana,1.0,SIEVE,UNG,UNG,UNG,StitchedVamana
854,yfcc,equal,UNG,1.0,UNG,UNG,UNG,UNG,StitchedVamana
854,yfcc,or,Post-filter,1.0,Post-filter,UNG,UNG,UNG,StitchedVamana
854,ytb_audio,and,UNG,1.0,SIEVE,UNG,UNG,UNG,Post-filter
854,ytb_audio,equal,UNG,1.0,UNG,UNG,UNG,UNG,Post-filter
854,ytb_audio,or,StitchedVamana,1.0,Post-filter,UNG,UNG,UNG,Post-filter
855,LAION1M,and,UNG,1.0,UNG,UNG,UNG,UNG,UNG
855,LAION1M,equal,UNG,1.0,UNG,UNG,UNG,UNG,UNG
855,LAION1M,or,UNG,1.0,Post-filter,UNG,UNG,UNG,UNG
855,tripclick,and,UNG,1.0,UNG,UNG,UNG,UNG,UNG
855,tripclick,equal,UNG,1.0,UNG,UNG,UNG,UNG,UNG
855,tripclick,or,UNG,1.0,Post-filter,UNG,UNG,UNG,UNG
855,yfcc,and,UNG,1.0,SIEVE,UNG,UNG,UNG,StitchedVamana
855,yfcc,equal,UNG,1.0,UNG,UNG,UNG,UNG,StitchedVamana
855,yfcc,or,FilteredVamana,1.0,Post-filter,StitchedVamana,StitchedVamana,UNG,StitchedVamana
855,ytb_audio,and,UNG,1.0,SIEVE,UNG,UNG,UNG,Post-filter
855,ytb_audio,equal,UNG,1.0,UNG,UNG,UNG,UNG,Post-filter
855,ytb_audio,or,StitchedVamana,1.0,Post-filter,UNG,UNG,UNG,Post-filter
856,LAION1M,and,UNG,1.0,UNG,Post-filter,UNG,UNG,UNG
856,LAION1M,equal,UNG,1.0,UNG,UNG,UNG,UNG,UNG
856,LAION1M,or,UNG,1.0,Post-filter,UNG,UNG,UNG,StitchedVamana
856,tripclick,and,UNG,1.0,UNG,UNG,UNG,UNG,UNG
856,tripclick,equal,UNG,1.0,UNG,UNG,UNG,UNG,UNG
856,tripclick,or,UNG,1.0,Post-filter,UNG,UNG,UNG,UNG
856,yfcc,and,FilteredVamana,1.0,SIEVE,UNG,UNG,UNG,StitchedVamana
856,yfcc,equal,UNG,1.0,UNG,UNG,UNG,UNG,StitchedVamana
856,yfcc,or,FilteredVamana,1.0,Post-filter,StitchedVamana,StitchedVamana,UNG,StitchedVamana
856,ytb_audio,and,UNG,1.0,SIEVE,UNG,UNG,UNG,Post-filter
856,ytb_audio,equal,UNG,1.0,UNG,UNG,UNG,UNG,Post-filter
856,ytb_audio,or,SIEVE,1.0,Post-filter,UNG,UNG,UNG,Post-filter
857,LAION1M,and,UNG,1.0,UNG,UNG,UNG,UNG,UNG
857,LAION1M,equal,UNG,1.0,UNG,UNG,UNG,UNG,UNG
857,LAION1M,or,UNG,1.0,Post-filter,UNG,UNG,UNG,UNG
857,tripclick,and,Post-filter,1.0,UNG,UNG,UNG,UNG,UNG
857,tripclick,equal,UNG,1.0,UNG,UNG,UNG,UNG,UNG
857,tripclick,or,Post-filter,1.0,Post-filter,UNG,UNG,UNG,UNG
857,yfcc,and,UNG,1.0,SIEVE,UNG,UNG,UNG,StitchedVamana
857,yfcc,equal,UNG,1.0,UNG,UNG,UNG,UNG,StitchedVamana
857,yfcc,or,FilteredVamana,1.0,Post-filter,StitchedVamana,StitchedVamana,UNG,StitchedVamana
857,ytb_audio,and,UNG,1.0,SIEVE,UNG,UNG,UNG,Post-filter
857,ytb_audio,equal,UNG,1.0,UNG,UNG,UNG,UNG,Post-filter
857,ytb_audio,or,StitchedVamana,1.0,Post-filter,UNG,FilteredVamana,UNG,Post-filter
858,LAION1M,and,UNG,1.0,UNG,Post-filter,UNG,UNG,UNG
858,LAION1M,equal,UNG,1.0,UNG,UNG,UNG,UNG,UNG
858,LAION1M,or,UNG,1.0,Post-filter,UNG,UNG,UNG,StitchedVamana
858,tripclick,and,UNG,1.0,UNG,UNG,UNG,UNG,UNG
858,tripclick,equal,UNG,1.0,UNG,UNG,UNG,UNG,UNG
858,tripclick,or,UNG,1.0,Post-filter,UNG,UNG,UNG,UNG
858,yfcc,and,UNG,1.0,SIEVE,UNG,UNG,UNG,StitchedVamana
858,yfcc,equal,UNG,1.0,UNG,UNG,UNG,UNG,StitchedVamana
858,yfcc,or,FilteredVamana,1.0,Post-filter,StitchedVamana,StitchedVamana,UNG,StitchedVamana
858,ytb_audio,and,UNG,1.0,SIEVE,UNG,UNG,UNG,Post-filter
858,ytb_audio,equal,UNG,1.0,UNG,UNG,UNG,UNG,Post-filter
858,ytb_audio,or,StitchedVamana,1.0,Post-filter,UNG,FilteredVamana,UNG,Post-filter
859,LAION1M,and,UNG,1.0,UNG,Post-filter,UNG,UNG,UNG
859,LAION1M,equal,UNG,1.0,UNG,UNG,UNG,UNG,UNG
859,LAION1M,or,UNG,1.0,Post-filter,Post-filter,UNG,UNG,UNG
859,tripclick,and,UNG,1.0,UNG,UNG,UNG,UNG,UNG
859,tripclick,equal,UNG,1.0,UNG,UNG,UNG,UNG,UNG
859,tripclick,or,UNG,1.0,Post-filter,UNG,UNG,UNG,UNG
859,yfcc,and,FilteredVamana,1.0,SIEVE,UNG,UNG,UNG,StitchedVamana
859,yfcc,equal,UNG,1.0,UNG,UNG,UNG,UNG,StitchedVamana
859,yfcc,or,FilteredVamana,1.0,Post-filter,StitchedVamana,StitchedVamana,UNG,StitchedVamana
859,ytb_audio,and,SIEVE,1.0,SIEVE,UNG,UNG,UNG,Post-filter
859,ytb_audio,equal,UNG,1.0,UNG,UNG,UNG,UNG,Post-filter
859,ytb_audio,or,StitchedVamana,1.0,Post-filter,UNG,FilteredVamana,UNG,Post-filter
860,LAION1M,and,UNG,1.0,UNG,Post-filter,UNG,UNG,UNG
860,LAION1M,equal,UNG,1.0,UNG,UNG,UNG,UNG,UNG
860,LAION1M,or,UNG,1.0,Post-filter,Post-filter,UNG,UNG,UNG
860,tripclick,and,UNG,1.0,UNG,UNG,UNG,UNG,UNG
860,tripclick,equal,UNG,1.0,UNG,UNG,UNG,UNG,UNG
860,tripclick,or,UNG,1.0,Post-filter,UNG,UNG,UNG,UNG
860,yfcc,and,UNG,1.0,SIEVE,UNG,UNG,UNG,StitchedVamana
860,yfcc,equal,UNG,1.0,UNG,UNG,UNG,UNG,StitchedVamana
860,yfcc,or,FilteredVamana,1.0,Post-filter,StitchedVamana,StitchedVamana,UNG,StitchedVamana
860,ytb_audio,and,SIEVE,1.0,SIEVE,UNG,UNG,UNG,Post-filter
860,ytb_audio,equal,UNG,1.0,UNG,UNG,UNG,UNG,Post-filter
860,ytb_audio,or,UNG,1.0,Post-filter,UNG,UNG,UNG,Post-filter
861,LAION1M,and,UNG,1.0,UNG,UNG,UNG,UNG,UNG
861,LAION1M,equal,UNG,1.0,UNG,UNG,UNG,UNG,UNG
861,LAION1M,or,UNG,1.0,Post-filter,Post-filter,UNG,UNG,UNG
861,tripclick,and,UNG,1.0,UNG,UNG,UNG,UNG,UNG
861,tripclick,equal,UNG,1.0,UNG,UNG,UNG,UNG,UNG
861,tripclick,or,UNG,1.0,Post-filter,UNG,UNG,UNG,UNG
861,yfcc,and,UNG,1.0,SIEVE,UNG,UNG,UNG,StitchedVamana
861,yfcc,equal,UNG,1.0,UNG,UNG,UNG,UNG,StitchedVamana
861,yfcc,or,FilteredVamana,1.0,Post-filter,StitchedVamana,StitchedVamana,UNG,StitchedVamana
861,ytb_audio,and,UNG,1.0,SIEVE,UNG,UNG,UNG,Post-filter
861,ytb_audio,equal,UNG,1.0,UNG,UNG,UNG,UNG,Post-filter
861,ytb_audio,or,StitchedVamana,1.0,Post-filter,UNG,UNG,UNG,Post-filter
862,LAION1M,and,UNG,1.0,UNG,Post-filter,UNG,UNG,UNG
862,LAION1M,equal,UNG,1.0,UNG,UNG,UNG,UNG,UNG
862,LAION1M,or,UNG,1.0,Post-filter,Post-filter,UNG,UNG,UNG
862,tripclick,and,UNG,1.0,UNG,UNG,UNG,UNG,UNG
862,tripclick,equal,UNG,1.0,UNG,UNG,UNG,UNG,UNG
862,tripclick,or,UNG,1.0,Post-filter,UNG,UNG,UNG,UNG
862,yfcc,and,UNG,1.0,SIEVE,UNG,UNG,UNG,StitchedVamana
862,yfcc,equal,UNG,1.0,UNG,UNG,UNG,UNG,StitchedVamana
862,yfcc,or,FilteredVamana,1.0,Post-filter,StitchedVamana,StitchedVamana,UNG,StitchedVamana
862,ytb_audio,and,UNG,1.0,SIEVE,UNG,UNG,UNG,Post-filter
862,ytb_audio,equal,UNG,1.0,UNG,UNG,UNG,UNG,Post-filter
862,ytb_audio,or,StitchedVamana,1.0,Post-filter,UNG,UNG,UNG,Post-filter
863,LAION1M,and,UNG,1.0,UNG,Post-filter,UNG,UNG,UNG
863,LAION1M,equal,UNG,1.0,UNG,UNG,UNG,UNG,UNG
863,LAION1M,or,UNG,1.0,Post-filter,UNG,UNG,UNG,UNG
863,tripclick,and,UNG,1.0,UNG,UNG,UNG,UNG,UNG
863,tripclick,equal,UNG,1.0,UNG,UNG,UNG,UNG,UNG
863,tripclick,or,UNG,1.0,Post-filter,UNG,UNG,UNG,UNG
863,yfcc,and,UNG,1.0,SIEVE,UNG,UNG,UNG,StitchedVamana
863,yfcc,equal,UNG,1.0,UNG,UNG,UNG,UNG,StitchedVamana
863,yfcc,or,FilteredVamana,1.0,Post-filter,StitchedVamana,StitchedVamana,UNG,StitchedVamana
863,ytb_audio,and,UNG,1.0,SIEVE,UNG,UNG,UNG,Post-filter
863,ytb_audio,equal,UNG,1.0,UNG,UNG,UNG,UNG,Post-filter
863,ytb_audio,or,UNG,1.0,Post-filter,UNG,FilteredVamana,UNG,Post-filter
864,LAION1M,and,UNG,1.0,UNG,UNG,UNG,UNG,UNG
864,LAION1M,equal,UNG,1.0,UNG,UNG,UNG,UNG,UNG
864,LAION1M,or,UNG,1.0,Post-filter,Post-filter,UNG,UNG,UNG
864,tripclick,and,UNG,1.0,UNG,UNG,UNG,UNG,UNG
864,tripclick,equal,UNG,1.0,UNG,UNG,UNG,UNG,UNG
864,tripclick,or,UNG,1.0,Post-filter,UNG,UNG,UNG,UNG
864,yfcc,and,StitchedVamana,1.0,SIEVE,UNG,UNG,UNG,StitchedVamana
864,yfcc,equal,UNG,1.0,UNG,UNG,UNG,UNG,StitchedVamana
864,yfcc,or,FilteredVamana,1.0,Post-filter,StitchedVamana,StitchedVamana,UNG,StitchedVamana
864,ytb_audio,and,UNG,1.0,SIEVE,UNG,UNG,UNG,Post-filter
864,ytb_audio,equal,UNG,1.0,UNG,UNG,UNG,UNG,Post-filter
864,ytb_audio,or,UNG,1.0,Post-filter,UNG,UNG,UNG,Post-filter
865,LAION1M,and,UNG,1.0,UNG,UNG,UNG,UNG,UNG
865,LAION1M,equal,UNG,1.0,UNG,UNG,UNG,UNG,UNG
865,LAION1M,or,UNG,1.0,Post-filter,UNG,UNG,UNG,StitchedVamana
865,tripclick,and,UNG,1.0,UNG,UNG,UNG,UNG,UNG
865,tripclick,equal,UNG,1.0,UNG,UNG,UNG,UNG,UNG
865,tripclick,or,UNG,1.0,Post-filter,UNG,UNG,UNG,UNG
865,yfcc,and,UNG,1.0,SIEVE,UNG,UNG,UNG,StitchedVamana
865,yfcc,equal,UNG,1.0,UNG,UNG,UNG,UNG,StitchedVamana
865,yfcc,or,FilteredVamana,1.0,Post-filter,StitchedVamana,StitchedVamana,UNG,StitchedVamana
865,ytb_audio,and,UNG,1.0,SIEVE,UNG,UNG,UNG,Post-filter
865,ytb_audio,equal,UNG,1.0,UNG,UNG,UNG,UNG,Post-filter
865,ytb_audio,or,UNG,1.0,Post-filter,UNG,UNG,UNG,Post-filter
866,LAION1M,and,UNG,1.0,UNG,UNG,UNG,UNG,UNG
866,LAION1M,equal,UNG,1.0,UNG,UNG,UNG,UNG,UNG
866,LAION1M,or,UNG,1.0,Post-filter,UNG,UNG,UNG,StitchedVamana
866,tripclick,and,UNG,1.0,UNG,UNG,UNG,UNG,UNG
866,tripclick,equal,UNG,1.0,UNG,UNG,UNG,UNG,UNG
866,tripclick,or,UNG,1.0,Post-filter,UNG,UNG,UNG,UNG
866,yfcc,and,ACORN,1.0,SIEVE,UNG,UNG,UNG,StitchedVamana
866,yfcc,equal,UNG,1.0,UNG,UNG,UNG,UNG,StitchedVamana
866,yfcc,or,FilteredVamana,1.0,Post-filter,StitchedVamana,StitchedVamana,UNG,StitchedVamana
866,ytb_audio,and,UNG,1.0,SIEVE,UNG,UNG,UNG,Post-filter
866,ytb_audio,equal,UNG,1.0,UNG,UNG,UNG,UNG,Post-filter
866,ytb_audio,or,StitchedVamana,1.0,Post-filter,UNG,FilteredVamana,UNG,Post-filter
867,LAION1M,and,UNG,1.0,UNG,UNG,UNG,UNG,UNG
867,LAION1M,equal,UNG,1.0,UNG,UNG,UNG,UNG,UNG
867,LAION1M,or,UNG,1.0,Post-filter,UNG,UNG,UNG,UNG
867,tripclick,and,Post-filter,1.0,UNG,UNG,UNG,UNG,UNG
867,tripclick,equal,UNG,1.0,UNG,UNG,UNG,UNG,UNG
867,tripclick,or,UNG,1.0,Post-filter,UNG,UNG,UNG,UNG
867,yfcc,and,FilteredVamana,1.0,SIEVE,UNG,UNG,UNG,StitchedVamana
867,yfcc,equal,UNG,1.0,UNG,UNG,UNG,UNG,StitchedVamana
867,yfcc,or,FilteredVamana,1.0,Post-filter,StitchedVamana,UNG,UNG,StitchedVamana
867,ytb_audio,and,UNG,0.6,SIEVE,UNG,UNG,UNG,Post-filter
867,ytb_audio,equal,UNG,1.0,UNG,UNG,UNG,UNG,Post-filter
867,ytb_audio,or,UNG,1.0,Post-filter,UNG,UNG,UNG,Post-filter
868,LAION1M,and,UNG,1.0,UNG,UNG,UNG,UNG,UNG
868,LAION1M,equal,UNG,1.0,UNG,UNG,UNG,UNG,UNG
868,LAION1M,or,UNG,1.0,Post-filter,Post-filter,UNG,UNG,UNG
868,tripclick,and,UNG,1.0,UNG,UNG,UNG,UNG,UNG
868,tripclick,equal,UNG,1.0,UNG,UNG,UNG,UNG,UNG
868,tripclick,or,UNG,1.0,Post-filter,UNG,UNG,UNG,UNG
868,yfcc,and,FilteredVamana,1.0,SIEVE,UNG,UNG,UNG,StitchedVamana
868,yfcc,equal,UNG,1.0,UNG,UNG,UNG,UNG,StitchedVamana
868,yfcc,or,FilteredVamana,1.0,Post-filter,FilteredVamana,StitchedVamana,UNG,StitchedVamana
868,ytb_audio,and,UNG,1.0,SIEVE,UNG,UNG,UNG,Post-filter
868,ytb_audio,equal,UNG,1.0,UNG,UNG,UNG,UNG,Post-filter
868,ytb_audio,or,Post-filter,1.0,Post-filter,UNG,UNG,UNG,Post-filter
869,LAION1M,and,UNG,1.0,UNG,Post-filter,UNG,UNG,UNG
869,LAION1M,equal,UNG,1.0,UNG,UNG,UNG,UNG,UNG
869,LAION1M,or,UNG,1.0,Post-filter,Post-filter,UNG,UNG,UNG
869,tripclick,and,UNG,1.0,UNG,UNG,UNG,UNG,UNG
869,tripclick,equal,UNG,1.0,UNG,UNG,UNG,UNG,UNG
869,tripclick,or,UNG,1.0,Post-filter,UNG,UNG,UNG,UNG
869,yfcc,and,UNG,1.0,SIEVE,UNG,UNG,UNG,StitchedVamana
869,yfcc,equal,UNG,1.0,UNG,UNG,UNG,UNG,StitchedVamana
869,yfcc,or,FilteredVamana,1.0,Post-filter,StitchedVamana,StitchedVamana,UNG,StitchedVamana
869,ytb_audio,and,SIEVE,1.0,SIEVE,UNG,UNG,UNG,Post-filter
869,ytb_audio,equal,UNG,1.0,UNG,UNG,UNG,UNG,Post-filter
869,ytb_audio,or,StitchedVamana,1.0,Post-filter,UNG,FilteredVamana,UNG,Post-filter
870,LAION1M,and,UNG,1.0,UNG,Post-filter,UNG,UNG,UNG
870,LAION1M,equal,UNG,1.0,UNG,UNG,UNG,UNG,UNG
870,LAION1M,or,UNG,1.0,Post-filter,UNG,UNG,UNG,UNG
870,tripclick,and,UNG,1.0,UNG,UNG,UNG,UNG,UNG
870,tripclick,equal,UNG,1.0,UNG,UNG,UNG,UNG,UNG
870,tripclick,or,UNG,1.0,Post-filter,UNG,UNG,UNG,UNG
870,yfcc,and,FilteredVamana,1.0,SIEVE,UNG,UNG,UNG,StitchedVamana
870,yfcc,equal,UNG,1.0,UNG,UNG,UNG,UNG,StitchedVamana
870,yfcc,or,FilteredVamana,1.0,Post-filter,StitchedVamana,UNG,UNG,StitchedVamana
870,ytb_audio,and,UNG,1.0,SIEVE,UNG,UNG,UNG,Post-filter
870,ytb_audio,equal,UNG,1.0,UNG,UNG,UNG,UNG,Post-filter
870,ytb_audio,or,StitchedVamana,1.0,Post-filter,UNG,FilteredVamana,UNG,Post-filter
871,LAION1M,and,UNG,1.0,UNG,Post-filter,UNG,UNG,UNG
871,LAION1M,equal,UNG,1.0,UNG,UNG,UNG,UNG,UNG
871,LAION1M,or,UNG,1.0,Post-filter,Post-filter,UNG,UNG,UNG
871,tripclick,and,UNG,1.0,UNG,UNG,UNG,UNG,UNG
871,tripclick,equal,UNG,1.0,UNG,UNG,UNG,UNG,UNG
871,tripclick,or,UNG,1.0,Post-filter,UNG,UNG,UNG,UNG
871,yfcc,and,FilteredVamana,1.0,SIEVE,UNG,UNG,UNG,StitchedVamana
871,yfcc,equal,UNG,1.0,UNG,UNG,UNG,UNG,StitchedVamana
871,yfcc,or,FilteredVamana,1.0,Post-filter,StitchedVamana,StitchedVamana,UNG,StitchedVamana
871,ytb_audio,and,SIEVE,1.0,SIEVE,UNG,UNG,UNG,Post-filter
871,ytb_audio,equal,UNG,1.0,UNG,UNG,UNG,UNG,Post-filter
871,ytb_audio,or,StitchedVamana,1.0,Post-filter,UNG,FilteredVamana,UNG,Post-filter
872,LAION1M,and,UNG,1.0,UNG,Post-filter,UNG,UNG,UNG
872,LAION1M,equal,UNG,1.0,UNG,UNG,UNG,UNG,UNG
872,LAION1M,or,UNG,1.0,Post-filter,UNG,UNG,UNG,StitchedVamana
872,tripclick,and,UNG,1.0,UNG,UNG,UNG,UNG,UNG
872,tripclick,equal,UNG,1.0,UNG,UNG,UNG,UNG,UNG
872,tripclick,or,Post-filter,1.0,Post-filter,UNG,UNG,UNG,UNG
872,yfcc,and,UNG,1.0,SIEVE,UNG,UNG,UNG,StitchedVamana
872,yfcc,equal,UNG,1.0,UNG,UNG,UNG,UNG,StitchedVamana
872,yfcc,or,FilteredVamana,1.0,Post-filter,StitchedVamana,StitchedVamana,UNG,StitchedVamana
872,ytb_audio,and,UNG,1.0,SIEVE,UNG,UNG,UNG,Post-filter
872,ytb_audio,equal,UNG,1.0,UNG,UNG,UNG,UNG,Post-filter
872,ytb_audio,or,UNG,1.0,Post-filter,UNG,FilteredVamana,UNG,Post-filter
873,LAION1M,and,UNG,1.0,UNG,UNG,UNG,UNG,UNG
873,LAION1M,equal,UNG,1.0,UNG,UNG,UNG,UNG,UNG
873,LAION1M,or,UNG,1.0,Post-filter,UNG,UNG,UNG,UNG
873,tripclick,and,UNG,1.0,UNG,UNG,UNG,UNG,UNG
873,tripclick,equal,UNG,1.0,UNG,UNG,UNG,UNG,UNG
873,tripclick,or,UNG,1.0,Post-filter,UNG,UNG,UNG,UNG
873,yfcc,and,FilteredVamana,1.0,SIEVE,UNG,UNG,UNG,StitchedVamana
873,yfcc,equal,UNG,1.0,UNG,UNG,UNG,UNG,StitchedVamana
873,yfcc,or,FilteredVamana,1.0,Post-filter,StitchedVamana,StitchedVamana,UNG,StitchedVamana
873,ytb_audio,and,SIEVE,1.0,SIEVE,UNG,UNG,UNG,Post-filter
873,ytb_audio,equal,UNG,1.0,UNG,UNG,UNG,UNG,Post-filter
873,ytb_audio,or,StitchedVamana,1.0,Post-filter,UNG,UNG,UNG,Post-filter
874,LAION1M,and,UNG,1.0,UNG,UNG,UNG,UNG,UNG
874,LAION1M,equal,UNG,1.0,UNG,UNG,UNG,UNG,UNG
874,LAION1M,or,UNG,1.0,Post-filter,UNG,UNG,UNG,UNG
874,tripclick,and,UNG,1.0,UNG,UNG,UNG,UNG,UNG
874,tripclick,equal,UNG,1.0,UNG,UNG,UNG,UNG,UNG
874,tripclick,or,UNG,1.0,Post-filter,UNG,UNG,UNG,UNG
874,yfcc,and,UNG,1.0,SIEVE,UNG,UNG,UNG,StitchedVamana
874,yfcc,equal,UNG,1.0,UNG,UNG,UNG,UNG,StitchedVamana
874,yfcc,or,FilteredVamana,1.0,Post-filter,StitchedVamana,StitchedVamana,UNG,StitchedVamana
874,ytb_audio,and,UNG,1.0,SIEVE,UNG,UNG,UNG,Post-filter
874,ytb_audio,equal,UNG,1.0,UNG,UNG,UNG,UNG,Post-filter
874,ytb_audio,or,StitchedVamana,1.0,Post-filter,UNG,FilteredVamana,UNG,Post-filter
875,LAION1M,and,UNG,1.0,UNG,UNG,UNG,UNG,UNG
875,LAION1M,equal,UNG,1.0,UNG,UNG,UNG,UNG,UNG
875,LAION1M,or,UNG,1.0,Post-filter,UNG,UNG,UNG,StitchedVamana
875,tripclick,and,UNG,1.0,UNG,UNG,UNG,UNG,UNG
875,tripclick,equal,UNG,1.0,UNG,UNG,UNG,UNG,UNG
875,tripclick,or,UNG,1.0,Post-filter,UNG,UNG,UNG,UNG
875,yfcc,and,FilteredVamana,1.0,SIEVE,UNG,UNG,UNG,StitchedVamana
875,yfcc,equal,UNG,1.0,UNG,UNG,UNG,UNG,StitchedVamana
875,yfcc,or,FilteredVamana,1.0,Post-filter,FilteredVamana,StitchedVamana,UNG,StitchedVamana
875,ytb_audio,and,UNG,1.0,SIEVE,UNG,UNG,UNG,Post-filter
875,ytb_audio,equal,UNG,1.0,UNG,UNG,UNG,UNG,Post-filter
875,ytb_audio,or,UNG,1.0,Post-filter,UNG,UNG,UNG,Post-filter
876,LAION1M,and,UNG,1.0,UNG,UNG,UNG,UNG,UNG
876,LAION1M,equal,UNG,1.0,UNG,UNG,UNG,UNG,UNG
876,LAION1M,or,UNG,1.0,Post-filter,Post-filter,UNG,UNG,UNG
876,tripclick,and,UNG,1.0,UNG,UNG,UNG,UNG,UNG
876,tripclick,equal,UNG,1.0,UNG,UNG,UNG,UNG,UNG
876,tripclick,or,UNG,1.0,Post-filter,UNG,UNG,UNG,UNG
876,yfcc,and,FilteredVamana,1.0,SIEVE,UNG,UNG,UNG,StitchedVamana
876,yfcc,equal,UNG,1.0,UNG,UNG,UNG,UNG,StitchedVamana
876,yfcc,or,FilteredVamana,1.0,Post-filter,StitchedVamana,StitchedVamana,UNG,StitchedVamana
876,ytb_audio,and,UNG,1.0,SIEVE,UNG,UNG,UNG,Post-filter
876,ytb_audio,equal,UNG,1.0,UNG,UNG,UNG,UNG,Post-filter
876,ytb_audio,or,StitchedVamana,1.0,Post-filter,UNG,FilteredVamana,UNG,Post-filter
877,LAION1M,and,UNG,1.0,UNG,UNG,UNG,UNG,UNG
877,LAION1M,equal,UNG,1.0,UNG,UNG,UNG,UNG,UNG
877,LAION1M,or,UNG,1.0,Post-filter,Post-filter,UNG,UNG,UNG
877,tripclick,and,UNG,1.0,UNG,UNG,UNG,UNG,UNG
877,tripclick,equal,UNG,1.0,UNG,UNG,UNG,UNG,UNG
877,tripclick,or,UNG,1.0,Post-filter,UNG,UNG,UNG,UNG
877,yfcc,and,UNG,1.0,SIEVE,UNG,UNG,UNG,StitchedVamana
877,yfcc,equal,UNG,1.0,UNG,UNG,UNG,UNG,StitchedVamana
877,yfcc,or,FilteredVamana,1.0,Post-filter,StitchedVamana,UNG,UNG,StitchedVamana
877,ytb_audio,and,UNG,1.0,SIEVE,UNG,UNG,UNG,Post-filter
877,ytb_audio,equal,UNG,1.0,UNG,UNG,UNG,UNG,Post-filter
877,ytb_audio,or,StitchedVamana,1.0,Post-filter,UNG,FilteredVamana,UNG,Post-filter
878,LAION1M,and,UNG,1.0,UNG,UNG,UNG,UNG,UNG
878,LAION1M,equal,UNG,1.0,UNG,UNG,UNG,UNG,UNG
878,LAION1M,or,UNG,1.0,Post-filter,UNG,UNG,UNG,StitchedVamana
878,tripclick,and,UNG,1.0,UNG,UNG,UNG,UNG,UNG
878,tripclick,equal,UNG,1.0,UNG,UNG,UNG,UNG,UNG
878,tripclick,or,UNG,1.0,Post-filter,UNG,UNG,UNG,UNG
878,yfcc,and,UNG,1.0,SIEVE,UNG,UNG,UNG,StitchedVamana
878,yfcc,equal,UNG,1.0,UNG,UNG,UNG,UNG,StitchedVamana
878,yfcc,or,FilteredVamana,1.0,Post-filter,StitchedVamana,StitchedVamana,UNG,StitchedVamana
878,ytb_audio,and,UNG,1.0,SIEVE,UNG,UNG,UNG,Post-filter
878,ytb_audio,equal,UNG,1.0,UNG,UNG,UNG,UNG,Post-filter
878,ytb_audio,or,StitchedVamana,1.0,Post-filter,UNG,FilteredVamana,UNG,Post-filter
879,LAION1M,and,UNG,1.0,UNG,UNG,UNG,UNG,UNG
879,LAION1M,equal,UNG,1.0,UNG,UNG,UNG,UNG,UNG
879,LAION1M,or,UNG,1.0,Post-filter,StitchedVamana,UNG,UNG,StitchedVamana
879,tripclick,and,UNG,1.0,UNG,UNG,UNG,UNG,UNG
879,tripclick,equal,UNG,1.0,UNG,UNG,UNG,UNG,UNG
879,tripclick,or,UNG,1.0,Post-filter,UNG,UNG,UNG,UNG
879,yfcc,and,FilteredVamana,1.0,SIEVE,UNG,UNG,UNG,StitchedVamana
879,yfcc,equal,UNG,1.0,UNG,UNG,UNG,UNG,StitchedVamana
879,yfcc,or,FilteredVamana,1.0,Post-filter,StitchedVamana,StitchedVamana,UNG,StitchedVamana
879,ytb_audio,and,UNG,1.0,SIEVE,UNG,UNG,UNG,Post-filter
879,ytb_audio,equal,UNG,1.0,UNG,UNG,UNG,UNG,Post-filter
879,ytb_audio,or,UNG,1.0,Post-filter,UNG,UNG,UNG,Post-filter
880,LAION1M,and,UNG,1.0,UNG,Post-filter,UNG,UNG,UNG
880,LAION1M,equal,UNG,1.0,UNG,UNG,UNG,UNG,UNG
880,LAION1M,or,UNG,1.0,Post-filter,Post-filter,UNG,UNG,UNG
880,tripclick,and,UNG,1.0,UNG,UNG,UNG,UNG,UNG
880,tripclick,equal,UNG,1.0,UNG,UNG,UNG,UNG,UNG
880,tripclick,or,UNG,1.0,Post-filter,UNG,UNG,UNG,UNG
880,yfcc,and,UNG,1.0,SIEVE,UNG,UNG,UNG,StitchedVamana
880,yfcc,equal,UNG,1.0,UNG,UNG,UNG,UNG,StitchedVamana
880,yfcc,or,FilteredVamana,1.0,Post-filter,UNG,StitchedVamana,UNG,StitchedVamana
880,ytb_audio,and,UNG,1.0,SIEVE,UNG,UNG,UNG,Post-filter
880,ytb_audio,equal,UNG,1.0,UNG,UNG,UNG,UNG,Post-filter
880,ytb_audio,or,StitchedVamana,1.0,Post-filter,UNG,FilteredVamana,UNG,Post-filter
881,LAION1M,and,UNG,1.0,UNG,UNG,UNG,UNG,UNG
881,LAION1M,equal,UNG,1.0,UNG,UNG,UNG,UNG,UNG
881,LAION1M,or,UNG,1.0,Post-filter,UNG,UNG,UNG,StitchedVamana
881,tripclick,and,UNG,1.0,UNG,UNG,UNG,UNG,UNG
881,tripclick,equal,UNG,1.0,UNG,UNG,UNG,UNG,UNG
881,tripclick,or,UNG,1.0,Post-filter,UNG,UNG,UNG,UNG
881,yfcc,and,UNG,1.0,SIEVE,UNG,UNG,UNG,StitchedVamana
881,yfcc,equal,UNG,1.0,UNG,UNG,UNG,UNG,StitchedVamana
881,yfcc,or,FilteredVamana,1.0,Post-filter,FilteredVamana,StitchedVamana,UNG,StitchedVamana
881,ytb_audio,and,UNG,1.0,SIEVE,UNG,UNG,UNG,Post-filter
881,ytb_audio,equal,UNG,1.0,UNG,UNG,UNG,UNG,Post-filter
881,ytb_audio,or,UNG,1.0,Post-filter,UNG,UNG,UNG,Post-filter
882,LAION1M,and,UNG,1.0,UNG,UNG,UNG,UNG,UNG
882,LAION1M,equal,UNG,1.0,UNG,UNG,UNG,UNG,UNG
882,LAION1M,or,UNG,1.0,Post-filter,Post-filter,UNG,UNG,UNG
882,tripclick,and,UNG,1.0,UNG,UNG,UNG,UNG,UNG
882,tripclick,equal,UNG,1.0,UNG,UNG,UNG,UNG,UNG
882,tripclick,or,UNG,1.0,Post-filter,UNG,UNG,UNG,UNG
882,yfcc,and,UNG,1.0,SIEVE,UNG,UNG,UNG,StitchedVamana
882,yfcc,equal,UNG,1.0,UNG,UNG,UNG,UNG,StitchedVamana
882,yfcc,or,FilteredVamana,1.0,Post-filter,StitchedVamana,StitchedVamana,UNG,StitchedVamana
882,ytb_audio,and,UNG,1.0,SIEVE,UNG,UNG,UNG,Post-filter
882,ytb_audio,equal,UNG,1.0,UNG,UNG,UNG,UNG,Post-filter
882,ytb_audio,or,StitchedVamana,1.0,Post-filter,UNG,FilteredVamana,UNG,Post-filter
883,LAION1M,and,UNG,1.0,UNG,UNG,UNG,UNG,UNG
883,LAION1M,equal,UNG,1.0,UNG,UNG,UNG,UNG,UNG
883,LAION1M,or,UNG,1.0,Post-filter,UNG,UNG,UNG,UNG
883,tripclick,and,Post-filter,1.0,UNG,UNG,UNG,UNG,UNG
883,tripclick,equal,UNG,1.0,UNG,UNG,UNG,UNG,UNG
883,tripclick,or,UNG,1.0,Post-filter,UNG,UNG,UNG,UNG
883,yfcc,and,UNG,1.0,SIEVE,UNG,UNG,UNG,StitchedVamana
883,yfcc,equal,UNG,1.0,UNG,UNG,UNG,UNG,StitchedVamana
883,yfcc,or,Post-filter,1.0,Post-filter,UNG,UNG,UNG,StitchedVamana
883,ytb_audio,and,UNG,1.0,SIEVE,UNG,UNG,UNG,Post-filter
883,ytb_audio,equal,UNG,1.0,UNG,UNG,UNG,UNG,Post-filter
883,ytb_audio,or,UNG,1.0,Post-filter,UNG,UNG,UNG,Post-filter
884,LAION1M,and,UNG,1.0,UNG,Post-filter,UNG,UNG,UNG
884,LAION1M,equal,UNG,1.0,UNG,UNG,UNG,UNG,UNG
884,LAION1M,or,UNG,1.0,Post-filter,Post-filter,UNG,UNG,UNG
884,tripclick,and,UNG,1.0,UNG,UNG,UNG,UNG,UNG
884,tripclick,equal,UNG,1.0,UNG,UNG,UNG,UNG,UNG
884,tripclick,or,UNG,1.0,Post-filter,UNG,UNG,UNG,UNG
884,yfcc,and,UNG,1.0,SIEVE,UNG,UNG,UNG,StitchedVamana
884,yfcc,equal,UNG,1.0,UNG,UNG,UNG,UNG,StitchedVamana
884,yfcc,or,FilteredVamana,1.0,Post-filter,StitchedVamana,StitchedVamana,UNG,StitchedVamana
884,ytb_audio,and,SIEVE,1.0,SIEVE,UNG,UNG,UNG,Post-filter
884,ytb_audio,equal,UNG,1.0,UNG,UNG,UNG,UNG,Post-filter
884,ytb_audio,or,StitchedVamana,1.0,Post-filter,UNG,FilteredVamana,UNG,Post-filter
885,LAION1M,and,UNG,1.0,UNG,Post-filter,UNG,UNG,UNG
885,LAION1M,equal,UNG,1.0,UNG,UNG,UNG,UNG,UNG
885,LAION1M,or,UNG,1.0,Post-filter,Post-filter,UNG,UNG,UNG
885,tripclick,and,UNG,1.0,UNG,UNG,UNG,UNG,UNG
885,tripclick,equal,UNG,1.0,UNG,UNG,UNG,UNG,UNG
885,tripclick,or,UNG,1.0,Post-filter,UNG,UNG,UNG,UNG
885,yfcc,and,UNG,1.0,SIEVE,UNG,UNG,UNG,StitchedVamana
885,yfcc,equal,UNG,1.0,UNG,UNG,UNG,UNG,StitchedVamana
885,yfcc,or,FilteredVamana,1.0,Post-filter,StitchedVamana,StitchedVamana,UNG,StitchedVamana
885,ytb_audio,and,UNG,1.0,SIEVE,UNG,UNG,UNG,Post-filter
885,ytb_audio,equal,UNG,1.0,UNG,UNG,UNG,UNG,Post-filter
885,ytb_audio,or,Post-filter,1.0,Post-filter,UNG,UNG,UNG,Post-filter
886,LAION1M,and,UNG,1.0,UNG,UNG,UNG,UNG,UNG
886,LAION1M,equal,UNG,1.0,UNG,UNG,UNG,UNG,UNG
886,LAION1M,or,UNG,1.0,Post-filter,UNG,UNG,UNG,StitchedVamana
886,tripclick,and,UNG,1.0,UNG,UNG,UNG,UNG,UNG
886,tripclick,equal,UNG,1.0,UNG,UNG,UNG,UNG,UNG
886,tripclick,or,UNG,1.0,Post-filter,UNG,UNG,UNG,UNG
886,yfcc,and,FilteredVamana,1.0,SIEVE,UNG,UNG,UNG,StitchedVamana
886,yfcc,equal,UNG,1.0,UNG,UNG,UNG,UNG,StitchedVamana
886,yfcc,or,FilteredVamana,1.0,Post-filter,StitchedVamana,StitchedVamana,UNG,StitchedVamana
886,ytb_audio,and,UNG,1.0,SIEVE,UNG,UNG,UNG,Post-filter
886,ytb_audio,equal,UNG,1.0,UNG,UNG,UNG,UNG,Post-filter
886,ytb_audio,or,Post-filter,1.0,Post-filter,UNG,UNG,UNG,Post-filter
887,LAION1M,and,UNG,1.0,UNG,UNG,UNG,UNG,UNG
887,LAION1M,equal,UNG,1.0,UNG,UNG,UNG,UNG,UNG
887,LAION1M,or,UNG,1.0,Post-filter,Post-filter,UNG,FilteredVamana,StitchedVamana
887,tripclick,and,UNG,1.0,UNG,UNG,UNG,UNG,UNG
887,tripclick,equal,UNG,1.0,UNG,UNG,UNG,UNG,UNG
887,tripclick,or,UNG,1.0,Post-filter,UNG,UNG,UNG,UNG
887,yfcc,and,UNG,1.0,SIEVE,UNG,UNG,UNG,StitchedVamana
887,yfcc,equal,UNG,1.0,UNG,UNG,UNG,UNG,StitchedVamana
887,yfcc,or,FilteredVamana,1.0,Post-filter,StitchedVamana,StitchedVamana,UNG,StitchedVamana
887,ytb_audio,and,UNG,1.0,SIEVE,UNG,UNG,UNG,Post-filter
887,ytb_audio,equal,UNG,1.0,UNG,UNG,UNG,UNG,Post-filter
887,ytb_audio,or,SIEVE,1.0,Post-filter,UNG,UNG,UNG,Post-filter
888,LAION1M,and,UNG,1.0,UNG,UNG,UNG,UNG,UNG
888,LAION1M,equal,UNG,1.0,UNG,UNG,UNG,UNG,UNG
888,LAION1M,or,UNG,1.0,Post-filter,UNG,UNG,UNG,StitchedVamana
888,tripclick,and,UNG,1.0,UNG,UNG,UNG,UNG,UNG
888,tripclick,equal,UNG,1.0,UNG,UNG,UNG,UNG,UNG
888,tripclick,or,UNG,1.0,Post-filter,UNG,UNG,UNG,UNG
888,yfcc,and,UNG,1.0,SIEVE,UNG,UNG,UNG,StitchedVamana
888,yfcc,equal,UNG,1.0,UNG,UNG,UNG,UNG,StitchedVamana
888,yfcc,or,FilteredVamana,1.0,Post-filter,StitchedVamana,StitchedVamana,UNG,StitchedVamana
888,ytb_audio,and,SIEVE,1.0,SIEVE,UNG,UNG,UNG,Post-filter
888,ytb_audio,equal,UNG,1.0,UNG,UNG,UNG,UNG,Post-filter
888,ytb_audio,or,UNG,1.0,Post-filter,UNG,UNG,UNG,Post-filter
889,LAION1M,and,UNG,1.0,UNG,UNG,UNG,UNG,UNG
889,LAION1M,equal,UNG,1.0,UNG,UNG,UNG,UNG,UNG
889,LAION1M,or,UNG,1.0,Post-filter,UNG,UNG,UNG,StitchedVamana
889,tripclick,and,UNG,1.0,UNG,UNG,UNG,UNG,UNG
889,tripclick,equal,UNG,1.0,UNG,UNG,UNG,UNG,UNG
889,tripclick,or,UNG,1.0,Post-filter,UNG,UNG,UNG,UNG
889,yfcc,and,UNG,1.0,SIEVE,UNG,UNG,UNG,StitchedVamana
889,yfcc,equal,UNG,1.0,UNG,UNG,UNG,UNG,StitchedVamana
889,yfcc,or,FilteredVamana,1.0,Post-filter,StitchedVamana,StitchedVamana,UNG,StitchedVamana
889,ytb_audio,and,UNG,1.0,SIEVE,UNG,UNG,UNG,Post-filter
889,ytb_audio,equal,UNG,1.0,UNG,UNG,UNG,UNG,Post-filter
889,ytb_audio,or,StitchedVamana,1.0,Post-filter,UNG,FilteredVamana,UNG,Post-filter
890,LAION1M,and,UNG,1.0,UNG,UNG,UNG,UNG,UNG
890,LAION1M,equal,UNG,1.0,UNG,UNG,UNG,UNG,UNG
890,LAION1M,or,UNG,1.0,Post-filter,Post-filter,UNG,FilteredVamana,StitchedVamana
890,tripclick,and,UNG,1.0,UNG,UNG,UNG,UNG,UNG
890,tripclick,equal,UNG,1.0,UNG,UNG,UNG,UNG,UNG
890,tripclick,or,UNG,1.0,Post-filter,UNG,UNG,UNG,UNG
890,yfcc,and,UNG,1.0,SIEVE,UNG,UNG,UNG,StitchedVamana
890,yfcc,equal,UNG,1.0,UNG,UNG,UNG,UNG,StitchedVamana
890,yfcc,or,FilteredVamana,1.0,Post-filter,StitchedVamana,StitchedVamana,UNG,StitchedVamana
890,ytb_audio,and,UNG,1.0,SIEVE,UNG,UNG,UNG,Post-filter
890,ytb_audio,equal,UNG,1.0,UNG,UNG,UNG,UNG,Post-filter
890,ytb_audio,or,StitchedVamana,1.0,Post-filter,UNG,FilteredVamana,UNG,Post-filter
891,LAION1M,and,UNG,1.0,UNG,UNG,UNG,UNG,UNG
891,LAION1M,equal,UNG,1.0,UNG,UNG,UNG,UNG,UNG
891,LAION1M,or,UNG,1.0,Post-filter,Post-filter,UNG,UNG,UNG
891,tripclick,and,UNG,1.0,UNG,UNG,UNG,UNG,UNG
891,tripclick,equal,UNG,1.0,UNG,UNG,UNG,UNG,UNG
891,tripclick,or,UNG,1.0,Post-filter,UNG,UNG,UNG,UNG
891,yfcc,and,FilteredVamana,1.0,SIEVE,UNG,UNG,UNG,StitchedVamana
891,yfcc,equal,UNG,1.0,UNG,UNG,UNG,UNG,StitchedVamana
891,yfcc,or,FilteredVamana,1.0,Post-filter,UNG,StitchedVamana,UNG,StitchedVamana
891,ytb_audio,and,SIEVE,1.0,SIEVE,UNG,UNG,UNG,Post-filter
891,ytb_audio,equal,UNG,1.0,UNG,UNG,UNG,UNG,Post-filter
891,ytb_audio,or,UNG,1.0,Post-filter,UNG,FilteredVamana,UNG,Post-filter
892,LAION1M,and,UNG,1.0,UNG,UNG,UNG,UNG,UNG
892,LAION1M,equal,UNG,1.0,UNG,UNG,UNG,UNG,UNG
892,LAION1M,or,UNG,1.0,Post-filter,Post-filter,UNG,UNG,UNG
892,tripclick,and,UNG,1.0,UNG,UNG,UNG,UNG,UNG
892,tripclick,equal,UNG,1.0,UNG,UNG,UNG,UNG,UNG
892,tripclick,or,UNG,1.0,Post-filter,UNG,UNG,UNG,UNG
892,yfcc,and,FilteredVamana,1.0,SIEVE,UNG,UNG,UNG,StitchedVamana
892,yfcc,equal,UNG,1.0,UNG,UNG,UNG,UNG,StitchedVamana
892,yfcc,or,FilteredVamana,1.0,Post-filter,StitchedVamana,StitchedVamana,UNG,StitchedVamana
892,ytb_audio,and,SIEVE,1.0,SIEVE,UNG,UNG,UNG,Post-filter
892,ytb_audio,equal,UNG,1.0,UNG,UNG,UNG,UNG,Post-filter
892,ytb_audio,or,StitchedVamana,1.0,Post-filter,UNG,FilteredVamana,UNG,Post-filter
893,LAION1M,and,UNG,1.0,UNG,UNG,UNG,UNG,UNG
893,LAION1M,equal,UNG,1.0,UNG,UNG,UNG,UNG,UNG
893,LAION1M,or,UNG,1.0,Post-filter,Post-filter,UNG,FilteredVamana,StitchedVamana
893,tripclick,and,UNG,1.0,UNG,UNG,UNG,UNG,UNG
893,tripclick,equal,UNG,1.0,UNG,UNG,UNG,UNG,UNG
893,tripclick,or,UNG,1.0,Post-filter,UNG,UNG,UNG,UNG
893,yfcc,and,UNG,1.0,SIEVE,UNG,UNG,UNG,StitchedVamana
893,yfcc,equal,UNG,1.0,UNG,UNG,UNG,UNG,StitchedVamana
893,yfcc,or,FilteredVamana,1.0,Post-filter,StitchedVamana,StitchedVamana,UNG,StitchedVamana
893,ytb_audio,and,SIEVE,1.0,SIEVE,UNG,UNG,UNG,Post-filter
893,ytb_audio,equal,UNG,1.0,UNG,UNG,UNG,UNG,Post-filter
893,ytb_audio,or,StitchedVamana,1.0,Post-filter,UNG,FilteredVamana,UNG,Post-filter
894,LAION1M,and,UNG,1.0,UNG,UNG,UNG,UNG,UNG
894,LAION1M,equal,UNG,1.0,UNG,UNG,UNG,UNG,UNG
894,LAION1M,or,UNG,1.0,Post-filter,UNG,UNG,UNG,StitchedVamana
894,tripclick,and,UNG,1.0,UNG,UNG,UNG,UNG,UNG
894,tripclick,equal,UNG,1.0,UNG,UNG,UNG,UNG,UNG
894,tripclick,or,UNG,1.0,Post-filter,UNG,UNG,UNG,UNG
894,yfcc,and,UNG,1.0,SIEVE,UNG,UNG,UNG,StitchedVamana
894,yfcc,equal,UNG,1.0,UNG,UNG,UNG,UNG,StitchedVamana
894,yfcc,or,FilteredVamana,1.0,Post-filter,StitchedVamana,StitchedVamana,UNG,StitchedVamana
894,ytb_audio,and,UNG,1.0,SIEVE,UNG,UNG,UNG,Post-filter
894,ytb_audio,equal,UNG,1.0,UNG,UNG,UNG,UNG,Post-filter
894,ytb_audio,or,SIEVE,1.0,Post-filter,UNG,UNG,UNG,Post-filter
895,LAION1M,and,UNG,1.0,UNG,UNG,UNG,UNG,UNG
895,LAION1M,equal,UNG,1.0,UNG,UNG,UNG,UNG,UNG
895,LAION1M,or,UNG,1.0,Post-filter,Post-filter,UNG,UNG,UNG
895,tripclick,and,UNG,1.0,UNG,UNG,UNG,UNG,UNG
895,tripclick,equal,UNG,1.0,UNG,UNG,UNG,UNG,UNG
895,tripclick,or,UNG,1.0,Post-filter,UNG,UNG,UNG,UNG
895,yfcc,and,UNG,1.0,SIEVE,UNG,UNG,UNG,StitchedVamana
895,yfcc,equal,UNG,1.0,UNG,UNG,UNG,UNG,StitchedVamana
895,yfcc,or,FilteredVamana,1.0,Post-filter,StitchedVamana,StitchedVamana,UNG,StitchedVamana
895,ytb_audio,and,UNG,1.0,SIEVE,UNG,UNG,UNG,Post-filter
895,ytb_audio,equal,UNG,1.0,UNG,UNG,UNG,UNG,Post-filter
895,ytb_audio,or,StitchedVamana,1.0,Post-filter,UNG,UNG,UNG,Post-filter
896,LAION1M,and,UNG,1.0,UNG,UNG,UNG,UNG,UNG
896,LAION1M,equal,UNG,1.0,UNG,UNG,UNG,UNG,UNG
896,LAION1M,or,UNG,1.0,Post-filter,UNG,UNG,UNG,StitchedVamana
896,tripclick,and,UNG,1.0,UNG,UNG,UNG,UNG,UNG
896,tripclick,equal,UNG,1.0,UNG,UNG,UNG,UNG,UNG
896,tripclick,or,UNG,1.0,Post-filter,UNG,UNG,UNG,UNG
896,yfcc,and,UNG,1.0,SIEVE,UNG,UNG,UNG,StitchedVamana
896,yfcc,equal,UNG,1.0,UNG,UNG,UNG,UNG,StitchedVamana
896,yfcc,or,FilteredVamana,1.0,Post-filter,StitchedVamana,StitchedVamana,UNG,StitchedVamana
896,ytb_audio,and,UNG,1.0,SIEVE,UNG,UNG,UNG,Post-filter
896,ytb_audio,equal,UNG,1.0,UNG,UNG,UNG,UNG,Post-filter
896,ytb_audio,or,StitchedVamana,1.0,Post-filter,UNG,UNG,UNG,Post-filter
897,LAION1M,and,UNG,1.0,UNG,UNG,UNG,UNG,UNG
897,LAION1M,equal,UNG,1.0,UNG,UNG,UNG,UNG,UNG
897,LAION1M,or,UNG,1.0,Post-filter,UNG,UNG,UNG,UNG
897,tripclick,and,UNG,1.0,UNG,UNG,UNG,UNG,UNG
897,tripclick,equal,UNG,1.0,UNG,UNG,UNG,UNG,UNG
897,tripclick,or,UNG,1.0,Post-filter,UNG,UNG,UNG,UNG
897,yfcc,and,Post-filter,1.0,SIEVE,UNG,UNG,UNG,StitchedVamana
897,yfcc,equal,UNG,1.0,UNG,UNG,UNG,UNG,StitchedVamana
897,yfcc,or,FilteredVamana,1.0,Post-filter,StitchedVamana,StitchedVamana,UNG,StitchedVamana
897,ytb_audio,and,SIEVE,1.0,SIEVE,UNG,UNG,UNG,Post-filter
897,ytb_audio,equal,UNG,1.0,UNG,UNG,UNG,UNG,Post-filter
897,ytb_audio,or,StitchedVamana,1.0,Post-filter,UNG,UNG,UNG,Post-filter
898,LAION1M,and,UNG,1.0,UNG,Post-filter,UNG,UNG,UNG
898,LAION1M,equal,UNG,1.0,UNG,UNG,UNG,UNG,UNG
898,LAION1M,or,UNG,1.0,Post-filter,UNG,UNG,UNG,StitchedVamana
898,tripclick,and,UNG,1.0,UNG,UNG,UNG,UNG,UNG
898,tripclick,equal,UNG,1.0,UNG,UNG,UNG,UNG,UNG
898,tripclick,or,UNG,1.0,Post-filter,UNG,UNG,UNG,UNG
898,yfcc,and,UNG,1.0,SIEVE,UNG,UNG,UNG,StitchedVamana
898,yfcc,equal,UNG,1.0,UNG,UNG,UNG,UNG,StitchedVamana
898,yfcc,or,FilteredVamana,1.0,Post-filter,StitchedVamana,StitchedVamana,UNG,StitchedVamana
898,ytb_audio,and,UNG,1.0,SIEVE,UNG,UNG,UNG,Post-filter
898,ytb_audio,equal,UNG,1.0,UNG,UNG,UNG,UNG,Post-filter
898,ytb_audio,or,Post-filter,1.0,Post-filter,UNG,UNG,UNG,Post-filter
899,LAION1M,and,UNG,1.0,UNG,UNG,UNG,UNG,UNG
899,LAION1M,equal,UNG,1.0,UNG,UNG,UNG,UNG,UNG
899,LAION1M,or,UNG,1.0,Post-filter,Post-filter,UNG,UNG,UNG
899,tripclick,and,UNG,1.0,UNG,UNG,UNG,UNG,UNG
899,tripclick,equal,UNG,1.0,UNG,UNG,UNG,UNG,UNG
899,tripclick,or,UNG,1.0,Post-filter,UNG,UNG,UNG,UNG
899,yfcc,and,FilteredVamana,1.0,SIEVE,UNG,UNG,UNG,StitchedVamana
899,yfcc,equal,UNG,1.0,UNG,UNG,UNG,UNG,StitchedVamana
899,yfcc,or,FilteredVamana,1.0,Post-filter,StitchedVamana,StitchedVamana,UNG,StitchedVamana
899,ytb_audio,and,SIEVE,1.0,SIEVE,UNG,UNG,UNG,Post-filter
899,ytb_audio,equal,UNG,1.0,UNG,UNG,UNG,UNG,Post-filter
899,ytb_audio,or,UNG,1.0,Post-filter,UNG,UNG,UNG,Post-filter
900,LAION1M,and,UNG,1.0,UNG,UNG,UNG,UNG,UNG
900,LAION1M,equal,UNG,1.0,UNG,UNG,UNG,UNG,UNG
900,LAION1M,or,UNG,1.0,Post-filter,UNG,UNG,UNG,UNG
900,tripclick,and,UNG,1.0,UNG,UNG,UNG,UNG,UNG
900,tripclick,equal,UNG,1.0,UNG,UNG,UNG,UNG,UNG
900,tripclick,or,UNG,1.0,Post-filter,UNG,UNG,UNG,UNG
900,yfcc,and,UNG,1.0,SIEVE,UNG,UNG,UNG,StitchedVamana
900,yfcc,equal,UNG,1.0,UNG,UNG,UNG,UNG,StitchedVamana
900,yfcc,or,FilteredVamana,1.0,Post-filter,StitchedVamana,StitchedVamana,UNG,StitchedVamana
900,ytb_audio,and,SIEVE,1.0,SIEVE,UNG,UNG,UNG,Post-filter
900,ytb_audio,equal,UNG,1.0,UNG,UNG,UNG,UNG,Post-filter
900,ytb_audio,or,UNG,1.0,Post-filter,UNG,UNG,UNG,Post-filter
901,LAION1M,and,UNG,1.0,UNG,UNG,UNG,UNG,UNG
901,LAION1M,equal,UNG,1.0,UNG,UNG,UNG,UNG,UNG
901,LAION1M,or,UNG,1.0,Post-filter,Post-filter,UNG,UNG,UNG
901,tripclick,and,UNG,1.0,UNG,UNG,UNG,UNG,UNG
901,tripclick,equal,UNG,1.0,UNG,UNG,UNG,UNG,UNG
901,tripclick,or,UNG,1.0,Post-filter,UNG,UNG,UNG,UNG
901,yfcc,and,UNG,1.0,SIEVE,UNG,UNG,UNG,StitchedVamana
901,yfcc,equal,UNG,1.0,UNG,UNG,UNG,UNG,StitchedVamana
901,yfcc,or,FilteredVamana,1.0,Post-filter,StitchedVamana,UNG,UNG,StitchedVamana
901,ytb_audio,and,UNG,1.0,SIEVE,UNG,UNG,UNG,Post-filter
901,ytb_audio,equal,UNG,0.7,UNG,UNG,UNG,UNG,Post-filter
901,ytb_audio,or,Post-filter,1.0,Post-filter,UNG,UNG,UNG,Post-filter
902,LAION1M,and,UNG,1.0,UNG,UNG,UNG,UNG,UNG
902,LAION1M,equal,UNG,1.0,UNG,UNG,UNG,UNG,UNG
902,LAION1M,or,UNG,1.0,Post-filter,UNG,UNG,UNG,UNG
902,tripclick,and,Post-filter,1.0,UNG,UNG,UNG,UNG,UNG
902,tripclick,equal,UNG,1.0,UNG,UNG,UNG,UNG,UNG
902,tripclick,or,Post-filter,1.0,Post-filter,UNG,UNG,UNG,UNG
902,yfcc,and,UNG,1.0,SIEVE,UNG,UNG,UNG,StitchedVamana
902,yfcc,equal,UNG,1.0,UNG,UNG,UNG,UNG,StitchedVamana
902,yfcc,or,FilteredVamana,1.0,Post-filter,StitchedVamana,StitchedVamana,UNG,StitchedVamana
902,ytb_audio,and,UNG,1.0,SIEVE,UNG,UNG,UNG,Post-filter
902,ytb_audio,equal,UNG,1.0,UNG,UNG,UNG,UNG,Post-filter
902,ytb_audio,or,StitchedVamana,1.0,Post-filter,UNG,UNG,UNG,Post-filter
903,LAION1M,and,UNG,1.0,UNG,UNG,UNG,UNG,UNG
903,LAION1M,equal,UNG,1.0,UNG,UNG,UNG,UNG,UNG
903,LAION1M,or,UNG,1.0,Post-filter,Post-filter,UNG,UNG,UNG
903,tripclick,and,UNG,1.0,UNG,UNG,UNG,UNG,UNG
903,tripclick,equal,UNG,1.0,UNG,UNG,UNG,UNG,UNG
903,tripclick,or,UNG,1.0,Post-filter,UNG,UNG,UNG,UNG
903,yfcc,and,UNG,1.0,SIEVE,UNG,UNG,UNG,StitchedVamana
903,yfcc,equal,UNG,1.0,UNG,UNG,UNG,UNG,StitchedVamana
903,yfcc,or,FilteredVamana,1.0,Post-filter,StitchedVamana,UNG,UNG,StitchedVamana
903,ytb_audio,and,UNG,1.0,SIEVE,UNG,UNG,UNG,Post-filter
903,ytb_audio,equal,UNG,1.0,UNG,UNG,UNG,UNG,Post-filter
903,ytb_audio,or,StitchedVamana,1.0,Post-filter,UNG,UNG,UNG,Post-filter
904,LAION1M,and,UNG,1.0,UNG,UNG,UNG,UNG,UNG
904,LAION1M,equal,UNG,1.0,UNG,UNG,UNG,UNG,UNG
904,LAION1M,or,UNG,1.0,Post-filter,Post-filter,UNG,UNG,UNG
904,tripclick,and,UNG,1.0,UNG,UNG,UNG,UNG,UNG
904,tripclick,equal,UNG,1.0,UNG,UNG,UNG,UNG,UNG
904,tripclick,or,UNG,1.0,Post-filter,UNG,UNG,UNG,UNG
904,yfcc,and,UNG,1.0,SIEVE,UNG,UNG,UNG,StitchedVamana
904,yfcc,equal,UNG,1.0,UNG,UNG,UNG,UNG,StitchedVamana
904,yfcc,or,FilteredVamana,1.0,Post-filter,StitchedVamana,UNG,UNG,StitchedVamana
904,ytb_audio,and,UNG,1.0,SIEVE,UNG,UNG,UNG,Post-filter
904,ytb_audio,equal,UNG,1.0,UNG,UNG,UNG,UNG,Post-filter
904,ytb_audio,or,UNG,1.0,Post-filter,UNG,UNG,UNG,Post-filter
905,LAION1M,and,UNG,1.0,UNG,Post-filter,UNG,UNG,UNG
905,LAION1M,equal,UNG,1.0,UNG,UNG,UNG,UNG,UNG
905,LAION1M,or,Post-filter,1.0,Post-filter,Post-filter,UNG,UNG,UNG
905,tripclick,and,UNG,1.0,UNG,UNG,UNG,UNG,UNG
905,tripclick,equal,UNG,1.0,UNG,UNG,UNG,UNG,UNG
905,tripclick,or,UNG,1.0,Post-filter,UNG,UNG,UNG,UNG
905,yfcc,and,FilteredVamana,1.0,SIEVE,UNG,UNG,UNG,StitchedVamana
905,yfcc,equal,UNG,1.0,UNG,UNG,UNG,UNG,StitchedVamana
905,yfcc,or,FilteredVamana,1.0,Post-filter,FilteredVamana,StitchedVamana,UNG,StitchedVamana
905,ytb_audio,and,UNG,1.0,SIEVE,UNG,UNG,UNG,Post-filter
905,ytb_audio,equal,UNG,1.0,UNG,UNG,UNG,UNG,Post-filter
905,ytb_audio,or,StitchedVamana,1.0,Post-filter,UNG,FilteredVamana,UNG,Post-filter
906,LAION1M,and,UNG,1.0,UNG,Post-filter,UNG,UNG,UNG
906,LAION1M,equal,UNG,1.0,UNG,UNG,UNG,UNG,UNG
906,LAION1M,or,UNG,1.0,Post-filter,UNG,UNG,UNG,StitchedVamana
906,tripclick,and,UNG,1.0,UNG,UNG,UNG,UNG,UNG
906,tripclick,equal,UNG,1.0,UNG,UNG,UNG,UNG,UNG
906,tripclick,or,UNG,1.0,Post-filter,UNG,UNG,UNG,UNG
906,yfcc,and,UNG,1.0,SIEVE,UNG,UNG,UNG,StitchedVamana
906,yfcc,equal,UNG,1.0,UNG,UNG,UNG,UNG,StitchedVamana
906,yfcc,or,FilteredVamana,1.0,Post-filter,StitchedVamana,StitchedVamana,UNG,StitchedVamana
906,ytb_audio,and,SIEVE,1.0,SIEVE,UNG,UNG,UNG,Post-filter
906,ytb_audio,equal,UNG,1.0,UNG,UNG,UNG,UNG,Post-filter
906,ytb_audio,or,StitchedVamana,1.0,Post-filter,UNG,FilteredVamana,UNG,Post-filter
907,LAION1M,and,UNG,1.0,UNG,Post-filter,UNG,UNG,UNG
907,LAION1M,equal,UNG,1.0,UNG,UNG,UNG,UNG,UNG
907,LAION1M,or,UNG,1.0,Post-filter,UNG,UNG,UNG,StitchedVamana
907,tripclick,and,UNG,1.0,UNG,UNG,UNG,UNG,UNG
907,tripclick,equal,UNG,1.0,UNG,UNG,UNG,UNG,UNG
907,tripclick,or,UNG,1.0,Post-filter,UNG,UNG,UNG,UNG
907,yfcc,and,FilteredVamana,1.0,SIEVE,UNG,UNG,UNG,StitchedVamana
907,yfcc,equal,UNG,1.0,UNG,UNG,UNG,UNG,StitchedVamana
907,yfcc,or,FilteredVamana,1.0,Post-filter,StitchedVamana,StitchedVamana,UNG,StitchedVamana
907,ytb_audio,and,UNG,1.0,SIEVE,UNG,UNG,UNG,Post-filter
907,ytb_audio,equal,UNG,1.0,UNG,UNG,UNG,UNG,Post-filter
907,ytb_audio,or,StitchedVamana,1.0,Post-filter,UNG,FilteredVamana,UNG,Post-filter
908,LAION1M,and,UNG,1.0,UNG,UNG,UNG,UNG,UNG
908,LAION1M,equal,UNG,1.0,UNG,UNG,UNG,UNG,UNG
908,LAION1M,or,UNG,1.0,Post-filter,Post-filter,UNG,UNG,UNG
908,tripclick,and,UNG,1.0,UNG,UNG,UNG,UNG,UNG
908,tripclick,equal,UNG,1.0,UNG,UNG,UNG,UNG,UNG
908,tripclick,or,UNG,1.0,Post-filter,UNG,UNG,UNG,UNG
908,yfcc,and,FilteredVamana,1.0,SIEVE,UNG,UNG,UNG,StitchedVamana
908,yfcc,equal,UNG,1.0,UNG,UNG,UNG,UNG,StitchedVamana
908,yfcc,or,FilteredVamana,1.0,Post-filter,FilteredVamana,StitchedVamana,UNG,StitchedVamana
908,ytb_audio,and,UNG,1.0,SIEVE,UNG,UNG,UNG,Post-filter
908,ytb_audio,equal,UNG,1.0,UNG,UNG,UNG,UNG,Post-filter
908,ytb_audio,or,StitchedVamana,1.0,Post-filter,UNG,UNG,UNG,Post-filter
909,LAION1M,and,UNG,1.0,UNG,UNG,UNG,UNG,UNG
909,LAION1M,equal,UNG,1.0,UNG,UNG,UNG,UNG,UNG
909,LAION1M,or,UNG,1.0,Post-filter,UNG,UNG,UNG,StitchedVamana
909,tripclick,and,UNG,1.0,UNG,UNG,UNG,UNG,UNG
909,tripclick,equal,UNG,1.0,UNG,UNG,UNG,UNG,UNG
909,tripclick,or,UNG,1.0,Post-filter,UNG,UNG,UNG,UNG
909,yfcc,and,UNG,1.0,SIEVE,UNG,UNG,UNG,StitchedVamana
909,yfcc,equal,UNG,1.0,UNG,UNG,UNG,UNG,StitchedVamana
909,yfcc,or,FilteredVamana,1.0,Post-filter,StitchedVamana,StitchedVamana,UNG,StitchedVamana
909,ytb_audio,and,UNG,1.0,SIEVE,UNG,UNG,UNG,Post-filter
909,ytb_audio,equal,UNG,1.0,UNG,UNG,UNG,UNG,Post-filter
909,ytb_audio,or,StitchedVamana,1.0,Post-filter,UNG,FilteredVamana,UNG,Post-filter
910,LAION1M,and,UNG,1.0,UNG,Post-filter,UNG,UNG,UNG
910,LAION1M,equal,UNG,1.0,UNG,UNG,UNG,UNG,UNG
910,LAION1M,or,UNG,1.0,Post-filter,Post-filter,UNG,UNG,UNG
910,tripclick,and,UNG,1.0,UNG,UNG,UNG,UNG,UNG
910,tripclick,equal,UNG,1.0,UNG,UNG,UNG,UNG,UNG
910,tripclick,or,UNG,1.0,Post-filter,UNG,UNG,UNG,UNG
910,yfcc,and,UNG,1.0,SIEVE,UNG,UNG,UNG,StitchedVamana
910,yfcc,equal,UNG,1.0,UNG,UNG,UNG,UNG,StitchedVamana
910,yfcc,or,FilteredVamana,1.0,Post-filter,StitchedVamana,StitchedVamana,UNG,StitchedVamana
910,ytb_audio,and,UNG,1.0,SIEVE,UNG,UNG,UNG,Post-filter
910,ytb_audio,equal,UNG,1.0,UNG,UNG,UNG,UNG,Post-filter
910,ytb_audio,or,StitchedVamana,1.0,Post-filter,UNG,FilteredVamana,UNG,Post-filter
911,LAION1M,and,UNG,1.0,UNG,UNG,UNG,UNG,UNG
911,LAION1M,equal,UNG,1.0,UNG,UNG,UNG,UNG,UNG
911,LAION1M,or,UNG,1.0,Post-filter,UNG,UNG,UNG,StitchedVamana
911,tripclick,and,UNG,1.0,UNG,UNG,UNG,UNG,UNG
911,tripclick,equal,UNG,1.0,UNG,UNG,UNG,UNG,UNG
911,tripclick,or,UNG,1.0,Post-filter,UNG,UNG,UNG,UNG
911,yfcc,and,UNG,1.0,SIEVE,UNG,UNG,UNG,StitchedVamana
911,yfcc,equal,UNG,1.0,UNG,UNG,UNG,UNG,StitchedVamana
911,yfcc,or,FilteredVamana,1.0,Post-filter,FilteredVamana,StitchedVamana,UNG,StitchedVamana
911,ytb_audio,and,SIEVE,1.0,SIEVE,UNG,UNG,UNG,Post-filter
911,ytb_audio,equal,UNG,1.0,UNG,UNG,UNG,UNG,Post-filter
911,ytb_audio,or,UNG,1.0,Post-filter,UNG,UNG,UNG,Post-filter
912,LAION1M,and,UNG,1.0,UNG,Post-filter,UNG,UNG,UNG
912,LAION1M,equal,UNG,1.0,UNG,UNG,UNG,UNG,UNG
912,LAION1M,or,UNG,1.0,Post-filter,UNG,UNG,UNG,UNG
912,tripclick,and,UNG,1.0,UNG,UNG,UNG,UNG,UNG
912,tripclick,equal,UNG,1.0,UNG,UNG,UNG,UNG,UNG
912,tripclick,or,UNG,1.0,Post-filter,UNG,UNG,UNG,UNG
912,yfcc,and,UNG,1.0,SIEVE,UNG,UNG,UNG,StitchedVamana
912,yfcc,equal,UNG,1.0,UNG,UNG,UNG,UNG,StitchedVamana
912,yfcc,or,FilteredVamana,1.0,Post-filter,StitchedVamana,StitchedVamana,UNG,StitchedVamana
912,ytb_audio,and,SIEVE,0.9,SIEVE,UNG,UNG,UNG,Post-filter
912,ytb_audio,equal,UNG,1.0,UNG,UNG,UNG,UNG,Post-filter
912,ytb_audio,or,StitchedVamana,1.0,Post-filter,UNG,FilteredVamana,UNG,Post-filter
913,LAION1M,and,UNG,1.0,UNG,UNG,UNG,UNG,UNG
913,LAION1M,equal,UNG,1.0,UNG,UNG,UNG,UNG,UNG
913,LAION1M,or,UNG,1.0,Post-filter,Post-filter,UNG,FilteredVamana,StitchedVamana
913,tripclick,and,UNG,1.0,UNG,UNG,UNG,UNG,UNG
913,tripclick,equal,UNG,1.0,UNG,UNG,UNG,UNG,UNG
913,tripclick,or,UNG,1.0,Post-filter,UNG,UNG,UNG,UNG
913,yfcc,and,FilteredVamana,1.0,SIEVE,UNG,UNG,UNG,StitchedVamana
913,yfcc,equal,UNG,1.0,UNG,UNG,UNG,UNG,StitchedVamana
913,yfcc,or,FilteredVamana,1.0,Post-filter,StitchedVamana,StitchedVamana,UNG,StitchedVamana
913,ytb_audio,and,UNG,1.0,SIEVE,UNG,UNG,UNG,Post-filter
913,ytb_audio,equal,UNG,0.9,UNG,UNG,UNG,UNG,Post-filter
913,ytb_audio,or,StitchedVamana,1.0,Post-filter,UNG,FilteredVamana,UNG,Post-filter
914,LAION1M,and,UNG,1.0,UNG,UNG,UNG,UNG,UNG
914,LAION1M,equal,UNG,1.0,UNG,UNG,UNG,UNG,UNG
914,LAION1M,or,UNG,1.0,Post-filter,Post-filter,UNG,UNG,UNG
914,tripclick,and,UNG,1.0,UNG,UNG,UNG,UNG,UNG
914,tripclick,equal,UNG,1.0,UNG,UNG,UNG,UNG,UNG
914,tripclick,or,Post-filter,1.0,Post-filter,UNG,UNG,UNG,UNG
914,yfcc,and,UNG,1.0,SIEVE,UNG,UNG,UNG,StitchedVamana
914,yfcc,equal,UNG,1.0,UNG,UNG,UNG,UNG,StitchedVamana
914,yfcc,or,FilteredVamana,1.0,Post-filter,StitchedVamana,StitchedVamana,UNG,StitchedVamana
914,ytb_audio,and,UNG,1.0,SIEVE,UNG,UNG,UNG,Post-filter
914,ytb_audio,equal,UNG,1.0,UNG,UNG,UNG,UNG,Post-filter
914,ytb_audio,or,StitchedVamana,1.0,Post-filter,UNG,FilteredVamana,UNG,Post-filter
915,LAION1M,and,UNG,1.0,UNG,UNG,UNG,UNG,UNG
915,LAION1M,equal,UNG,1.0,UNG,UNG,UNG,UNG,UNG
915,LAION1M,or,UNG,1.0,Post-filter,UNG,UNG,UNG,StitchedVamana
915,tripclick,and,UNG,1.0,UNG,UNG,UNG,UNG,UNG
915,tripclick,equal,UNG,1.0,UNG,UNG,UNG,UNG,UNG
915,tripclick,or,UNG,1.0,Post-filter,UNG,UNG,UNG,UNG
915,yfcc,and,SIEVE,1.0,SIEVE,UNG,UNG,UNG,StitchedVamana
915,yfcc,equal,UNG,1.0,UNG,UNG,UNG,UNG,StitchedVamana
915,yfcc,or,FilteredVamana,1.0,Post-filter,StitchedVamana,StitchedVamana,UNG,StitchedVamana
915,ytb_audio,and,UNG,1.0,SIEVE,UNG,UNG,UNG,Post-filter
915,ytb_audio,equal,UNG,1.0,UNG,UNG,UNG,UNG,Post-filter
915,ytb_audio,or,Post-filter,1.0,Post-filter,UNG,FilteredVamana,UNG,Post-filter
916,LAION1M,and,UNG,1.0,UNG,UNG,UNG,UNG,UNG
916,LAION1M,equal,UNG,1.0,UNG,UNG,UNG,UNG,UNG
916,LAION1M,or,UNG,1.0,Post-filter,StitchedVamana,UNG,UNG,UNG
916,tripclick,and,UNG,1.0,UNG,UNG,UNG,UNG,UNG
916,tripclick,equal,UNG,1.0,UNG,UNG,UNG,UNG,UNG
916,tripclick,or,Post-filter,1.0,Post-filter,UNG,UNG,UNG,UNG
916,yfcc,and,UNG,1.0,SIEVE,UNG,UNG,UNG,StitchedVamana
916,yfcc,equal,UNG,1.0,UNG,UNG,UNG,UNG,StitchedVamana
916,yfcc,or,FilteredVamana,1.0,Post-filter,StitchedVamana,StitchedVamana,UNG,StitchedVamana
916,ytb_audio,and,UNG,1.0,SIEVE,UNG,UNG,UNG,Post-filter
916,ytb_audio,equal,UNG,1.0,UNG,UNG,UNG,UNG,Post-filter
916,ytb_audio,or,UNG,1.0,Post-filter,UNG,FilteredVamana,UNG,Post-filter
917,LAION1M,and,UNG,1.0,UNG,UNG,UNG,UNG,UNG
917,LAION1M,equal,UNG,1.0,UNG,UNG,UNG,UNG,UNG
917,LAION1M,or,UNG,1.0,Post-filter,UNG,UNG,UNG,UNG
917,tripclick,and,UNG,1.0,UNG,UNG,UNG,UNG,UNG
917,tripclick,equal,UNG,1.0,UNG,UNG,UNG,UNG,UNG
917,tripclick,or,UNG,1.0,Post-filter,UNG,UNG,UNG,UNG
917,yfcc,and,UNG,1.0,SIEVE,UNG,UNG,UNG,StitchedVamana
917,yfcc,equal,UNG,1.0,UNG,UNG,UNG,UNG,StitchedVamana
917,yfcc,or,FilteredVamana,1.0,Post-filter,StitchedVamana,StitchedVamana,UNG,StitchedVamana
917,ytb_audio,and,UNG,1.0,SIEVE,UNG,UNG,UNG,Post-filter
917,ytb_audio,equal,UNG,1.0,UNG,UNG,UNG,UNG,Post-filter
917,ytb_audio,or,StitchedVamana,1.0,Post-filter,UNG,FilteredVamana,UNG,Post-filter
918,LAION1M,and,UNG,1.0,UNG,UNG,UNG,UNG,UNG
918,LAION1M,equal,UNG,1.0,UNG,UNG,UNG,UNG,UNG
918,LAION1M,or,UNG,1.0,Post-filter,Post-filter,UNG,FilteredVamana,StitchedVamana
918,tripclick,and,UNG,1.0,UNG,UNG,UNG,UNG,UNG
918,tripclick,equal,UNG,1.0,UNG,UNG,UNG,UNG,UNG
918,tripclick,or,UNG,1.0,Post-filter,UNG,UNG,UNG,UNG
918,yfcc,and,FilteredVamana,1.0,SIEVE,UNG,UNG,UNG,StitchedVamana
918,yfcc,equal,UNG,1.0,UNG,UNG,UNG,UNG,StitchedVamana
918,yfcc,or,FilteredVamana,1.0,Post-filter,FilteredVamana,StitchedVamana,UNG,StitchedVamana
918,ytb_audio,and,SIEVE,1.0,SIEVE,UNG,UNG,UNG,Post-filter
918,ytb_audio,equal,UNG,1.0,UNG,UNG,UNG,UNG,Post-filter
918,ytb_audio,or,Post-filter,1.0,Post-filter,UNG,UNG,UNG,Post-filter
919,LAION1M,and,UNG,1.0,UNG,Post-filter,UNG,UNG,UNG
919,LAION1M,equal,UNG,1.0,UNG,UNG,UNG,UNG,UNG
919,LAION1M,or,UNG,1.0,Post-filter,UNG,UNG,UNG,StitchedVamana
919,tripclick,and,UNG,1.0,UNG,UNG,UNG,UNG,UNG
919,tripclick,equal,UNG,1.0,UNG,UNG,UNG,UNG,UNG
919,tripclick,or,UNG,1.0,Post-filter,UNG,UNG,UNG,UNG
919,yfcc,and,Post-filter,1.0,SIEVE,FilteredVamana,SIEVE,UNG,FilteredVamana
919,yfcc,equal,UNG,1.0,UNG,UNG,UNG,UNG,StitchedVamana
919,yfcc,or,FilteredVamana,1.0,Post-filter,FilteredVamana,StitchedVamana,UNG,StitchedVamana
919,ytb_audio,and,UNG,1.0,SIEVE,UNG,UNG,UNG,Post-filter
919,ytb_audio,equal,UNG,1.0,UNG,UNG,UNG,UNG,Post-filter
919,ytb_audio,or,UNG,1.0,Post-filter,UNG,UNG,UNG,Post-filter
920,LAION1M,and,UNG,1.0,UNG,UNG,UNG,UNG,UNG
920,LAION1M,equal,UNG,1.0,UNG,UNG,UNG,UNG,UNG
920,LAION1M,or,UNG,1.0,Post-filter,UNG,UNG,UNG,UNG
920,tripclick,and,UNG,1.0,UNG,UNG,UNG,UNG,UNG
920,tripclick,equal,UNG,1.0,UNG,UNG,UNG,UNG,UNG
920,tripclick,or,UNG,1.0,Post-filter,UNG,UNG,UNG,UNG
920,yfcc,and,UNG,1.0,SIEVE,UNG,UNG,UNG,StitchedVamana
920,yfcc,equal,UNG,1.0,UNG,UNG,UNG,UNG,StitchedVamana
920,yfcc,or,FilteredVamana,1.0,Post-filter,StitchedVamana,StitchedVamana,UNG,StitchedVamana
920,ytb_audio,and,UNG,1.0,SIEVE,UNG,UNG,UNG,Post-filter
920,ytb_audio,equal,UNG,1.0,UNG,UNG,UNG,UNG,Post-filter
920,ytb_audio,or,StitchedVamana,1.0,Post-filter,UNG,UNG,UNG,Post-filter
921,LAION1M,and,UNG,1.0,UNG,UNG,UNG,UNG,UNG
921,LAION1M,equal,UNG,1.0,UNG,UNG,UNG,UNG,UNG
921,LAION1M,or,UNG,1.0,Post-filter,UNG,UNG,UNG,StitchedVamana
921,tripclick,and,UNG,1.0,UNG,UNG,UNG,UNG,UNG
921,tripclick,equal,UNG,1.0,UNG,UNG,UNG,UNG,UNG
921,tripclick,or,UNG,1.0,Post-filter,UNG,UNG,UNG,UNG
921,yfcc,and,UNG,1.0,SIEVE,UNG,UNG,UNG,StitchedVamana
921,yfcc,equal,UNG,1.0,UNG,UNG,UNG,UNG,StitchedVamana
921,yfcc,or,FilteredVamana,1.0,Post-filter,StitchedVamana,StitchedVamana,UNG,StitchedVamana
921,ytb_audio,and,SIEVE,1.0,SIEVE,UNG,UNG,UNG,Post-filter
921,ytb_audio,equal,UNG,1.0,UNG,UNG,UNG,UNG,Post-filter
921,ytb_audio,or,UNG,1.0,Post-filter,UNG,UNG,UNG,Post-filter
922,LAION1M,and,UNG,1.0,UNG,Post-filter,UNG,UNG,UNG
922,LAION1M,equal,UNG,1.0,UNG,UNG,UNG,UNG,UNG
922,LAION1M,or,UNG,1.0,Post-filter,Post-filter,UNG,UNG,UNG
922,tripclick,and,UNG,1.0,UNG,UNG,UNG,UNG,UNG
922,tripclick,equal,UNG,1.0,UNG,UNG,UNG,UNG,UNG
922,tripclick,or,UNG,1.0,Post-filter,UNG,UNG,UNG,UNG
922,yfcc,and,FilteredVamana,1.0,SIEVE,UNG,UNG,UNG,StitchedVamana
922,yfcc,equal,UNG,1.0,UNG,UNG,UNG,UNG,StitchedVamana
922,yfcc,or,FilteredVamana,1.0,Post-filter,StitchedVamana,StitchedVamana,UNG,StitchedVamana
922,ytb_audio,and,UNG,1.0,SIEVE,UNG,UNG,UNG,Post-filter
922,ytb_audio,equal,UNG,1.0,UNG,UNG,UNG,UNG,Post-filter
922,ytb_audio,or,UNG,1.0,Post-filter,UNG,FilteredVamana,UNG,Post-filter
923,LAION1M,and,UNG,1.0,UNG,UNG,UNG,UNG,UNG
923,LAION1M,equal,UNG,1.0,UNG,UNG,UNG,UNG,UNG
923,LAION1M,or,UNG,1.0,Post-filter,UNG,UNG,UNG,UNG
923,tripclick,and,UNG,1.0,UNG,UNG,UNG,UNG,UNG
923,tripclick,equal,UNG,1.0,UNG,UNG,UNG,UNG,UNG
923,tripclick,or,UNG,1.0,Post-filter,UNG,UNG,UNG,UNG
923,yfcc,and,FilteredVamana,1.0,SIEVE,UNG,UNG,UNG,StitchedVamana
923,yfcc,equal,UNG,1.0,UNG,UNG,UNG,UNG,StitchedVamana
923,yfcc,or,FilteredVamana,1.0,Post-filter,StitchedVamana,StitchedVamana,UNG,StitchedVamana
923,ytb_audio,and,UNG,1.0,SIEVE,UNG,UNG,UNG,Post-filter
923,ytb_audio,equal,UNG,1.0,UNG,UNG,UNG,UNG,Post-filter
923,ytb_audio,or,StitchedVamana,1.0,Post-filter,UNG,FilteredVamana,UNG,Post-filter
924,LAION1M,and,UNG,1.0,UNG,UNG,UNG,UNG,UNG
924,LAION1M,equal,UNG,1.0,UNG,UNG,UNG,UNG,UNG
924,LAION1M,or,UNG,1.0,Post-filter,Post-filter,UNG,UNG,UNG
924,tripclick,and,UNG,1.0,UNG,UNG,UNG,UNG,UNG
924,tripclick,equal,UNG,1.0,UNG,UNG,UNG,UNG,UNG
924,tripclick,or,UNG,1.0,Post-filter,UNG,UNG,UNG,UNG
924,yfcc,and,UNG,1.0,SIEVE,UNG,UNG,UNG,StitchedVamana
924,yfcc,equal,UNG,1.0,UNG,UNG,UNG,UNG,StitchedVamana
924,yfcc,or,FilteredVamana,1.0,Post-filter,StitchedVamana,StitchedVamana,UNG,StitchedVamana
924,ytb_audio,and,UNG,1.0,SIEVE,UNG,UNG,UNG,Post-filter
924,ytb_audio,equal,UNG,1.0,UNG,UNG,UNG,UNG,Post-filter
924,ytb_audio,or,SIEVE,1.0,Post-filter,UNG,UNG,UNG,Post-filter
925,LAION1M,and,UNG,1.0,UNG,Post-filter,UNG,UNG,UNG
925,LAION1M,equal,UNG,1.0,UNG,UNG,UNG,UNG,UNG
925,LAION1M,or,UNG,1.0,Post-filter,StitchedVamana,UNG,UNG,StitchedVamana
925,tripclick,and,UNG,1.0,UNG,UNG,UNG,UNG,UNG
925,tripclick,equal,UNG,1.0,UNG,UNG,UNG,UNG,UNG
925,tripclick,or,UNG,1.0,Post-filter,UNG,UNG,UNG,UNG
925,yfcc,and,StitchedVamana,1.0,SIEVE,UNG,UNG,UNG,StitchedVamana
925,yfcc,equal,UNG,1.0,UNG,UNG,UNG,UNG,StitchedVamana
925,yfcc,or,FilteredVamana,1.0,Post-filter,FilteredVamana,StitchedVamana,UNG,StitchedVamana
925,ytb_audio,and,UNG,1.0,SIEVE,UNG,UNG,UNG,Post-filter
925,ytb_audio,equal,UNG,1.0,UNG,UNG,UNG,UNG,Post-filter
925,ytb_audio,or,Post-filter,1.0,Post-filter,UNG,UNG,UNG,Post-filter
926,LAION1M,and,UNG,1.0,UNG,UNG,UNG,UNG,UNG
926,LAION1M,equal,UNG,1.0,UNG,UNG,UNG,UNG,UNG
926,LAION1M,or,UNG,1.0,Post-filter,Post-filter,UNG,FilteredVamana,StitchedVamana
926,tripclick,and,UNG,1.0,UNG,UNG,UNG,UNG,UNG
926,tripclick,equal,UNG,1.0,UNG,UNG,UNG,UNG,UNG
926,tripclick,or,UNG,1.0,Post-filter,UNG,UNG,UNG,UNG
926,yfcc,and,UNG,1.0,SIEVE,UNG,UNG,UNG,StitchedVamana
926,yfcc,equal,UNG,1.0,UNG,UNG,UNG,UNG,StitchedVamana
926,yfcc,or,FilteredVamana,1.0,Post-filter,StitchedVamana,StitchedVamana,UNG,StitchedVamana
926,ytb_audio,and,UNG,1.0,SIEVE,UNG,UNG,UNG,Post-filter
926,ytb_audio,equal,UNG,1.0,UNG,UNG,UNG,UNG,Post-filter
926,ytb_audio,or,UNG,1.0,Post-filter,UNG,UNG,UNG,Post-filter
927,LAION1M,and,UNG,1.0,UNG,UNG,UNG,UNG,UNG
927,LAION1M,equal,UNG,1.0,UNG,UNG,UNG,UNG,UNG
927,LAION1M,or,UNG,1.0,Post-filter,StitchedVamana,UNG,UNG,UNG
927,tripclick,and,UNG,1.0,UNG,UNG,UNG,UNG,UNG
927,tripclick,equal,UNG,1.0,UNG,UNG,UNG,UNG,UNG
927,tripclick,or,UNG,1.0,Post-filter,UNG,UNG,UNG,UNG
927,yfcc,and,FilteredVamana,1.0,SIEVE,UNG,UNG,UNG,StitchedVamana
927,yfcc,equal,UNG,1.0,UNG,UNG,UNG,UNG,StitchedVamana
927,yfcc,or,FilteredVamana,1.0,Post-filter,StitchedVamana,StitchedVamana,UNG,StitchedVamana
927,ytb_audio,and,UNG,1.0,SIEVE,UNG,UNG,UNG,Post-filter
927,ytb_audio,equal,UNG,1.0,UNG,UNG,UNG,UNG,Post-filter
927,ytb_audio,or,UNG,1.0,Post-filter,UNG,FilteredVamana,UNG,Post-filter
928,LAION1M,and,UNG,1.0,UNG,Post-filter,UNG,UNG,UNG
928,LAION1M,equal,UNG,1.0,UNG,UNG,UNG,UNG,UNG
928,LAION1M,or,UNG,1.0,Post-filter,Post-filter,UNG,UNG,UNG
928,tripclick,and,UNG,1.0,UNG,UNG,UNG,UNG,UNG
928,tripclick,equal,UNG,1.0,UNG,UNG,UNG,UNG,UNG
928,tripclick,or,UNG,1.0,Post-filter,UNG,UNG,UNG,UNG
928,yfcc,and,FilteredVamana,1.0,SIEVE,UNG,UNG,UNG,StitchedVamana
928,yfcc,equal,UNG,1.0,UNG,UNG,UNG,UNG,StitchedVamana
928,yfcc,or,FilteredVamana,1.0,Post-filter,StitchedVamana,UNG,UNG,StitchedVamana
928,ytb_audio,and,SIEVE,1.0,SIEVE,UNG,UNG,UNG,Post-filter
928,ytb_audio,equal,UNG,1.0,UNG,UNG,UNG,UNG,Post-filter
928,ytb_audio,or,Post-filter,1.0,Post-filter,UNG,FilteredVamana,UNG,Post-filter
929,LAION1M,and,Post-filter,1.0,UNG,UNG,UNG,UNG,UNG
929,LAION1M,equal,UNG,1.0,UNG,UNG,UNG,UNG,UNG
929,LAION1M,or,UNG,1.0,Post-filter,Post-filter,UNG,UNG,UNG
929,tripclick,and,UNG,1.0,UNG,UNG,UNG,UNG,UNG
929,tripclick,equal,UNG,1.0,UNG,UNG,UNG,UNG,UNG
929,tripclick,or,UNG,1.0,Post-filter,UNG,UNG,UNG,UNG
929,yfcc,and,UNG,1.0,SIEVE,UNG,UNG,UNG,StitchedVamana
929,yfcc,equal,UNG,1.0,UNG,UNG,UNG,UNG,StitchedVamana
929,yfcc,or,FilteredVamana,1.0,Post-filter,StitchedVamana,StitchedVamana,UNG,StitchedVamana
929,ytb_audio,and,UNG,1.0,SIEVE,UNG,UNG,UNG,Post-filter
929,ytb_audio,equal,UNG,1.0,UNG,UNG,UNG,UNG,Post-filter
929,ytb_audio,or,UNG,1.0,Post-filter,UNG,FilteredVamana,UNG,Post-filter
930,LAION1M,and,UNG,1.0,UNG,UNG,UNG,UNG,UNG
930,LAION1M,equal,UNG,1.0,UNG,UNG,UNG,UNG,UNG
930,LAION1M,or,UNG,1.0,Post-filter,Post-filter,UNG,UNG,UNG
930,tripclick,and,Post-filter,1.0,UNG,UNG,UNG,UNG,UNG
930,tripclick,equal,UNG,1.0,UNG,UNG,UNG,UNG,UNG
930,tripclick,or,UNG,1.0,Post-filter,UNG,UNG,UNG,UNG
930,yfcc,and,UNG,1.0,SIEVE,UNG,UNG,UNG,StitchedVamana
930,yfcc,equal,UNG,1.0,UNG,UNG,UNG,UNG,StitchedVamana
930,yfcc,or,FilteredVamana,1.0,Post-filter,StitchedVamana,StitchedVamana,UNG,StitchedVamana
930,ytb_audio,and,UNG,0.9,SIEVE,UNG,UNG,UNG,Post-filter
930,ytb_audio,equal,UNG,1.0,UNG,UNG,UNG,UNG,Post-filter
930,ytb_audio,or,StitchedVamana,1.0,Post-filter,UNG,UNG,UNG,Post-filter
931,LAION1M,and,UNG,1.0,UNG,UNG,UNG,UNG,UNG
931,LAION1M,equal,UNG,1.0,UNG,UNG,UNG,UNG,UNG
931,LAION1M,or,UNG,1.0,Post-filter,Post-filter,UNG,UNG,UNG
931,tripclick,and,UNG,1.0,UNG,UNG,UNG,UNG,UNG
931,tripclick,equal,UNG,1.0,UNG,UNG,UNG,UNG,UNG
931,tripclick,or,UNG,1.0,Post-filter,UNG,UNG,UNG,UNG
931,yfcc,and,UNG,1.0,SIEVE,UNG,UNG,UNG,StitchedVamana
931,yfcc,equal,UNG,1.0,UNG,UNG,UNG,UNG,StitchedVamana
931,yfcc,or,FilteredVamana,1.0,Post-filter,StitchedVamana,StitchedVamana,UNG,StitchedVamana
931,ytb_audio,and,SIEVE,1.0,SIEVE,UNG,UNG,UNG,Post-filter
931,ytb_audio,equal,UNG,1.0,UNG,UNG,UNG,UNG,Post-filter
931,ytb_audio,or,StitchedVamana,1.0,Post-filter,UNG,UNG,UNG,Post-filter
932,LAION1M,and,UNG,1.0,UNG,Post-filter,UNG,UNG,UNG
932,LAION1M,equal,UNG,1.0,UNG,UNG,UNG,UNG,UNG
932,LAION1M,or,UNG,1.0,Post-filter,StitchedVamana,UNG,UNG,UNG
932,tripclick,and,UNG,1.0,UNG,UNG,UNG,UNG,UNG
932,tripclick,equal,UNG,1.0,UNG,UNG,UNG,UNG,UNG
932,tripclick,or,UNG,1.0,Post-filter,UNG,UNG,UNG,UNG
932,yfcc,and,UNG,1.0,SIEVE,UNG,UNG,UNG,StitchedVamana
932,yfcc,equal,UNG,1.0,UNG,UNG,UNG,UNG,StitchedVamana
932,yfcc,or,FilteredVamana,1.0,Post-filter,StitchedVamana,StitchedVamana,UNG,StitchedVamana
932,ytb_audio,and,SIEVE,0.9,SIEVE,UNG,UNG,UNG,Post-filter
932,ytb_audio,equal,UNG,1.0,UNG,UNG,UNG,UNG,Post-filter
932,ytb_audio,or,StitchedVamana,1.0,Post-filter,UNG,FilteredVamana,UNG,Post-filter
933,LAION1M,and,UNG,1.0,UNG,Post-filter,UNG,UNG,UNG
933,LAION1M,equal,UNG,1.0,UNG,UNG,UNG,UNG,UNG
933,LAION1M,or,UNG,1.0,Post-filter,UNG,UNG,UNG,StitchedVamana
933,tripclick,and,UNG,1.0,UNG,UNG,UNG,UNG,UNG
933,tripclick,equal,UNG,1.0,UNG,UNG,UNG,UNG,UNG
933,tripclick,or,Post-filter,1.0,Post-filter,UNG,UNG,UNG,UNG
933,yfcc,and,UNG,1.0,SIEVE,UNG,UNG,UNG,StitchedVamana
933,yfcc,equal,UNG,1.0,UNG,UNG,UNG,UNG,StitchedVamana
933,yfcc,or,FilteredVamana,1.0,Post-filter,StitchedVamana,StitchedVamana,UNG,StitchedVamana
933,ytb_audio,and,UNG,1.0,SIEVE,UNG,UNG,UNG,Post-filter
933,ytb_audio,equal,UNG,1.0,UNG,UNG,UNG,UNG,Post-filter
933,ytb_audio,or,UNG,1.0,Post-filter,UNG,UNG,UNG,Post-filter
934,LAION1M,and,UNG,1.0,UNG,UNG,UNG,UNG,UNG
934,LAION1M,equal,UNG,1.0,UNG,UNG,UNG,UNG,UNG
934,LAION1M,or,UNG,1.0,Post-filter,Post-filter,UNG,UNG,UNG
934,tripclick,and,UNG,1.0,UNG,UNG,UNG,UNG,UNG
934,tripclick,equal,UNG,1.0,UNG,UNG,UNG,UNG,UNG
934,tripclick,or,UNG,1.0,Post-filter,UNG,UNG,UNG,UNG
934,yfcc,and,UNG,1.0,SIEVE,UNG,UNG,UNG,StitchedVamana
934,yfcc,equal,UNG,1.0,UNG,UNG,UNG,UNG,StitchedVamana
934,yfcc,or,FilteredVamana,1.0,Post-filter,FilteredVamana,StitchedVamana,UNG,StitchedVamana
934,ytb_audio,and,UNG,1.0,SIEVE,UNG,UNG,UNG,Post-filter
934,ytb_audio,equal,UNG,1.0,UNG,UNG,UNG,UNG,Post-filter
934,ytb_audio,or,StitchedVamana,1.0,Post-filter,UNG,FilteredVamana,UNG,Post-filter
935,LAION1M,and,UNG,1.0,UNG,Post-filter,UNG,UNG,UNG
935,LAION1M,equal,UNG,1.0,UNG,UNG,UNG,UNG,UNG
935,LAION1M,or,UNG,1.0,Post-filter,UNG,UNG,UNG,UNG
935,tripclick,and,UNG,1.0,UNG,UNG,UNG,UNG,UNG
935,tripclick,equal,UNG,1.0,UNG,UNG,UNG,UNG,UNG
935,tripclick,or,UNG,1.0,Post-filter,UNG,UNG,UNG,UNG
935,yfcc,and,FilteredVamana,1.0,SIEVE,UNG,UNG,UNG,StitchedVamana
935,yfcc,equal,UNG,1.0,UNG,UNG,UNG,UNG,StitchedVamana
935,yfcc,or,FilteredVamana,1.0,Post-filter,StitchedVamana,StitchedVamana,UNG,StitchedVamana
935,ytb_audio,and,UNG,1.0,SIEVE,UNG,UNG,UNG,Post-filter
935,ytb_audio,equal,UNG,1.0,UNG,UNG,UNG,UNG,Post-filter
935,ytb_audio,or,StitchedVamana,1.0,Post-filter,UNG,UNG,UNG,Post-filter
936,LAION1M,and,UNG,1.0,UNG,Post-filter,UNG,UNG,UNG
936,LAION1M,equal,UNG,1.0,UNG,UNG,UNG,UNG,UNG
936,LAION1M,or,UNG,1.0,Post-filter,Post-filter,UNG,UNG,UNG
936,tripclick,and,UNG,1.0,UNG,UNG,UNG,UNG,UNG
936,tripclick,equal,UNG,1.0,UNG,UNG,UNG,UNG,UNG
936,tripclick,or,UNG,1.0,Post-filter,UNG,UNG,UNG,UNG
936,yfcc,and,UNG,1.0,SIEVE,UNG,UNG,UNG,StitchedVamana
936,yfcc,equal,UNG,1.0,UNG,UNG,UNG,UNG,StitchedVamana
936,yfcc,or,FilteredVamana,1.0,Post-filter,StitchedVamana,StitchedVamana,UNG,StitchedVamana
936,ytb_audio,and,UNG,1.0,SIEVE,UNG,UNG,UNG,Post-filter
936,ytb_audio,equal,UNG,1.0,UNG,UNG,UNG,UNG,Post-filter
936,ytb_audio,or,StitchedVamana,1.0,Post-filter,UNG,FilteredVamana,UNG,Post-filter
937,LAION1M,and,UNG,1.0,UNG,Post-filter,UNG,UNG,UNG
937,LAION1M,equal,UNG,1.0,UNG,UNG,UNG,UNG,UNG
937,LAION1M,or,UNG,1.0,Post-filter,StitchedVamana,UNG,UNG,UNG
937,tripclick,and,UNG,1.0,UNG,UNG,UNG,UNG,UNG
937,tripclick,equal,UNG,1.0,UNG,UNG,UNG,UNG,UNG
937,tripclick,or,UNG,1.0,Post-filter,UNG,UNG,UNG,UNG
937,yfcc,and,UNG,1.0,SIEVE,UNG,UNG,UNG,StitchedVamana
937,yfcc,equal,UNG,1.0,UNG,UNG,UNG,UNG,StitchedVamana
937,yfcc,or,FilteredVamana,1.0,Post-filter,FilteredVamana,StitchedVamana,UNG,StitchedVamana
937,ytb_audio,and,UNG,1.0,SIEVE,UNG,UNG,UNG,Post-filter
937,ytb_audio,equal,UNG,1.0,UNG,UNG,UNG,UNG,Post-filter
937,ytb_audio,or,UNG,1.0,Post-filter,UNG,UNG,UNG,Post-filter
938,LAION1M,and,UNG,1.0,UNG,UNG,UNG,UNG,UNG
938,LAION1M,equal,UNG,1.0,UNG,UNG,UNG,UNG,UNG
938,LAION1M,or,UNG,1.0,Post-filter,UNG,UNG,UNG,UNG
938,tripclick,and,UNG,1.0,UNG,UNG,UNG,UNG,UNG
938,tripclick,equal,UNG,1.0,UNG,UNG,UNG,UNG,UNG
938,tripclick,or,UNG,1.0,Post-filter,UNG,UNG,UNG,UNG
938,yfcc,and,UNG,1.0,SIEVE,UNG,UNG,UNG,StitchedVamana
938,yfcc,equal,UNG,1.0,UNG,UNG,UNG,UNG,StitchedVamana
938,yfcc,or,FilteredVamana,1.0,Post-filter,StitchedVamana,StitchedVamana,UNG,StitchedVamana
938,ytb_audio,and,UNG,1.0,SIEVE,UNG,UNG,UNG,Post-filter
938,ytb_audio,equal,UNG,1.0,UNG,UNG,UNG,UNG,Post-filter
938,ytb_audio,or,UNG,1.0,Post-filter,UNG,UNG,UNG,Post-filter
939,LAION1M,and,Post-filter,1.0,UNG,UNG,UNG,UNG,UNG
939,LAION1M,equal,UNG,1.0,UNG,UNG,UNG,UNG,UNG
939,LAION1M,or,UNG,1.0,Post-filter,Post-filter,UNG,FilteredVamana,StitchedVamana
939,tripclick,and,UNG,1.0,UNG,UNG,UNG,UNG,UNG
939,tripclick,equal,UNG,1.0,UNG,UNG,UNG,UNG,UNG
939,tripclick,or,UNG,1.0,Post-filter,UNG,UNG,UNG,UNG
939,yfcc,and,FilteredVamana,1.0,SIEVE,UNG,UNG,UNG,StitchedVamana
939,yfcc,equal,UNG,1.0,UNG,UNG,UNG,UNG,StitchedVamana
939,yfcc,or,FilteredVamana,1.0,Post-filter,StitchedVamana,StitchedVamana,UNG,StitchedVamana
939,ytb_audio,and,UNG,1.0,SIEVE,UNG,UNG,UNG,Post-filter
939,ytb_audio,equal,UNG,1.0,UNG,UNG,UNG,UNG,Post-filter
939,ytb_audio,or,StitchedVamana,1.0,Post-filter,UNG,FilteredVamana,UNG,Post-filter
940,LAION1M,and,UNG,1.0,UNG,UNG,UNG,UNG,UNG
940,LAION1M,equal,UNG,1.0,UNG,UNG,UNG,UNG,UNG
940,LAION1M,or,UNG,1.0,Post-filter,Post-filter,UNG,UNG,UNG
940,tripclick,and,UNG,1.0,UNG,UNG,UNG,UNG,UNG
940,tripclick,equal,UNG,1.0,UNG,UNG,UNG,UNG,UNG
940,tripclick,or,UNG,1.0,Post-filter,UNG,UNG,UNG,UNG
940,yfcc,and,UNG,1.0,SIEVE,UNG,UNG,UNG,StitchedVamana
940,yfcc,equal,UNG,1.0,UNG,UNG,UNG,UNG,StitchedVamana
940,yfcc,or,FilteredVamana,1.0,Post-filter,StitchedVamana,StitchedVamana,UNG,StitchedVamana
940,ytb_audio,and,UNG,1.0,SIEVE,UNG,UNG,UNG,Post-filter
940,ytb_audio,equal,UNG,1.0,UNG,UNG,UNG,UNG,Post-filter
940,ytb_audio,or,Post-filter,0.9,Post-filter,UNG,UNG,UNG,Post-filter
941,LAION1M,and,UNG,1.0,UNG,Post-filter,UNG,UNG,UNG
941,LAION1M,equal,UNG,1.0,UNG,UNG,UNG,UNG,UNG
941,LAION1M,or,UNG,1.0,Post-filter,Post-filter,UNG,FilteredVamana,StitchedVamana
941,tripclick,and,UNG,1.0,UNG,UNG,UNG,UNG,UNG
941,tripclick,equal,UNG,1.0,UNG,UNG,UNG,UNG,UNG
941,tripclick,or,UNG,1.0,Post-filter,UNG,UNG,UNG,UNG
941,yfcc,and,UNG,1.0,SIEVE,UNG,UNG,UNG,StitchedVamana
941,yfcc,equal,UNG,1.0,UNG,UNG,UNG,UNG,StitchedVamana
941,yfcc,or,FilteredVamana,1.0,Post-filter,StitchedVamana,StitchedVamana,UNG,StitchedVamana
941,ytb_audio,and,UNG,1.0,SIEVE,UNG,UNG,UNG,Post-filter
941,ytb_audio,equal,UNG,1.0,UNG,UNG,UNG,UNG,Post-filter
941,ytb_audio,or,StitchedVamana,1.0,Post-filter,UNG,FilteredVamana,UNG,Post-filter
942,LAION1M,and,UNG,1.0,UNG,UNG,UNG,UNG,StitchedVamana
942,LAION1M,equal,UNG,1.0,UNG,UNG,UNG,UNG,UNG
942,LAION1M,or,UNG,1.0,Post-filter,Post-filter,UNG,UNG,UNG
942,tripclick,and,UNG,1.0,UNG,UNG,UNG,UNG,UNG
942,tripclick,equal,UNG,1.0,UNG,UNG,UNG,UNG,UNG
942,tripclick,or,UNG,1.0,Post-filter,UNG,UNG,UNG,UNG
942,yfcc,and,FilteredVamana,1.0,SIEVE,UNG,UNG,UNG,StitchedVamana
942,yfcc,equal,UNG,1.0,UNG,UNG,UNG,UNG,StitchedVamana
942,yfcc,or,FilteredVamana,1.0,Post-filter,StitchedVamana,StitchedVamana,UNG,StitchedVamana
942,ytb_audio,and,UNG,1.0,SIEVE,UNG,UNG,UNG,Post-filter
942,ytb_audio,equal,UNG,1.0,UNG,UNG,UNG,UNG,Post-filter
942,ytb_audio,or,UNG,1.0,Post-filter,UNG,UNG,UNG,Post-filter
943,LAION1M,and,UNG,1.0,UNG,UNG,UNG,UNG,UNG
943,LAION1M,equal,UNG,1.0,UNG,UNG,UNG,UNG,UNG
943,LAION1M,or,UNG,1.0,Post-filter,UNG,UNG,UNG,UNG
943,tripclick,and,UNG,1.0,UNG,UNG,UNG,UNG,UNG
943,tripclick,equal,UNG,1.0,UNG,UNG,UNG,UNG,UNG
943,tripclick,or,UNG,1.0,Post-filter,UNG,UNG,UNG,UNG
943,yfcc,and,UNG,1.0,SIEVE,UNG,UNG,UNG,StitchedVamana
943,yfcc,equal,UNG,1.0,UNG,UNG,UNG,UNG,StitchedVamana
943,yfcc,or,FilteredVamana,1.0,Post-filter,StitchedVamana,StitchedVamana,UNG,StitchedVamana
943,ytb_audio,and,UNG,1.0,SIEVE,UNG,UNG,UNG,Post-filter
943,ytb_audio,equal,UNG,1.0,UNG,UNG,UNG,UNG,Post-filter
943,ytb_audio,or,StitchedVamana,1.0,Post-filter,UNG,FilteredVamana,UNG,Post-filter
944,LAION1M,and,UNG,1.0,UNG,UNG,UNG,UNG,UNG
944,LAION1M,equal,UNG,1.0,UNG,UNG,UNG,UNG,UNG
944,LAION1M,or,UNG,1.0,Post-filter,UNG,UNG,UNG,UNG
944,tripclick,and,UNG,1.0,UNG,UNG,UNG,UNG,UNG
944,tripclick,equal,UNG,1.0,UNG,UNG,UNG,UNG,UNG
944,tripclick,or,Post-filter,1.0,Post-filter,UNG,UNG,UNG,UNG
944,yfcc,and,FilteredVamana,1.0,SIEVE,UNG,UNG,UNG,StitchedVamana
944,yfcc,equal,UNG,1.0,UNG,UNG,UNG,UNG,StitchedVamana
944,yfcc,or,FilteredVamana,1.0,Post-filter,StitchedVamana,StitchedVamana,UNG,StitchedVamana
944,ytb_audio,and,SIEVE,1.0,SIEVE,UNG,UNG,UNG,Post-filter
944,ytb_audio,equal,UNG,1.0,UNG,UNG,UNG,UNG,Post-filter
944,ytb_audio,or,UNG,1.0,Post-filter,UNG,UNG,UNG,Post-filter
945,LAION1M,and,UNG,1.0,UNG,Post-filter,UNG,UNG,UNG
945,LAION1M,equal,UNG,1.0,UNG,UNG,UNG,UNG,UNG
945,LAION1M,or,UNG,1.0,Post-filter,UNG,UNG,UNG,UNG
945,tripclick,and,UNG,1.0,UNG,UNG,UNG,UNG,UNG
945,tripclick,equal,UNG,1.0,UNG,UNG,UNG,UNG,UNG
945,tripclick,or,UNG,1.0,Post-filter,UNG,UNG,UNG,UNG
945,yfcc,and,UNG,1.0,SIEVE,UNG,UNG,UNG,StitchedVamana
945,yfcc,equal,UNG,1.0,UNG,UNG,UNG,UNG,StitchedVamana
945,yfcc,or,FilteredVamana,1.0,Post-filter,StitchedVamana,StitchedVamana,UNG,StitchedVamana
945,ytb_audio,and,UNG,1.0,SIEVE,UNG,UNG,UNG,Post-filter
945,ytb_audio,equal,UNG,1.0,UNG,UNG,UNG,UNG,Post-filter
945,ytb_audio,or,StitchedVamana,1.0,Post-filter,UNG,UNG,UNG,Post-filter
946,LAION1M,and,UNG,1.0,UNG,UNG,UNG,UNG,UNG
946,LAION1M,equal,UNG,1.0,UNG,UNG,UNG,UNG,UNG
946,LAION1M,or,UNG,1.0,Post-filter,UNG,UNG,UNG,UNG
946,tripclick,and,UNG,1.0,UNG,UNG,UNG,UNG,UNG
946,tripclick,equal,UNG,1.0,UNG,UNG,UNG,UNG,UNG
946,tripclick,or,UNG,1.0,Post-filter,UNG,UNG,UNG,UNG
946,yfcc,and,FilteredVamana,1.0,SIEVE,UNG,UNG,UNG,StitchedVamana
946,yfcc,equal,UNG,1.0,UNG,UNG,UNG,UNG,StitchedVamana
946,yfcc,or,FilteredVamana,1.0,Post-filter,StitchedVamana,StitchedVamana,UNG,StitchedVamana
946,ytb_audio,and,SIEVE,1.0,SIEVE,UNG,UNG,UNG,Post-filter
946,ytb_audio,equal,UNG,1.0,UNG,UNG,UNG,UNG,Post-filter
946,ytb_audio,or,StitchedVamana,1.0,Post-filter,UNG,FilteredVamana,UNG,Post-filter
947,LAION1M,and,UNG,1.0,UNG,Post-filter,UNG,UNG,UNG
947,LAION1M,equal,UNG,1.0,UNG,UNG,UNG,UNG,UNG
947,LAION1M,or,Post-filter,1.0,Post-filter,Post-filter,UNG,UNG,UNG
947,tripclick,and,UNG,1.0,UNG,UNG,UNG,UNG,UNG
947,tripclick,equal,UNG,1.0,UNG,UNG,UNG,UNG,UNG
947,tripclick,or,UNG,1.0,Post-filter,UNG,UNG,UNG,UNG
947,yfcc,and,FilteredVamana,1.0,SIEVE,UNG,UNG,UNG,StitchedVamana
947,yfcc,equal,UNG,1.0,UNG,UNG,UNG,UNG,StitchedVamana
947,yfcc,or,FilteredVamana,1.0,Post-filter,FilteredVamana,StitchedVamana,UNG,StitchedVamana
947,ytb_audio,and,UNG,1.0,SIEVE,UNG,UNG,UNG,Post-filter
947,ytb_audio,equal,UNG,1.0,UNG,UNG,UNG,UNG,Post-filter
947,ytb_audio,or,StitchedVamana,1.0,Post-filter,UNG,FilteredVamana,UNG,Post-filter
948,LAION1M,and,UNG,1.0,UNG,Post-filter,UNG,UNG,UNG
948,LAION1M,equal,UNG,1.0,UNG,UNG,UNG,UNG,UNG
948,LAION1M,or,UNG,1.0,Post-filter,StitchedVamana,UNG,UNG,UNG
948,tripclick,and,UNG,1.0,UNG,UNG,UNG,UNG,UNG
948,tripclick,equal,UNG,1.0,UNG,UNG,UNG,UNG,UNG
948,tripclick,or,UNG,1.0,Post-filter,UNG,UNG,UNG,UNG
948,yfcc,and,UNG,1.0,SIEVE,UNG,UNG,UNG,StitchedVamana
948,yfcc,equal,UNG,1.0,UNG,UNG,UNG,UNG,StitchedVamana
948,yfcc,or,FilteredVamana,1.0,Post-filter,StitchedVamana,StitchedVamana,UNG,StitchedVamana
948,ytb_audio,and,SIEVE,1.0,SIEVE,UNG,UNG,UNG,Post-filter
948,ytb_audio,equal,UNG,1.0,UNG,UNG,UNG,UNG,Post-filter
948,ytb_audio,or,StitchedVamana,1.0,Post-filter,UNG,FilteredVamana,UNG,Post-filter
949,LAION1M,and,UNG,1.0,UNG,UNG,UNG,UNG,UNG
949,LAION1M,equal,UNG,1.0,UNG,UNG,UNG,UNG,UNG
949,LAION1M,or,UNG,1.0,Post-filter,UNG,UNG,UNG,UNG
949,tripclick,and,UNG,1.0,UNG,UNG,UNG,UNG,UNG
949,tripclick,equal,UNG,1.0,UNG,UNG,UNG,UNG,UNG
949,tripclick,or,UNG,1.0,Post-filter,UNG,UNG,UNG,UNG
949,yfcc,and,FilteredVamana,1.0,SIEVE,UNG,UNG,UNG,StitchedVamana
949,yfcc,equal,UNG,1.0,UNG,UNG,UNG,UNG,StitchedVamana
949,yfcc,or,FilteredVamana,1.0,Post-filter,FilteredVamana,StitchedVamana,UNG,StitchedVamana
949,ytb_audio,and,UNG,1.0,SIEVE,UNG,UNG,UNG,Post-filter
949,ytb_audio,equal,UNG,1.0,UNG,UNG,UNG,UNG,Post-filter
949,ytb_audio,or,StitchedVamana,1.0,Post-filter,UNG,FilteredVamana,UNG,Post-filter
950,LAION1M,and,UNG,1.0,UNG,UNG,UNG,UNG,UNG
950,LAION1M,equal,UNG,1.0,UNG,UNG,UNG,UNG,UNG
950,LAION1M,or,UNG,1.0,Post-filter,UNG,UNG,UNG,StitchedVamana
950,tripclick,and,UNG,1.0,UNG,UNG,UNG,UNG,UNG
950,tripclick,equal,UNG,1.0,UNG,UNG,UNG,UNG,UNG
950,tripclick,or,UNG,1.0,Post-filter,UNG,UNG,UNG,UNG
950,yfcc,and,UNG,1.0,SIEVE,UNG,UNG,UNG,StitchedVamana
950,yfcc,equal,UNG,1.0,UNG,UNG,UNG,UNG,StitchedVamana
950,yfcc,or,FilteredVamana,1.0,Post-filter,StitchedVamana,StitchedVamana,UNG,StitchedVamana
950,ytb_audio,and,UNG,1.0,SIEVE,UNG,UNG,UNG,Post-filter
950,ytb_audio,equal,UNG,1.0,UNG,UNG,UNG,UNG,Post-filter
950,ytb_audio,or,StitchedVamana,1.0,Post-filter,UNG,UNG,UNG,Post-filter
951,LAION1M,and,UNG,1.0,UNG,Post-filter,UNG,UNG,UNG
951,LAION1M,equal,UNG,1.0,UNG,UNG,UNG,UNG,UNG
951,LAION1M,or,Post-filter,1.0,Post-filter,UNG,UNG,UNG,StitchedVamana
951,tripclick,and,UNG,1.0,UNG,UNG,UNG,UNG,UNG
951,tripclick,equal,UNG,1.0,UNG,UNG,UNG,UNG,UNG
951,tripclick,or,UNG,1.0,Post-filter,UNG,UNG,UNG,UNG
951,yfcc,and,FilteredVamana,1.0,SIEVE,UNG,UNG,UNG,StitchedVamana
951,yfcc,equal,UNG,1.0,UNG,UNG,UNG,UNG,StitchedVamana
951,yfcc,or,FilteredVamana,1.0,Post-filter,StitchedVamana,StitchedVamana,UNG,StitchedVamana
951,ytb_audio,and,SIEVE,1.0,SIEVE,UNG,UNG,UNG,Post-filter
951,ytb_audio,equal,UNG,1.0,UNG,UNG,UNG,UNG,Post-filter
951,ytb_audio,or,UNG,1.0,Post-filter,UNG,FilteredVamana,UNG,Post-filter
952,LAION1M,and,UNG,1.0,UNG,UNG,UNG,UNG,UNG
952,LAION1M,equal,UNG,1.0,UNG,UNG,UNG,UNG,UNG
952,LAION1M,or,UNG,1.0,Post-filter,UNG,UNG,UNG,UNG
952,tripclick,and,UNG,1.0,UNG,UNG,UNG,UNG,UNG
952,tripclick,equal,UNG,1.0,UNG,UNG,UNG,UNG,UNG
952,tripclick,or,UNG,1.0,Post-filter,UNG,UNG,UNG,UNG
952,yfcc,and,FilteredVamana,1.0,SIEVE,UNG,UNG,UNG,StitchedVamana
952,yfcc,equal,UNG,1.0,UNG,UNG,UNG,UNG,StitchedVamana
952,yfcc,or,FilteredVamana,1.0,Post-filter,StitchedVamana,StitchedVamana,UNG,StitchedVamana
952,ytb_audio,and,SIEVE,1.0,SIEVE,UNG,UNG,UNG,Post-filter
952,ytb_audio,equal,UNG,1.0,UNG,UNG,UNG,UNG,Post-filter
952,ytb_audio,or,StitchedVamana,1.0,Post-filter,UNG,FilteredVamana,UNG,Post-filter
953,LAION1M,and,UNG,1.0,UNG,UNG,UNG,UNG,UNG
953,LAION1M,equal,UNG,1.0,UNG,UNG,UNG,UNG,UNG
953,LAION1M,or,UNG,1.0,Post-filter,UNG,UNG,UNG,UNG
953,tripclick,and,Post-filter,1.0,UNG,UNG,UNG,UNG,UNG
953,tripclick,equal,UNG,1.0,UNG,UNG,UNG,UNG,UNG
953,tripclick,or,UNG,1.0,Post-filter,UNG,UNG,UNG,UNG
953,yfcc,and,UNG,1.0,SIEVE,UNG,UNG,UNG,StitchedVamana
953,yfcc,equal,UNG,1.0,UNG,UNG,UNG,UNG,StitchedVamana
953,yfcc,or,FilteredVamana,1.0,Post-filter,StitchedVamana,StitchedVamana,UNG,StitchedVamana
953,ytb_audio,and,UNG,1.0,SIEVE,UNG,UNG,UNG,Post-filter
953,ytb_audio,equal,UNG,1.0,UNG,UNG,UNG,UNG,Post-filter
953,ytb_audio,or,UNG,1.0,Post-filter,UNG,UNG,UNG,Post-filter
954,LAION1M,and,UNG,1.0,UNG,UNG,UNG,UNG,UNG
954,LAION1M,equal,UNG,1.0,UNG,UNG,UNG,UNG,UNG
954,LAION1M,or,UNG,1.0,Post-filter,UNG,UNG,UNG,StitchedVamana
954,tripclick,and,Post-filter,1.0,UNG,UNG,UNG,UNG,UNG
954,tripclick,equal,UNG,1.0,UNG,UNG,UNG,UNG,UNG
954,tripclick,or,Post-filter,1.0,Post-filter,UNG,UNG,UNG,UNG
954,yfcc,and,UNG,1.0,SIEVE,UNG,UNG,UNG,StitchedVamana
954,yfcc,equal,UNG,1.0,UNG,UNG,UNG,UNG,StitchedVamana
954,yfcc,or,FilteredVamana,1.0,Post-filter,StitchedVamana,StitchedVamana,UNG,StitchedVamana
954,ytb_audio,and,UNG,1.0,SIEVE,UNG,UNG,UNG,Post-filter
954,ytb_audio,equal,UNG,1.0,UNG,UNG,UNG,UNG,Post-filter
954,ytb_audio,or,StitchedVamana,1.0,Post-filter,UNG,FilteredVamana,UNG,Post-filter
955,LAION1M,and,UNG,1.0,UNG,Post-filter,UNG,UNG,UNG
955,LAION1M,equal,UNG,1.0,UNG,UNG,UNG,UNG,UNG
955,LAION1M,or,UNG,1.0,Post-filter,UNG,UNG,UNG,UNG
955,tripclick,and,UNG,1.0,UNG,UNG,UNG,UNG,UNG
955,tripclick,equal,UNG,1.0,UNG,UNG,UNG,UNG,UNG
955,tripclick,or,UNG,1.0,Post-filter,UNG,UNG,UNG,UNG
955,yfcc,and,UNG,1.0,SIEVE,UNG,UNG,UNG,StitchedVamana
955,yfcc,equal,UNG,1.0,UNG,UNG,UNG,UNG,StitchedVamana
955,yfcc,or,FilteredVamana,1.0,Post-filter,FilteredVamana,StitchedVamana,UNG,StitchedVamana
955,ytb_audio,and,UNG,1.0,SIEVE,UNG,UNG,UNG,Post-filter
955,ytb_audio,equal,UNG,1.0,UNG,UNG,UNG,UNG,Post-filter
955,ytb_audio,or,Post-filter,1.0,Post-filter,UNG,UNG,UNG,Post-filter
956,LAION1M,and,Post-filter,1.0,UNG,UNG,UNG,UNG,UNG
956,LAION1M,equal,UNG,1.0,UNG,UNG,UNG,UNG,UNG
956,LAION1M,or,UNG,1.0,Post-filter,Post-filter,UNG,UNG,UNG
956,tripclick,and,UNG,1.0,UNG,UNG,UNG,UNG,UNG
956,tripclick,equal,UNG,1.0,UNG,UNG,UNG,UNG,UNG
956,tripclick,or,Post-filter,1.0,Post-filter,UNG,UNG,UNG,UNG
956,yfcc,and,ACORN,1.0,SIEVE,UNG,UNG,UNG,StitchedVamana
956,yfcc,equal,UNG,1.0,UNG,UNG,UNG,UNG,StitchedVamana
956,yfcc,or,FilteredVamana,1.0,Post-filter,FilteredVamana,StitchedVamana,UNG,StitchedVamana
956,ytb_audio,and,SIEVE,0.8,SIEVE,UNG,UNG,UNG,Post-filter
956,ytb_audio,equal,UNG,1.0,UNG,UNG,UNG,UNG,Post-filter
956,ytb_audio,or,Post-filter,1.0,Post-filter,UNG,UNG,UNG,Post-filter
957,LAION1M,and,UNG,1.0,UNG,Post-filter,UNG,UNG,UNG
957,LAION1M,equal,UNG,1.0,UNG,UNG,UNG,UNG,UNG
957,LAION1M,or,UNG,1.0,Post-filter,Post-filter,UNG,UNG,UNG
957,tripclick,and,UNG,1.0,UNG,UNG,UNG,UNG,UNG
957,tripclick,equal,UNG,1.0,UNG,UNG,UNG,UNG,UNG
957,tripclick,or,Post-filter,1.0,Post-filter,UNG,UNG,UNG,UNG
957,yfcc,and,FilteredVamana,1.0,SIEVE,UNG,UNG,UNG,StitchedVamana
957,yfcc,equal,UNG,1.0,UNG,UNG,UNG,UNG,StitchedVamana
957,yfcc,or,FilteredVamana,1.0,Post-filter,FilteredVamana,StitchedVamana,UNG,StitchedVamana
957,ytb_audio,and,UNG,1.0,SIEVE,UNG,UNG,UNG,Post-filter
957,ytb_audio,equal,UNG,1.0,UNG,UNG,UNG,UNG,Post-filter
957,ytb_audio,or,UNG,1.0,Post-filter,UNG,UNG,UNG,Post-filter
958,LAION1M,and,UNG,1.0,UNG,Post-filter,UNG,UNG,UNG
958,LAION1M,equal,UNG,1.0,UNG,UNG,UNG,UNG,UNG
958,LAION1M,or,UNG,1.0,Post-filter,UNG,UNG,UNG,UNG
958,tripclick,and,UNG,1.0,UNG,UNG,UNG,UNG,UNG
958,tripclick,equal,UNG,1.0,UNG,UNG,UNG,UNG,UNG
958,tripclick,or,Post-filter,1.0,Post-filter,UNG,UNG,UNG,UNG
958,yfcc,and,UNG,1.0,SIEVE,UNG,UNG,UNG,StitchedVamana
958,yfcc,equal,UNG,1.0,UNG,UNG,UNG,UNG,StitchedVamana
958,yfcc,or,FilteredVamana,1.0,Post-filter,StitchedVamana,StitchedVamana,UNG,StitchedVamana
958,ytb_audio,and,UNG,1.0,SIEVE,UNG,UNG,UNG,Post-filter
958,ytb_audio,equal,UNG,1.0,UNG,UNG,UNG,UNG,Post-filter
958,ytb_audio,or,UNG,1.0,Post-filter,UNG,UNG,UNG,Post-filter
959,LAION1M,and,UNG,1.0,UNG,UNG,UNG,UNG,UNG
959,LAION1M,equal,UNG,1.0,UNG,UNG,UNG,UNG,UNG
959,LAION1M,or,UNG,1.0,Post-filter,UNG,UNG,UNG,StitchedVamana
959,tripclick,and,UNG,1.0,UNG,UNG,UNG,UNG,UNG
959,tripclick,equal,UNG,1.0,UNG,UNG,UNG,UNG,UNG
959,tripclick,or,UNG,1.0,Post-filter,UNG,UNG,UNG,UNG
959,yfcc,and,UNG,1.0,SIEVE,UNG,UNG,UNG,StitchedVamana
959,yfcc,equal,UNG,1.0,UNG,UNG,UNG,UNG,StitchedVamana
959,yfcc,or,FilteredVamana,1.0,Post-filter,FilteredVamana,StitchedVamana,UNG,StitchedVamana
959,ytb_audio,and,SIEVE,0.9,SIEVE,UNG,UNG,UNG,Post-filter
959,ytb_audio,equal,UNG,1.0,UNG,UNG,UNG,UNG,Post-filter
959,ytb_audio,or,StitchedVamana,1.0,Post-filter,UNG,UNG,UNG,Post-filter
960,LAION1M,and,UNG,1.0,UNG,UNG,UNG,UNG,UNG
960,LAION1M,equal,UNG,1.0,UNG,UNG,UNG,UNG,UNG
960,LAION1M,or,UNG,1.0,Post-filter,UNG,UNG,UNG,UNG
960,tripclick,and,UNG,1.0,UNG,UNG,UNG,UNG,UNG
960,tripclick,equal,UNG,1.0,UNG,UNG,UNG,UNG,UNG
960,tripclick,or,UNG,1.0,Post-filter,UNG,UNG,UNG,UNG
960,yfcc,and,UNG,1.0,SIEVE,UNG,UNG,UNG,StitchedVamana
960,yfcc,equal,UNG,1.0,UNG,UNG,UNG,UNG,StitchedVamana
960,yfcc,or,FilteredVamana,1.0,Post-filter,StitchedVamana,StitchedVamana,UNG,StitchedVamana
960,ytb_audio,and,SIEVE,1.0,SIEVE,UNG,UNG,UNG,Post-filter
960,ytb_audio,equal,UNG,1.0,UNG,UNG,UNG,UNG,Post-filter
960,ytb_audio,or,StitchedVamana,1.0,Post-filter,UNG,FilteredVamana,UNG,Post-filter
961,LAION1M,and,UNG,1.0,UNG,Post-filter,UNG,UNG,UNG
961,LAION1M,equal,UNG,1.0,UNG,UNG,UNG,UNG,UNG
961,LAION1M,or,UNG,1.0,Post-filter,Post-filter,UNG,UNG,UNG
961,tripclick,and,UNG,1.0,UNG,UNG,UNG,UNG,UNG
961,tripclick,equal,UNG,1.0,UNG,UNG,UNG,UNG,UNG
961,tripclick,or,UNG,1.0,Post-filter,UNG,UNG,UNG,UNG
961,yfcc,and,UNG,1.0,SIEVE,UNG,UNG,UNG,StitchedVamana
961,yfcc,equal,UNG,1.0,UNG,UNG,UNG,UNG,StitchedVamana
961,yfcc,or,FilteredVamana,1.0,Post-filter,StitchedVamana,StitchedVamana,UNG,StitchedVamana
961,ytb_audio,and,UNG,1.0,SIEVE,UNG,UNG,UNG,Post-filter
961,ytb_audio,equal,UNG,1.0,UNG,UNG,UNG,UNG,Post-filter
961,ytb_audio,or,StitchedVamana,1.0,Post-filter,Post-filter,FilteredVamana,UNG,Post-filter
962,LAION1M,and,UNG,1.0,UNG,Post-filter,UNG,UNG,UNG
962,LAION1M,equal,UNG,1.0,UNG,UNG,UNG,UNG,UNG
962,LAION1M,or,UNG,1.0,Post-filter,UNG,UNG,UNG,UNG
962,tripclick,and,UNG,1.0,UNG,UNG,UNG,UNG,UNG
962,tripclick,equal,UNG,1.0,UNG,UNG,UNG,UNG,UNG
962,tripclick,or,UNG,1.0,Post-filter,UNG,UNG,UNG,UNG
962,yfcc,and,UNG,1.0,SIEVE,UNG,UNG,UNG,StitchedVamana
962,yfcc,equal,UNG,1.0,UNG,UNG,UNG,UNG,StitchedVamana
962,yfcc,or,FilteredVamana,1.0,Post-filter,StitchedVamana,StitchedVamana,UNG,StitchedVamana
962,ytb_audio,and,UNG,1.0,SIEVE,UNG,UNG,UNG,Post-filter
962,ytb_audio,equal,UNG,1.0,UNG,UNG,UNG,UNG,Post-filter
962,ytb_audio,or,UNG,1.0,Post-filter,UNG,UNG,UNG,Post-filter
963,LAION1M,and,UNG,1.0,UNG,Post-filter,UNG,UNG,UNG
963,LAION1M,equal,UNG,1.0,UNG,UNG,UNG,UNG,UNG
963,LAION1M,or,UNG,1.0,Post-filter,Post-filter,UNG,UNG,UNG
963,tripclick,and,UNG,1.0,UNG,UNG,UNG,UNG,UNG
963,tripclick,equal,UNG,1.0,UNG,UNG,UNG,UNG,UNG
963,tripclick,or,UNG,1.0,Post-filter,UNG,UNG,UNG,UNG
963,yfcc,and,FilteredVamana,1.0,SIEVE,UNG,UNG,UNG,StitchedVamana
963,yfcc,equal,UNG,1.0,UNG,UNG,UNG,UNG,StitchedVamana
963,yfcc,or,FilteredVamana,1.0,Post-filter,StitchedVamana,StitchedVamana,UNG,StitchedVamana
963,ytb_audio,and,UNG,1.0,SIEVE,UNG,UNG,UNG,Post-filter
963,ytb_audio,equal,UNG,1.0,UNG,UNG,UNG,UNG,Post-filter
963,ytb_audio,or,StitchedVamana,1.0,Post-filter,UNG,FilteredVamana,UNG,Post-filter
964,LAION1M,and,UNG,1.0,UNG,UNG,UNG,UNG,UNG
964,LAION1M,equal,UNG,1.0,UNG,UNG,UNG,UNG,UNG
964,LAION1M,or,UNG,1.0,Post-filter,Post-filter,UNG,UNG,UNG
964,tripclick,and,UNG,1.0,UNG,UNG,UNG,UNG,UNG
964,tripclick,equal,UNG,1.0,UNG,UNG,UNG,UNG,UNG
964,tripclick,or,UNG,1.0,Post-filter,UNG,UNG,UNG,UNG
964,yfcc,and,UNG,1.0,SIEVE,UNG,UNG,UNG,StitchedVamana
964,yfcc,equal,UNG,1.0,UNG,UNG,UNG,UNG,StitchedVamana
964,yfcc,or,FilteredVamana,1.0,Post-filter,FilteredVamana,StitchedVamana,UNG,StitchedVamana
964,ytb_audio,and,UNG,1.0,SIEVE,UNG,UNG,UNG,Post-filter
964,ytb_audio,equal,UNG,1.0,UNG,UNG,UNG,UNG,Post-filter
964,ytb_audio,or,StitchedVamana,1.0,Post-filter,UNG,FilteredVamana,UNG,Post-filter
965,LAION1M,and,UNG,1.0,UNG,UNG,UNG,UNG,UNG
965,LAION1M,equal,UNG,1.0,UNG,UNG,UNG,UNG,UNG
965,LAION1M,or,UNG,1.0,Post-filter,UNG,UNG,UNG,UNG
965,tripclick,and,UNG,1.0,UNG,UNG,UNG,UNG,UNG
965,tripclick,equal,UNG,1.0,UNG,UNG,UNG,UNG,UNG
965,tripclick,or,UNG,1.0,Post-filter,UNG,UNG,UNG,UNG
965,yfcc,and,FilteredVamana,1.0,SIEVE,UNG,UNG,UNG,StitchedVamana
965,yfcc,equal,UNG,1.0,UNG,UNG,UNG,UNG,StitchedVamana
965,yfcc,or,FilteredVamana,1.0,Post-filter,StitchedVamana,StitchedVamana,UNG,StitchedVamana
965,ytb_audio,and,SIEVE,1.0,SIEVE,UNG,UNG,UNG,Post-filter
965,ytb_audio,equal,UNG,1.0,UNG,UNG,UNG,UNG,Post-filter
965,ytb_audio,or,Post-filter,1.0,Post-filter,UNG,UNG,UNG,Post-filter
966,LAION1M,and,UNG,1.0,UNG,UNG,UNG,UNG,UNG
966,LAION1M,equal,UNG,1.0,UNG,UNG,UNG,UNG,UNG
966,LAION1M,or,UNG,1.0,Post-filter,Post-filter,UNG,UNG,UNG
966,tripclick,and,Post-filter,1.0,UNG,UNG,UNG,UNG,UNG
966,tripclick,equal,UNG,1.0,UNG,UNG,UNG,UNG,UNG
966,tripclick,or,UNG,1.0,Post-filter,UNG,UNG,UNG,UNG
966,yfcc,and,UNG,1.0,SIEVE,UNG,UNG,UNG,StitchedVamana
966,yfcc,equal,UNG,1.0,UNG,UNG,UNG,UNG,StitchedVamana
966,yfcc,or,FilteredVamana,1.0,Post-filter,StitchedVamana,StitchedVamana,UNG,StitchedVamana
966,ytb_audio,and,SIEVE,1.0,SIEVE,UNG,UNG,UNG,Post-filter
966,ytb_audio,equal,UNG,1.0,UNG,UNG,UNG,UNG,Post-filter
966,ytb_audio,or,StitchedVamana,1.0,Post-filter,UNG,FilteredVamana,UNG,Post-filter
967,LAION1M,and,UNG,1.0,UNG,Post-filter,UNG,UNG,UNG
967,LAION1M,equal,UNG,1.0,UNG,UNG,UNG,UNG,UNG
967,LAION1M,or,UNG,1.0,Post-filter,Post-filter,UNG,UNG,UNG
967,tripclick,and,UNG,1.0,UNG,UNG,UNG,UNG,UNG
967,tripclick,equal,UNG,1.0,UNG,UNG,UNG,UNG,UNG
967,tripclick,or,UNG,1.0,Post-filter,UNG,UNG,UNG,UNG
967,yfcc,and,UNG,1.0,SIEVE,UNG,UNG,UNG,StitchedVamana
967,yfcc,equal,UNG,1.0,UNG,UNG,UNG,UNG,StitchedVamana
967,yfcc,or,FilteredVamana,1.0,Post-filter,StitchedVamana,StitchedVamana,UNG,StitchedVamana
967,ytb_audio,and,UNG,1.0,SIEVE,UNG,UNG,UNG,Post-filter
967,ytb_audio,equal,UNG,1.0,UNG,UNG,UNG,UNG,Post-filter
967,ytb_audio,or,StitchedVamana,1.0,Post-filter,UNG,UNG,UNG,Post-filter
968,LAION1M,and,UNG,1.0,UNG,UNG,UNG,UNG,UNG
968,LAION1M,equal,UNG,1.0,UNG,UNG,UNG,UNG,UNG
968,LAION1M,or,UNG,1.0,Post-filter,Post-filter,UNG,FilteredVamana,StitchedVamana
968,tripclick,and,UNG,1.0,UNG,UNG,UNG,UNG,UNG
968,tripclick,equal,UNG,1.0,UNG,UNG,UNG,UNG,UNG
968,tripclick,or,UNG,1.0,Post-filter,UNG,UNG,UNG,UNG
968,yfcc,and,FilteredVamana,1.0,SIEVE,UNG,UNG,UNG,StitchedVamana
968,yfcc,equal,UNG,1.0,UNG,UNG,UNG,UNG,StitchedVamana
968,yfcc,or,FilteredVamana,1.0,Post-filter,StitchedVamana,StitchedVamana,UNG,StitchedVamana
968,ytb_audio,and,SIEVE,1.0,SIEVE,UNG,UNG,UNG,Post-filter
968,ytb_audio,equal,UNG,1.0,UNG,UNG,UNG,UNG,Post-filter
968,ytb_audio,or,StitchedVamana,1.0,Post-filter,UNG,FilteredVamana,UNG,Post-filter
969,LAION1M,and,UNG,1.0,UNG,UNG,UNG,UNG,UNG
969,LAION1M,equal,UNG,1.0,UNG,UNG,UNG,UNG,UNG
969,LAION1M,or,UNG,1.0,Post-filter,UNG,UNG,UNG,UNG
969,tripclick,and,Post-filter,1.0,UNG,UNG,UNG,UNG,UNG
969,tripclick,equal,UNG,1.0,UNG,UNG,UNG,UNG,UNG
969,tripclick,or,UNG,1.0,Post-filter,UNG,UNG,UNG,UNG
969,yfcc,and,UNG,1.0,SIEVE,UNG,UNG,UNG,StitchedVamana
969,yfcc,equal,UNG,1.0,UNG,UNG,UNG,UNG,StitchedVamana
969,yfcc,or,FilteredVamana,1.0,Post-filter,StitchedVamana,StitchedVamana,UNG,StitchedVamana
969,ytb_audio,and,SIEVE,1.0,SIEVE,UNG,UNG,UNG,Post-filter
969,ytb_audio,equal,UNG,1.0,UNG,UNG,UNG,UNG,Post-filter
969,ytb_audio,or,StitchedVamana,1.0,Post-filter,UNG,UNG,UNG,Post-filter
970,LAION1M,and,UNG,1.0,UNG,UNG,UNG,UNG,UNG
970,LAION1M,equal,UNG,1.0,UNG,UNG,UNG,UNG,UNG
970,LAION1M,or,UNG,1.0,Post-filter,UNG,UNG,UNG,StitchedVamana
970,tripclick,and,UNG,1.0,UNG,UNG,UNG,UNG,UNG
970,tripclick,equal,UNG,1.0,UNG,UNG,UNG,UNG,UNG
970,tripclick,or,UNG,1.0,Post-filter,UNG,UNG,UNG,UNG
970,yfcc,and,UNG,1.0,SIEVE,UNG,UNG,UNG,StitchedVamana
970,yfcc,equal,UNG,1.0,UNG,UNG,UNG,UNG,StitchedVamana
970,yfcc,or,FilteredVamana,1.0,Post-filter,StitchedVamana,StitchedVamana,UNG,StitchedVamana
970,ytb_audio,and,SIEVE,1.0,SIEVE,UNG,UNG,UNG,Post-filter
970,ytb_audio,equal,UNG,1.0,UNG,UNG,UNG,UNG,Post-filter
970,ytb_audio,or,StitchedVamana,1.0,Post-filter,UNG,UNG,UNG,Post-filter
971,LAION1M,and,UNG,1.0,UNG,UNG,UNG,UNG,UNG
971,LAION1M,equal,UNG,1.0,UNG,UNG,UNG,UNG,UNG
971,LAION1M,or,UNG,1.0,Post-filter,UNG,UNG,UNG,StitchedVamana
971,tripclick,and,UNG,1.0,UNG,UNG,UNG,UNG,UNG
971,tripclick,equal,UNG,1.0,UNG,UNG,UNG,UNG,UNG
971,tripclick,or,UNG,1.0,Post-filter,UNG,UNG,UNG,UNG
971,yfcc,and,UNG,1.0,SIEVE,UNG,UNG,UNG,StitchedVamana
971,yfcc,equal,UNG,1.0,UNG,UNG,UNG,UNG,StitchedVamana
971,yfcc,or,FilteredVamana,1.0,Post-filter,StitchedVamana,StitchedVamana,UNG,StitchedVamana
971,ytb_audio,and,UNG,1.0,SIEVE,UNG,UNG,UNG,Post-filter
971,ytb_audio,equal,UNG,1.0,UNG,UNG,UNG,UNG,Post-filter
971,ytb_audio,or,UNG,1.0,Post-filter,UNG,UNG,UNG,Post-filter
972,LAION1M,and,UNG,1.0,UNG,UNG,UNG,UNG,UNG
972,LAION1M,equal,UNG,1.0,UNG,UNG,UNG,UNG,UNG
972,LAION1M,or,UNG,1.0,Post-filter,Post-filter,UNG,UNG,UNG
972,tripclick,and,Post-filter,1.0,UNG,UNG,UNG,UNG,UNG
972,tripclick,equal,UNG,1.0,UNG,UNG,UNG,UNG,UNG
972,tripclick,or,UNG,1.0,Post-filter,UNG,UNG,UNG,UNG
972,yfcc,and,FilteredVamana,1.0,SIEVE,UNG,UNG,UNG,StitchedVamana
972,yfcc,equal,UNG,1.0,UNG,UNG,UNG,UNG,StitchedVamana
972,yfcc,or,FilteredVamana,1.0,Post-filter,StitchedVamana,StitchedVamana,UNG,StitchedVamana
972,ytb_audio,and,SIEVE,1.0,SIEVE,UNG,UNG,UNG,Post-filter
972,ytb_audio,equal,UNG,1.0,UNG,UNG,UNG,UNG,Post-filter
972,ytb_audio,or,StitchedVamana,1.0,Post-filter,UNG,FilteredVamana,UNG,Post-filter
973,LAION1M,and,UNG,1.0,UNG,UNG,UNG,UNG,UNG
973,LAION1M,equal,UNG,1.0,UNG,UNG,UNG,UNG,UNG
973,LAION1M,or,UNG,1.0,Post-filter,UNG,UNG,UNG,StitchedVamana
973,tripclick,and,UNG,1.0,UNG,UNG,UNG,UNG,UNG
973,tripclick,equal,UNG,1.0,UNG,UNG,UNG,UNG,UNG
973,tripclick,or,UNG,1.0,Post-filter,UNG,UNG,UNG,UNG
973,yfcc,and,UNG,1.0,SIEVE,UNG,UNG,UNG,StitchedVamana
973,yfcc,equal,UNG,1.0,UNG,UNG,UNG,UNG,StitchedVamana
973,yfcc,or,FilteredVamana,1.0,Post-filter,StitchedVamana,StitchedVamana,UNG,StitchedVamana
973,ytb_audio,and,UNG,1.0,SIEVE,UNG,UNG,UNG,Post-filter
973,ytb_audio,equal,UNG,1.0,UNG,UNG,UNG,UNG,Post-filter
973,ytb_audio,or,StitchedVamana,1.0,Post-filter,UNG,UNG,UNG,Post-filter
974,LAION1M,and,UNG,1.0,UNG,Post-filter,UNG,UNG,UNG
974,LAION1M,equal,UNG,1.0,UNG,UNG,UNG,UNG,UNG
974,LAION1M,or,UNG,1.0,Post-filter,UNG,UNG,UNG,UNG
974,tripclick,and,UNG,1.0,UNG,UNG,UNG,UNG,UNG
974,tripclick,equal,UNG,1.0,UNG,UNG,UNG,UNG,UNG
974,tripclick,or,UNG,1.0,Post-filter,UNG,UNG,UNG,UNG
974,yfcc,and,UNG,1.0,SIEVE,UNG,UNG,UNG,StitchedVamana
974,yfcc,equal,UNG,1.0,UNG,UNG,UNG,UNG,StitchedVamana
974,yfcc,or,FilteredVamana,1.0,Post-filter,StitchedVamana,StitchedVamana,UNG,StitchedVamana
974,ytb_audio,and,UNG,1.0,SIEVE,UNG,UNG,UNG,Post-filter
974,ytb_audio,equal,UNG,1.0,UNG,UNG,UNG,UNG,Post-filter
974,ytb_audio,or,StitchedVamana,1.0,Post-filter,UNG,FilteredVamana,UNG,Post-filter
975,LAION1M,and,UNG,1.0,UNG,UNG,UNG,UNG,UNG
975,LAION1M,equal,UNG,1.0,UNG,UNG,UNG,UNG,UNG
975,LAION1M,or,UNG,1.0,Post-filter,UNG,UNG,UNG,UNG
975,tripclick,and,UNG,1.0,UNG,UNG,UNG,UNG,UNG
975,tripclick,equal,UNG,1.0,UNG,UNG,UNG,UNG,UNG
975,tripclick,or,UNG,1.0,Post-filter,UNG,UNG,UNG,UNG
975,yfcc,and,UNG,1.0,SIEVE,UNG,UNG,UNG,StitchedVamana
975,yfcc,equal,UNG,1.0,UNG,UNG,UNG,UNG,StitchedVamana
975,yfcc,or,FilteredVamana,1.0,Post-filter,StitchedVamana,StitchedVamana,UNG,StitchedVamana
975,ytb_audio,and,SIEVE,1.0,SIEVE,UNG,UNG,UNG,Post-filter
975,ytb_audio,equal,UNG,1.0,UNG,UNG,UNG,UNG,Post-filter
975,ytb_audio,or,StitchedVamana,1.0,Post-filter,UNG,UNG,UNG,Post-filter
976,LAION1M,and,UNG,1.0,UNG,UNG,UNG,UNG,UNG
976,LAION1M,equal,UNG,1.0,UNG,UNG,UNG,UNG,UNG
976,LAION1M,or,UNG,1.0,Post-filter,UNG,UNG,UNG,StitchedVamana
976,tripclick,and,UNG,1.0,UNG,UNG,UNG,UNG,UNG
976,tripclick,equal,UNG,1.0,UNG,UNG,UNG,UNG,UNG
976,tripclick,or,UNG,1.0,Post-filter,UNG,UNG,UNG,UNG
976,yfcc,and,UNG,1.0,SIEVE,UNG,UNG,UNG,StitchedVamana
976,yfcc,equal,UNG,1.0,UNG,UNG,UNG,UNG,StitchedVamana
976,yfcc,or,FilteredVamana,1.0,Post-filter,StitchedVamana,StitchedVamana,UNG,StitchedVamana
976,ytb_audio,and,SIEVE,0.9,SIEVE,UNG,UNG,UNG,Post-filter
976,ytb_audio,equal,UNG,1.0,UNG,UNG,UNG,UNG,Post-filter
976,ytb_audio,or,StitchedVamana,1.0,Post-filter,UNG,FilteredVamana,UNG,Post-filter
977,LAION1M,and,UNG,1.0,UNG,UNG,UNG,UNG,UNG
977,LAION1M,equal,UNG,1.0,UNG,UNG,UNG,UNG,UNG
977,LAION1M,or,UNG,1.0,Post-filter,UNG,UNG,UNG,UNG
977,tripclick,and,UNG,1.0,UNG,UNG,UNG,UNG,UNG
977,tripclick,equal,UNG,1.0,UNG,UNG,UNG,UNG,UNG
977,tripclick,or,UNG,1.0,Post-filter,UNG,UNG,UNG,UNG
977,yfcc,and,FilteredVamana,1.0,SIEVE,UNG,UNG,UNG,StitchedVamana
977,yfcc,equal,UNG,1.0,UNG,UNG,UNG,UNG,StitchedVamana
977,yfcc,or,FilteredVamana,1.0,Post-filter,StitchedVamana,StitchedVamana,UNG,StitchedVamana
977,ytb_audio,and,UNG,1.0,SIEVE,UNG,UNG,UNG,Post-filter
977,ytb_audio,equal,UNG,1.0,UNG,UNG,UNG,UNG,Post-filter
977,ytb_audio,or,Post-filter,1.0,Post-filter,UNG,UNG,UNG,Post-filter
978,LAION1M,and,UNG,1.0,UNG,Post-filter,UNG,UNG,UNG
978,LAION1M,equal,UNG,1.0,UNG,UNG,UNG,UNG,UNG
978,LAION1M,or,UNG,1.0,Post-filter,UNG,UNG,UNG,UNG
978,tripclick,and,UNG,1.0,UNG,UNG,UNG,UNG,UNG
978,tripclick,equal,UNG,1.0,UNG,UNG,UNG,UNG,UNG
978,tripclick,or,Post-filter,1.0,Post-filter,UNG,UNG,UNG,UNG
978,yfcc,and,UNG,1.0,SIEVE,UNG,UNG,UNG,StitchedVamana
978,yfcc,equal,UNG,1.0,UNG,UNG,UNG,UNG,StitchedVamana
978,yfcc,or,FilteredVamana,1.0,Post-filter,StitchedVamana,StitchedVamana,UNG,StitchedVamana
978,ytb_audio,and,UNG,1.0,SIEVE,UNG,UNG,UNG,Post-filter
978,ytb_audio,equal,UNG,1.0,UNG,UNG,UNG,UNG,Post-filter
978,ytb_audio,or,StitchedVamana,1.0,Post-filter,UNG,FilteredVamana,UNG,Post-filter
979,LAION1M,and,UNG,1.0,UNG,UNG,UNG,UNG,UNG
979,LAION1M,equal,UNG,1.0,UNG,UNG,UNG,UNG,UNG
979,LAION1M,or,Post-filter,1.0,Post-filter,Post-filter,UNG,UNG,StitchedVamana
979,tripclick,and,UNG,1.0,UNG,UNG,UNG,UNG,UNG
979,tripclick,equal,UNG,1.0,UNG,UNG,UNG,UNG,UNG
979,tripclick,or,Post-filter,1.0,Post-filter,UNG,UNG,UNG,UNG
979,yfcc,and,FilteredVamana,1.0,SIEVE,UNG,UNG,UNG,StitchedVamana
979,yfcc,equal,UNG,1.0,UNG,UNG,UNG,UNG,StitchedVamana
979,yfcc,or,FilteredVamana,1.0,Post-filter,StitchedVamana,StitchedVamana,UNG,StitchedVamana
979,ytb_audio,and,UNG,0.9,SIEVE,UNG,UNG,UNG,Post-filter
979,ytb_audio,equal,UNG,1.0,UNG,UNG,UNG,UNG,Post-filter
979,ytb_audio,or,StitchedVamana,1.0,Post-filter,Post-filter,FilteredVamana,UNG,Post-filter
980,LAION1M,and,UNG,1.0,UNG,UNG,UNG,UNG,UNG
980,LAION1M,equal,UNG,1.0,UNG,UNG,UNG,UNG,UNG
980,LAION1M,or,UNG,1.0,Post-filter,UNG,UNG,UNG,StitchedVamana
980,tripclick,and,UNG,1.0,UNG,UNG,UNG,UNG,UNG
980,tripclick,equal,UNG,1.0,UNG,UNG,UNG,UNG,UNG
980,tripclick,or,UNG,1.0,Post-filter,UNG,UNG,UNG,UNG
980,yfcc,and,UNG,1.0,SIEVE,UNG,UNG,UNG,StitchedVamana
980,yfcc,equal,UNG,1.0,UNG,UNG,UNG,UNG,StitchedVamana
980,yfcc,or,FilteredVamana,1.0,Post-filter,StitchedVamana,StitchedVamana,UNG,StitchedVamana
980,ytb_audio,and,UNG,1.0,SIEVE,UNG,UNG,UNG,Post-filter
980,ytb_audio,equal,UNG,1.0,UNG,UNG,UNG,UNG,Post-filter
980,ytb_audio,or,StitchedVamana,1.0,Post-filter,UNG,UNG,UNG,Post-filter
981,LAION1M,and,UNG,1.0,UNG,UNG,UNG,UNG,StitchedVamana
981,LAION1M,equal,UNG,1.0,UNG,UNG,UNG,UNG,UNG
981,LAION1M,or,UNG,1.0,Post-filter,Post-filter,UNG,FilteredVamana,StitchedVamana
981,tripclick,and,UNG,1.0,UNG,UNG,UNG,UNG,UNG
981,tripclick,equal,UNG,1.0,UNG,UNG,UNG,UNG,UNG
981,tripclick,or,UNG,1.0,Post-filter,UNG,UNG,UNG,UNG
981,yfcc,and,FilteredVamana,1.0,SIEVE,UNG,UNG,UNG,StitchedVamana
981,yfcc,equal,UNG,1.0,UNG,UNG,UNG,UNG,StitchedVamana
981,yfcc,or,FilteredVamana,1.0,Post-filter,StitchedVamana,StitchedVamana,UNG,StitchedVamana
981,ytb_audio,and,SIEVE,1.0,SIEVE,UNG,UNG,UNG,Post-filter
981,ytb_audio,equal,UNG,1.0,UNG,UNG,UNG,UNG,Post-filter
981,ytb_audio,or,StitchedVamana,1.0,Post-filter,UNG,UNG,UNG,Post-filter
982,LAION1M,and,UNG,1.0,UNG,Post-filter,UNG,UNG,UNG
982,LAION1M,equal,UNG,1.0,UNG,UNG,UNG,UNG,UNG
982,LAION1M,or,UNG,1.0,Post-filter,UNG,UNG,FilteredVamana,StitchedVamana
982,tripclick,and,UNG,1.0,UNG,UNG,UNG,UNG,UNG
982,tripclick,equal,UNG,1.0,UNG,UNG,UNG,UNG,UNG
982,tripclick,or,UNG,1.0,Post-filter,UNG,UNG,UNG,UNG
982,yfcc,and,UNG,1.0,SIEVE,UNG,UNG,UNG,StitchedVamana
982,yfcc,equal,UNG,1.0,UNG,UNG,UNG,UNG,StitchedVamana
982,yfcc,or,FilteredVamana,1.0,Post-filter,StitchedVamana,StitchedVamana,UNG,StitchedVamana
982,ytb_audio,and,UNG,1.0,SIEVE,UNG,UNG,UNG,Post-filter
982,ytb_audio,equal,UNG,1.0,UNG,UNG,UNG,UNG,Post-filter
982,ytb_audio,or,StitchedVamana,1.0,Post-filter,UNG,FilteredVamana,UNG,Post-filter
983,LAION1M,and,UNG,1.0,UNG,UNG,UNG,UNG,UNG
983,LAION1M,equal,UNG,1.0,UNG,UNG,UNG,UNG,UNG
983,LAION1M,or,UNG,1.0,Post-filter,Post-filter,UNG,UNG,UNG
983,tripclick,and,UNG,1.0,UNG,UNG,UNG,UNG,UNG
983,tripclick,equal,UNG,1.0,UNG,UNG,UNG,UNG,UNG
983,tripclick,or,UNG,1.0,Post-filter,UNG,UNG,UNG,UNG
983,yfcc,and,FilteredVamana,1.0,SIEVE,UNG,UNG,UNG,StitchedVamana
983,yfcc,equal,UNG,1.0,UNG,UNG,UNG,UNG,StitchedVamana
983,yfcc,or,FilteredVamana,1.0,Post-filter,StitchedVamana,StitchedVamana,UNG,StitchedVamana
983,ytb_audio,and,UNG,1.0,SIEVE,UNG,UNG,UNG,Post-filter
983,ytb_audio,equal,UNG,1.0,UNG,UNG,UNG,UNG,Post-filter
983,ytb_audio,or,StitchedVamana,1.0,Post-filter,UNG,FilteredVamana,UNG,Post-filter
984,LAION1M,and,UNG,1.0,UNG,UNG,UNG,UNG,UNG
984,LAION1M,equal,UNG,1.0,UNG,UNG,UNG,UNG,UNG
984,LAION1M,or,UNG,1.0,Post-filter,Post-filter,UNG,FilteredVamana,StitchedVamana
984,tripclick,and,UNG,1.0,UNG,UNG,UNG,UNG,UNG
984,tripclick,equal,UNG,1.0,UNG,UNG,UNG,UNG,UNG
984,tripclick,or,UNG,1.0,Post-filter,UNG,UNG,UNG,UNG
984,yfcc,and,UNG,1.0,SIEVE,UNG,UNG,UNG,StitchedVamana
984,yfcc,equal,UNG,1.0,UNG,UNG,UNG,UNG,StitchedVamana
984,yfcc,or,FilteredVamana,1.0,Post-filter,StitchedVamana,StitchedVamana,UNG,StitchedVamana
984,ytb_audio,and,UNG,1.0,SIEVE,UNG,UNG,UNG,Post-filter
984,ytb_audio,equal,UNG,1.0,UNG,UNG,UNG,UNG,Post-filter
984,ytb_audio,or,StitchedVamana,1.0,Post-filter,UNG,FilteredVamana,UNG,Post-filter
985,LAION1M,and,UNG,1.0,UNG,UNG,UNG,UNG,UNG
985,LAION1M,equal,UNG,1.0,UNG,UNG,UNG,UNG,UNG
985,LAION1M,or,UNG,1.0,Post-filter,UNG,UNG,UNG,UNG
985,tripclick,and,Post-filter,1.0,UNG,UNG,UNG,UNG,UNG
985,tripclick,equal,UNG,1.0,UNG,UNG,UNG,UNG,UNG
985,tripclick,or,UNG,1.0,Post-filter,UNG,UNG,UNG,UNG
985,yfcc,and,UNG,1.0,SIEVE,UNG,UNG,UNG,StitchedVamana
985,yfcc,equal,UNG,1.0,UNG,UNG,UNG,UNG,StitchedVamana
985,yfcc,or,FilteredVamana,1.0,Post-filter,FilteredVamana,StitchedVamana,UNG,StitchedVamana
985,ytb_audio,and,SIEVE,1.0,SIEVE,UNG,UNG,UNG,Post-filter
985,ytb_audio,equal,UNG,1.0,UNG,UNG,UNG,UNG,Post-filter
985,ytb_audio,or,StitchedVamana,1.0,Post-filter,UNG,UNG,UNG,Post-filter
986,LAION1M,and,UNG,1.0,UNG,Post-filter,UNG,UNG,UNG
986,LAION1M,equal,UNG,1.0,UNG,UNG,UNG,UNG,UNG
986,LAION1M,or,UNG,1.0,Post-filter,UNG,UNG,UNG,UNG
986,tripclick,and,UNG,1.0,UNG,UNG,UNG,UNG,UNG
986,tripclick,equal,UNG,1.0,UNG,UNG,UNG,UNG,UNG
986,tripclick,or,UNG,1.0,Post-filter,UNG,UNG,UNG,UNG
986,yfcc,and,FilteredVamana,1.0,SIEVE,UNG,UNG,UNG,StitchedVamana
986,yfcc,equal,UNG,1.0,UNG,UNG,UNG,UNG,StitchedVamana
986,yfcc,or,FilteredVamana,1.0,Post-filter,StitchedVamana,StitchedVamana,UNG,StitchedVamana
986,ytb_audio,and,UNG,1.0,SIEVE,UNG,UNG,UNG,Post-filter
986,ytb_audio,equal,UNG,1.0,UNG,UNG,UNG,UNG,Post-filter
986,ytb_audio,or,StitchedVamana,1.0,Post-filter,UNG,FilteredVamana,UNG,Post-filter
987,LAION1M,and,UNG,1.0,UNG,Post-filter,UNG,UNG,UNG
987,LAION1M,equal,UNG,1.0,UNG,UNG,UNG,UNG,UNG
987,LAION1M,or,UNG,1.0,Post-filter,Post-filter,UNG,UNG,UNG
987,tripclick,and,UNG,1.0,UNG,UNG,UNG,UNG,UNG
987,tripclick,equal,UNG,1.0,UNG,UNG,UNG,UNG,UNG
987,tripclick,or,UNG,1.0,Post-filter,UNG,UNG,UNG,UNG
987,yfcc,and,UNG,1.0,SIEVE,UNG,UNG,UNG,StitchedVamana
987,yfcc,equal,UNG,1.0,UNG,UNG,UNG,UNG,StitchedVamana
987,yfcc,or,FilteredVamana,1.0,Post-filter,FilteredVamana,StitchedVamana,UNG,StitchedVamana
987,ytb_audio,and,UNG,1.0,SIEVE,UNG,UNG,UNG,Post-filter
987,ytb_audio,equal,UNG,1.0,UNG,UNG,UNG,UNG,Post-filter
987,ytb_audio,or,UNG,1.0,Post-filter,UNG,UNG,UNG,Post-filter
988,LAION1M,and,UNG,1.0,UNG,Post-filter,UNG,UNG,UNG
988,LAION1M,equal,UNG,1.0,UNG,UNG,UNG,UNG,UNG
988,LAION1M,or,UNG,1.0,Post-filter,Post-filter,UNG,UNG,UNG
988,tripclick,and,UNG,1.0,UNG,UNG,UNG,UNG,UNG
988,tripclick,equal,UNG,1.0,UNG,UNG,UNG,UNG,UNG
988,tripclick,or,UNG,1.0,Post-filter,UNG,UNG,UNG,UNG
988,yfcc,and,FilteredVamana,1.0,SIEVE,UNG,UNG,UNG,StitchedVamana
988,yfcc,equal,UNG,1.0,UNG,UNG,UNG,UNG,StitchedVamana
988,yfcc,or,FilteredVamana,1.0,Post-filter,StitchedVamana,StitchedVamana,UNG,StitchedVamana
988,ytb_audio,and,SIEVE,1.0,SIEVE,UNG,UNG,UNG,Post-filter
988,ytb_audio,equal,UNG,1.0,UNG,UNG,UNG,UNG,Post-filter
988,ytb_audio,or,StitchedVamana,1.0,Post-filter,UNG,UNG,UNG,Post-filter
989,LAION1M,and,UNG,1.0,UNG,UNG,UNG,UNG,UNG
989,LAION1M,equal,UNG,1.0,UNG,UNG,UNG,UNG,UNG
989,LAION1M,or,UNG,0.9,Post-filter,Post-filter,UNG,FilteredVamana,StitchedVamana
989,tripclick,and,UNG,1.0,UNG,UNG,UNG,UNG,UNG
989,tripclick,equal,UNG,1.0,UNG,UNG,UNG,UNG,UNG
989,tripclick,or,UNG,1.0,Post-filter,UNG,UNG,UNG,UNG
989,yfcc,and,UNG,1.0,SIEVE,UNG,UNG,UNG,StitchedVamana
989,yfcc,equal,UNG,1.0,UNG,UNG,UNG,UNG,StitchedVamana
989,yfcc,or,FilteredVamana,1.0,Post-filter,FilteredVamana,StitchedVamana,UNG,StitchedVamana
989,ytb_audio,and,UNG,1.0,SIEVE,UNG,UNG,UNG,Post-filter
989,ytb_audio,equal,UNG,1.0,UNG,UNG,UNG,UNG,Post-filter
989,ytb_audio,or,SIEVE,1.0,Post-filter,UNG,UNG,UNG,Post-filter
990,LAION1M,and,UNG,1.0,UNG,UNG,UNG,UNG,UNG
990,LAION1M,equal,UNG,1.0,UNG,UNG,UNG,UNG,UNG
990,LAION1M,or,UNG,1.0,Post-filter,UNG,UNG,UNG,StitchedVamana
990,tripclick,and,Post-filter,1.0,UNG,UNG,UNG,UNG,UNG
990,tripclick,equal,UNG,1.0,UNG,UNG,UNG,UNG,UNG
990,tripclick,or,UNG,1.0,Post-filter,UNG,UNG,UNG,UNG
990,yfcc,and,UNG,1.0,SIEVE,UNG,UNG,UNG,StitchedVamana
990,yfcc,equal,UNG,1.0,UNG,UNG,UNG,UNG,StitchedVamana
990,yfcc,or,FilteredVamana,1.0,Post-filter,StitchedVamana,StitchedVamana,UNG,StitchedVamana
990,ytb_audio,and,SIEVE,1.0,SIEVE,UNG,UNG,UNG,Post-filter
990,ytb_audio,equal,UNG,1.0,UNG,UNG,UNG,UNG,Post-filter
990,ytb_audio,or,StitchedVamana,1.0,Post-filter,UNG,FilteredVamana,UNG,Post-filter
991,LAION1M,and,UNG,1.0,UNG,UNG,UNG,UNG,UNG
991,LAION1M,equal,UNG,1.0,UNG,UNG,UNG,UNG,UNG
991,LAION1M,or,UNG,1.0,Post-filter,UNG,UNG,UNG,UNG
991,tripclick,and,UNG,1.0,UNG,UNG,UNG,UNG,UNG
991,tripclick,equal,UNG,1.0,UNG,UNG,UNG,UNG,UNG
991,tripclick,or,UNG,1.0,Post-filter,UNG,UNG,UNG,UNG
991,yfcc,and,UNG,1.0,SIEVE,UNG,UNG,UNG,StitchedVamana
991,yfcc,equal,UNG,1.0,UNG,UNG,UNG,UNG,StitchedVamana
991,yfcc,or,FilteredVamana,1.0,Post-filter,FilteredVamana,StitchedVamana,UNG,StitchedVamana
991,ytb_audio,and,SIEVE,1.0,SIEVE,UNG,UNG,UNG,Post-filter
991,ytb_audio,equal,UNG,1.0,UNG,UNG,UNG,UNG,Post-filter
991,ytb_audio,or,UNG,1.0,Post-filter,UNG,FilteredVamana,UNG,Post-filter
992,LAION1M,and,UNG,1.0,UNG,UNG,UNG,UNG,UNG
992,LAION1M,equal,UNG,1.0,UNG,UNG,UNG,UNG,UNG
992,LAION1M,or,UNG,1.0,Post-filter,Post-filter,UNG,UNG,UNG
992,tripclick,and,UNG,1.0,UNG,UNG,UNG,UNG,UNG
992,tripclick,equal,UNG,1.0,UNG,UNG,UNG,UNG,UNG
992,tripclick,or,UNG,1.0,Post-filter,UNG,UNG,UNG,UNG
992,yfcc,and,UNG,1.0,SIEVE,UNG,UNG,UNG,StitchedVamana
992,yfcc,equal,UNG,1.0,UNG,UNG,UNG,UNG,StitchedVamana
992,yfcc,or,FilteredVamana,1.0,Post-filter,StitchedVamana,StitchedVamana,UNG,StitchedVamana
992,ytb_audio,and,SIEVE,1.0,SIEVE,UNG,UNG,UNG,Post-filter
992,ytb_audio,equal,UNG,1.0,UNG,UNG,UNG,UNG,Post-filter
992,ytb_audio,or,StitchedVamana,1.0,Post-filter,UNG,UNG,UNG,Post-filter
993,LAION1M,and,UNG,1.0,UNG,Post-filter,UNG,UNG,UNG
993,LAION1M,equal,UNG,1.0,UNG,UNG,UNG,UNG,UNG
993,LAION1M,or,UNG,1.0,Post-filter,UNG,UNG,UNG,UNG
993,tripclick,and,UNG,1.0,UNG,UNG,UNG,UNG,UNG
993,tripclick,equal,UNG,1.0,UNG,UNG,UNG,UNG,UNG
993,tripclick,or,UNG,1.0,Post-filter,UNG,UNG,UNG,UNG
993,yfcc,and,Post-filter,1.0,SIEVE,UNG,UNG,UNG,StitchedVamana
993,yfcc,equal,UNG,1.0,UNG,UNG,UNG,UNG,StitchedVamana
993,yfcc,or,FilteredVamana,1.0,Post-filter,StitchedVamana,StitchedVamana,UNG,StitchedVamana
993,ytb_audio,and,SIEVE,1.0,SIEVE,UNG,UNG,UNG,Post-filter
993,ytb_audio,equal,UNG,1.0,UNG,UNG,UNG,UNG,Post-filter
993,ytb_audio,or,UNG,1.0,Post-filter,UNG,UNG,UNG,Post-filter
994,LAION1M,and,UNG,1.0,UNG,Post-filter,UNG,UNG,UNG
994,LAION1M,equal,UNG,1.0,UNG,UNG,UNG,UNG,UNG
994,LAION1M,or,UNG,1.0,Post-filter,UNG,UNG,UNG,UNG
994,tripclick,and,UNG,1.0,UNG,UNG,UNG,UNG,UNG
994,tripclick,equal,UNG,1.0,UNG,UNG,UNG,UNG,UNG
994,tripclick,or,UNG,1.0,Post-filter,UNG,UNG,UNG,UNG
994,yfcc,and,FilteredVamana,1.0,SIEVE,UNG,UNG,UNG,StitchedVamana
994,yfcc,equal,UNG,1.0,UNG,UNG,UNG,UNG,StitchedVamana
994,yfcc,or,FilteredVamana,1.0,Post-filter,StitchedVamana,StitchedVamana,UNG,StitchedVamana
994,ytb_audio,and,UNG,1.0,SIEVE,UNG,UNG,UNG,Post-filter
994,ytb_audio,equal,UNG,1.0,UNG,UNG,UNG,UNG,Post-filter
994,ytb_audio,or,Post-filter,1.0,Post-filter,UNG,UNG,UNG,Post-filter
995,LAION1M,and,UNG,1.0,UNG,Post-filter,UNG,UNG,UNG
995,LAION1M,equal,UNG,1.0,UNG,UNG,UNG,UNG,UNG
995,LAION1M,or,UNG,1.0,Post-filter,UNG,UNG,UNG,StitchedVamana
995,tripclick,and,UNG,1.0,UNG,UNG,UNG,UNG,UNG
995,tripclick,equal,UNG,1.0,UNG,UNG,UNG,UNG,UNG
995,tripclick,or,Post-filter,1.0,Post-filter,UNG,UNG,UNG,UNG
995,yfcc,and,UNG,1.0,SIEVE,UNG,UNG,UNG,StitchedVamana
995,yfcc,equal,UNG,1.0,UNG,UNG,UNG,UNG,StitchedVamana
995,yfcc,or,FilteredVamana,1.0,Post-filter,UNG,UNG,UNG,StitchedVamana
995,ytb_audio,and,UNG,1.0,SIEVE,UNG,UNG,UNG,Post-filter
995,ytb_audio,equal,UNG,0.9,UNG,UNG,UNG,UNG,Post-filter
995,ytb_audio,or,Post-filter,1.0,Post-filter,UNG,UNG,UNG,Post-filter
996,LAION1M,and,UNG,1.0,UNG,UNG,UNG,UNG,UNG
996,LAION1M,equal,UNG,1.0,UNG,UNG,UNG,UNG,UNG
996,LAION1M,or,UNG,1.0,Post-filter,Post-filter,UNG,UNG,UNG
996,tripclick,and,UNG,1.0,UNG,UNG,UNG,UNG,UNG
996,tripclick,equal,UNG,1.0,UNG,UNG,UNG,UNG,UNG
996,tripclick,or,UNG,1.0,Post-filter,UNG,UNG,UNG,UNG
996,yfcc,and,FilteredVamana,1.0,SIEVE,UNG,UNG,UNG,StitchedVamana
996,yfcc,equal,UNG,1.0,UNG,UNG,UNG,UNG,StitchedVamana
996,yfcc,or,FilteredVamana,1.0,Post-filter,StitchedVamana,StitchedVamana,UNG,StitchedVamana
996,ytb_audio,and,UNG,1.0,SIEVE,UNG,UNG,UNG,Post-filter
996,ytb_audio,equal,UNG,1.0,UNG,UNG,UNG,UNG,Post-filter
996,ytb_audio,or,StitchedVamana,1.0,Post-filter,UNG,UNG,UNG,Post-filter
997,LAION1M,and,UNG,1.0,UNG,UNG,UNG,UNG,UNG
997,LAION1M,equal,UNG,1.0,UNG,UNG,UNG,UNG,UNG
997,LAION1M,or,UNG,1.0,Post-filter,UNG,UNG,UNG,UNG
997,tripclick,and,UNG,1.0,UNG,UNG,UNG,UNG,UNG
997,tripclick,equal,UNG,1.0,UNG,UNG,UNG,UNG,UNG
997,tripclick,or,UNG,1.0,Post-filter,UNG,UNG,UNG,UNG
997,yfcc,and,FilteredVamana,1.0,SIEVE,UNG,UNG,UNG,StitchedVamana
997,yfcc,equal,UNG,1.0,UNG,UNG,UNG,UNG,StitchedVamana
997,yfcc,or,FilteredVamana,1.0,Post-filter,StitchedVamana,StitchedVamana,UNG,StitchedVamana
997,ytb_audio,and,UNG,1.0,SIEVE,UNG,UNG,UNG,Post-filter
997,ytb_audio,equal,UNG,1.0,UNG,UNG,UNG,UNG,Post-filter
997,ytb_audio,or,StitchedVamana,1.0,Post-filter,UNG,FilteredVamana,UNG,Post-filter
998,LAION1M,and,UNG,1.0,UNG,Post-filter,UNG,UNG,UNG
998,LAION1M,equal,UNG,1.0,UNG,UNG,UNG,UNG,UNG
998,LAION1M,or,UNG,1.0,Post-filter,UNG,UNG,FilteredVamana,StitchedVamana
998,tripclick,and,UNG,1.0,UNG,UNG,UNG,UNG,UNG
998,tripclick,equal,UNG,1.0,UNG,UNG,UNG,UNG,UNG
998,tripclick,or,Post-filter,1.0,Post-filter,UNG,UNG,UNG,UNG
998,yfcc,and,UNG,1.0,SIEVE,UNG,UNG,UNG,StitchedVamana
998,yfcc,equal,UNG,1.0,UNG,UNG,UNG,UNG,StitchedVamana
998,yfcc,or,FilteredVamana,1.0,Post-filter,StitchedVamana,StitchedVamana,UNG,StitchedVamana
998,ytb_audio,and,UNG,1.0,SIEVE,UNG,UNG,UNG,Post-filter
998,ytb_audio,equal,UNG,1.0,UNG,UNG,UNG,UNG,Post-filter
998,ytb_audio,or,UNG,1.0,Post-filter,UNG,UNG,UNG,Post-filter
999,LAION1M,and,UNG,1.0,UNG,UNG,UNG,UNG,UNG
999,LAION1M,equal,UNG,1.0,UNG,UNG,UNG,UNG,UNG
999,LAION1M,or,UNG,1.0,Post-filter,Post-filter,UNG,UNG,UNG
999,tripclick,and,UNG,1.0,UNG,UNG,UNG,UNG,UNG
999,tripclick,equal,UNG,1.0,UNG,UNG,UNG,UNG,UNG
999,tripclick,or,UNG,1.0,Post-filter,UNG,UNG,UNG,UNG
999,yfcc,and,UNG,1.0,SIEVE,UNG,UNG,UNG,StitchedVamana
999,yfcc,equal,UNG,1.0,UNG,UNG,UNG,UNG,StitchedVamana
999,yfcc,or,FilteredVamana,1.0,Post-filter,StitchedVamana,StitchedVamana,UNG,StitchedVamana
999,ytb_audio,and,UNG,1.0,SIEVE,UNG,UNG,UNG,Post-filter
999,ytb_audio,equal,UNG,1.0,UNG,UNG,UNG,UNG,Post-filter
999,ytb_audio,or,StitchedVamana,1.0,Post-filter,UNG,FilteredVamana,UNG,Post-filter
