dataset,scenario,query_id,plain_routing_us,strict_routing_us
synth_192d,and,81,52.87397652864456,53.053954616189
synth_192d,and,876,50.89119076728821,51.06115713715553
synth_192d,and,620,55.88366184383631,56.04454781860113
synth_192d,and,510,47.876499593257904,48.026442527770996
synth_192d,and,80,69.65361535549164,68.64103488624096
synth_192d,and,498,53.08026447892189,53.264666348695755
synth_192d,and,628,67.42042023688555,67.4612820148468
synth_192d,and,885,57.18658212572336,58.69858432561159
synth_192d,and,171,53.18806506693363,53.350115194916725
synth_192d,and,828,70.0303353369236,69.11728996783495
synth_192d,and,791,55.772834457457066,56.37435242533684
synth_192d,and,788,58.592529967427254,60.10453216731548
synth_192d,and,569,47.83598706126213,47.99640737473965
synth_192d,and,447,52.63439379632473,52.81437188386917
synth_192d,and,925,49.06510002911091,49.240654334425926
synth_192d,and,30,51.828683353960514,51.98956932872534
synth_192d,and,174,50.12308247387409,50.29409658163786
synth_192d,and,708,64.35695104300976,63.475919887423515
synth_192d,and,38,57.596596889197826,59.083220548927784
synth_192d,and,270,52.49946843832731,53.96059714257717
synth_192d,and,360,47.43540193885565,47.596520744264126
synth_192d,and,648,48.82947541773319,49.00852218270302
synth_192d,and,401,69.36350837349892,68.32205690443516
synth_192d,and,200,72.43757136166096,71.55840285122395
synth_192d,and,13,52.423449233174324,52.5997020304203
synth_192d,and,480,50.14974158257246,50.3206392750144
synth_192d,and,415,49.96021743863821,50.13041663914919
synth_192d,and,818,83.48515257239342,82.43322372436523
synth_192d,and,571,59.84911695122719,58.97774826735258
synth_192d,and,841,51.412382163107395,51.590497605502605
synth_192d,and,513,59.31383930146694,60.8155969530344
synth_192d,and,983,52.633462473750114,52.823685109615326
synth_192d,and,138,69.38469596207142,68.35267413407564
synth_192d,and,536,49.425289034843445,49.61434751749039
synth_192d,and,143,55.80310244113207,55.984011851251125
synth_192d,and,837,53.15395537763834,53.31600550562143
synth_192d,and,831,49.28302951157093,49.45322871208191
synth_192d,and,241,47.84180782735348,48.01107570528984
synth_192d,and,728,54.540461860597134,54.71031181514263
synth_192d,and,405,49.75462798029184,49.924710765480995
synth_192d,and,602,65.92308636754751,65.04321936517954
synth_192d,and,836,76.14318747073412,75.2320047467947
synth_192d,and,856,52.088405936956406,52.26838402450085
synth_192d,and,190,50.14450289309025,50.31609907746315
synth_192d,and,524,52.54766438156366,52.72321868687868
synth_192d,and,21,48.36614243686199,48.55054430663586
synth_192d,and,417,49.6632419526577,49.84857514500618
synth_192d,and,636,72.27202877402306,71.40054367482662
synth_192d,and,44,49.43273961544037,49.594324082136154
synth_192d,and,16,50.70655606687069,50.88606849312782
synth_192d,and,227,74.1665717214346,73.28623905777931
synth_192d,and,991,77.5858061388135,76.68428588658571
synth_192d,and,797,53.464784286916256,53.635681979358196
synth_192d,and,460,50.82052666693926,52.304589189589024
synth_192d,and,253,56.11905362457037,56.74012936651707
synth_192d,and,595,53.7351006641984,53.91507875174284
synth_192d,and,634,71.11788727343082,70.25699596852064
synth_192d,and,308,48.81853237748146,48.9985104650259
synth_192d,and,964,74.00673348456621,73.14910180866718
synth_192d,and,601,53.92450839281082,54.10355515778065
synth_192d,and,392,53.040916100144386,53.221359848976135
synth_192d,and,847,51.01237911731005,51.19305569678545
synth_192d,and,578,48.38150925934315,48.561603762209415
synth_192d,and,969,65.60701876878738,64.70596417784691
synth_192d,and,114,51.84905603528023,52.03764885663986
synth_192d,and,808,49.33401942253113,49.50398579239845
synth_192d,and,560,50.09002052247524,50.721573643386364
synth_192d,and,411,57.59159103035927,59.06890146434307
synth_192d,and,103,48.96160680800676,49.132504500448704
synth_192d,and,85,52.50982940196991,54.00693044066429
synth_192d,and,873,51.15161184221506,51.33252125233412
synth_192d,and,545,49.369758926332,49.54764153808355
synth_192d,and,107,67.3350878059864,67.34509952366352
synth_192d,and,470,69.52788680791855,68.50692443549633
synth_192d,and,842,71.22207898646593,70.32125722616911
synth_192d,and,414,49.23529922962189,49.404799938201904
synth_192d,and,694,49.629248678684235,49.814931116998196
synth_192d,and,835,47.82946780323982,48.00059832632542
synth_192d,and,626,57.42139182984829,56.569348089396954
synth_192d,and,189,49.56452175974846,49.74566400051117
synth_192d,and,667,73.99055175483227,73.11953231692314
synth_192d,and,871,50.16149953007698,50.33065099269152
synth_192d,and,93,48.5680066049099,48.75333979725838
synth_192d,and,43,49.38861820846796,49.57953933626413
synth_192d,and,396,47.5108390673995,47.701410949230194
synth_192d,and,776,71.09285797923803,70.21182682365179
synth_192d,and,469,49.18873310089111,49.38873462378979
synth_192d,and,219,49.787224270403385,49.95951894670725
synth_192d,and,583,49.625057727098465,49.805035814642906
synth_192d,and,817,71.4773777872324,72.9693565517664
synth_192d,and,604,83.57991464436054,82.70784746855497
synth_192d,and,886,48.02201874554157,48.20292815566063
synth_192d,and,686,52.11925599724054,52.29830276221037
synth_192d,and,315,80.52517659962177,79.4797670096159
synth_192d,and,777,48.367539420723915,48.54740109294653
synth_192d,and,145,52.64021456241608,53.26105747371912
synth_192d,and,69,64.44088649004698,63.54937795549631
synth_192d,and,890,49.90515299141407,50.08513107895851
synth_192d,and,514,52.13369149714708,52.31308750808239
synth_192d,and,888,48.694899305701256,48.8839577883482
synth_192d,and,567,48.48861135542393,48.67801908403635
synth_192d,and,661,52.085029892623425,52.27385554462671
synth_192d,and,505,47.666020691394806,47.846464440226555
synth_192d,and,603,48.14751446247101,48.318528570234776
synth_192d,and,123,50.96697714179754,52.43869964033365
synth_192d,and,972,49.397931434214115,49.569993279874325
synth_192d,and,162,67.4660550430417,66.59480277448893
synth_192d,and,934,52.80342884361744,52.97455936670303
synth_192d,and,799,49.70002919435501,49.87861029803753
synth_192d,and,970,51.2879341840744,51.4534767717123
synth_192d,and,347,54.2511697858572,54.410542361438274
synth_192d,and,188,72.61824794113636,71.70217577368021
synth_192d,and,140,49.920519813895226,50.07954314351082
synth_192d,and,177,49.583613872528076,49.74566400051117
synth_192d,and,676,48.581743612885475,48.762536607682705
synth_192d,and,711,61.060767620801926,60.15482358634472
synth_192d,and,965,48.46218507736921,48.63122012466192
synth_192d,and,759,48.97813778370619,49.159047193825245
synth_192d,and,748,52.28433292359114,53.7052983418107
synth_192d,and,148,56.870863772928715,58.312900364398956
synth_192d,and,326,51.59107968211174,51.751965656876564
synth_192d,and,109,52.421935833990574,52.57281009107828
synth_192d,and,659,61.48265674710274,62.074046581983566
synth_192d,and,262,49.838912673294544,50.013535656034946
synth_192d,and,461,52.2146001458168,52.38363519310951
synth_192d,and,770,51.33100785315037,51.50097422301769
synth_192d,and,76,48.87848626822233,49.03797525912523
synth_192d,and,261,47.48778883367777,47.65565972775221
synth_192d,and,519,82.95406587421894,82.05324411392212
synth_192d,and,541,49.258116632699966,49.43809472024441
synth_192d,and,317,77.50652730464935,76.59057155251503
synth_192d,and,378,47.83750046044588,47.998386435210705
synth_192d,and,859,50.26522558182478,50.43577402830124
synth_192d,and,973,51.387352868914604,51.5554565936327
synth_192d,and,976,48.642861656844616,48.81690256297588
synth_192d,and,363,54.96852099895477,55.13802170753479
synth_192d,and,697,51.252543926239014,51.41703877598047
synth_192d,and,651,64.51201625168324,63.62050771713257
synth_192d,and,329,48.21654874831438,48.38744644075632
synth_192d,and,102,50.94998050481081,51.11098289489746
synth_192d,and,877,47.45274782180786,47.63179458677769
synth_192d,and,846,51.17745604366064,51.34602542966604
synth_192d,and,367,52.14894190430641,52.31844261288643
synth_192d,and,187,49.6105058118701,49.77139178663492
synth_192d,and,975,51.64719186723232,51.807030104100704
synth_192d,and,781,56.14908877760172,55.253622122108936
synth_192d,and,685,53.29493433237076,53.46396937966347
synth_192d,and,275,64.2780214548111,63.376035541296005
synth_192d,and,409,52.8101809322834,52.98352334648371
synth_192d,and,445,51.962328143417835,53.434050641953945
synth_192d,and,615,48.958463594317436,49.13832526654005
synth_192d,and,771,48.48802927881479,48.66847302764654
synth_192d,and,289,56.79996684193611,57.409051805734634
synth_192d,and,830,61.74144800752401,62.34238389879465
synth_192d,and,812,50.659291446208954,50.83042196929455
synth_192d,and,650,50.46511068940163,51.95708945393562
synth_192d,and,950,64.07895125448704,63.203973695635796
synth_192d,and,785,48.501649871468544,48.66207018494606
synth_192d,and,319,47.85205237567425,48.028421588242054
synth_192d,and,88,51.767914555966854,52.373623475432396
synth_192d,and,543,55.443146266043186,56.06235936284065
synth_192d,and,389,78.21724284440279,77.18487177044153
synth_192d,and,773,48.68442192673683,48.85508678853512
synth_192d,and,473,75.51838643848896,74.6485311537981
synth_192d,and,67,52.46547516435385,53.070951253175735
synth_192d,and,332,48.66288509219885,48.81632048636675
synth_192d,and,718,48.65194205194712,48.821792006492615
synth_192d,and,811,49.20398350805044,49.36393816024065
synth_192d,and,494,48.21363836526871,48.38220775127411
synth_192d,and,757,60.279155150055885,59.37402602285147
synth_192d,and,611,50.80085247755051,52.24393680691719
synth_192d,and,169,56.26364145427942,56.42313044518232
synth_192d,and,538,50.860573537647724,51.45196337252855
synth_192d,and,714,65.75824227184057,65.71796257048845
synth_192d,and,580,54.9625838175416,55.55269308388233
synth_192d,and,427,59.55970846116543,61.04074418544769
synth_192d,and,698,50.32145418226719,50.49083847552538
synth_192d,and,136,56.539662182331085,55.64955063164234
synth_192d,and,387,51.31145007908344,51.481882110238075
synth_192d,and,712,48.43086935579777,48.591988161206245
synth_192d,and,927,50.00503733754158,50.1745380461216
synth_192d,and,669,50.585949793457985,50.747767090797424
synth_192d,and,957,64.37127012759447,63.47871385514736
synth_192d,and,905,50.385831855237484,50.531583838164806
synth_192d,and,426,52.78072785586119,52.939984016120434
synth_192d,and,992,50.13006739318371,50.29025487601757
synth_192d,and,395,47.59116563946009,47.75135312229395
synth_192d,and,208,83.58142804354429,82.56023284047842
synth_192d,and,410,49.42656960338354,49.57849159836769
synth_192d,and,716,49.473950639367104,49.63402170687914
synth_192d,and,17,53.82252857089043,53.9862085133791
synth_192d,and,883,50.28012674301863,50.45009311288595
synth_192d,and,655,56.09472282230854,56.69449456036091
synth_192d,and,8,55.90496584773064,56.50450475513935
synth_192d,and,539,53.52997686713934,53.689233027398586
synth_192d,and,932,50.244154408574104,50.39619281888008
synth_192d,and,866,50.866277888417244,51.026465371251106
synth_192d,and,899,55.298907682299614,55.89995998889208
synth_192d,and,861,53.184456191957,53.78562491387129
synth_192d,and,868,50.31900946050882,50.48350431025028
synth_192d,and,96,50.506903789937496,50.66592711955309
synth_192d,and,900,54.35640923678875,54.51543256640434
synth_192d,and,198,50.29595922678709,50.43495912104845
synth_192d,and,41,47.42993041872978,47.57056012749672
synth_192d,and,359,50.92250648885965,51.081529818475246
synth_192d,and,989,56.605320423841476,58.07809066027403
synth_192d,and,462,53.449999541044235,53.590745665133
synth_192d,and,404,65.92902354896069,64.91702515631914
synth_192d,and,851,69.6240458637476,68.63812450319529
synth_192d,and,523,52.297371439635754,52.33637057244778
synth_192d,and,930,53.15383896231651,53.27467806637287
synth_192d,and,699,49.961032345891,50.11097528040409
synth_192d,and,468,50.146016292274,50.3055052831769
synth_192d,and,638,49.499678425490856,49.639842472970486
synth_192d,and,406,53.87829151004553,54.03929390013218
synth_192d,and,502,69.57759615033865,68.52659862488508
synth_192d,and,867,47.655426897108555,47.82085306942463
synth_192d,and,483,63.469517044723034,62.603154219686985
synth_192d,and,10,59.24352444708347,58.38577635586262
synth_192d,and,968,51.65592301636934,51.80796142667532
synth_192d,and,68,51.345909014344215,51.5105202794075
synth_192d,and,36,54.094474762678146,54.246396757662296
synth_192d,and,74,49.002235755324364,49.15858153253794
synth_192d,and,309,51.99830047786236,52.17280704528093
synth_192d,and,173,52.82589700073004,52.984803915023804
synth_192d,and,783,51.51727236807346,51.69701762497425
synth_192d,and,772,72.78390694409609,71.90287578850985
synth_192d,and,576,49.33506716042757,49.515278078615665
synth_192d,and,243,57.98018537461758,58.56226198375225
synth_192d,and,301,56.874705478549004,56.013697758316994
synth_192d,and,600,48.58803004026413,48.74903243035078
synth_192d,and,774,51.6591826453805,53.13113797456026
synth_192d,and,827,54.26909774541855,54.42975088953972
synth_192d,and,458,74.41092748194933,73.52884858846664
synth_192d,and,287,51.345559768378735,51.507377065718174
synth_192d,and,575,51.94731056690216,53.42019721865654
synth_192d,and,874,52.608782425522804,52.76757292449474
synth_192d,and,245,54.24092523753643,54.41007670015097
synth_192d,and,476,76.1841656640172,75.29312279075384
synth_192d,and,508,50.050090067088604,50.2121401950717
synth_192d,and,806,59.669953770935535,58.758887462317944
synth_192d,and,577,68.54347884654999,67.68153980374336
synth_192d,and,84,75.64108818769455,74.74119774997234
synth_192d,and,609,50.6080687046051,50.776987336575985
synth_192d,and,153,49.335299991071224,49.51294977217913
synth_192d,and,805,55.4125290364027,56.01334851235151
synth_192d,and,294,73.94480053335428,73.08379281312227
synth_192d,and,220,62.59395740926266,61.68300751596689
synth_192d,and,422,49.50608126819134,49.675581976771355
synth_192d,and,622,48.55694714933634,48.708985559642315
synth_192d,and,800,51.27268377691507,51.43624730408192
synth_192d,and,95,49.54356700181961,49.71446469426155
synth_192d,and,629,67.22146645188332,66.33531302213669
synth_192d,and,775,51.58910062164068,53.085735999047756
synth_192d,and,912,50.0798923894763,50.67046731710434
synth_192d,and,720,54.757227189838886,55.36852404475212
synth_192d,and,117,54.48260344564915,54.6514056622982
synth_192d,and,780,50.52157212048769,50.68595055490732
synth_192d,and,437,49.39851351082325,49.559399485588074
synth_192d,and,904,56.43011536449194,55.56805990636349
synth_192d,and,695,52.36815195530653,52.538118325173855
synth_192d,and,26,48.57254680246115,48.732501454651356
synth_192d,and,333,50.1053873449564,50.70993211120367
synth_192d,and,693,47.88266960531473,48.02399780601263
synth_192d,and,952,67.35988426953554,68.81344597786665
synth_192d,and,230,70.92626765370369,70.03429345786572
synth_192d,and,608,52.570365369319916,53.150346502661705
synth_192d,and,995,48.63808862864971,48.78826439380646
synth_192d,and,810,47.88779187947512,48.05775824934244
synth_192d,and,546,47.20280412584543,47.370907850563526
synth_192d,and,680,47.947512939572334,48.116547986865044
synth_192d,and,155,48.919348046183586,49.088383093476295
synth_192d,and,358,51.2066762894392,52.70913243293762
synth_192d,and,416,47.49640356749296,47.65682388097048
synth_192d,and,825,61.943428590893745,61.05261854827404
synth_192d,and,306,49.92424510419369,50.094095058739185
synth_192d,and,816,56.43849726766348,55.5672449991107
synth_192d,and,897,49.87523425370455,50.04415288567543
synth_192d,and,24,49.16917532682419,49.329595640301704
synth_192d,and,582,47.437031753361225,47.60699812322855
synth_192d,and,116,47.5618289783597,47.72085230797529
synth_192d,and,106,61.25122308731079,60.36984268575907
synth_192d,and,182,59.5790334045887,58.6826354265213
synth_192d,and,249,47.376612201333046,47.54087422043085
synth_192d,and,914,49.28407724946737,49.43541716784239
synth_192d,and,209,48.947869800031185,49.11783616989851
synth_192d,and,442,49.801310524344444,49.97081123292446
synth_192d,and,630,51.19270645081997,51.34264938533306
synth_192d,and,99,53.579919040203094,53.73544991016388
synth_192d,and,61,52.419258281588554,52.58910823613405
synth_192d,and,977,65.70876576006413,64.68803621828556
synth_192d,and,266,51.578390412032604,51.7464941367507
synth_192d,and,299,51.19084380567074,51.33100785315037
synth_192d,and,432,50.20585376769304,50.37488881498575
synth_192d,and,271,48.04693162441254,48.20246249437332
synth_192d,and,533,49.37686026096344,49.52738527208567
synth_192d,and,202,49.20409992337227,49.373600631952286
synth_192d,and,344,49.14542660117149,49.30444993078709
synth_192d,and,612,50.85649900138378,51.02204158902168
synth_192d,and,288,49.37488120049238,49.52959716320038
synth_192d,and,436,48.047746531665325,48.19768946617842
synth_192d,and,45,53.12496796250343,53.29481791704893
synth_192d,and,540,53.645577281713486,53.81484515964985
synth_192d,and,374,53.37013863027096,53.52124571800232
synth_192d,and,815,51.063019782304764,51.22204311192036
synth_192d,and,398,69.42520849406719,68.37421096861362
synth_192d,and,201,47.55635745823383,47.72539250552654
synth_192d,and,894,56.07388447970152,56.23570177704096
synth_192d,and,446,54.612522944808006,54.772477596998215
synth_192d,and,29,63.61515261232853,62.73516919463873
synth_192d,and,751,50.76057277619839,50.92518404126167
synth_192d,and,440,47.92155232280493,48.08709491044283
synth_192d,and,133,47.69139923155308,47.8613656014204
synth_192d,and,488,59.95552055537701,59.103360399603844
synth_192d,and,112,54.04639523476362,54.19773515313864
synth_192d,and,328,61.24062929302454,60.36052946001291
synth_192d,and,633,51.7015578225255,51.85243207961321
synth_192d,and,705,47.61642776429653,47.786859795451164
synth_192d,and,792,61.638071201741695,60.72607357054949
synth_192d,and,691,47.84774500876665,48.01678005605936
synth_192d,and,296,53.524854592978954,53.69132850319147
synth_192d,and,429,54.37305662781,55.86876068264246
synth_192d,and,48,50.45579746365547,50.60702096670866
synth_192d,and,565,56.39507435262203,55.49308843910694
synth_192d,and,351,49.08395931124687,49.25462417304516
synth_192d,and,247,55.688899010419846,55.82883022725582
synth_192d,and,465,49.413880333304405,49.57290366292
synth_192d,and,619,47.92155232280493,48.07149525731802
synth_192d,and,251,51.40155553817749,51.55382677912712
synth_192d,and,687,54.958160035312176,55.10915070772171
synth_192d,and,692,59.620942920446396,58.74014459550381
synth_192d,and,998,55.9929758310318,56.59391172230244
synth_192d,and,813,49.122958444058895,49.27359987050295
synth_192d,and,132,49.44903776049614,49.60899241268635
synth_192d,and,617,52.369898185133934,52.533228881657124
synth_192d,and,185,66.32355507463217,65.27698133140802
synth_192d,and,62,63.509680330753326,62.61770613491535
synth_192d,and,947,84.8210183903575,83.76152254641056
synth_192d,and,210,78.21177132427692,77.32096128165722
synth_192d,and,641,55.68377673625946,56.26538768410683
synth_192d,and,528,55.30216731131077,55.90287037193775
synth_192d,and,298,50.40585529059172,50.55696237832308
synth_192d,and,857,70.23464422672987,69.3431356921792
synth_192d,and,941,54.60239481180906,54.75746002048254
synth_192d,and,53,69.82870399951935,68.9338194206357
synth_192d,and,887,54.450822062790394,54.62032277137041
synth_192d,and,357,68.79470311105251,67.89364852011204
synth_192d,and,375,60.836668126285076,59.96460095047951
synth_192d,and,451,58.81290417164564,60.300459153950214
synth_192d,and,943,48.058340325951576,48.20374306291342
synth_192d,and,674,51.51296500116587,51.6639556735754
synth_192d,and,948,53.39994095265865,53.56944166123867
synth_192d,and,121,54.16222847998142,54.342206567525864
synth_192d,and,454,62.448554672300816,61.57171446830034
synth_192d,and,369,52.04265471547842,52.2128539159894
synth_192d,and,527,50.15649367123842,50.31563341617584
synth_192d,and,843,80.85998706519604,79.80898953974247
synth_192d,and,832,51.67082417756319,51.831360906362534
synth_192d,and,649,58.142468333244324,59.644924476742744
synth_192d,and,98,49.60538353770971,49.76987838745117
synth_192d,and,471,47.52608947455883,47.67719656229019
synth_192d,and,987,69.73452400416136,68.71228106319904
synth_192d,and,60,56.205084547400475,57.685538195073605
synth_192d,and,195,60.536316595971584,59.633865021169186
synth_192d,and,923,48.13575651496649,48.29582758247852
synth_192d,and,322,53.2402191311121,53.39924246072769
synth_192d,and,33,48.12702536582947,48.29699173569679
synth_192d,and,587,48.15240390598774,48.32097329199314
synth_192d,and,211,57.95271135866642,57.04094655811787
synth_192d,and,380,49.80037920176983,49.96627103537321
synth_192d,and,684,55.30158523470163,55.46247120946646
synth_192d,and,503,47.945999540388584,48.09570964425802
synth_192d,and,928,66.52611773461103,66.49515125900507
synth_192d,and,700,49.60235673934221,50.194445066154
synth_192d,and,504,57.356199249625206,56.4351212233305
synth_192d,and,6,50.85126031190157,50.99177360534668
synth_192d,and,348,52.147312089800835,52.30365786701441
synth_192d,and,1,50.650909543037415,50.80085247755051
synth_192d,and,100,68.74313112348318,67.85150617361069
synth_192d,and,439,53.220777772367,53.38981281965971
synth_192d,and,46,72.32837378978729,71.41532842069864
synth_192d,and,193,50.45090802013874,50.610979087650776
synth_192d,and,304,49.9640591442585,50.118425861001015
synth_192d,and,403,49.66848064213991,49.82983227819204
synth_192d,and,481,52.677467465400696,53.258612751960754
synth_192d,and,852,59.16657391935587,60.61384920030832
synth_192d,and,542,49.900379963219166,50.05847197026014
synth_192d,and,746,50.66103767603636,50.815753638744354
synth_192d,and,302,54.687727242708206,54.857111535966396
synth_192d,and,394,49.46568515151739,49.62529055774212
synth_192d,and,739,53.00960037857294,53.179566748440266
synth_192d,and,232,51.0199461132288,52.46186628937721
synth_192d,and,796,49.27767440676689,49.43809472024441
synth_192d,and,350,47.780340537428856,47.93168045580387
synth_192d,and,49,48.2883770018816,48.45624789595604
synth_192d,and,125,52.14905831962824,52.30703391134739
synth_192d,and,736,48.959627747535706,49.10537973046303
synth_192d,and,293,48.5187629237771,48.68779797106981
synth_192d,and,996,51.6773434355855,51.837414503097534
synth_192d,and,666,48.273010179400444,48.42388443648815
synth_192d,and,532,61.48323882371187,60.60663145035505
synth_192d,and,291,50.8306547999382,51.00003909319639
synth_192d,and,988,53.05989179760218,53.21507342159748
synth_192d,and,860,83.23974907398224,82.33345579355955
synth_192d,and,284,52.468734793365,53.90099249780178
synth_192d,and,896,50.58490205556154,51.15137901157141
synth_192d,and,156,47.39616997539997,47.54960536956787
synth_192d,and,644,66.08443800359964,65.22319745272398
synth_192d,and,668,57.00974725186825,57.60521162301302
synth_192d,and,916,48.653921112418175,48.822956159710884
synth_192d,and,664,47.309091314673424,47.465553507208824
synth_192d,and,551,51.912153139710426,52.05417983233929
synth_192d,and,477,72.50788621604443,71.61591202020645
synth_192d,and,131,50.900387577712536,52.33322735875845
synth_192d,and,862,49.25217945128679,49.42307714372873
synth_192d,and,884,55.31718488782644,56.73046689480543
synth_192d,and,214,48.3817420899868,48.551708459854126
synth_192d,and,657,58.79008676856756,60.20162254571915
synth_192d,and,124,48.59187174588442,48.74297883361578
synth_192d,and,252,51.15766543895006,51.31762009114027
synth_192d,and,47,47.745415940880775,47.901878133416176
synth_192d,and,337,47.616660594940186,47.77673166245222
synth_192d,and,231,54.632313549518585,54.792268201708794
synth_192d,and,895,75.5686778575182,74.68578405678272
synth_192d,and,753,49.12796430289745,49.29793067276478
synth_192d,and,346,48.95252641290426,49.112713895738125
synth_192d,and,966,48.07685036212206,48.23599010705948
synth_192d,and,154,73.72128311544657,72.83035665750504
synth_192d,and,713,48.74344449490309,48.91341086477041
synth_192d,and,725,51.58339627087116,51.743583753705025
synth_192d,and,501,48.06264769285917,48.22213668376207
synth_192d,and,822,55.58319389820099,56.19414150714874
synth_192d,and,960,48.839021474123,48.99816121906042
synth_192d,and,197,50.38722883909941,50.546252168715
synth_192d,and,986,55.287848226726055,55.84850441664457
synth_192d,and,740,63.28930612653494,62.40746006369591
synth_192d,and,525,48.69373515248299,48.85345697402954
synth_192d,and,730,65.82355126738548,64.75276313722134
synth_192d,and,994,55.51811773329973,54.586795158684254
synth_192d,and,376,66.05428643524647,65.99456537514925
synth_192d,and,438,61.95344030857086,61.071477830410004
synth_192d,and,341,51.653594709932804,51.8126180395484
synth_192d,and,782,70.19506301730871,69.34395059943199
synth_192d,and,710,53.60553041100502,53.76012995839119
synth_192d,and,203,52.4371862411499,52.58852615952492
synth_192d,and,579,51.53170786798,51.68083589524031
synth_192d,and,238,50.194328650832176,50.344388000667095
synth_192d,and,382,52.95872688293457,53.119612857699394
synth_192d,and,673,56.928605772554874,56.02207966148853
synth_192d,and,2,51.39235872775316,51.53787788003683
synth_192d,and,222,50.516100600361824,50.675589591264725
synth_192d,and,383,52.73509304970503,52.88620013743639
synth_192d,and,610,70.20088378340006,69.32893302291632
synth_192d,and,568,50.270347855985165,50.42506381869316
synth_192d,and,104,49.60049409419298,49.75975025445223
synth_192d,and,803,55.98203279078007,56.13244138658047
synth_192d,and,732,67.61518307030201,66.7438143864274
synth_192d,and,110,49.988157115876675,50.13879854232073
synth_192d,and,218,60.94551645219326,60.03445014357567
synth_192d,and,285,57.87168629467487,59.27018355578184
synth_192d,and,325,55.53313530981541,55.66398613154888
synth_192d,and,51,61.002676375210285,62.404898926615715
synth_192d,and,926,50.68001337349415,52.0775793120265
synth_192d,and,778,72.31393828988075,71.42662070691586
synth_192d,and,379,53.42962685972452,53.580268286168575
synth_192d,and,833,50.8155208081007,50.95603410154581
synth_192d,and,653,49.53448660671711,49.70352165400982
synth_192d,and,4,49.62400998920202,49.787573516368866
synth_192d,and,880,51.97746213525534,52.138580940663815
synth_192d,and,834,50.98443944007158,51.14590749144554
synth_192d,and,929,51.856739446520805,52.01762542128563
synth_192d,and,65,66.01330824196339,64.94100671261549
synth_192d,and,150,50.56522786617279,50.72704516351223
synth_192d,and,547,66.31517317146063,65.26848301291466
synth_192d,and,557,59.22955460846424,58.32407623529434
synth_192d,and,71,58.75295028090477,60.175079852342606
synth_192d,and,91,55.281445384025574,55.440585128962994
synth_192d,and,340,83.71076546609402,82.64987263828516
synth_192d,and,413,57.371798902750015,58.83350968360901
synth_192d,and,642,49.459515139460564,50.059519708156586
synth_192d,and,614,58.21697413921356,58.377860113978386
synth_192d,and,23,48.47242962568998,48.62796049565077
synth_192d,and,639,50.94555672258139,51.087699830532074
synth_192d,and,492,49.213762395083904,49.3593979626894
synth_192d,and,493,48.18302113562822,48.3229523524642
synth_192d,and,160,49.90480374544859,50.0647583976388
synth_192d,and,703,74.26983211189508,73.35818372666836
synth_192d,and,111,65.49875251948833,64.59653377532959
synth_192d,and,163,61.68766412883997,60.796504840254784
synth_192d,and,334,48.4884949401021,48.638670705258846
synth_192d,and,662,51.4050479978323,51.555922254920006
synth_192d,and,526,51.62833258509636,51.78619176149368
synth_192d,and,450,72.32930511236191,71.43791299313307
synth_192d,and,119,48.35787694901228,48.53901918977499
synth_192d,and,295,52.282470278441906,53.720083087682724
synth_192d,and,159,52.15290002524853,52.34277341514826
synth_192d,and,949,49.87476859241724,50.4710478708148
synth_192d,and,129,47.340989112854004,47.53097891807556
synth_192d,and,763,70.04360668361187,69.1235763952136
synth_192d,and,420,48.59257023781538,48.762536607682705
synth_192d,and,234,49.524824135005474,49.68408029526472
synth_192d,and,391,51.65650509297848,51.82251334190369
synth_192d,and,277,48.90316631644964,49.06312096863985
synth_192d,and,892,52.459072321653366,52.614486776292324
synth_192d,and,207,53.46012767404318,53.61647345125675
synth_192d,and,665,72.23791908472776,71.32755126804113
synth_192d,and,961,69.32474207133055,68.26419848948717
synth_192d,and,248,66.42390508204699,65.34741260111332
synth_192d,and,139,52.672578021883965,52.8235686942935
synth_192d,and,259,54.95606455951929,55.116950534284115
synth_192d,and,549,56.80602043867111,58.218021877110004
synth_192d,and,937,52.97956522554159,53.140101954340935
synth_192d,and,83,51.21086724102497,51.37152038514614
synth_192d,and,443,47.96579014509916,48.1276074424386
synth_192d,and,974,50.52716005593538,50.67698657512665
synth_192d,and,767,47.45554178953171,47.62143362313509
synth_192d,and,149,59.88997872918844,58.94806236028671
synth_192d,and,590,50.23658741265535,50.385831855237484
synth_192d,and,922,67.47094448655844,67.41646211594343
synth_192d,and,216,65.82459900528193,64.91818930953741
synth_192d,and,120,56.424178183078766,56.98658060282469
synth_192d,and,872,50.63554272055626,50.795613788068295
synth_192d,and,256,64.6000262349844,63.6884942650795
synth_192d,and,158,49.82342943549156,49.9925808981061
synth_192d,and,902,50.015514716506004,50.16615614295006
synth_192d,and,108,48.45857620239258,48.612942919135094
synth_192d,and,236,51.05265881866217,51.22378934174776
synth_192d,and,368,53.661176934838295,53.82159724831581
synth_192d,and,474,57.400320656597614,57.973433285951614
synth_192d,and,32,56.85549695044756,58.268080465495586
synth_192d,and,741,47.146459110081196,47.315494157373905
synth_192d,and,683,50.1684844493866,50.3279734402895
synth_192d,and,338,50.223665311932564,50.37919618189335
synth_192d,and,59,50.58548413217068,50.74404180049896
synth_192d,and,455,64.53192327171564,63.641113229095936
synth_192d,and,749,50.78618414700031,50.937291234731674
synth_192d,and,25,53.40541247278452,53.56443580240011
synth_192d,and,168,54.156407713890076,54.30635064840317
synth_192d,and,425,49.86079875379801,50.01178942620754
synth_192d,and,278,48.92877768725157,49.097929149866104
synth_192d,and,142,80.89549373835325,79.81457747519016
synth_192d,and,246,48.16707223653793,48.31713158637285
synth_192d,and,559,50.727277994155884,50.89631304144859
synth_192d,and,689,50.65975710749626,50.81435665488243
synth_192d,and,311,53.615192882716656,54.21519745141268
synth_192d,and,936,51.96360871195793,52.12367977946997
synth_192d,and,28,76.30570326000452,75.40371734648943
synth_192d,and,22,52.50901449471712,53.08445543050766
synth_192d,and,893,53.68178244680166,53.85081749409437
synth_192d,and,671,54.671079851686954,54.82288543134928
synth_192d,and,907,69.66362707316875,68.76408588141203
synth_192d,and,529,80.1159767434001,79.23285011202097
synth_192d,and,518,51.01657006889582,51.176175475120544
synth_192d,and,19,62.508159317076206,61.62154022604227
synth_192d,and,678,56.919874623417854,58.34316834807396
synth_192d,and,562,74.11057595163584,73.2295447960496
synth_192d,and,520,51.693059504032135,51.85301415622234
synth_192d,and,768,80.16906213015318,79.24018427729607
synth_192d,and,435,53.24010271579027,53.39027848094702
synth_192d,and,534,48.95823076367378,49.10910502076149
synth_192d,and,596,49.87290594726801,50.04194099456072
synth_192d,and,366,49.699097871780396,49.85998384654522
synth_192d,and,240,47.61118907481432,47.77021240442991
synth_192d,and,57,50.26510916650295,50.41714757680893
synth_192d,and,180,62.989071011543274,62.08254490047693
synth_192d,and,318,71.10182195901871,70.19145414233208
synth_192d,and,97,48.57778549194336,48.72842691838741
synth_192d,and,594,50.04496779292822,50.20492244511843
synth_192d,and,267,48.13238047063351,48.292335122823715
synth_192d,and,448,53.30902058631182,53.455703891813755
synth_192d,and,921,49.35474134981632,49.514928832650185
synth_192d,and,938,50.29106978327036,50.44147837907076
synth_192d,and,920,58.82710684090853,60.26902701705694
synth_192d,and,621,51.99748557060957,52.15744022279978
synth_192d,and,850,48.794434405863285,48.953923396766186
synth_192d,and,388,70.98086643964052,70.07562089711428
synth_192d,and,339,55.323587730526924,55.48784974962473
synth_192d,and,765,65.98851177841425,64.92598913609982
synth_192d,and,550,62.56869528442621,61.66857201606035
synth_192d,and,276,50.160568207502365,50.31120963394642
synth_192d,and,500,52.183051593601704,53.63509990274906
synth_192d,and,255,63.113984651863575,64.54694084823132
synth_192d,and,755,56.71835970133543,55.80298602581024
synth_192d,and,672,78.09593807905912,77.03446317464113
synth_192d,and,814,56.75514694303274,56.91498517990112
synth_192d,and,464,50.99934060126543,51.160226576030254
synth_192d,and,147,63.40933032333851,62.507460825145245
synth_192d,and,330,63.99292033165693,63.08371666818857
synth_192d,and,858,47.380803152918816,47.53889515995979
synth_192d,and,967,53.484924137592316,53.63544914871454
synth_192d,and,0,47.896639443933964,48.04844502359629
synth_192d,and,959,52.96070594340563,54.39168307930231
synth_192d,and,205,50.02599209547043,50.615984946489334
synth_192d,and,92,49.783848226070404,49.933791160583496
synth_192d,and,105,49.960450269281864,50.110393203794956
synth_192d,and,192,55.51206413656473,56.09320942312479
synth_192d,and,178,66.62565283477306,66.58467464148998
synth_192d,and,613,54.24697883427143,54.39843516796827
synth_192d,and,984,83.37525650858879,82.47478399425745
synth_192d,and,179,59.83537994325161,58.913370594382286
synth_192d,and,15,49.318536184728146,49.46964327245951
synth_192d,and,393,69.54302079975605,68.49248893558979
synth_192d,and,373,49.22307562083006,49.36812911182642
synth_192d,and,356,50.80713890492916,50.967209972441196
synth_192d,and,130,51.19678098708391,51.36546678841114
synth_192d,and,449,53.075957112014294,53.66711411625147
synth_192d,and,931,49.00537896901369,49.173482693731785
synth_192d,and,321,49.35893230140209,49.52005110681057
synth_192d,and,990,55.92883098870516,57.33093712478876
synth_192d,and,624,54.47224248200655,54.627773351967335
synth_192d,and,544,50.651258789002895,50.81668496131897
synth_192d,and,199,53.040217608213425,53.62043157219887
synth_192d,and,779,52.202376537024975,52.371411584317684
synth_192d,and,144,63.45438305288553,62.54285108298063
synth_192d,and,237,51.93252582103014,52.10156086832285
synth_192d,and,849,47.52166569232941,47.68057260662317
synth_192d,and,875,72.36306555569172,71.47155702114105
synth_192d,and,734,51.91273521631956,52.0836329087615
synth_192d,and,795,47.06229083240032,47.23109304904938
synth_192d,and,335,47.67114296555519,47.832028940320015
synth_192d,and,312,50.17558578401804,50.756148993968964
synth_192d,and,467,54.95315417647362,55.53406663239002
synth_192d,and,675,53.22881042957306,53.82881499826908
synth_192d,and,598,64.85742051154375,66.27989932894707
synth_192d,and,554,52.12740506976843,53.52043081074953
synth_192d,and,263,64.23506420105696,63.32946941256523
synth_192d,and,281,47.211768105626106,47.3707914352417
synth_192d,and,215,52.65860818326473,52.8175150975585
synth_192d,and,553,50.74066575616598,51.33089143782854
synth_192d,and,940,47.05099854618311,47.21153527498245
synth_192d,and,707,53.68993151932955,53.857918828725815
synth_192d,and,690,50.490954890847206,50.63216667622328
synth_192d,and,191,51.341019570827484,51.502371206879616
synth_192d,and,11,51.02215800434351,51.19049455970526
synth_192d,and,658,56.154560297727585,57.56656173616648
synth_192d,and,909,50.08559674024582,50.234608352184296
synth_192d,and,223,50.338683649897575,50.500151701271534
synth_192d,and,42,49.16160833090544,49.32226147502661
synth_192d,and,52,49.99514203518629,50.15963688492775
synth_192d,and,233,53.410883992910385,53.56990732252598
synth_192d,and,66,53.05442027747631,53.21402568370104
synth_192d,and,86,59.90080535411835,59.0089475736022
synth_192d,and,918,55.323587730526924,55.48354238271713
synth_192d,and,646,51.22635047882795,51.397248171269894
synth_192d,and,141,48.563117161393166,48.72353747487068
synth_192d,and,591,72.77971599251032,71.88681047409773
synth_192d,and,320,47.5466949865222,47.706649638712406
synth_192d,and,254,50.595030188560486,50.73612555861473
synth_192d,and,889,49.34682510793209,49.50794391334057
synth_192d,and,386,56.12464156001806,56.70555401593447
synth_192d,and,478,53.48050035536289,53.640687838196754
synth_192d,and,456,66.18851330131292,65.29758684337139
synth_192d,and,721,52.610994316637516,52.77909804135561
synth_192d,and,652,50.890957936644554,51.05999298393726
synth_192d,and,122,48.492918722331524,48.64204674959183
synth_192d,and,982,66.4041144773364,65.35265129059553
synth_192d,and,78,47.49710205942392,47.64716140925884
synth_192d,and,90,52.56594158709049,52.72543057799339
synth_192d,and,352,83.20051711052656,82.2991132736206
synth_192d,and,679,57.50684067606926,58.94806236028671
synth_192d,and,999,80.10165765881538,79.20037023723125
synth_192d,and,738,47.505018301308155,47.666835598647594
synth_192d,and,804,47.971028834581375,48.130983486771584
synth_192d,and,663,47.801993787288666,47.97044675797224
synth_192d,and,354,59.870886616408825,59.00778342038393
synth_192d,and,537,56.67051300406456,58.09240974485874
synth_192d,and,854,74.0719260647893,73.16016126424074
synth_192d,and,479,52.51856055110693,52.68945824354887
synth_192d,and,300,50.636474043130875,50.795963034033775
synth_192d,and,229,57.485420256853104,58.90801548957825
synth_192d,and,452,50.19677337259054,50.35451613366604
synth_192d,and,56,50.871516577899456,51.017035730183125
synth_192d,and,917,66.4296094328165,65.36650471389294
synth_192d,and,126,48.74030128121376,48.88931289315224
synth_192d,and,584,49.77406933903694,49.944035708904266
synth_192d,and,599,52.24882625043392,52.4086644873023
synth_192d,and,372,53.43055818229914,53.5816652700305
synth_192d,and,186,48.84740337729454,49.01143256574869
synth_192d,and,77,63.98046389222145,65.39607420563698
synth_192d,and,269,49.74566400051117,49.90561865270138
synth_192d,and,305,48.46800584346056,48.626563511788845
synth_192d,and,402,52.42694169282913,52.572693675756454
synth_192d,and,913,60.41012238711119,59.49311889708042
synth_192d,and,204,49.87523425370455,50.04496779292822
synth_192d,and,618,51.40691064298153,51.558949053287506
synth_192d,and,585,47.181849367916584,47.34040703624487
synth_192d,and,535,67.49795284122229,67.43741687387228
synth_192d,and,239,47.718873247504234,47.88883961737156
synth_192d,and,361,52.844639867544174,53.00575867295265
synth_192d,and,588,54.44686394184828,54.61589898914099
synth_192d,and,839,50.92762876302004,51.09666381031275
synth_192d,and,742,69.74348798394203,68.83358582854271
synth_192d,and,176,49.270689487457275,49.43879321217537
synth_192d,and,466,56.90555553883314,58.31662565469742
synth_192d,and,424,50.33519119024277,50.47093145549297
synth_192d,and,719,47.43156023323536,47.59151488542557
synth_192d,and,945,52.53974813967943,53.12089342623949
synth_192d,and,280,48.563932068645954,48.72481804341078
synth_192d,and,793,49.580237828195095,49.739028327167034
synth_192d,and,819,55.690063163638115,56.260148994624615
synth_192d,and,371,74.14317224174738,73.23140744119883
synth_192d,and,855,69.5427879691124,68.5007544234395
synth_192d,and,184,71.18703797459602,70.30612323433161
synth_192d,and,786,68.84441245347261,67.94347427785397
synth_192d,and,670,49.70584996044636,49.87034481018782
synth_192d,and,762,59.84294693917036,61.25506479293108
synth_192d,and,313,76.42596028745174,75.53014438599348
synth_192d,and,607,66.56988989561796,65.68001117557287
synth_192d,and,165,55.49855995923281,54.61729597300291
synth_192d,and,441,55.2076380699873,56.66038487106562
synth_192d,and,911,49.59490615874529,49.76033233106136
synth_192d,and,166,68.08154284954071,67.19038356095552
synth_192d,and,752,52.05743946135044,52.21692845225334
synth_192d,and,34,53.0310207977891,53.61228249967098
synth_192d,and,273,62.71968595683575,61.83306686580181
synth_192d,and,573,67.59143434464931,67.5498740747571
synth_192d,and,282,55.56340329349041,56.16340786218643
synth_192d,and,864,53.57142072170973,53.730327636003494
synth_192d,and,531,52.277697250247,52.43881605565548
synth_192d,and,623,70.95059845596552,70.09960245341063
synth_192d,and,891,50.130998715758324,50.29910244047642
synth_192d,and,558,47.7316789329052,47.8911679238081
synth_192d,and,946,70.01555059105158,69.1235763952136
synth_192d,and,516,49.7954897582531,49.96359348297119
synth_192d,and,552,56.323944590985775,55.44349551200867
synth_192d,and,490,50.77803507447243,50.928094424307346
synth_192d,and,954,49.448455683887005,49.619353376328945
synth_192d,and,79,72.20380939543247,71.30228914320469
synth_192d,and,268,63.6945478618145,62.79326044023037
synth_192d,and,35,50.876522436738014,51.02111026644707
synth_192d,and,696,50.27046427130699,50.439382903277874
synth_192d,and,971,48.85694943368435,49.026915803551674
synth_192d,and,980,49.33041054755449,49.48012065142393
synth_192d,and,27,49.478840082883835,50.06417632102966
synth_192d,and,175,54.69738971441984,54.856413044035435
synth_192d,and,605,53.62113006412983,53.789932280778885
synth_192d,and,327,63.32562770694494,62.43004463613033
synth_192d,and,682,74.15143772959709,73.24956823140383
synth_192d,and,196,58.03524982184172,57.13419523090124
synth_192d,and,910,49.73437171429396,49.89537410438061
synth_192d,and,400,48.964167945086956,49.12319127470255
synth_192d,and,853,59.794518165290356,58.89229942113161
synth_192d,and,164,49.50945731252432,49.66894630342722
synth_192d,and,63,63.33610508590937,62.439474277198315
synth_192d,and,870,47.9663722217083,48.12539555132389
synth_192d,and,592,47.044362872838974,47.20978904515505
synth_192d,and,55,52.32344847172499,52.47385706752539
synth_192d,and,307,50.354981794953346,50.51516927778721
synth_192d,and,181,51.688170060515404,51.839277148246765
synth_192d,and,733,57.02534690499306,56.153396144509315
synth_192d,and,244,47.84669727087021,47.99827001988888
synth_192d,and,349,54.48295269161463,55.93511741608381
synth_192d,and,647,52.92345304042101,53.088064305484295
synth_192d,and,743,66.5333354845643,66.47536065429449
synth_192d,and,865,53.23451478034258,53.39505150914192
synth_192d,and,370,54.63219713419676,54.79308310896158
synth_192d,and,729,49.64054096490145,49.80957601219416
synth_192d,and,589,53.38899791240692,53.549883887171745
synth_192d,and,385,52.15744022279978,52.29865200817585
synth_192d,and,31,48.3787152916193,48.539601266384125
synth_192d,and,226,48.53797145187855,48.69676195085049
synth_192d,and,94,47.33132664114237,47.471607103943825
synth_192d,and,3,80.71050979197025,79.65858094394207
synth_192d,and,264,48.47394302487373,48.622721806168556
synth_192d,and,487,57.956320233643055,58.53676702827215
synth_192d,and,574,49.2526451125741,49.3727857246995
synth_192d,and,744,65.90469274669886,64.8632412776351
synth_192d,and,563,51.243347115814686,51.40143912285566
synth_192d,and,631,75.81815589219332,74.89800918847322
synth_192d,and,221,50.87105091661215,51.02960858494043
synth_192d,and,118,52.39399615675211,53.82555536925793
synth_192d,and,789,63.34437057375908,62.45216354727745
synth_192d,and,82,65.87558891624212,65.81447087228298
synth_192d,and,750,58.94352216273546,60.38451101630926
synth_192d,and,826,56.97470623999834,56.051998399198055
synth_192d,and,507,52.68806125968695,53.288182243704796
synth_192d,and,747,61.22654303908348,60.32595410943031
synth_192d,and,430,58.13117604702711,58.70708264410496
synth_192d,and,506,61.868573538959026,63.30152973532677
synth_192d,and,343,50.06545688956976,50.22611003369093
synth_192d,and,632,47.15658724308014,47.32643719762564
synth_192d,and,802,48.82947541773319,48.99362102150917
synth_192d,and,956,61.77299655973911,60.891732573509216
synth_192d,and,89,52.63905040919781,52.78829485177994
synth_192d,and,58,72.34455551952124,71.4579364284873
synth_192d,and,901,80.53553756326437,79.66358680278063
synth_192d,and,933,80.48105519264936,79.55962792038918
synth_192d,and,616,47.86683712154627,48.00048191100359
synth_192d,and,491,50.27593579143286,50.85044540464878
synth_192d,and,760,50.24462006986141,50.393398851156235
synth_192d,and,225,47.45542537420988,47.61538002640009
synth_192d,and,570,48.63901995122433,48.77708852291107
synth_192d,and,408,57.565863244235516,58.959354646503925
synth_192d,and,717,62.89512384682894,61.999307945370674
synth_192d,and,881,48.79769403487444,48.957765102386475
synth_192d,and,606,50.290836952626705,50.44112913310528
synth_192d,and,784,50.74264481663704,50.90166814625263
synth_192d,and,381,52.067916840314865,52.2370683029294
synth_192d,and,702,83.27257819473743,82.36570283770561
synth_192d,and,496,69.69412788748741,68.69167555123568
synth_192d,and,643,52.94987931847572,53.11449058353901
synth_192d,and,787,48.86335227638483,49.0222591906786
synth_192d,and,951,48.22807386517525,48.389192670583725
synth_192d,and,993,64.73658140748739,65.30748214572668
synth_192d,and,942,52.25848872214556,52.42403130978346
synth_192d,and,566,53.45477256923914,53.62287629395723
synth_192d,and,137,59.3746080994606,59.96553227305412
synth_192d,and,224,51.270704716444016,51.421113312244415
synth_192d,and,336,56.75305146723986,55.89297506958246
synth_192d,and,5,51.12250801175833,51.298062317073345
synth_192d,and,459,72.44257722049952,71.52254693210125
synth_192d,and,981,49.218302592635155,49.36964251101017
synth_192d,and,115,50.070928409695625,50.239963456988335
synth_192d,and,250,75.73212496936321,74.82734508812428
synth_192d,and,342,51.80842708796263,51.94859113544226
synth_192d,and,365,74.37553722411394,73.4400236979127
synth_192d,and,962,78.36776785552502,77.32573430985212
synth_192d,and,758,53.04906517267227,53.21810021996498
synth_192d,and,497,83.60459469258785,82.67362136393785
synth_192d,and,20,48.456829972565174,48.618181608617306
synth_192d,and,212,52.912975661456585,54.334523156285286
synth_192d,and,157,49.69583824276924,49.86498970538378
synth_192d,and,260,55.77690899372101,54.87597081810236
synth_192d,and,279,51.58351268619299,51.742419600486755
synth_192d,and,7,47.3016407340765,47.46951162815094
synth_192d,and,953,64.11108188331127,63.20560351014137
synth_192d,and,840,47.611771151423454,47.77056165039539
synth_192d,and,522,51.010516472160816,51.17058753967285
synth_192d,and,521,47.84693010151386,48.01689647138119
synth_192d,and,761,83.48503615707159,82.60388858616352
synth_192d,and,829,50.76010711491108,50.92145875096321
synth_192d,and,331,51.927403546869755,53.379335440695286
synth_192d,and,18,52.73055285215378,53.300755098462105
synth_192d,and,87,72.7139413356781,71.8019437044859
synth_192d,and,898,56.92534614354372,57.08436947315931
synth_192d,and,444,48.852176405489445,49.0075908601284
synth_192d,and,709,49.84554834663868,50.01528188586235
synth_192d,and,418,57.72092845290899,58.311852626502514
synth_192d,and,489,47.78290167450905,47.95286804437637
synth_192d,and,286,64.73215762525797,63.851126469671726
synth_192d,and,323,47.61922173202038,47.76124842464924
synth_192d,and,963,54.72218617796898,56.16422276943922
synth_192d,and,101,53.239171393215656,53.40913776308298
synth_192d,and,495,61.366939917206764,60.45645568519831
synth_192d,and,257,55.998796597123146,55.131735280156136
synth_192d,and,919,50.1568429172039,50.32587796449661
synth_192d,and,364,58.296951465308666,58.8870607316494
synth_192d,and,428,64.6454282104969,63.75554949045181
synth_192d,and,314,54.61613181978464,54.76747173815966
synth_192d,and,724,56.914519518613815,58.3861256018281
synth_192d,and,586,48.108515329658985,48.26858639717102
synth_192d,and,654,47.426787205040455,47.591980546712875
synth_192d,and,453,53.70040889829397,53.86990960687399
synth_192d,and,412,67.53532215952873,67.49632302671671
synth_192d,and,283,48.78849722445011,48.939487896859646
synth_192d,and,722,47.84029442816973,47.98569716513157
synth_192d,and,798,53.184572607278824,53.33556327968836
synth_192d,and,290,52.63846833258867,52.80796904116869
synth_192d,and,756,50.73437932878733,50.89631304144859
synth_192d,and,463,49.44787360727787,49.58943463861942
synth_192d,and,640,49.84484985470772,49.98501390218735
synth_192d,and,316,50.0932801514864,50.245318561792374
synth_192d,and,625,48.228190280497074,48.388377763330936
synth_192d,and,50,53.914496675133705,54.074451327323914
synth_192d,and,530,49.82156679034233,49.980590119957924
synth_192d,and,935,83.26745592057705,82.34800770878792
synth_192d,and,688,62.53411993384361,61.61211058497429
synth_192d,and,581,48.78814797848463,48.93925506621599
synth_192d,and,353,66.63973908871412,68.06838791817427
synth_192d,and,564,49.814931116998196,49.97604992240667
synth_192d,and,484,48.33494313061237,48.50304685533047
synth_192d,and,555,64.3748790025711,63.4749885648489
synth_192d,and,745,57.98740312457085,57.13035352528095
synth_192d,and,737,51.77862476557493,53.21518983691931
synth_192d,and,997,52.66850348562002,54.110074415802956
synth_192d,and,213,52.59306635707617,52.762916311621666
synth_192d,and,235,66.74579344689846,68.18794645369053
synth_192d,and,73,49.678259529173374,49.83844701200724
synth_192d,and,12,47.40653093904257,47.56555426865816
synth_192d,and,434,60.75610872358084,59.86506585031748
synth_192d,and,637,53.230440244078636,53.38864866644144
synth_192d,and,517,52.06209607422352,52.22845356911421
synth_192d,and,879,55.437907576560974,55.60694262385368
synth_192d,and,433,57.82290827482939,59.298938140273094
synth_192d,and,172,55.77004048973322,55.94093818217516
synth_192d,and,258,55.88959902524948,55.00740371644497
synth_192d,and,170,52.5845680385828,52.742427214980125
synth_192d,and,206,49.065565690398216,49.23553206026554
synth_192d,and,561,49.21434447169304,49.38419442623854
synth_192d,and,39,48.7789511680603,48.93809091299772
synth_192d,and,838,55.078533478081226,55.6830782443285
synth_192d,and,809,50.07453728467226,50.23495759814978
synth_192d,and,217,49.70852751284838,49.8784938827157
synth_192d,and,161,66.82041566818953,66.81040395051241
synth_192d,and,274,48.11713006347418,48.287794925272465
synth_192d,and,135,62.038772739470005,61.13620474934578
synth_192d,and,824,47.476147301495075,47.64564801007509
synth_192d,and,421,51.182229071855545,51.3510312885046
synth_192d,and,924,67.54114292562008,67.49317981302738
synth_192d,and,390,60.504418797791004,59.613375924527645
synth_192d,and,37,65.83298090845346,65.792934037745
synth_192d,and,681,56.34513217955828,56.944903917610645
synth_192d,and,754,53.40052302926779,53.560477681457996
synth_192d,and,944,51.84253677725792,51.983632147312164
synth_192d,and,297,77.67649367451668,76.77567191421986
synth_192d,and,955,49.634603783488274,49.8045701533556
synth_192d,and,764,69.78446617722511,68.74348036944866
synth_192d,and,407,51.6579020768404,52.238116040825844
synth_192d,and,457,64.48640488088131,63.59885446727276
synth_192d,and,128,59.96983963996172,61.4098971709609
synth_192d,and,593,49.42389205098152,49.58501085639
synth_192d,and,903,48.435875214636326,48.58674947172403
synth_192d,and,731,52.82461643218994,52.97479219734669
synth_192d,and,766,49.890484660863876,50.4814088344574
synth_192d,and,183,55.69204222410917,56.28273356705904
synth_192d,and,509,49.157883040606976,49.317372031509876
synth_192d,and,878,58.671110309660435,60.10953802615404
synth_192d,and,908,47.28569183498621,47.44587931782007
synth_192d,and,845,51.15231033414602,51.312497816979885
synth_192d,and,769,56.88576493412256,55.99437281489372
synth_192d,and,384,68.61204747110605,67.7608186379075
synth_192d,and,152,49.96522329747677,50.54636858403683
synth_192d,and,656,48.873480409383774,49.02412183582783
synth_192d,and,151,50.482223741710186,50.63670687377453
synth_192d,and,431,49.28861744701862,49.438560381531715
synth_192d,and,486,52.603078074753284,52.77199670672417
synth_192d,and,701,73.93606938421726,73.05422332137823
synth_192d,and,194,48.15380088984966,48.32341801375151
synth_192d,and,627,69.90379188209772,68.82729940116405
synth_192d,and,9,50.09316373616457,50.24857819080353
synth_192d,and,985,72.48925976455212,71.59705273807049
synth_192d,and,597,48.78826439380646,48.952759243547916
synth_192d,and,863,52.6943476870656,52.84557119011879
synth_192d,and,362,63.47184535115957,64.07091859728098
synth_192d,and,704,62.32294254004955,61.41199264675379
synth_192d,and,660,57.79694765806198,56.90567195415497
synth_192d,and,134,48.66369999945164,48.835063353180885
synth_192d,and,645,53.42508666217327,53.58504131436348
synth_192d,and,723,78.29139940440655,77.36613042652607
synth_192d,and,292,49.44205284118652,49.60200749337673
synth_192d,and,399,66.31517317146063,65.2919989079237
synth_192d,and,727,49.68035500496626,49.840775318443775
synth_192d,and,423,72.53990042954683,71.62813562899828
synth_192d,and,939,49.95078779757023,50.11970642954111
synth_192d,and,72,51.07338074594736,51.222159527242184
synth_192d,and,906,47.2307438030839,47.38185089081526
synth_192d,and,475,58.88438317924738,59.04340650886297
synth_192d,and,345,47.476147301495075,47.62725438922644
synth_192d,and,482,50.20038224756718,50.351256504654884
synth_192d,and,979,48.30199759453535,48.46276715397835
synth_192d,and,635,49.55835174769163,49.71877206116915
synth_192d,and,572,63.31596523523331,62.4342355877161
synth_192d,and,228,61.441678553819656,60.5597160756588
synth_192d,and,146,49.60352089256048,49.76347554475069
synth_192d,and,958,59.20976400375366,60.64132321625948
synth_192d,and,355,48.04751370102167,48.20746835321188
synth_192d,and,397,47.43540193885565,47.58767317980528
synth_192d,and,820,52.859773859381676,53.019262850284576
synth_192d,and,677,65.36231376230717,64.49595093727112
synth_192d,and,794,55.082025937736034,55.66258914768696
synth_192d,and,419,52.529037930071354,52.68794484436512
synth_192d,and,14,53.259776905179024,53.42066287994385
synth_192d,and,869,52.85348743200302,54.295407608151436
synth_192d,and,715,51.87850911170244,52.04847548156977
synth_192d,and,64,47.97836299985647,48.129004426300526
synth_192d,and,303,57.81115032732487,59.24399010837078
synth_192d,and,706,49.3848929181695,49.54054020345211
synth_192d,and,167,54.857926443219185,55.02335261553526
synth_192d,and,472,49.18326158076525,49.35415927320719
synth_192d,and,324,49.024005420506,49.184891395270824
synth_192d,and,548,80.45998401939869,79.54810280352831
synth_192d,and,272,49.663824029266834,49.81434904038906
synth_192d,and,75,50.30632019042969,50.4710478708148
synth_192d,and,978,50.244503654539585,50.81749986857176
synth_192d,and,801,66.4649996906519,66.42553489655256
synth_192d,and,821,77.73761171847582,76.82538125663996
synth_192d,and,848,53.81053779274225,53.96152846515179
synth_192d,and,70,68.46420001238585,67.58258678019047
synth_192d,and,54,48.3125913888216,48.47173113375902
synth_192d,and,113,65.06592035293579,64.15578536689281
synth_192d,and,40,78.15146818757057,77.09045894443989
synth_192d,and,485,48.89874253422022,49.03925582766533
synth_192d,and,377,61.86263635754585,60.965074226260185
synth_192d,and,823,56.80462345480919,58.2266366109252
synth_192d,and,511,55.72871305048466,54.823001846671104
synth_192d,and,310,80.37139195948839,79.46963887661695
synth_192d,and,242,50.916336476802826,51.08641926199198
synth_192d,and,790,63.29524330794811,62.37428169697523
synth_192d,and,265,50.25009158998728,50.841132178902626
synth_192d,and,515,56.363875046372414,56.53291009366512
synth_192d,and,726,65.77884778380394,64.71248343586922
synth_192d,and,499,50.33065099269152,50.49165338277817
synth_192d,and,844,49.023889005184174,49.18384365737438
synth_192d,and,915,52.31320392340422,52.47292574495077
synth_192d,and,127,50.37104710936546,50.520990043878555
synth_192d,and,882,48.83948713541031,48.998044803738594
synth_192d,and,556,70.55106107145548,69.63382475078106
synth_192d,and,735,52.45511420071125,53.86711563915014
synth_192d,and,807,47.80374001711607,47.97277506440878
synth_192d,and,512,50.28571467846632,50.875707529485226
synth_192d,or,467,63.6556651443243,65.57302549481392
synth_192d,or,864,87.6464182510972,89.43944703787565
synth_192d,or,120,78.95391900092363,82.44684431701899
synth_192d,or,745,56.470162235200405,58.3472428843379
synth_192d,or,43,55.818003602325916,57.68646951764822
synth_192d,or,26,104.98648043721914,106.90069757401943
synth_192d,or,853,102.94339153915644,104.85178790986538
synth_192d,or,572,58.39334335178137,60.190330259501934
synth_192d,or,14,74.35283623635769,77.86753121763468
synth_192d,or,428,59.77577529847622,61.58789619803429
synth_192d,or,299,70.05047518759966,71.88890594989061
synth_192d,or,859,95.38221638649702,97.30621241033077
synth_192d,or,254,106.34248610585928,108.25507342815399
synth_192d,or,852,73.47040809690952,77.00524292886257
synth_192d,or,218,84.77747905999422,86.70066017657518
synth_192d,or,805,64.61015436798334,68.14708467572927
synth_192d,or,705,77.3195642977953,80.84659930318594
synth_192d,or,461,57.49019328504801,59.46343299001455
synth_192d,or,654,75.26634726673365,78.73692084103823
synth_192d,or,675,61.041209846735,62.92888429015875
synth_192d,or,474,60.3297958150506,62.234001234173775
synth_192d,or,251,73.17878771573305,76.68393664062023
synth_192d,or,849,97.9468459263444,99.86443910747766
synth_192d,or,984,73.97145964205265,77.48091593384743
synth_192d,or,535,59.419660829007626,61.25762593001127
synth_192d,or,230,85.58295667171478,87.40951307117939
synth_192d,or,134,59.173558838665485,60.98579615354538
synth_192d,or,304,93.96998211741447,95.8640594035387
synth_192d,or,767,87.40508928894997,89.22908455133438
synth_192d,or,7,69.60041355341673,71.39798253774643
synth_192d,or,479,59.96646359562874,63.46055306494236
synth_192d,or,533,92.7201472222805,94.61306035518646
synth_192d,or,858,132.41812121123075,134.3057956546545
synth_192d,or,125,88.98274973034859,90.81698954105377
synth_192d,or,312,106.76600504666567,108.66904631257057
synth_192d,or,880,62.82387766987085,66.34381134063005
synth_192d,or,815,72.9892635717988,76.515250839293
synth_192d,or,354,79.53890599310398,83.04044604301453
synth_192d,or,763,59.65982563793659,61.51280831545591
synth_192d,or,752,133.26399493962526,135.15655882656574
synth_192d,or,667,73.65958299487829,77.18498818576336
synth_192d,or,39,64.19699639081955,67.72205233573914
synth_192d,or,168,57.07051604986191,60.67636422812939
synth_192d,or,803,59.253303334116936,61.066122725605965
synth_192d,or,372,62.38801870495081,65.89503027498722
synth_192d,or,718,60.83492189645767,62.67637945711613
synth_192d,or,201,134.81697533279657,136.73014473170042
synth_192d,or,492,61.14121060818434,64.64158650487661
synth_192d,or,856,61.44191138446331,64.97814320027828
synth_192d,or,339,56.37132562696934,59.95645187795162
synth_192d,or,169,60.36856211721897,63.90991620719433
synth_192d,or,454,64.64147008955479,68.14743392169476
synth_192d,or,300,58.62163379788399,60.44469773769379
synth_192d,or,554,78.03156040608883,81.54753595590591
synth_192d,or,867,73.63117765635252,77.18533743172884
synth_192d,or,88,61.07834633439779,64.58733696490526
synth_192d,or,455,57.45550151914358,59.44911390542984
synth_192d,or,382,69.66886576265097,71.57644722610712
synth_192d,or,538,86.51998359709978,88.34409527480602
synth_192d,or,390,60.30895747244358,63.80502600222826
synth_192d,or,682,95.71842383593321,97.63101115822792
synth_192d,or,882,61.23271305114031,63.16974759101868
synth_192d,or,11,85.5268444865942,87.3706303536892
synth_192d,or,122,59.38450340181589,61.20745092630386
synth_192d,or,130,103.67552749812603,105.56867346167564
synth_192d,or,78,134.22977644950151,136.1180329695344
synth_192d,or,267,77.03097071498632,80.58687672019005
synth_192d,or,297,76.56472735106945,80.21504618227482
synth_192d,or,104,78.1775452196598,81.73123933374882
synth_192d,or,441,69.40518505871296,71.19704969227314
synth_192d,or,35,58.66214632987976,60.476246289908886
synth_192d,or,580,78.8695178925991,82.40318857133389
synth_192d,or,75,84.46676656603813,86.32335811853409
synth_192d,or,990,60.37054117769003,62.17299960553646
synth_192d,or,514,69.67922672629356,71.5063652023673
synth_192d,or,414,144.87782027572393,146.81892935186625
synth_192d,or,151,70.67190017551184,74.24736395478249
synth_192d,or,809,72.83000741153955,74.72757715731859
synth_192d,or,293,94.9356472119689,96.87291458249092
synth_192d,or,621,78.02096661180258,79.88943252712488
synth_192d,or,161,59.30301267653704,61.14598363637924
synth_192d,or,145,89.46354500949383,91.25657379627228
synth_192d,or,785,70.78144699335098,72.6089347153902
synth_192d,or,914,78.61736230552197,82.06255733966827
synth_192d,or,452,80.95591329038143,82.8778138384223
synth_192d,or,589,59.55423694103956,61.33585702627897
synth_192d,or,370,60.51512900739908,64.01061546057463
synth_192d,or,848,58.2175562158227,60.01046858727932
synth_192d,or,17,98.01308624446392,99.96606968343258
synth_192d,or,384,58.62955003976822,60.54714322090149
synth_192d,or,207,58.36354102939367,60.18055137246847
synth_192d,or,816,60.11198274791241,61.94389425218105
synth_192d,or,426,66.75650365650654,68.62427107989788
synth_192d,or,303,73.56016431003809,77.09488272666931
synth_192d,or,559,57.421158999204636,59.40499249845743
synth_192d,or,516,60.645630583167076,64.12621587514877
synth_192d,or,343,68.33847146481276,70.17061579972506
synth_192d,or,90,88.46737910062075,90.25039616972208
synth_192d,or,496,56.935474276542664,58.91895852982998
synth_192d,or,639,70.61660289764404,72.4532874301076
synth_192d,or,943,61.72992289066315,65.23053161799908
synth_192d,or,231,122.98882938921452,124.89163782447577
synth_192d,or,837,97.0344990491867,98.91809895634651
synth_192d,or,878,83.5965620353818,85.43988224118948
synth_192d,or,929,99.78062007576227,101.6742317005992
synth_192d,or,188,58.346777223050594,60.248770751059055
synth_192d,or,850,60.03549788147211,61.86729297041893
synth_192d,or,490,74.81290958821774,78.34704592823982
synth_192d,or,419,61.40233017504215,64.91795647889376
synth_192d,or,587,74.96355101466179,78.47207598388195
synth_192d,or,458,59.037934988737106,60.88032387197018
synth_192d,or,588,61.307335272431374,63.20886313915253
synth_192d,or,18,93.73563807457685,95.62971536070108
synth_192d,or,307,58.01755469292402,59.98020060360432
synth_192d,or,429,60.2200161665678,62.056584283709526
synth_192d,or,704,60.028862208127975,61.84761878103018
synth_192d,or,344,62.088947743177414,65.6429911032319
synth_192d,or,515,91.00697934627533,92.8390072658658
synth_192d,or,21,75.81396494060755,79.33354936540127
synth_192d,or,776,70.83616219460964,74.37076419591904
synth_192d,or,562,58.27739369124174,60.11140067130327
synth_192d,or,556,70.12055721133947,71.93407509475946
synth_192d,or,227,61.16542499512434,64.66044578701258
synth_192d,or,58,74.38100874423981,77.90618110448122
synth_192d,or,765,61.53085269033909,65.01772440969944
synth_192d,or,938,72.40241393446922,75.90826135128736
synth_192d,or,5,81.3823426142335,83.319959230721
synth_192d,or,784,70.58074697852135,72.43372965604067
synth_192d,or,497,94.72249075770378,96.62087541073561
synth_192d,or,427,60.0108178332448,63.48628085106611
synth_192d,or,989,73.06784391403198,76.58370304852724
synth_192d,or,284,93.43016427010298,95.34356649965048
synth_192d,or,668,124.23435691744089,126.1482248082757
synth_192d,or,888,76.35413203388453,79.87953722476959
synth_192d,or,147,85.02800483256578,86.8610804900527
synth_192d,or,830,59.730373322963715,61.553437262773514
synth_192d,or,350,91.93771984428167,93.83959695696831
synth_192d,or,463,58.49322769790888,60.29638461768627
synth_192d,or,290,60.566700994968414,62.35868204385042
synth_192d,or,198,58.19008219987154,60.149235650897026
synth_192d,or,249,70.59448398649693,72.48867768794298
synth_192d,or,101,87.72697765380144,89.53001815825701
synth_192d,or,712,59.003476053476334,60.832011513412
synth_192d,or,50,74.22128692269325,76.07834413647652
synth_192d,or,15,131.16130139678717,133.01812577992678
synth_192d,or,6,90.67566134035587,92.5126951187849
synth_192d,or,758,60.1508654654026,62.04843521118164
synth_192d,or,571,71.62743713706732,73.41057062149048
synth_192d,or,970,91.20150934904814,93.0040841922164
synth_192d,or,387,69.18935105204582,71.0153253749013
synth_192d,or,401,121.11233081668615,122.99988884478807
synth_192d,or,72,61.24621722847223,63.02457768470049
synth_192d,or,889,86.99693717062473,88.81418034434319
synth_192d,or,46,57.08669777959585,59.08403545618057
synth_192d,or,308,89.85353633761406,91.73713624477386
synth_192d,or,395,59.93340164422989,63.409097492694855
synth_192d,or,400,56.11765664070845,59.677986428141594
synth_192d,or,794,74.41593334078789,77.90641393512487
synth_192d,or,798,69.48492955416441,71.3226618245244
synth_192d,or,353,88.81883695721626,90.65179619938135
synth_192d,or,258,56.639546528458595,58.6134847253561
synth_192d,or,797,95.2788395807147,97.11633902043104
synth_192d,or,857,60.88614463806152,62.714796513319016
synth_192d,or,108,58.818492107093334,60.65110210329294
synth_192d,or,602,57.86202382296324,59.8543556407094
synth_192d,or,465,111.58175766468048,113.44975791871548
synth_192d,or,788,112.95988224446774,114.89307507872581
synth_192d,or,25,76.41362026333809,79.89001460373402
synth_192d,or,115,60.99638994783163,62.80338857322931
synth_192d,or,987,138.51711992174387,140.38663357496262
synth_192d,or,999,72.56865501403809,76.0743860155344
synth_192d,or,379,59.6542377024889,61.486964114010334
synth_192d,or,733,86.29413787275553,88.12721353024244
synth_192d,or,325,59.128040447831154,60.96484139561653
synth_192d,or,829,73.43932520598173,75.37705823779106
synth_192d,or,1,61.44226063042879,64.93739783763885
synth_192d,or,824,68.87107156217098,70.67446131259203
synth_192d,or,475,114.74208440631628,116.63499753922224
synth_192d,or,250,61.13213021308184,64.66824561357498
synth_192d,or,739,58.016274124383926,59.989746659994125
synth_192d,or,998,84.40087549388409,86.22382301837206
synth_192d,or,986,57.25165829062462,59.264013543725014
synth_192d,or,279,100.61636567115784,102.53756772726774
synth_192d,or,480,68.09097249060869,69.90355905145407
synth_192d,or,124,64.76719863712788,68.29202175140381
synth_192d,or,692,67.77781527489424,69.6305651217699
synth_192d,or,789,56.91929254680872,58.87285806238651
synth_192d,or,552,59.363897889852524,61.161816120147705
synth_192d,or,260,77.34994869679213,80.95044177025557
synth_192d,or,389,58.37157368659973,60.224090702831745
synth_192d,or,860,74.17949382215738,77.68918294459581
synth_192d,or,537,72.39461410790682,75.88963489979506
synth_192d,or,301,56.18052091449499,58.082048781216145
synth_192d,or,518,65.57779852300882,69.10925731062889
synth_192d,or,456,76.26903243362904,78.19186430424452
synth_192d,or,114,57.715922594070435,61.3104784861207
synth_192d,or,202,71.85246795415878,75.37566125392914
synth_192d,or,315,75.88416337966919,79.34868335723877
synth_192d,or,273,63.078710809350014,66.57291669398546
synth_192d,or,386,74.25644434988499,77.74215191602707
synth_192d,or,448,61.26647349447012,63.07812873274088
synth_192d,or,55,60.225604102015495,63.717132434248924
synth_192d,or,807,120.88555376976728,122.77404312044382
synth_192d,or,792,64.70049265772104,68.27735342085361
synth_192d,or,630,58.26144479215145,60.07892079651356
synth_192d,or,640,85.38283873349428,87.22092024981976
synth_192d,or,940,110.96720118075609,112.87035886198282
synth_192d,or,243,64.4029350951314,67.88712926208973
synth_192d,or,437,102.11428161710501,104.01709005236626
synth_192d,or,598,77.40606088191271,80.91225754469633
synth_192d,or,37,108.69360994547606,110.60573160648346
synth_192d,or,913,74.7020822018385,78.18709127604961
synth_192d,or,931,107.38754644989967,109.29955169558525
synth_192d,or,162,134.27052181214094,136.16797514259815
synth_192d,or,22,60.19428838044405,63.67929745465517
synth_192d,or,49,96.15486487746239,98.1227494776249
synth_192d,or,894,58.197067119181156,60.14516111463308
synth_192d,or,977,86.21730376034975,88.05852849036455
synth_192d,or,215,58.166333474218845,60.15028338879347
synth_192d,or,684,74.93235170841217,78.45263462513685
synth_192d,or,736,57.48332478106022,59.442827478051186
synth_192d,or,236,63.83575964719057,67.3303147777915
synth_192d,or,95,59.19346585869789,61.05646025389433
synth_192d,or,383,57.85201210528612,59.829908423125744
synth_192d,or,616,58.11348091810942,59.91652142256498
synth_192d,or,636,60.76483987271786,62.55879998207092
synth_192d,or,994,78.26776709407568,81.80749136954546
synth_192d,or,76,59.2769356444478,61.199418269097805
synth_192d,or,941,70.39611227810383,72.23011925816536
synth_192d,or,172,77.01083086431026,78.89280095696449
synth_192d,or,156,60.10080687701702,63.64122964441776
synth_192d,or,94,58.95853973925114,60.79592276364565
synth_192d,or,962,78.07801011949778,81.63310121744871
synth_192d,or,700,61.84668745845556,65.35288412123919
synth_192d,or,702,69.59575694054365,73.15527182072401
synth_192d,or,737,57.485769502818584,59.51873026788235
synth_192d,or,346,79.0121266618371,82.52239786088467
synth_192d,or,834,58.94782952964306,60.76088175177574
synth_192d,or,380,103.1096326187253,105.02769146114588
synth_192d,or,707,58.79893433302641,60.662045143544674
synth_192d,or,494,59.488462284207344,61.32153794169426
synth_192d,or,255,70.57585753500462,74.11197293549776
synth_192d,or,9,57.592522352933884,59.59987174719572
synth_192d,or,65,88.75783532857895,90.60138836503029
synth_192d,or,235,70.77655754983425,74.2815900593996
synth_192d,or,811,98.77723641693592,100.69133713841438
synth_192d,or,143,64.15683310478926,67.68724415451288
synth_192d,or,568,104.04654312878847,105.97880464047194
synth_192d,or,265,65.5885087326169,69.18434519320726
synth_192d,or,717,60.715596191585064,62.54215259104967
synth_192d,or,597,63.429586589336395,66.975480876863
synth_192d,or,248,59.854588471353054,63.415500335395336
synth_192d,or,476,72.43826985359192,76.0004622861743
synth_192d,or,793,75.40755905210972,77.31909863650799
synth_192d,or,239,68.89854557812214,70.73162123560905
synth_192d,or,77,86.41986642032862,88.23338430374861
synth_192d,or,885,78.09291128069162,81.63740858435631
synth_192d,or,214,57.625118643045425,59.59905683994293
synth_192d,or,510,72.56329990923405,76.07473526149988
synth_192d,or,472,61.71793211251497,65.2574235573411
synth_192d,or,280,56.15921691060066,58.092991821467876
synth_192d,or,53,60.7464462518692,64.23238664865494
synth_192d,or,84,62.303850427269936,65.80946501344442
synth_192d,or,319,69.14348341524601,71.03546522557735
synth_192d,or,832,77.13469676673412,79.04763333499432
synth_192d,or,228,58.006029576063156,59.99533459544182
synth_192d,or,624,60.835969634354115,62.68930155783892
synth_192d,or,415,57.44618829339743,59.44992881268263
synth_192d,or,91,72.03768473118544,73.94107524305582
synth_192d,or,935,85.42346768081188,87.25642692297697
synth_192d,or,425,81.02005813270807,82.93404243886471
synth_192d,or,269,61.34249269962311,63.16555663943291
synth_192d,or,806,72.0081152394414,75.52886381745338
synth_192d,or,773,58.643752709031105,60.450402088463306
synth_192d,or,781,62.203966081142426,65.8188946545124
synth_192d,or,909,79.03343066573143,82.5393944978714
synth_192d,or,915,65.32762199640274,68.92369128763676
synth_192d,or,294,59.53386425971985,61.376369558274746
synth_192d,or,831,71.75735663622618,75.32781455665827
synth_192d,or,863,74.10137914121151,77.58068386465311
synth_192d,or,98,60.14329846948385,61.93842273205519
synth_192d,or,596,120.16482651233673,122.0625126734376
synth_192d,or,205,73.25538899749517,76.77043322473764
synth_192d,or,63,57.10613913834095,59.09788887947798
synth_192d,or,342,76.90081838518381,80.3960720077157
synth_192d,or,981,60.27659401297569,62.188832089304924
synth_192d,or,103,56.94094579666853,58.843870647251606
synth_192d,or,617,61.341794207692146,64.84740879386663
synth_192d,or,944,60.10965444147587,63.61561827361584
synth_192d,or,573,81.16220124065876,84.63277481496334
synth_192d,or,296,89.25690781325102,91.06541983783245
synth_192d,or,146,72.90416397154331,74.79672785848379
synth_192d,or,525,60.74190605431795,64.25089668482542
synth_192d,or,408,65.30340760946274,67.1755988150835
synth_192d,or,658,59.93596278131008,63.48057650029659
synth_192d,or,483,57.00055044144392,58.903940953314304
synth_192d,or,406,71.36608473956585,73.30859079957008
synth_192d,or,226,93.65612640976906,95.5748837441206
synth_192d,or,86,72.53314834088087,76.01315155625343
synth_192d,or,306,69.81915794312954,71.65130227804184
synth_192d,or,847,60.197082348167896,63.70211485773325
synth_192d,or,973,64.9656867608428,68.46594624221325
synth_192d,or,727,63.29466123133898,66.93997420370579
synth_192d,or,471,70.4789999872446,74.00836329907179
synth_192d,or,911,63.54099605232477,67.07070861011744
synth_192d,or,532,122.08858970552683,123.96171223372221
synth_192d,or,569,75.04248060286045,78.58849130570889
synth_192d,or,500,73.10963701456785,75.0137260183692
synth_192d,or,599,58.977981097996235,60.82106847316027
synth_192d,or,672,60.99604070186615,64.51003719121218
synth_192d,or,974,72.52534851431847,76.06949657201767
synth_192d,or,662,63.67056630551815,67.20097735524178
synth_192d,or,416,59.32408384978771,61.181606724858284
synth_192d,or,178,91.46146476268768,93.38534437119961
synth_192d,or,67,74.67181421816349,76.58486720174551
synth_192d,or,10,117.95794125646353,119.88996993750334
synth_192d,or,224,60.82048639655113,62.678009271621704
synth_192d,or,233,92.60361548513174,94.48581840842962
synth_192d,or,619,123.819918371737,125.73297135531902
synth_192d,or,796,59.65994205325842,61.5075696259737
synth_192d,or,947,73.14910180866718,76.68603211641312
synth_192d,or,139,61.57322786748409,63.44611756503582
synth_192d,or,614,59.853424318134785,63.37824743241072
synth_192d,or,0,71.23220711946487,73.05550388991833
synth_192d,or,690,77.99162995070219,79.91353049874306
synth_192d,or,31,95.57860903441906,97.46616706252098
synth_192d,or,813,56.949444115161896,58.95236972719431
synth_192d,or,71,60.69114897400141,64.2063096165657
synth_192d,or,423,102.45968587696552,104.37681339681149
synth_192d,or,59,64.28174674510956,67.82705895602703
synth_192d,or,194,57.98088386654854,59.995101764798164
synth_192d,or,892,93.54948997497559,95.46743240207434
synth_192d,or,366,81.37046825140715,84.9264906719327
synth_192d,or,647,70.31997665762901,73.86540528386831
synth_192d,or,774,60.530612245202065,62.383245676755905
synth_192d,or,759,60.31536031514406,62.17637564986944
synth_192d,or,820,62.6598484814167,66.21587090194225
synth_192d,or,844,55.84512837231159,57.75224417448044
synth_192d,or,653,67.66105070710182,69.4887712597847
synth_192d,or,810,61.4008167758584,63.313753344118595
synth_192d,or,923,84.52252950519323,86.36561688035727
synth_192d,or,373,107.6867338269949,109.61922816932201
synth_192d,or,422,77.59092841297388,81.09689224511385
synth_192d,or,827,85.90950164943933,87.7125421538949
synth_192d,or,665,60.3941734880209,62.24366370588541
synth_192d,or,24,57.15549923479557,59.16948430240154
synth_192d,or,586,77.84017361700535,81.36103861033916
synth_192d,or,937,77.39744614809752,80.90084884315729
synth_192d,or,362,57.881465181708336,59.884507209062576
synth_192d,or,590,78.36346048861742,81.84381294995546
synth_192d,or,508,74.99242201447487,78.53296119719744
synth_192d,or,186,111.8835061788559,113.78643102943897
synth_192d,or,432,104.02605403214693,105.94737250357866
synth_192d,or,174,70.88645361363888,74.38147440552711
synth_192d,or,656,57.10450932383537,59.13688801229
synth_192d,or,330,78.89792323112488,80.79106919467449
synth_192d,or,257,94.28162593394518,96.19456250220537
synth_192d,or,865,76.59487891942263,78.4723088145256
synth_192d,or,491,60.61384920030832,64.11783397197723
synth_192d,or,179,61.58743053674698,65.09874947369099
synth_192d,or,195,83.81844963878393,85.74232924729586
synth_192d,or,778,80.74159268289804,84.26757995039225
synth_192d,or,582,77.50210352241993,81.1312347650528
synth_192d,or,407,60.745514929294586,64.2719678580761
synth_192d,or,460,65.41796028614044,68.94301623106003
synth_192d,or,199,68.57072003185749,70.41497156023979
synth_192d,or,381,84.7881892696023,86.69064845889807
synth_192d,or,305,74.34550207108259,76.28835737705231
synth_192d,or,967,110.41550897061825,112.3485853895545
synth_192d,or,982,85.09145118296146,86.9453651830554
synth_192d,or,447,57.88577254861593,59.87740587443113
synth_192d,or,519,58.0373452976346,60.00546272844076
synth_192d,or,607,56.94048013538122,58.89812018722296
synth_192d,or,527,59.840851463377476,63.35543002933264
synth_192d,or,966,59.53887011855841,63.093495555222034
synth_192d,or,687,69.55454591661692,73.00521247088909
synth_192d,or,375,59.933983720839024,61.77159957587719
synth_192d,or,542,80.95719385892153,84.48318112641573
synth_192d,or,828,56.66096694767475,58.68845619261265
synth_192d,or,701,56.765275076031685,58.68915468454361
synth_192d,or,19,89.78589903563261,91.61338675767183
synth_192d,or,487,97.35114872455597,99.24429468810558
synth_192d,or,287,77.96892896294594,81.50842040777206
synth_192d,or,523,77.31164805591106,80.79619146883488
synth_192d,or,234,81.92204404622316,83.8554697111249
synth_192d,or,965,68.13136860728264,69.97340824455023
synth_192d,or,216,67.23508704453707,70.82964293658733
synth_192d,or,261,63.349027186632156,66.85452535748482
synth_192d,or,581,63.651357777416706,67.26558785885572
synth_192d,or,891,61.50803528726101,65.01295138150454
synth_192d,or,740,97.97245729714632,99.8741015791893
synth_192d,or,884,69.0643209964037,70.88633719831705
synth_192d,or,972,73.30451626330614,76.80442649871111
synth_192d,or,245,86.19343861937523,88.09147402644157
synth_192d,or,985,73.32046516239643,76.85099262744188
synth_192d,or,241,71.12743332982063,74.63246583938599
synth_192d,or,550,76.76391396671534,80.29444143176079
synth_192d,or,247,58.11615847051144,59.92967635393143
synth_192d,or,846,64.41515870392323,67.9263612255454
synth_192d,or,221,108.9790603145957,110.88734026998281
synth_192d,or,529,60.05610339343548,61.89907435327768
synth_192d,or,744,73.18949792534113,76.7335295677185
synth_192d,or,920,85.59110574424267,87.46492676436901
synth_192d,or,229,81.3184306025505,84.87794548273087
synth_192d,or,531,130.50483539700508,132.44780711829662
synth_192d,or,638,115.18760584294796,117.1063631772995
synth_192d,or,45,75.80453529953957,77.73214019834995
synth_192d,or,371,74.28170647472143,77.81200110912323
synth_192d,or,501,104.12244591861963,106.03549890220165
synth_192d,or,899,57.02592898160219,58.947945944964886
synth_192d,or,695,89.6194251254201,91.4667034521699
synth_192d,or,89,86.61032188683748,88.55236228555441
synth_192d,or,477,71.63779810070992,75.21326187998056
synth_192d,or,604,69.61089093238115,71.43791299313307
synth_192d,or,85,75.26297122240067,78.74798029661179
synth_192d,or,318,58.11231676489115,59.93479862809181
synth_192d,or,991,109.9489163607359,111.82669550180435
synth_192d,or,32,57.80637729912996,59.712911024689674
synth_192d,or,369,60.628866776824,64.14600647985935
synth_192d,or,359,70.61799988150597,74.13746789097786
synth_192d,or,960,66.27338007092476,68.17583926022053
synth_192d,or,289,58.8300172239542,60.63748151063919
synth_192d,or,764,83.64440873265266,85.56805551052094
synth_192d,or,741,60.44504698365927,62.27893754839897
synth_192d,or,723,60.0090716034174,63.54856304824352
synth_192d,or,358,86.11904922872782,87.89298590272665
synth_192d,or,976,73.94666317850351,77.5106018409133
synth_192d,or,748,83.40063504874706,85.23359429091215
synth_192d,or,323,86.62417531013489,88.43687828630209
synth_192d,or,961,115.38760736584663,117.24967043846846
synth_192d,or,629,70.0394157320261,71.93256169557571
synth_192d,or,521,57.22092464566231,59.22396667301655
synth_192d,or,338,58.88286978006363,60.72537507861853
synth_192d,or,574,84.34208575636148,86.20903827250004
synth_192d,or,442,61.3960437476635,64.95148409157991
synth_192d,or,868,62.7739354968071,66.28897972404957
synth_192d,or,634,71.63744885474443,75.19253995269537
synth_192d,or,204,139.2584526911378,141.1624252796173
synth_192d,or,73,61.61059718579054,65.14659617096186
synth_192d,or,152,89.21895641833544,91.01687464863062
synth_192d,or,912,63.76625970005989,67.29690358042717
synth_192d,or,197,68.16606037318707,70.01939229667187
synth_192d,or,183,59.3897420912981,61.21257320046425
synth_192d,or,605,58.84713027626276,60.66483911126852
synth_192d,or,694,59.68986079096794,61.531784012913704
synth_192d,or,592,74.71698336303234,78.26648652553558
synth_192d,or,825,60.49592047929764,64.08034823834896
synth_192d,or,626,72.43047002702951,75.94900671392679
synth_192d,or,817,122.25448153913021,124.16671961545944
synth_192d,or,396,58.43699909746647,60.274964198470116
synth_192d,or,184,69.79494355618954,71.64222188293934
synth_192d,or,633,59.619080275297165,61.44656799733639
synth_192d,or,730,85.63685696572065,87.42487989366055
synth_192d,or,652,65.25893695652485,68.79342254251242
synth_192d,or,38,59.453537687659264,61.27660162746906
synth_192d,or,264,63.99955600500107,67.54451896995306
synth_192d,or,779,59.809302911162376,61.662402004003525
synth_192d,or,956,67.96640809625387,69.88504901528358
synth_192d,or,819,58.54794289916754,60.38544233888388
synth_192d,or,60,60.4050001129508,63.949497416615486
synth_192d,or,812,100.50146374851465,102.4194061756134
synth_192d,or,34,90.84679186344147,92.75996126234531
synth_192d,or,40,69.65885404497385,71.50135934352875
synth_192d,or,459,72.38343823701143,75.88393054902554
synth_192d,or,509,72.83652666956186,76.37287490069866
synth_192d,or,932,60.03596354275942,61.848084442317486
synth_192d,or,719,111.08210310339928,113.03403880447149
synth_192d,or,978,127.67559383064508,129.58899606019258
synth_192d,or,87,74.68706462532282,78.22108455002308
synth_192d,or,42,60.224090702831745,62.08161357790232
synth_192d,or,615,61.63900252431631,65.1536975055933
synth_192d,or,493,63.014449551701546,64.89281076937914
synth_192d,or,137,60.83422340452671,62.65798583626747
synth_192d,or,80,59.14946086704731,60.97136065363884
synth_192d,or,393,60.883467085659504,62.72818427532911
synth_192d,or,783,68.99249274283648,70.8053121343255
synth_192d,or,394,69.4481423124671,71.25979755073786
synth_192d,or,440,71.57865911722183,73.48100189119577
synth_192d,or,324,74.2063857614994,77.70140655338764
synth_192d,or,433,58.7997492402792,60.63177715986967
synth_192d,or,81,92.36391633749008,94.29047349840403
synth_192d,or,541,69.73464041948318,71.58215157687664
synth_192d,or,127,60.971593484282494,62.7933768555522
synth_192d,or,644,77.65088230371475,81.1360077932477
synth_192d,or,716,59.36971865594387,61.1825380474329
synth_192d,or,281,102.10287291556597,104.0393253788352
synth_192d,or,610,62.28860002011061,65.80457556992769
synth_192d,or,170,72.67855107784271,76.18812378495932
synth_192d,or,28,59.27367601543665,61.11268885433674
synth_192d,or,397,70.78074850142002,72.60474376380444
synth_192d,or,917,61.251455917954445,63.07393778115511
synth_192d,or,762,115.82905426621437,117.73151345551014
synth_192d,or,8,105.57181667536497,107.50466026365757
synth_192d,or,836,68.54801904410124,70.39005868136883
synth_192d,or,890,75.25179535150528,78.75892333686352
synth_192d,or,317,58.47332067787647,60.26146002113819
synth_192d,or,545,88.66784628480673,90.48054926097393
synth_192d,or,946,75.95843635499477,79.4585794210434
synth_192d,or,61,100.4143850877881,102.28296741843224
synth_192d,or,238,61.643077060580254,63.56148514896631
synth_192d,or,720,71.13558240234852,72.96446710824966
synth_192d,or,628,77.0818442106247,80.58571256697178
synth_192d,or,466,68.29248741269112,70.15501614660025
synth_192d,or,374,87.59147021919489,89.41907435655594
synth_192d,or,187,87.48203981667757,89.31499905884266
synth_192d,or,321,85.58249101042747,87.42662612348795
synth_192d,or,583,64.70154039561749,68.30645725131035
synth_192d,or,360,83.65558460354805,85.49250196665525
synth_192d,or,225,69.83836647123098,71.69146556407213
synth_192d,or,488,70.35140879452229,72.17447273433208
synth_192d,or,901,60.041784308850765,61.89476698637009
synth_192d,or,555,97.45254646986723,99.3355643004179
synth_192d,or,887,55.748969316482544,57.671451941132545
synth_192d,or,933,59.79917477816343,61.62270437926054
synth_192d,or,721,61.07089575380087,62.983715906739235
synth_192d,or,126,74.39206819981337,77.87661161273718
synth_192d,or,413,61.116646975278854,64.64694160968065
synth_192d,or,403,71.49646990001202,73.41848686337471
synth_192d,or,212,75.8850947022438,79.42912634462118
synth_192d,or,839,59.820013120770454,63.31480108201504
synth_192d,or,706,69.04301699250937,70.88109850883484
synth_192d,or,112,75.23351814597845,78.75764276832342
synth_192d,or,155,82.3185546323657,84.23766121268272
synth_192d,or,534,57.02988710254431,58.922916650772095
synth_192d,or,732,59.06738806515932,60.91140676289797
synth_192d,or,551,58.05515684187412,59.859477914869785
synth_192d,or,564,60.51058880984783,62.349019572138786
synth_192d,or,902,58.663892559707165,60.48136856406927
synth_192d,or,277,59.41942799836397,61.25657819211483
synth_192d,or,136,133.61999299377203,135.51756273955107
synth_192d,or,286,76.11082401126623,79.62936069816351
synth_192d,or,398,85.56351531296968,87.48064283281565
synth_192d,or,191,59.67356264591217,61.49557884782553
synth_192d,or,27,90.87694343179464,92.7153741940856
synth_192d,or,464,63.900952227413654,67.42146797478199
synth_192d,or,506,59.209298342466354,61.05145439505577
synth_192d,or,223,61.201746575534344,63.06474097073078
synth_192d,or,213,134.98112093657255,136.89824845641851
synth_192d,or,575,116.87935329973698,118.81161481142044
synth_192d,or,688,62.76741623878479,66.28280971199274
synth_192d,or,405,60.704536736011505,62.51898594200611
synth_192d,or,468,96.00480552762747,97.89725299924612
synth_192d,or,444,75.52735041826963,79.0073536336422
synth_192d,or,663,61.73260044306517,65.23856427520514
synth_192d,or,246,121.38101737946272,123.29837772995234
synth_192d,or,30,115.2984332293272,117.15013533830643
synth_192d,or,259,69.23871114850044,71.14210166037083
synth_192d,or,679,111.49176862090826,113.36489114910364
synth_192d,or,332,99.04964827001095,100.97096674144268
synth_192d,or,309,70.62568329274654,72.41859566420317
synth_192d,or,814,63.093495555222034,66.60446524620056
synth_192d,or,904,87.76586037129164,89.58391845226288
synth_192d,or,579,102.50252671539783,104.40661571919918
synth_192d,or,121,107.04400483518839,108.95251762121916
synth_192d,or,746,60.00010762363672,61.90640851855278
synth_192d,or,861,92.31327567249537,94.19687557965517
synth_192d,or,528,79.75439075380564,81.68700151145458
synth_192d,or,462,62.60897498577833,66.12378638237715
synth_192d,or,980,132.213463075459,134.12197586148977
synth_192d,or,368,134.76796448230743,136.6605283692479
synth_192d,or,664,87.11626287549734,88.95376231521368
synth_192d,or,340,58.71790926903486,60.5614623054862
synth_192d,or,132,81.2354264780879,84.80262476950884
synth_192d,or,918,67.41215474903584,69.26408968865871
synth_192d,or,895,57.43082147091627,59.433397836983204
synth_192d,or,877,58.23792889714241,60.03130692988634
synth_192d,or,843,66.30399730056524,68.22298746556044
synth_192d,or,171,90.33980313688517,92.21222717314959
synth_192d,or,696,76.97963155806065,80.48000745475292
synth_192d,or,729,60.080550611019135,63.57603706419468
synth_192d,or,274,90.97671136260033,92.8195659071207
synth_192d,or,862,73.77960719168186,75.71280002593994
synth_192d,or,349,77.07660552114248,80.61109110713005
synth_192d,or,219,78.58290337026119,82.09270890802145
synth_192d,or,660,115.77422264963388,117.7667872980237
synth_192d,or,453,72.99985736608505,76.53585635125637
synth_192d,or,870,88.71778845787048,90.56506678462029
synth_192d,or,164,62.82853428274393,66.3647660985589
synth_192d,or,56,58.33746399730444,60.331542044878006
synth_192d,or,507,59.87496115267277,63.36986552923918
synth_192d,or,934,94.65089533478022,96.58467024564743
synth_192d,or,240,60.33910904079676,63.83506115525961
synth_192d,or,855,69.3128677085042,71.16608321666718
synth_192d,or,54,57.371449656784534,59.363082982599735
synth_192d,or,129,89.62885476648808,91.48195385932922
synth_192d,or,578,80.37697989493608,83.83661042898893
synth_192d,or,41,76.82444993406534,80.38978558033705
synth_192d,or,955,74.83246736228466,78.31794209778309
synth_192d,or,388,104.99230120331049,106.90419003367424
synth_192d,or,698,63.69117181748152,67.20551755279303
synth_192d,or,908,87.28948887437582,89.12233170121908
synth_192d,or,208,57.527096942067146,59.53467916697264
synth_192d,or,936,109.11992285400629,111.01202107965946
synth_192d,or,584,71.36864587664604,73.20125587284565
synth_192d,or,921,58.13734605908394,59.979502111673355
synth_192d,or,547,56.349439546465874,58.25189873576164
synth_192d,or,486,65.33146370202303,68.85291077196598
synth_192d,or,431,98.65919128060341,100.56234896183014
synth_192d,or,780,70.91613952070475,74.42664355039597
synth_192d,or,750,68.97759158164263,70.80612704157829
synth_192d,or,272,83.78084748983383,85.62393486499786
synth_192d,or,886,89.74992670118809,91.58160537481308
synth_192d,or,703,57.53606092184782,59.53887011855841
synth_192d,or,113,73.61860480159521,77.12957449257374
synth_192d,or,482,65.57838059961796,67.49143358319998
synth_192d,or,316,133.05980246514082,134.95073653757572
synth_192d,or,683,106.92456271499395,108.90851262956858
synth_192d,or,875,62.453560531139374,65.97465835511684
synth_192d,or,950,70.51194552332163,72.35456723719835
synth_192d,or,449,65.05032069981098,68.58643610030413
synth_192d,or,631,64.93157707154751,68.4631522744894
synth_192d,or,997,60.71536336094141,62.55786865949631
synth_192d,or,489,70.29506377875805,72.109280154109
synth_192d,or,697,72.37412501126528,75.88998414576054
synth_192d,or,591,60.415943153202534,62.303501181304455
synth_192d,or,484,58.95434878766537,60.77159196138382
synth_192d,or,513,65.3533497825265,68.87398194521666
synth_192d,or,897,77.30559445917606,80.76056838035583
synth_192d,or,674,60.28544157743454,62.148901633918285
synth_192d,or,361,92.54284668713808,96.07907850295305
synth_192d,or,623,62.23656237125397,65.7038763165474
synth_192d,or,314,61.41641642898321,64.87150676548481
synth_192d,or,418,98.97432755678892,100.88691487908363
synth_192d,or,993,101.46643035113811,103.37342973798513
synth_192d,or,192,69.2782923579216,71.18121720850468
synth_192d,or,149,114.54185005277395,116.45362246781588
synth_192d,or,618,56.36375863105059,58.29706788063049
synth_192d,or,74,61.11152470111847,62.948791310191154
synth_192d,or,266,110.56545190513134,112.49864473938942
synth_192d,or,181,67.88282189518213,69.76502481848001
synth_192d,or,753,136.6946380585432,138.59744649380445
synth_192d,or,992,95.63250932842493,97.52612095326185
synth_192d,or,646,100.56456085294485,102.4686498567462
synth_192d,or,826,57.475524954497814,59.429556131362915
synth_192d,or,757,60.38346327841282,63.84949665516615
synth_192d,or,969,57.896715588867664,59.87973418086767
synth_192d,or,642,78.13808042556047,81.63298480212688
synth_192d,or,777,138.2729969918728,140.1847694069147
synth_192d,or,795,62.980339862406254,66.47605914622545
synth_192d,or,561,57.77145270258188,59.72443614155054
synth_192d,or,36,64.51155059039593,67.99702532589436
synth_192d,or,823,61.047496274113655,62.86508869379759
synth_192d,or,627,62.16915789991617,65.65358489751816
synth_192d,or,469,95.55264841765165,97.42984548211098
synth_192d,or,68,77.52119563519955,81.03623986244202
synth_192d,or,606,65.19770249724388,68.66862531751394
synth_192d,or,102,69.0673477947712,70.92987652868032
synth_192d,or,953,58.32873284816742,60.137128457427025
synth_192d,or,79,60.07135380059481,61.90256681293249
synth_192d,or,83,122.49418068677187,124.37161058187485
synth_192d,or,893,72.11382035166025,75.66891144961119
synth_192d,or,495,61.811995692551136,65.35602733492851
synth_192d,or,351,58.59800148755312,60.41571032255888
synth_192d,or,404,60.591381043195724,62.42445670068264
synth_192d,or,927,61.79662887006998,65.24764467030764
synth_192d,or,200,87.98227645456791,89.81418795883656
synth_192d,or,905,107.75192640721798,109.63389649987221
synth_192d,or,570,57.95317701995373,59.93479862809181
synth_192d,or,879,86.48436050862074,88.34642358124256
synth_192d,or,33,78.63843347877264,80.52994962781668
synth_192d,or,345,57.79648199677467,59.7804319113493
synth_192d,or,150,88.18763308227062,90.03968443721533
synth_192d,or,808,71.18703797459602,74.67204704880714
synth_192d,or,563,89.17483501136303,91.09801612794399
synth_192d,or,898,57.78647027909756,59.78939589112997
synth_192d,or,566,80.55195212364197,84.00145452469587
synth_192d,or,409,62.44832184165716,65.94322621822357
synth_192d,or,612,94.7074731811881,96.66907135397196
synth_192d,or,833,98.04160799831152,99.93882849812508
synth_192d,or,141,123.57090599834919,125.52796397358179
synth_192d,or,107,85.41252464056015,87.29635737836361
synth_192d,or,526,60.93597039580345,62.753562815487385
synth_192d,or,769,84.1822475194931,86.0398868098855
synth_192d,or,680,80.45951835811138,83.92403833568096
synth_192d,or,530,94.6875661611557,96.64986282587051
synth_192d,or,109,74.07134398818016,77.53691170364618
synth_192d,or,842,58.372621424496174,60.26076152920723
synth_192d,or,23,73.78112059086561,77.23120506852865
synth_192d,or,173,57.88775160908699,59.904297813773155
synth_192d,or,958,59.47414319962263,61.293249018490314
synth_192d,or,430,57.502067647874355,59.44457370787859
synth_192d,or,577,80.2050344645977,83.68107955902815
synth_192d,or,685,94.72330566495657,96.64508979767561
synth_192d,or,153,59.01919212192297,60.84179040044546
synth_192d,or,637,58.93839988857508,60.750520788133144
synth_192d,or,275,64.5914115011692,68.13649088144302
synth_192d,or,735,55.80717697739601,57.72663280367851
synth_192d,or,799,74.62245412170887,78.07742804288864
synth_192d,or,16,123.24389535933733,125.14542322605848
synth_192d,or,710,73.49508814513683,76.96542888879776
synth_192d,or,714,87.7047423273325,89.53840006142855
synth_192d,or,883,69.14418190717697,70.96165791153908
synth_192d,or,82,57.13128484785557,59.144338592886925
synth_192d,or,845,75.21221414208412,77.13120430707932
synth_192d,or,738,77.106524258852,80.62657434493303
synth_192d,or,787,87.725929915905,89.51849304139614
synth_192d,or,443,80.1954884082079,83.69027636945248
synth_192d,or,838,96.23460937291384,98.1080811470747
synth_192d,or,376,71.82685658335686,75.29347203671932
synth_192d,or,635,85.70740465074778,87.54979353398085
synth_192d,or,959,66.65010005235672,68.57234984636307
synth_192d,or,558,107.16449469327927,109.05240196734667
synth_192d,or,135,88.7265196070075,90.5405031517148
synth_192d,or,203,79.30351421236992,82.78409950435162
synth_192d,or,167,77.31711957603693,79.19489871710539
synth_192d,or,896,90.07449261844158,91.89639240503311
synth_192d,or,285,60.775550082325935,64.22156002372503
synth_192d,or,131,77.30640936642885,79.18896153569221
synth_192d,or,123,63.71457129716873,67.21960380673409
synth_192d,or,142,65.22866897284985,68.68841592222452
synth_192d,or,93,58.55236668139696,60.39545405656099
synth_192d,or,333,62.56264168769121,66.05859380215406
synth_192d,or,747,70.45629899948835,72.32942152768373
synth_192d,or,69,83.96548219025135,85.83778981119394
synth_192d,or,693,58.465986512601376,60.32944656908512
synth_192d,or,804,146.86700887978077,148.7481640651822
synth_192d,or,62,60.200924053788185,63.68639878928661
synth_192d,or,524,75.35796612501144,78.85182276368141
synth_192d,or,841,124.47230983525515,126.35544408112764
synth_192d,or,177,69.91531699895859,73.40568117797375
synth_192d,or,51,60.491496697068214,62.342965975403786
synth_192d,or,666,70.56526374071836,72.45840970426798
synth_192d,or,942,143.92926823347807,145.87189070880413
synth_192d,or,292,62.29383870959282,65.75428415089846
synth_192d,or,473,59.780897572636604,63.2839510217309
synth_192d,or,298,68.08748003095388,69.93941497057676
synth_192d,or,119,63.584884628653526,67.09061563014984
synth_192d,or,715,110.63180863857269,112.5534763559699
synth_192d,or,97,59.413607232272625,61.26717198640108
synth_192d,or,503,91.61350317299366,93.47556624561548
synth_192d,or,539,69.97666787356138,73.50021041929722
synth_192d,or,930,64.17662370949984,66.06988608837128
synth_192d,or,854,100.46979878097773,102.42732241749763
synth_192d,or,632,61.08079105615616,62.90839519351721
synth_192d,or,544,79.24949750304222,82.74498395621777
synth_192d,or,352,96.73426393419504,98.60855061560869
synth_192d,or,320,113.32100257277489,115.20436964929104
synth_192d,or,302,95.90911213308573,97.79655374586582
synth_192d,or,417,70.25606464594603,72.09915202111006
synth_192d,or,144,58.127567172050476,60.110236518085
synth_192d,or,975,62.83039692789316,66.33542943745852
synth_192d,or,801,57.27540701627731,59.2479482293129
synth_192d,or,175,61.384052969515324,63.197105191648006
synth_192d,or,760,72.45317101478577,75.92746987938881
synth_192d,or,116,96.16848547011614,98.08165486901999
synth_192d,or,557,77.86275818943977,81.31330832839012
synth_192d,or,252,76.18987001478672,79.66498378664255
synth_192d,or,295,86.11311204731464,87.96597830951214
synth_192d,or,105,58.20707883685827,60.05098111927509
synth_192d,or,66,64.7067790850997,68.14650259912014
synth_192d,or,576,75.79952944070101,77.7215464040637
synth_192d,or,971,62.48173303902149,65.93286525458097
synth_192d,or,548,73.90126120299101,77.37730629742146
synth_192d,or,926,57.25468508899212,59.124198742210865
synth_192d,or,677,57.38227628171444,59.263547882437706
synth_192d,or,900,72.40264676511288,75.85855200886726
synth_192d,or,158,81.27244655042887,83.20447523146868
synth_192d,or,29,59.64841693639755,61.46193481981754
synth_192d,or,670,116.25897604972124,118.15258767455816
synth_192d,or,786,80.52471093833447,84.04883556067944
synth_192d,or,276,75.33212192356586,78.8029283285141
synth_192d,or,435,76.73446089029312,80.20061068236828
synth_192d,or,436,73.47401697188616,76.9349280744791
synth_192d,or,3,73.38030263781548,76.84645242989063
synth_192d,or,517,83.17490573972464,85.08306927978992
synth_192d,or,163,85.77865082770586,87.66143582761288
synth_192d,or,645,70.66037505865097,72.52278737723827
synth_192d,or,641,71.90147880464792,73.80964234471321
synth_192d,or,567,74.19032044708729,76.08730811625719
synth_192d,or,291,59.670303016901016,61.53201684355736
synth_192d,or,446,76.10931061208248,79.59490176290274
synth_192d,or,595,65.39723835885525,68.8732834532857
synth_192d,or,851,57.20986519008875,59.20289549976587
synth_192d,or,600,59.99952554702759,61.85250822454691
synth_192d,or,601,58.397301472723484,60.23980677127838
synth_192d,or,196,67.63625424355268,69.44534834474325
synth_192d,or,964,58.69637243449688,60.53037941455841
synth_192d,or,336,58.5425877943635,60.37077400833368
synth_192d,or,768,70.7854051142931,72.68902845680714
synth_192d,or,335,88.34863547235727,90.16122203320265
synth_192d,or,4,68.74732207506895,70.67038677632809
synth_192d,or,206,56.57551810145378,58.462959714233875
synth_192d,or,881,67.68130697309971,69.53394040465355
synth_192d,or,756,67.1003945171833,68.98865103721619
synth_192d,or,268,70.8994921296835,74.35469888150692
synth_192d,or,903,62.08824925124645,63.99070844054222
synth_192d,or,755,59.47507452219725,61.33248098194599
synth_192d,or,185,60.43096072971821,62.273466028273106
synth_192d,or,331,59.67915058135986,61.49662658572197
synth_192d,or,643,64.77732677012682,68.24044976383448
synth_192d,or,869,72.33291398733854,75.80907549709082
synth_192d,or,873,75.3685599192977,77.24063470959663
synth_192d,or,237,68.48748307675123,70.33091969788074
synth_192d,or,111,58.81406832486391,60.671474784612656
synth_192d,or,611,99.73999112844467,101.66235733777285
synth_192d,or,726,72.68751505762339,76.19173265993595
synth_192d,or,734,86.33220568299294,88.17645721137524
synth_192d,or,979,60.20674481987953,62.04762030392885
synth_192d,or,782,93.35367940366268,95.25660425424576
synth_192d,or,649,71.09588477760553,72.90986832231283
synth_192d,or,952,58.84247366338968,60.70465315133333
synth_192d,or,140,73.71220272034407,77.1981431171298
synth_192d,or,594,70.81043440848589,72.67307955771685
synth_192d,or,154,60.88241934776306,62.674516811966896
synth_192d,or,540,60.64155604690313,62.43400275707245
synth_192d,or,549,123.79547115415335,125.72843115776777
synth_192d,or,2,99.76886212825775,101.67306754738092
synth_192d,or,673,78.62842176109552,82.09259249269962
synth_192d,or,48,60.88160444051027,62.74355109781027
synth_192d,or,326,67.60982796549797,69.45710629224777
synth_192d,or,620,62.36485205590725,65.85964001715183
synth_192d,or,770,55.86736369878054,57.755038142204285
synth_192d,or,511,59.319077990949154,61.165657825767994
synth_192d,or,47,58.431876823306084,60.248770751059055
synth_192d,or,608,65.14135748147964,68.63696034997702
synth_192d,or,159,60.93597039580345,62.81945388764143
synth_192d,or,182,59.01267286390066,60.851918533444405
synth_192d,or,928,57.38786421716213,59.371115639805794
synth_192d,or,176,79.15298920124769,82.66489021480083
synth_192d,or,242,67.5710616633296,69.52357944101095
synth_192d,or,504,58.6432870477438,60.466001741588116
synth_192d,or,457,60.726539231836796,62.56496999412775
synth_192d,or,818,74.65819362550974,78.09768430888653
synth_192d,or,283,80.86045272648335,84.3066954985261
synth_192d,or,356,104.2619114741683,106.17449879646301
synth_192d,or,871,75.81349927932024,79.26940452307463
synth_192d,or,520,71.31102029234171,73.13943933695555
synth_192d,or,502,93.85147131979465,95.80457117408514
synth_192d,or,681,80.02622053027153,81.92367386072874
synth_192d,or,924,74.27751552313566,77.81630847603083
synth_192d,or,988,73.17971903830767,76.65401790291071
synth_192d,or,334,61.3571610301733,63.140178099274635
synth_192d,or,963,67.26966239511967,69.08352952450514
synth_192d,or,262,57.50195123255253,59.35493391007185
synth_192d,or,133,58.8991679251194,62.42410745471716
synth_192d,or,743,67.28630978614092,69.11426316946745
synth_192d,or,99,96.48443665355444,98.38549885898829
synth_192d,or,731,70.16677409410477,71.98983803391457
synth_192d,or,560,64.1276128590107,66.07943214476109
synth_192d,or,835,67.50074680894613,69.36362478882074
synth_192d,or,648,70.49040868878365,72.38227408379316
synth_192d,or,713,71.56725041568279,75.02338849008083
synth_192d,or,57,77.81770545989275,81.33391384035349
synth_192d,or,995,63.15950304269791,66.61401130259037
synth_192d,or,166,105.56238703429699,107.41536971181631
synth_192d,or,190,62.06810940057039,65.5284384265542
synth_192d,or,603,75.06716065108776,78.53773422539234
synth_192d,or,92,59.74352825433016,63.219224102795124
synth_192d,or,951,78.43703497201204,81.95301052182913
synth_192d,or,711,70.94570901244879,74.3913697078824
synth_192d,or,876,120.72990648448467,122.66368139535189
synth_192d,or,470,76.79103873670101,80.281519331038
synth_192d,or,651,65.6727934256196,69.15244739502668
synth_192d,or,485,96.15393355488777,97.98235259950161
synth_192d,or,872,60.21140143275261,63.725514337420464
synth_192d,or,348,78.34704592823982,81.82285819202662
synth_192d,or,421,57.9621409997344,59.969606809318066
synth_192d,or,907,91.13317355513573,93.06077845394611
synth_192d,or,916,72.30695337057114,75.78288204967976
synth_192d,or,410,83.15325248986483,85.07783059030771
synth_192d,or,499,72.73966912180185,74.66250099241734
synth_192d,or,13,57.54758603870869,59.53037180006504
synth_192d,or,613,59.93945524096489,63.513871282339096
synth_192d,or,70,69.86490916460752,71.70683238655329
synth_192d,or,657,58.87949373573065,60.70209201425314
synth_192d,or,399,76.7499441280961,80.2353024482727
synth_192d,or,906,83.98538921028376,85.79355198889971
synth_192d,or,686,85.34197695553303,87.16597221791744
synth_192d,or,438,107.81805031001568,109.72097516059875
synth_192d,or,790,60.600810684263706,62.454608269035816
synth_192d,or,725,111.47116310894489,113.37327305227518
synth_192d,or,996,66.96546915918589,68.87759082019329
synth_192d,or,385,107.10081551223993,108.98290202021599
synth_192d,or,922,80.55171929299831,84.04627442359924
synth_192d,or,412,84.89761967211962,86.75968274474144
synth_192d,or,874,91.10698010772467,93.03551632910967
synth_192d,or,546,106.6848635673523,110.26975698769093
synth_192d,or,761,59.66552998870611,61.52747664600611
synth_192d,or,20,72.04350549727678,73.96645378321409
synth_192d,or,565,61.01117469370365,62.8042034804821
synth_192d,or,553,106.16437066346407,108.10105595737696
synth_192d,or,439,60.38998253643513,62.20757495611906
synth_192d,or,322,59.10894833505154,60.9720591455698
synth_192d,or,822,95.83355858922005,97.72740304470062
synth_192d,or,52,57.05037619918585,59.05376747250557
synth_192d,or,676,61.54703442007303,65.05241617560387
synth_192d,or,478,75.42409002780914,77.35611870884895
synth_192d,or,209,87.53116708248854,89.33432400226593
synth_192d,or,800,57.792989537119865,59.71500650048256
synth_192d,or,328,73.22174496948719,76.77136454731226
synth_192d,or,766,61.28742825239897,64.80701267719269
synth_192d,or,270,89.46447633206844,91.39650501310825
synth_192d,or,625,81.89259096980095,83.69656279683113
synth_192d,or,392,59.52513311058283,61.35273724794388
synth_192d,or,12,57.26690869778395,59.27321035414934
synth_192d,or,117,90.11675138026476,92.02968794852495
synth_192d,or,327,59.65773016214371,63.2281880825758
synth_192d,or,244,58.030709624290466,60.04399619996548
synth_192d,or,910,103.81091851741076,105.71314487606287
synth_192d,or,282,80.49863390624523,84.01053491979837
synth_192d,or,157,77.91188545525074,81.42786100506783
synth_192d,or,678,75.21780207753181,78.75403389334679
synth_192d,or,821,75.98416414111853,79.53017484396696
synth_192d,or,968,75.61384700238705,79.13936860859394
synth_192d,or,650,61.532831750810146,65.04775956273079
synth_192d,or,355,61.051337979733944,62.884180806577206
synth_192d,or,311,92.08149276673794,94.01526767760515
synth_192d,or,424,80.64007852226496,84.12462193518877
synth_192d,or,210,91.0068629309535,92.84436237066984
synth_192d,or,948,56.118820793926716,58.011733926832676
synth_192d,or,945,95.42889893054962,97.34055493026972
synth_192d,or,329,74.42617788910866,77.94203702360392
synth_192d,or,310,65.20410533994436,68.71786899864674
synth_192d,or,220,60.7810216024518,64.3057283014059
synth_192d,or,253,94.72144301980734,96.62401862442493
synth_192d,or,751,94.92121171206236,96.81482333689928
synth_192d,or,402,59.222918935120106,61.05599459260702
synth_192d,or,411,91.44633077085018,93.32830086350441
synth_192d,or,957,87.41614874452353,89.24456778913736
synth_192d,or,749,63.43994755297899,66.94404873996973
synth_192d,or,100,69.1745663061738,71.0170716047287
synth_192d,or,689,88.85283023118973,90.70534724742174
synth_192d,or,536,59.48892794549465,63.02539259195328
synth_192d,or,949,64.31632209569216,67.81239062547684
synth_192d,or,222,62.56496999412775,66.08956027776003
synth_192d,or,445,117.25351214408875,119.14852075278759
synth_192d,or,391,60.49929652363062,63.97545803338289
synth_192d,or,64,60.849590227007866,62.69209552556276
synth_192d,or,939,94.53098755329847,96.42366785556078
synth_192d,or,655,79.0635822340846,80.95626253634691
synth_192d,or,772,56.568882428109646,58.45737177878618
synth_192d,or,512,73.3410706743598,75.22373925894499
synth_192d,or,659,94.12539657205343,96.02855425328016
synth_192d,or,118,63.835992477834225,65.73228165507317
synth_192d,or,357,73.76540452241898,75.6983645260334
synth_192d,or,288,63.268933445215225,66.75440818071365
synth_192d,or,232,61.65809463709593,63.56602534651756
synth_192d,or,256,60.424208641052246,62.237028032541275
synth_192d,or,365,60.53107790648937,64.06696047633886
synth_192d,or,138,57.24560469388962,59.17903035879135
synth_192d,or,754,59.164129197597504,61.00768223404884
synth_192d,or,450,73.52884858846664,77.02969014644623
synth_192d,or,742,71.4216148480773,73.27413186430931
synth_192d,or,337,100.08108802139759,102.00263932347298
synth_192d,or,709,68.20261478424072,70.09622640907764
synth_192d,or,165,67.9324148222804,69.75955329835415
synth_192d,or,791,68.42345464974642,70.31543646007776
synth_192d,or,671,60.03899034112692,63.552986830472946
synth_192d,or,160,60.13491656631231,63.67440801113844
synth_192d,or,722,64.60514850914478,68.11099592596292
synth_192d,or,691,72.65491876751184,76.1988339945674
synth_192d,or,840,78.59093602746725,82.11599197238684
synth_192d,or,180,59.30906627327204,61.16193253546953
synth_192d,or,505,78.0625268816948,81.58653508871794
synth_192d,or,313,90.41058365255594,92.34459139406681
synth_192d,or,278,89.07297160476446,90.9061636775732
synth_192d,or,378,133.65596532821655,135.58822683990002
synth_192d,or,189,64.54717367887497,66.44940003752708
synth_192d,or,271,75.72886534035206,79.30735591799021
synth_192d,or,148,78.32399569451809,81.86814375221729
synth_192d,or,771,101.38214565813541,103.31440716981888
synth_192d,or,919,109.48884300887585,111.41179129481316
synth_192d,or,96,70.46549580991268,72.29915354400873
synth_192d,or,106,76.21326949447393,79.75369226187468
synth_192d,or,543,86.70450188219547,88.54700718075037
synth_192d,or,263,74.031762778759,77.59558502584696
synth_192d,or,708,56.8249961361289,60.47007627785206
synth_192d,or,866,112.49235831201077,114.43637777119875
synth_192d,or,217,100.36886669695377,102.4474622681737
synth_192d,or,983,58.421981520950794,62.06205580383539
synth_192d,or,110,93.845184892416,95.78373283147812
synth_192d,or,609,71.2474575266242,74.77146573364735
synth_192d,or,363,98.42775762081146,100.370729342103
synth_192d,or,193,84.81321856379509,86.65479253977537
synth_192d,or,377,72.62849248945713,76.16356015205383
synth_192d,or,128,70.55478636175394,72.36294914036989
synth_192d,or,341,75.79266093671322,77.7306267991662
synth_192d,or,728,89.74503725767136,91.61606431007385
synth_192d,or,585,76.01035758852959,79.53401654958725
synth_192d,or,211,62.05751560628414,65.57919550687075
synth_192d,or,522,91.31722617894411,93.14913768321276
synth_192d,or,451,61.82282231748104,65.34741260111332
synth_192d,or,481,70.53487934172153,74.05085489153862
synth_192d,or,724,57.5558515265584,59.553422033786774
synth_192d,or,44,58.75260103493929,60.59114821255207
synth_192d,or,498,61.06984801590443,64.65031765401363
synth_192d,or,364,56.79402966052294,58.78100637346506
synth_192d,or,802,60.600810684263706,62.40839138627052
synth_192d,or,622,85.96305269747972,87.79659401625395
synth_192d,or,420,61.92305590957403,65.46860095113516
synth_192d,or,593,71.91917393356562,73.76656867563725
synth_192d,or,367,105.67298159003258,107.5812615454197
synth_192d,or,699,94.04565207660198,95.94869334250689
synth_192d,or,954,94.45787873119116,98.08305185288191
synth_192d,or,925,57.58192855864763,59.51069761067629
synth_192d,or,669,93.98197289556265,95.84939107298851
synth_192d,or,775,87.45072409510612,89.2991665750742
synth_192d,or,661,70.26491221040487,72.12592754513025
synth_192d,or,434,57.41638597100973,59.42850839346647
synth_192d,or,347,89.66750465333462,91.4891716092825
synth_192d,equal,850,44.27612293511629,44.843764044344425
synth_192d,equal,605,44.39079202711582,44.56180613487959
synth_192d,equal,412,46.844943426549435,45.84819544106722
synth_192d,equal,970,44.49230618774891,44.648535549640656
synth_192d,equal,467,44.46238745003939,45.033288188278675
synth_192d,equal,109,44.41244527697563,44.56331953406334
synth_192d,equal,351,46.97416443377733,46.00302781909704
synth_192d,equal,250,46.85390740633011,45.88777665048838
synth_192d,equal,861,44.494401663541794,45.93818448483944
synth_192d,equal,750,44.43153738975525,44.58276089280844
synth_192d,equal,645,44.48625259101391,44.647837057709694
synth_192d,equal,603,44.501619413495064,44.661806896328926
synth_192d,equal,996,44.62816286832094,44.79696508497
synth_192d,equal,341,44.53700967133045,44.70651037991047
synth_192d,equal,927,46.881032176315784,45.89988384395838
synth_192d,equal,321,44.54783629626036,46.04493733495474
synth_192d,equal,392,44.49218977242708,44.66192331165075
synth_192d,equal,308,44.55156158655882,44.716172851622105
synth_192d,equal,615,46.94494418799877,46.013970859348774
synth_192d,equal,116,44.455984607338905,45.02781666815281
synth_192d,equal,121,44.420943595469,44.58182957023382
synth_192d,equal,53,44.46599632501602,44.637126848101616
synth_192d,equal,917,44.526299461722374,44.68532279133797
synth_192d,equal,26,44.46809180080891,44.63805817067623
synth_192d,equal,405,44.43759098649025,44.59754563868046
synth_192d,equal,653,44.365995563566685,44.53596193343401
synth_192d,equal,739,44.455984607338905,44.62595097720623
synth_192d,equal,65,45.14236934483051,45.75424827635288
synth_192d,equal,650,44.562737457454205,44.72269210964441
synth_192d,equal,124,46.91432695835829,45.93364428728819
synth_192d,equal,348,44.42199133336544,44.592306949198246
synth_192d,equal,988,44.45621743798256,44.61721982806921
synth_192d,equal,611,44.45691592991352,44.61489152163267
synth_192d,equal,960,46.92911170423031,45.9479633718729
synth_192d,equal,414,44.48625259101391,44.646323658525944
synth_192d,equal,515,46.87055479735136,45.91851029545069
synth_192d,equal,298,44.615939259529114,44.77705806493759
synth_192d,equal,67,44.57251634448767,44.732470996677876
synth_192d,equal,218,44.48555409908295,44.65645179152489
synth_192d,equal,376,44.45808008313179,44.623157009482384
synth_192d,equal,820,46.890112571418285,45.929569751024246
synth_192d,equal,198,44.39172334969044,44.56622991710901
synth_192d,equal,128,44.57589238882065,44.73677836358547
synth_192d,equal,665,45.29859870672226,45.90849857777357
synth_192d,equal,568,44.607906602323055,44.77263428270817
synth_192d,equal,380,44.552842155098915,44.721877202391624
synth_192d,equal,501,44.52990833669901,44.69091072678566
synth_192d,equal,337,46.896631829440594,45.9254952147603
synth_192d,equal,137,44.62059587240219,45.210239477455616
synth_192d,equal,573,44.636195525527,44.80686038732529
synth_192d,equal,700,44.53747533261776,44.693006202578545
synth_192d,equal,344,44.530839659273624,45.11105362325907
synth_192d,equal,951,44.47635728865862,44.63724326342344
synth_192d,equal,104,44.557033106684685,44.72699947655201
synth_192d,equal,449,44.46599632501602,44.63503137230873
synth_192d,equal,316,44.52653229236603,44.7010388597846
synth_192d,equal,56,44.44620572030544,44.601853005588055
synth_192d,equal,353,44.52071152627468,44.681597501039505
synth_192d,equal,656,44.44632213562727,44.601853005588055
synth_192d,equal,966,44.412328861653805,44.57356408238411
synth_192d,equal,856,44.329906813800335,44.494401663541794
synth_192d,equal,258,44.446904212236404,44.611282646656036
synth_192d,equal,500,44.560874812304974,44.72536966204643
synth_192d,equal,257,44.597312808036804,44.75703462958336
synth_192d,equal,733,44.40790507942438,44.56797614693642
synth_192d,equal,95,44.48206163942814,44.63549703359604
synth_192d,equal,799,44.47204992175102,44.641317799687386
synth_192d,equal,199,44.47717219591141,44.65586971491575
synth_192d,equal,51,44.51652057468891,44.68555562198162
synth_192d,equal,7,46.946690417826176,45.97567021846771
synth_192d,equal,395,44.526997953653336,45.980094000697136
synth_192d,equal,165,44.54003646969795,44.71093416213989
synth_192d,equal,469,46.940753236413,45.988825149834156
synth_192d,equal,184,44.362153857946396,44.512562453746796
synth_192d,equal,130,44.48834806680679,44.657615944743156
synth_192d,equal,771,45.17135675996542,45.79196684062481
synth_192d,equal,243,44.66692917048931,44.81698852032423
synth_192d,equal,318,44.74632441997528,44.916290789842606
synth_192d,equal,818,44.49801053851843,44.661457650363445
synth_192d,equal,786,44.51151471585035,44.6616904810071
synth_192d,equal,938,46.85588646680117,45.85506394505501
synth_192d,equal,455,44.546439312398434,45.988126657903194
synth_192d,equal,369,46.97008989751339,46.00011743605137
synth_192d,equal,219,44.52792927622795,44.68706902116537
synth_192d,equal,456,44.51745189726353,44.68183033168316
synth_192d,equal,948,46.911765821278095,45.9600705653429
synth_192d,equal,517,46.928529627621174,45.94156052917242
synth_192d,equal,402,44.49218977242708,44.6616904810071
synth_192d,equal,585,44.50790584087372,44.64900121092796
synth_192d,equal,853,44.53165456652641,44.68217957764864
synth_192d,equal,371,44.42059434950352,44.57705654203892
synth_192d,equal,481,46.97008989751339,45.97869701683521
synth_192d,equal,145,44.53735891729593,44.70546264201403
synth_192d,equal,357,44.46599632501602,44.62595097720623
synth_192d,equal,644,44.472282752394676,44.62362267076969
synth_192d,equal,237,44.47507672011852,44.61687058210373
synth_192d,equal,829,46.915141865611076,45.95308564603329
synth_192d,equal,383,44.5216428488493,44.66157406568527
synth_192d,equal,2,44.40196789801121,44.56203896552324
synth_192d,equal,934,44.436659663915634,44.54120062291622
synth_192d,equal,735,44.47146784514189,44.63235381990671
synth_192d,equal,404,44.52653229236603,44.68660335987806
synth_192d,equal,915,46.83551378548145,45.84400448948145
synth_192d,equal,156,46.87614273279905,45.91420292854309
synth_192d,equal,352,44.508371502161026,44.666463509202
synth_192d,equal,945,46.83865699917078,45.88812589645386
synth_192d,equal,991,44.50138658285141,44.642481952905655
synth_192d,equal,757,44.5367768406868,44.69230771064758
synth_192d,equal,722,47.01060242950916,46.01897671818733
synth_192d,equal,514,44.49347034096718,44.661457650363445
synth_192d,equal,871,46.8849902972579,45.89383024722338
synth_192d,equal,869,46.919798478484154,45.9328293800354
synth_192d,equal,910,44.49102561920881,44.641317799687386
synth_192d,equal,421,44.58241164684296,44.74283196032047
synth_192d,equal,621,44.57891918718815,44.727930799126625
synth_192d,equal,151,46.85530439019203,45.87508738040924
synth_192d,equal,132,44.57554314285517,44.73503213375807
synth_192d,equal,362,44.53363362699747,44.693704694509506
synth_192d,equal,842,46.91036883741617,45.94842903316021
synth_192d,equal,718,44.596497900784016,46.0274750366807
synth_192d,equal,319,44.607208110392094,44.77787297219038
synth_192d,equal,690,44.607208110392094,44.76506728678942
synth_192d,equal,459,44.55202724784613,44.698710553348064
synth_192d,equal,280,44.565415009856224,44.724904000759125
synth_192d,equal,446,44.5173354819417,45.088701881468296
synth_192d,equal,957,44.6076737716794,44.75878085941076
synth_192d,equal,117,46.89069464802742,45.93026824295521
synth_192d,equal,434,44.58241164684296,44.731306843459606
synth_192d,equal,897,44.52792927622795,44.686952605843544
synth_192d,equal,796,44.495449401438236,44.64748781174421
synth_192d,equal,529,46.9904625788331,46.03841807693243
synth_192d,equal,440,44.48741674423218,45.940978452563286
synth_192d,equal,76,44.506508857011795,44.66192331165075
synth_192d,equal,202,44.59568299353123,44.75552123039961
synth_192d,equal,838,44.54783629626036,44.698361307382584
synth_192d,equal,884,44.551328755915165,44.701737351715565
synth_192d,equal,659,44.62758079171181,44.79615017771721
synth_192d,equal,471,44.59149204194546,44.76145841181278
synth_192d,equal,639,44.52222492545843,44.692191295325756
synth_192d,equal,549,46.950881369411945,45.98905798047781
synth_192d,equal,190,44.62478682398796,44.77682523429394
synth_192d,equal,890,44.56145688891411,44.7204802185297
synth_192d,equal,707,46.97509575635195,46.00512329488993
synth_192d,equal,329,44.46110688149929,44.601038098335266
synth_192d,equal,331,44.55121234059334,44.68241240829229
synth_192d,equal,972,44.42688077688217,44.59591582417488
synth_192d,equal,260,44.613610953092575,44.762855395674706
synth_192d,equal,551,44.63631194084883,44.79812923818827
synth_192d,equal,824,47.00012505054474,46.039000153541565
synth_192d,equal,194,44.526648707687855,44.68217957764864
synth_192d,equal,693,44.58753392100334,44.738175347447395
synth_192d,equal,789,44.52234134078026,44.66366954147816
synth_192d,equal,192,47.03504964709282,46.08288872987032
synth_192d,equal,285,44.557382352650166,44.71640568226576
synth_192d,equal,210,44.555868953466415,44.71605643630028
synth_192d,equal,201,44.52606663107872,44.68602128326893
synth_192d,equal,334,44.60662603378296,44.75656896829605
synth_192d,equal,262,44.605927541852,44.77496258914471
synth_192d,equal,139,44.451095163822174,45.032124035060406
synth_192d,equal,987,44.55656744539738,44.71815191209316
synth_192d,equal,359,44.594984501600266,44.75587047636509
synth_192d,equal,982,44.567277655005455,44.71791908144951
synth_192d,equal,872,44.556683860719204,44.6980120614171
synth_192d,equal,168,46.95495590567589,45.98335362970829
synth_192d,equal,505,45.241089537739754,45.86752038449049
synth_192d,equal,968,46.89453635364771,45.9025613963604
synth_192d,equal,728,44.583226554095745,44.76204048842192
synth_192d,equal,583,44.59742922335863,44.76658068597317
synth_192d,equal,570,47.12503869086504,46.16403020918369
synth_192d,equal,552,44.63654477149248,44.78648770600557
synth_192d,equal,640,44.546439312398434,44.70639396458864
synth_192d,equal,727,44.7956845164299,44.95563916862011
synth_192d,equal,578,44.62094511836767,44.790911488235
synth_192d,equal,666,47.03004378825426,46.05890717357397
synth_192d,equal,330,44.54620648175478,44.69614941626787
synth_192d,equal,99,45.119086280465126,45.73923069983721
synth_192d,equal,532,46.926550567150116,45.954715460538864
synth_192d,equal,667,44.54609006643295,44.69696432352066
synth_192d,equal,594,44.59184128791094,44.74178422242403
synth_192d,equal,780,44.45051308721304,44.60231866687536
synth_192d,equal,248,44.50604319572449,44.667162001132965
synth_192d,equal,420,44.59102638065815,44.74213346838951
synth_192d,equal,628,44.49300467967987,44.64318044483662
synth_192d,equal,312,44.55994348973036,44.715357944369316
synth_192d,equal,759,44.46296952664852,44.62304059416056
synth_192d,equal,297,44.54492591321468,44.69580017030239
synth_192d,equal,442,44.561573304235935,44.71698775887489
synth_192d,equal,562,44.61046773940325,44.771586544811726
synth_192d,equal,80,44.54632289707661,44.68741826713085
synth_192d,equal,28,44.47600804269314,45.917462557554245
synth_192d,equal,397,46.87625914812088,45.85541319102049
synth_192d,equal,767,44.53281871974468,44.66273821890354
synth_192d,equal,84,46.88464105129242,45.88451702147722
synth_192d,equal,547,44.55784801393747,44.70685962587595
synth_192d,equal,785,44.48462277650833,44.63514778763056
synth_192d,equal,82,44.53037399798632,44.67240069061518
synth_192d,equal,908,44.531538151204586,44.66937389224768
synth_192d,equal,885,44.631073251366615,44.771935790777206
synth_192d,equal,630,44.4870674982667,44.64597441256046
synth_192d,equal,574,45.22840026766062,45.79941742122173
synth_192d,equal,292,44.55144517123699,44.703250750899315
synth_192d,equal,484,44.641667045652866,44.79067865759134
synth_192d,equal,567,44.65214442461729,44.79300696402788
synth_192d,equal,949,44.66692917048931,44.816406443715096
synth_192d,equal,427,44.59114279597998,44.74062006920576
synth_192d,equal,731,46.90967034548521,45.897671952843666
synth_192d,equal,112,46.959961764514446,45.93899939209223
synth_192d,equal,229,44.59184128791094,44.74178422242403
synth_192d,equal,998,44.571817852556705,44.711981900036335
synth_192d,equal,454,44.487882405519485,44.62734796106815
synth_192d,equal,864,44.446554966270924,44.596497900784016
synth_192d,equal,424,44.5925397798419,44.74062006920576
synth_192d,equal,797,44.541084207594395,44.68706902116537
synth_192d,equal,31,46.999077312648296,45.952387154102325
synth_192d,equal,41,44.49707921594381,44.64236553758383
synth_192d,equal,354,44.621992856264114,44.762156903743744
synth_192d,equal,919,44.52676512300968,44.687651097774506
synth_192d,equal,389,44.65039819478989,44.79498602449894
synth_192d,equal,87,45.24923861026764,45.85005808621645
synth_192d,equal,769,44.52653229236603,44.666463509202
synth_192d,equal,726,44.606043957173824,45.176828280091286
synth_192d,equal,637,44.541782699525356,44.68183033168316
synth_192d,equal,358,44.5367768406868,44.66366954147816
synth_192d,equal,49,44.499291107058525,45.05028482526541
synth_192d,equal,333,46.96543328464031,45.97008228302002
synth_192d,equal,123,44.53142173588276,44.66238897293806
synth_192d,equal,498,44.5821788161993,44.721062295138836
synth_192d,equal,587,44.63840741664171,44.79882773011923
synth_192d,equal,606,47.017005272209644,46.04039713740349
synth_192d,equal,494,44.4827601313591,44.6228077635169
synth_192d,equal,72,44.58613693714142,44.73654553294182
synth_192d,equal,447,47.02131263911724,46.04971036314964
synth_192d,equal,542,44.72141154110432,44.862390495836735
synth_192d,equal,37,44.578337110579014,44.71826832741499
synth_192d,equal,522,44.51663699001074,44.656568206846714
synth_192d,equal,912,44.550513848662376,44.70499698072672
synth_192d,equal,563,44.58543844521046,44.745393097400665
synth_192d,equal,526,44.658081606030464,46.129338443279266
synth_192d,equal,929,44.55633461475372,44.69742998480797
synth_192d,equal,629,46.93050868809223,45.93958146870136
synth_192d,equal,34,44.47810351848602,44.60930358618498
synth_192d,equal,472,44.54248119145632,44.691492803394794
synth_192d,equal,382,44.54213194549084,44.69742998480797
synth_192d,equal,488,46.930392272770405,45.933411456644535
synth_192d,equal,868,44.525484554469585,45.08707206696272
synth_192d,equal,977,44.427462853491306,44.5774057880044
synth_192d,equal,227,44.53293513506651,44.671702198684216
synth_192d,equal,61,44.51745189726353,44.657615944743156
synth_192d,equal,490,44.58683542907238,44.71722058951855
synth_192d,equal,5,44.53491419553757,44.67961844056845
synth_192d,equal,4,44.44748628884554,45.8995345979929
synth_192d,equal,836,47.00967110693455,46.07765004038811
synth_192d,equal,596,44.555519707500935,44.71663851290941
synth_192d,equal,849,44.51838321983814,44.68753468245268
synth_192d,equal,191,44.601503759622574,44.76145841181278
synth_192d,equal,9,46.93539813160896,45.93899939209223
synth_192d,equal,57,44.56203896552324,44.721527956426144
synth_192d,equal,240,44.545973651111126,44.69731356948614
synth_192d,equal,284,44.46366801857948,44.62187644094229
synth_192d,equal,144,44.5622717961669,44.71244756132364
synth_192d,equal,170,44.43654324859381,44.605927541852
synth_192d,equal,107,44.563086703419685,44.72199361771345
synth_192d,equal,669,46.99092824012041,46.059838496148586
synth_192d,equal,926,44.40639168024063,44.55866292119026
synth_192d,equal,221,44.55633461475372,44.71780266612768
synth_192d,equal,898,44.439337216317654,44.590444304049015
synth_192d,equal,110,44.52350549399853,44.68357656151056
synth_192d,equal,875,44.55109592527151,44.7010388597846
synth_192d,equal,961,44.467044062912464,44.63607911020517
synth_192d,equal,859,44.531538151204586,44.69242412596941
synth_192d,equal,435,44.40709017217159,44.557033106684685
synth_192d,equal,569,44.53596193343401,44.6949852630496
synth_192d,equal,790,47.001056373119354,46.069035306572914
synth_192d,equal,304,46.97998519986868,46.02898843586445
synth_192d,equal,269,44.46692764759064,44.61687058210373
synth_192d,equal,126,44.48229447007179,44.642249122262
synth_192d,equal,533,44.51093263924122,44.66134123504162
synth_192d,equal,474,44.58194598555565,44.75272726267576
synth_192d,equal,55,44.52106077224016,44.66634709388018
synth_192d,equal,120,44.52711436897516,44.69708073884249
synth_192d,equal,657,44.495915062725544,44.63701043277979
synth_192d,equal,186,44.55877933651209,44.70336716622114
synth_192d,equal,920,46.9662481918931,46.02479748427868
synth_192d,equal,671,44.60231866687536,44.77135371416807
synth_192d,equal,932,46.906876377761364,45.981258153915405
synth_192d,equal,892,46.92142829298973,45.96938379108906
synth_192d,equal,153,44.48648542165756,44.645508751273155
synth_192d,equal,711,44.5652985945344,44.724554754793644
synth_192d,equal,834,44.62641663849354,44.77740731090307
synth_192d,equal,236,44.62059587240219,44.76145841181278
synth_192d,equal,90,44.476124458014965,44.63165532797575
synth_192d,equal,381,44.58113107830286,44.733635149896145
synth_192d,equal,81,44.54737063497305,44.69731356948614
synth_192d,equal,560,44.65249367058277,45.22455856204033
synth_192d,equal,183,44.52746361494064,44.6962658315897
synth_192d,equal,601,45.231543481349945,45.903027057647705
synth_192d,equal,350,44.68241240829229,44.82350777834654
synth_192d,equal,831,44.61151547729969,44.75354216992855
synth_192d,equal,881,44.550164602696896,44.705579057335854
synth_192d,equal,863,45.20430229604244,45.88428419083357
synth_192d,equal,527,44.448068365454674,45.94004712998867
synth_192d,equal,70,47.095469199121,46.164379455149174
synth_192d,equal,444,44.571468606591225,44.73119042813778
synth_192d,equal,941,44.56646274775267,44.69847772270441
synth_192d,equal,482,44.50208507478237,45.062508434057236
synth_192d,equal,64,44.57624163478613,44.73712760955095
synth_192d,equal,232,44.507673010230064,45.994995161890984
synth_192d,equal,75,44.51232962310314,44.66250538825989
synth_192d,equal,770,44.53177098184824,44.686137698590755
synth_192d,equal,524,44.46832463145256,44.618034735322
synth_192d,equal,169,44.47181709110737,44.63049117475748
synth_192d,equal,452,44.75703462958336,44.91698928177357
synth_192d,equal,119,44.71675492823124,44.86856050789356
synth_192d,equal,607,44.670538045465946,44.82117947191
synth_192d,equal,59,45.32665479928255,45.97753286361694
synth_192d,equal,367,44.71151623874903,44.87170372158289
synth_192d,equal,391,44.68963015824556,44.846092350780964
synth_192d,equal,814,44.727930799126625,44.8769424110651
synth_192d,equal,540,44.67752296477556,44.82839722186327
synth_192d,equal,538,44.476939365267754,44.63689401745796
synth_192d,equal,531,44.611748307943344,44.767046347260475
synth_192d,equal,880,44.54655572772026,44.70685962587595
synth_192d,equal,307,44.66739483177662,44.82688382267952
synth_192d,equal,208,44.555519707500935,45.11745646595955
synth_192d,equal,114,44.61279604583979,44.773914851248264
synth_192d,equal,222,44.48194522410631,45.04271782934666
synth_192d,equal,479,44.606742449104786,45.157852582633495
synth_192d,equal,688,44.5730984210968,44.73305307328701
synth_192d,equal,766,44.58264447748661,44.73351873457432
synth_192d,equal,675,46.940986067056656,45.96810322254896
synth_192d,equal,580,44.490559957921505,44.6405028924346
synth_192d,equal,149,44.53735891729593,44.696382246911526
synth_192d,equal,441,44.54737063497305,44.70767453312874
synth_192d,equal,345,46.971370466053486,45.974855311214924
synth_192d,equal,43,44.457148760557175,44.60278432816267
synth_192d,equal,497,44.52758003026247,44.67752296477556
synth_192d,equal,633,44.61267963051796,44.76145841181278
synth_192d,equal,429,44.52711436897516,44.67729013413191
synth_192d,equal,281,46.91095091402531,45.91001197695732
synth_192d,equal,372,44.55680027604103,44.70697604119778
synth_192d,equal,83,44.60511263459921,44.755986891686916
synth_192d,equal,159,44.55202724784613,44.70383282750845
synth_192d,equal,599,44.610584154725075,44.76157482713461
synth_192d,equal,254,44.53607834875584,44.686952605843544
synth_192d,equal,320,44.60709169507027,44.7611091658473
synth_192d,equal,903,47.065550461411476,46.054599806666374
synth_192d,equal,338,46.94005474448204,45.98894156515598
synth_192d,equal,332,44.6167541667819,44.76751200854778
synth_192d,equal,655,47.006295062601566,46.07485607266426
synth_192d,equal,18,44.55656744539738,44.69673149287701
synth_192d,equal,904,44.49149128049612,44.63281948119402
synth_192d,equal,504,44.48683466762304,44.62827928364277
synth_192d,equal,975,44.6076737716794,44.75726746022701
synth_192d,equal,422,44.53747533261776,45.971013605594635
synth_192d,equal,267,44.5022014901042,44.657266698777676
synth_192d,equal,406,44.506508857011795,44.66669633984566
synth_192d,equal,38,44.66495011001825,44.805812649428844
synth_192d,equal,899,44.62746437638998,44.78741902858019
synth_192d,equal,709,44.57193426787853,44.72245927900076
synth_192d,equal,214,44.58008334040642,44.710468500852585
synth_192d,equal,486,47.040521167218685,46.04936111718416
synth_192d,equal,614,44.67449616640806,44.81978248804808
synth_192d,equal,619,44.60499621927738,44.76681351661682
synth_192d,equal,708,44.59265619516373,44.74376328289509
synth_192d,equal,173,44.61151547729969,44.751446694135666
synth_192d,equal,10,47.02096339315176,46.00989632308483
synth_192d,equal,162,46.98103293776512,45.97008228302002
synth_192d,equal,717,45.267632231116295,45.868800953030586
synth_192d,equal,687,46.97649274021387,45.97462248057127
synth_192d,equal,256,44.62257493287325,44.76273898035288
synth_192d,equal,77,44.50662527233362,44.656568206846714
synth_192d,equal,324,44.62141077965498,44.78066693991423
synth_192d,equal,74,47.07637708634138,46.07532173395157
synth_192d,equal,495,47.069042921066284,46.05413414537907
synth_192d,equal,8,44.54201553016901,44.69125997275114
synth_192d,equal,62,46.96159157902002,45.95948848873377
synth_192d,equal,900,44.627697207033634,44.787186197936535
synth_192d,equal,867,44.59754563868046,44.767046347260475
synth_192d,equal,302,44.60266791284084,44.75284367799759
synth_192d,equal,277,47.01653961092234,46.0244482383132
synth_192d,equal,635,44.59591582417488,44.72699947655201
synth_192d,equal,906,46.96962423622608,45.9885923191905
synth_192d,equal,245,44.56203896552324,44.69649866223335
synth_192d,equal,499,44.71791908144951,44.87775731831789
synth_192d,equal,106,44.616986997425556,44.76611502468586
synth_192d,equal,45,46.99104465544224,45.99965177476406
synth_192d,equal,788,44.687651097774506,44.80895586311817
synth_192d,equal,231,44.57205068320036,44.742017053067684
synth_192d,equal,175,46.989996917545795,45.99359817802906
synth_192d,equal,23,44.542597606778145,44.70802377909422
synth_192d,equal,670,47.01083526015282,45.989989303052425
synth_192d,equal,193,44.56657916307449,44.72234286367893
synth_192d,equal,808,45.218272134661674,45.83457484841347
synth_192d,equal,974,47.05553874373436,46.094413846731186
synth_192d,equal,931,45.227352529764175,45.84877751767635
synth_192d,equal,647,44.572167098522186,44.711632654070854
synth_192d,equal,616,44.532353058457375,44.672517105937004
synth_192d,equal,476,44.77705806493759,44.928863644599915
synth_192d,equal,213,44.618500396609306,44.7684433311224
synth_192d,equal,571,44.57694012671709,44.74131856113672
synth_192d,equal,822,47.061010263860226,46.069035306572914
synth_192d,equal,792,44.65167876332998,44.7926577180624
synth_192d,equal,888,44.576008804142475,44.72571890801191
synth_192d,equal,462,44.65109668672085,44.8108185082674
synth_192d,equal,465,44.564949348568916,44.70639396458864
synth_192d,equal,343,47.04494494944811,46.06344737112522
synth_192d,equal,896,44.667162001132965,44.81547512114048
synth_192d,equal,564,47.170091420412064,46.18009552359581
synth_192d,equal,545,44.62560173124075,44.76646427065134
synth_192d,equal,641,44.6573831140995,44.7987113147974
synth_192d,equal,188,44.54690497368574,44.705928303301334
synth_192d,equal,30,44.59742922335863,44.766697101294994
synth_192d,equal,758,44.70197018235922,44.85191311687231
synth_192d,equal,794,44.530490413308144,44.682761654257774
synth_192d,equal,223,44.616986997425556,44.7580823674798
synth_192d,equal,160,44.62793003767729,44.797430746257305
synth_192d,equal,189,44.5519108325243,44.693006202578545
synth_192d,equal,390,44.59638148546219,44.751912355422974
synth_192d,equal,242,44.57647446542978,44.71663851290941
synth_192d,equal,439,44.51174754649401,44.68171391636133
synth_192d,equal,300,44.612446799874306,44.7416678071022
synth_192d,equal,914,47.00920544564724,46.018161810934544
synth_192d,equal,101,44.599990360438824,44.74550951272249
synth_192d,equal,293,46.9558872282505,45.98475061357021
synth_192d,equal,729,47.03039303421974,46.00849933922291
synth_192d,equal,92,44.60092168301344,44.752261601388454
synth_192d,equal,724,45.25261465460062,45.80896347761154
synth_192d,equal,719,47.04948514699936,46.039349399507046
synth_192d,equal,521,44.62734796106815,44.77635957300663
synth_192d,equal,746,44.65470556169748,46.08661402016878
synth_192d,equal,828,46.904198825359344,45.912107452750206
synth_192d,equal,747,44.650048948824406,44.80115603655577
synth_192d,equal,340,47.024223022162914,46.02898843586445
synth_192d,equal,50,44.54993177205324,44.700922444462776
synth_192d,equal,206,44.58683542907238,44.74038723856211
synth_192d,equal,58,45.12420855462551,45.726075768470764
synth_192d,equal,879,44.648884795606136,44.806976802647114
synth_192d,equal,783,44.55039743334055,44.71093416213989
synth_192d,equal,738,44.48648542165756,44.62548531591892
synth_192d,equal,942,46.909903176128864,45.928871259093285
synth_192d,equal,803,46.87637556344271,45.914435759186745
synth_192d,equal,699,46.94575909525156,45.969150960445404
synth_192d,equal,795,45.1384112238884,45.70942837744951
synth_192d,equal,617,47.0099039375782,46.00791726261377
synth_192d,equal,681,44.63805817067623,46.060304157435894
synth_192d,equal,336,44.623506255447865,44.773099943995476
synth_192d,equal,973,47.05844912678003,46.05751018971205
synth_192d,equal,833,47.03609738498926,46.05413414537907
synth_192d,equal,69,45.23864481598139,45.83026748150587
synth_192d,equal,753,45.147957280278206,45.75890488922596
synth_192d,equal,577,44.54469308257103,44.710119254887104
synth_192d,equal,782,44.61139906197786,44.77181937545538
synth_192d,equal,135,44.55074667930603,44.70266867429018
synth_192d,equal,631,44.57344766706228,46.02398257702589
synth_192d,equal,129,44.48241088539362,45.0632069259882
synth_192d,equal,451,44.38671749085188,45.80873064696789
synth_192d,equal,373,44.493237510323524,44.64329686015844
synth_192d,equal,602,44.44678779691458,44.59812771528959
synth_192d,equal,25,44.486019760370255,44.63701043277979
synth_192d,equal,685,47.09057975560427,46.124099753797054
synth_192d,equal,776,44.501619413495064,44.66203972697258
synth_192d,equal,710,44.57205068320036,44.741551391780376
synth_192d,equal,546,45.24271935224533,45.83876579999924
synth_192d,equal,438,47.00012505054474,46.00919783115387
synth_192d,equal,821,46.93539813160896,45.91455217450857
synth_192d,equal,993,44.50662527233362,44.65749952942133
synth_192d,equal,704,44.49707921594381,45.0770603492856
synth_192d,equal,147,44.55656744539738,44.726417399942875
synth_192d,equal,581,44.61710341274738,44.75854802876711
synth_192d,equal,513,44.646672904491425,44.79801282286644
synth_192d,equal,886,46.95565439760685,45.95855716615915
synth_192d,equal,433,44.47659011930227,44.627231545746326
synth_192d,equal,355,44.49149128049612,44.662621803581715
synth_192d,equal,555,46.999542973935604,46.0274750366807
synth_192d,equal,882,44.53817382454872,44.70255225896835
synth_192d,equal,249,44.55645103007555,44.717337004840374
synth_192d,equal,716,44.60138734430075,44.761341996490955
synth_192d,equal,576,44.651213102042675,44.80557981878519
synth_192d,equal,251,44.553657062351704,45.12362647801638
synth_192d,equal,751,47.02655132859945,46.03457637131214
synth_192d,equal,244,44.57274917513132,44.732820242643356
synth_192d,equal,419,44.573331251740456,44.7278143838048
synth_192d,equal,798,46.99616692960262,46.01455293595791
synth_192d,equal,385,47.015841118991375,46.04400601238012
synth_192d,equal,994,44.62641663849354,44.78194750845432
synth_192d,equal,428,44.65191159397364,44.80185452848673
synth_192d,equal,946,46.995701268315315,45.99476233124733
synth_192d,equal,39,44.6677440777421,46.07974551618099
synth_192d,equal,983,44.63724326342344,44.78706978261471
synth_192d,equal,944,44.71070133149624,44.87158730626106
synth_192d,equal,261,46.893954277038574,45.893946662545204
synth_192d,equal,356,44.616288505494595,44.761691242456436
synth_192d,equal,791,44.653075747191906,44.803135097026825
synth_192d,equal,744,44.56599708646536,45.999069698154926
synth_192d,equal,468,44.5476034656167,45.11827137321234
synth_192d,equal,840,44.62699871510267,46.06531001627445
synth_192d,equal,894,44.59824413061142,44.74748857319355
synth_192d,equal,247,44.64003723114729,44.791027903556824
synth_192d,equal,679,45.16798071563244,45.77892832458019
synth_192d,equal,967,46.999542973935604,45.98952364176512
synth_192d,equal,387,44.564949348568916,44.735497795045376
synth_192d,equal,764,46.89150955528021,45.89976742863655
synth_192d,equal,88,44.56599708646536,44.726068153977394
synth_192d,equal,394,44.661457650363445,45.252032577991486
synth_192d,equal,950,45.227468945086,45.838416554033756
synth_192d,equal,182,44.52117718756199,44.672051444649696
synth_192d,equal,436,44.64143421500921,44.792541302740574
synth_192d,equal,388,44.60581112653017,44.76576577872038
synth_192d,equal,604,44.567626900970936,44.72688306123018
synth_192d,equal,89,44.59836054593325,44.74795423448086
synth_192d,equal,775,44.58241164684296,44.72327418625355
synth_192d,equal,432,44.61791832000017,44.767861254513264
synth_192d,equal,154,44.662272557616234,44.822925701737404
synth_192d,equal,47,44.60813943296671,44.76809408515692
synth_192d,equal,714,44.48357503861189,44.642481952905655
synth_192d,equal,613,46.91118374466896,45.940279960632324
synth_192d,equal,48,44.647371396422386,44.80872303247452
synth_192d,equal,548,44.6016201749444,44.763670302927494
synth_192d,equal,933,44.56820897758007,44.736312702298164
synth_192d,equal,275,45.236898586153984,45.823282562196255
synth_192d,equal,29,44.42618228495121,44.587068259716034
synth_192d,equal,94,44.61302887648344,44.77205220609903
synth_192d,equal,418,44.50639244168997,44.657266698777676
synth_192d,equal,241,44.52595021575689,44.688000343739986
synth_192d,equal,311,47.04995080828667,46.06344737112522
synth_192d,equal,608,44.57402974367142,44.73049193620682
synth_192d,equal,651,44.56017632037401,45.994180254638195
synth_192d,equal,176,44.53712608665228,44.69614941626787
synth_192d,equal,17,44.61756907403469,44.80744246393442
synth_192d,equal,830,44.53759174793959,44.69847772270441
synth_192d,equal,618,44.49649713933468,44.65109668672085
synth_192d,equal,158,45.233056880533695,45.84400448948145
synth_192d,equal,763,44.57798786461353,45.15890032052994
synth_192d,equal,1,44.62257493287325,44.771586544811726
synth_192d,equal,781,44.52653229236603,44.66879181563854
synth_192d,equal,930,46.90862260758877,45.92793993651867
synth_192d,equal,680,46.989298425614834,46.0093142464757
synth_192d,equal,999,44.572982005774975,44.73293665796518
synth_192d,equal,86,44.61582284420729,44.7623897343874
synth_192d,equal,73,44.49137486517429,44.66064274311066
synth_192d,equal,166,44.585554860532284,44.74550951272249
synth_192d,equal,425,44.63212098926306,44.77344918996096
synth_192d,equal,457,44.57193426787853,44.74190063774586
synth_192d,equal,939,47.13109228760004,46.14959470927715
synth_192d,equal,550,44.58264447748661,44.74713932722807
synth_192d,equal,91,45.29277794063091,45.88800948113203
synth_192d,equal,835,47.02131263911724,46.03003617376089
synth_192d,equal,992,44.5622717961669,44.73223816603422
synth_192d,equal,823,44.66099198907614,46.11292388290167
synth_192d,equal,195,44.49265543371439,44.69382110983133
synth_192d,equal,138,44.596148654818535,44.765183702111244
synth_192d,equal,891,44.562388211488724,44.72734872251749
synth_192d,equal,510,46.99558485299349,46.01082764565945
synth_192d,equal,283,47.010486014187336,46.02887202054262
synth_192d,equal,760,45.19859794527292,45.77985964715481
synth_192d,equal,909,44.58695184439421,44.737011194229126
synth_192d,equal,597,44.587068259716034,44.727930799126625
synth_192d,equal,6,44.69708073884249,44.848304241895676
synth_192d,equal,225,47.04191815108061,46.059838496148586
synth_192d,equal,554,44.56646274775267,44.72746513783932
synth_192d,equal,295,44.52897701412439,44.68020051717758
synth_192d,equal,282,46.96124233305454,45.97927909344435
synth_192d,equal,986,46.9705555588007,45.98952364176512
synth_192d,equal,127,44.454471208155155,45.02618685364723
synth_192d,equal,543,44.59149204194546,46.03341221809387
synth_192d,equal,658,44.60511263459921,44.76506728678942
synth_192d,equal,16,44.58730109035969,44.748419895768166
synth_192d,equal,784,44.59288902580738,44.75400783121586
synth_192d,equal,470,44.53107248991728,44.68241240829229
synth_192d,equal,755,44.631073251366615,44.7999918833375
synth_192d,equal,749,46.9977967441082,46.04703281074762
synth_192d,equal,141,44.52792927622795,45.108143240213394
synth_192d,equal,636,47.09616769105196,46.15436773747206
synth_192d,equal,557,46.98953125625849,46.057975850999355
synth_192d,equal,703,44.54166628420353,44.701737351715565
synth_192d,equal,652,44.522457756102085,44.68252882361412
synth_192d,equal,643,47.04098682850599,46.0845185443759
synth_192d,equal,98,44.52117718756199,45.11210136115551
synth_192d,equal,204,46.90024070441723,45.97834777086973
synth_192d,equal,844,44.521293602883816,44.67216785997152
synth_192d,equal,180,44.580199755728245,44.742017053067684
synth_192d,equal,519,44.53107248991728,44.686137698590755
synth_192d,equal,800,44.50604319572449,44.67496182769537
synth_192d,equal,985,44.55645103007555,44.72467117011547
synth_192d,equal,12,44.50243432074785,45.94575148075819
synth_192d,equal,683,44.52618304640055,44.67729013413191
synth_192d,equal,815,44.53596193343401,44.677755795419216
synth_192d,equal,905,44.48695108294487,45.92991899698973
synth_192d,equal,430,44.51570566743612,44.67659164220095
synth_192d,equal,976,44.58602052181959,44.7550555691123
synth_192d,equal,14,44.456799514591694,44.615473598241806
synth_192d,equal,315,45.19836511462927,45.81979010254145
synth_192d,equal,399,47.06589970737696,46.08486779034138
synth_192d,equal,409,45.30360456556082,45.92363256961107
synth_192d,equal,506,44.49463449418545,45.06646655499935
synth_192d,equal,937,44.47554238140583,44.64690573513508
synth_192d,equal,558,44.537242501974106,44.707441702485085
synth_192d,equal,235,46.94960080087185,45.97415681928396
synth_192d,equal,565,44.51745189726353,44.67729013413191
synth_192d,equal,19,46.90629430115223,45.91536708176136
synth_192d,equal,793,44.45645026862621,44.61652133613825
synth_192d,equal,736,44.579384848475456,44.73153967410326
synth_192d,equal,483,44.48241088539362,44.63584627956152
synth_192d,equal,807,46.95134703069925,45.990804210305214
synth_192d,equal,108,44.45272497832775,44.60266791284084
synth_192d,equal,742,44.48089748620987,44.650863856077194
synth_192d,equal,301,44.5069745182991,44.67717371881008
synth_192d,equal,600,44.50604319572449,45.98347004503012
synth_192d,equal,143,44.58613693714142,44.73794251680374
synth_192d,equal,534,44.5761252194643,44.7265338152647
synth_192d,equal,36,44.568092562258244,44.72804721444845
synth_192d,equal,233,44.6271151304245,45.19801586866379
synth_192d,equal,702,47.110021114349365,46.13806959241629
synth_192d,equal,582,44.54609006643295,44.68811675906181
synth_192d,equal,837,46.93015944212675,45.96810322254896
synth_192d,equal,743,44.532702304422855,44.697197154164314
synth_192d,equal,299,44.56657916307449,44.70720887184143
synth_192d,equal,157,44.592772610485554,44.758315198123455
synth_192d,equal,105,44.535379856824875,44.69510167837143
synth_192d,equal,416,44.56646274775267,44.72711589187384
synth_192d,equal,460,47.02107980847359,46.051107347011566
synth_192d,equal,148,44.63572986423969,44.77775655686855
synth_192d,equal,878,44.622342102229595,44.772401452064514
synth_192d,equal,845,44.52618304640055,44.685788452625275
synth_192d,equal,928,44.48229447007179,44.6513295173645
synth_192d,equal,178,44.43712532520294,44.598011299967766
synth_192d,equal,417,44.52152643352747,44.66215614229441
synth_192d,equal,365,45.12688610702753,45.74796184897423
synth_192d,equal,978,44.49649713933468,44.666463509202
synth_192d,equal,96,44.50790584087372,44.66762766242027
synth_192d,equal,172,45.158201828598976,45.78928928822279
synth_192d,equal,873,44.53631117939949,45.99941894412041
synth_192d,equal,997,44.576008804142475,44.73607987165451
synth_192d,equal,507,44.51535642147064,44.66739483177662
synth_192d,equal,741,44.51081622391939,44.66192331165075
synth_192d,equal,959,44.521293602883816,44.68567203730345
synth_192d,equal,902,46.95530515164137,46.02386616170406
synth_192d,equal,851,46.91013600677252,45.97462248057127
synth_192d,equal,921,44.476473703980446,44.64644007384777
synth_192d,equal,925,44.42548379302025,44.57763861864805
synth_192d,equal,502,44.53188739717007,44.6828780695796
synth_192d,equal,979,44.476124458014965,44.645857997238636
synth_192d,equal,78,44.48287654668093,44.651213102042675
synth_192d,equal,854,44.58613693714142,44.7563361376524
synth_192d,equal,146,44.51046697795391,44.67600956559181
synth_192d,equal,375,44.5925397798419,44.74795423448086
synth_192d,equal,200,46.96170799434185,46.02514673024416
synth_192d,equal,305,44.585904106497765,45.14772444963455
synth_192d,equal,323,44.60243508219719,44.74213346838951
synth_192d,equal,662,44.558197259902954,44.709304347634315
synth_192d,equal,185,44.58730109035969,44.737476855516434
synth_192d,equal,826,44.606742449104786,44.767046347260475
synth_192d,equal,370,44.54050213098526,44.700573198497295
synth_192d,equal,963,44.617801904678345,44.78811752051115
synth_192d,equal,197,44.47740502655506,44.63770892471075
synth_192d,equal,964,44.5609912276268,45.14167085289955
synth_192d,equal,916,44.59707997739315,44.75249443203211
synth_192d,equal,668,44.637941755354404,44.806511141359806
synth_192d,equal,487,44.60231866687536,44.7611091658473
synth_192d,equal,773,44.596148654818535,44.738175347447395
synth_192d,equal,401,44.567626900970936,44.73642911761999
synth_192d,equal,592,44.62676588445902,44.7956845164299
synth_192d,equal,259,44.69254054129124,44.85691897571087
synth_192d,equal,535,44.58636976778507,44.748419895768166
synth_192d,equal,374,44.5354962721467,44.69731356948614
synth_192d,equal,327,44.58730109035969,44.751912355422974
synth_192d,equal,692,44.55761518329382,45.14853935688734
synth_192d,equal,164,46.95146344602108,46.029104851186275
synth_192d,equal,811,44.47752144187689,45.90896423906088
synth_192d,equal,264,44.535379856824875,44.69533450901508
synth_192d,equal,778,44.49556581676006,44.665997847914696
synth_192d,equal,266,44.73293665796518,44.88194826990366
synth_192d,equal,464,44.64725498110056,44.79615017771721
synth_192d,equal,566,44.58567127585411,44.74562592804432
synth_192d,equal,737,44.636777602136135,46.108500100672245
synth_192d,equal,152,44.53212022781372,45.094056986272335
synth_192d,equal,516,44.57274917513132,44.7325874119997
synth_192d,equal,801,44.61652133613825,44.78741902858019
synth_192d,equal,364,44.656917452812195,44.8077917098999
synth_192d,equal,384,44.554704800248146,44.71559077501297
synth_192d,equal,278,44.514890760183334,44.67600956559181
synth_192d,equal,268,44.561922550201416,44.72094587981701
synth_192d,equal,715,44.621177949011326,44.78101618587971
synth_192d,equal,634,44.656917452812195,44.80825737118721
synth_192d,equal,813,44.608255848288536,44.76727917790413
synth_192d,equal,723,46.97416443377733,45.998720452189445
synth_192d,equal,694,44.65167876332998,44.79347262531519
synth_192d,equal,847,45.26705015450716,45.939115807414055
synth_192d,equal,271,44.626882299780846,45.20779475569725
synth_192d,equal,855,46.995352022349834,46.065542846918106
synth_192d,equal,827,44.539920054376125,44.69975829124451
synth_192d,equal,290,44.58148032426834,45.1522646471858
synth_192d,equal,122,44.52955909073353,45.1116356998682
synth_192d,equal,689,44.53107248991728,44.70010753720999
synth_192d,equal,989,46.9316728413105,45.995344407856464
synth_192d,equal,772,44.611981138587,44.76192407310009
synth_192d,equal,118,44.50778942555189,44.672866351902485
synth_192d,equal,913,44.61291246116161,44.77403126657009
synth_192d,equal,825,44.64644007384777,44.79661583900452
synth_192d,equal,559,44.56599708646536,44.716871343553066
synth_192d,equal,980,44.527347199618816,44.69661507755518
synth_192d,equal,512,44.66518294066191,44.80674397200346
synth_192d,equal,805,44.51628774404526,44.676242396235466
synth_192d,equal,620,46.996516175568104,46.04447167366743
synth_192d,equal,584,44.47752144187689,45.93934863805771
synth_192d,equal,955,44.55656744539738,44.72665023058653
synth_192d,equal,187,44.44597288966179,44.588115997612476
synth_192d,equal,610,44.59975752979517,45.16157787293196
synth_192d,equal,203,44.61233038455248,44.77181937545538
synth_192d,equal,971,44.512213207781315,44.6677440777421
synth_192d,equal,705,46.974862925708294,46.04796413332224
synth_192d,equal,981,46.98988050222397,46.0183946415782
synth_192d,equal,589,44.61267963051796,44.77170296013355
synth_192d,equal,511,44.57123577594757,44.730259105563164
synth_192d,equal,509,44.58636976778507,44.72723230719566
synth_192d,equal,943,46.989996917545795,46.06891889125109
synth_192d,equal,270,44.601503759622574,44.76145841181278
synth_192d,equal,804,44.53037399798632,44.67600956559181
synth_192d,equal,179,46.96031101047993,45.99930252879858
synth_192d,equal,761,44.60627678781748,44.76576577872038
synth_192d,equal,443,44.647371396422386,44.81733776628971
synth_192d,equal,954,44.658081606030464,44.82350777834654
synth_192d,equal,174,44.62152719497681,44.792541302740574
synth_192d,equal,310,46.99523560702801,46.04004789143801
synth_192d,equal,134,46.95949610322714,46.0183946415782
synth_192d,equal,378,44.58788316696882,44.75784953683615
synth_192d,equal,508,44.55749876797199,44.7174534201622
synth_192d,equal,458,44.39777694642544,44.55680027604103
synth_192d,equal,396,44.45738159120083,44.61733624339104
synth_192d,equal,648,44.40709017217159,45.85343413054943
synth_192d,equal,609,44.545624405145645,44.68753468245268
synth_192d,equal,363,44.487533159554005,44.65552046895027
synth_192d,equal,431,44.64772064238787,44.79882773011923
synth_192d,equal,60,47.050765715539455,46.098604798316956
synth_192d,equal,730,44.54690497368574,44.716871343553066
synth_192d,equal,177,46.955421566963196,45.985565520823
synth_192d,equal,493,44.64318044483662,44.81174983084202
synth_192d,equal,212,47.119683586061,46.18195816874504
synth_192d,equal,44,46.91677168011665,45.973341912031174
synth_192d,equal,253,44.52711436897516,44.679269194602966
synth_192d,equal,255,44.520595110952854,44.65074744075537
synth_192d,equal,415,44.552842155098915,46.00943066179752
synth_192d,equal,530,47.18592390418053,46.23376298695803
synth_192d,equal,314,44.76087633520365,44.92106381803751
synth_192d,equal,111,45.50209268927574,46.133529394865036
synth_192d,equal,426,44.71850115805864,44.88311242312193
synth_192d,equal,672,44.77647598832846,44.93666347116232
synth_192d,equal,697,44.79312337934971,44.95331086218357
synth_192d,equal,437,44.656917452812195,44.817919842898846
synth_192d,equal,171,44.73759327083826,44.88846752792597
synth_192d,equal,895,44.681946747004986,44.850981794297695
synth_192d,equal,839,44.68264523893595,44.83258817344904
synth_192d,equal,684,47.056470066308975,46.11443728208542
synth_192d,equal,661,44.594984501600266,46.04877904057503
synth_192d,equal,265,44.54702138900757,45.12351006269455
synth_192d,equal,682,46.975910663604736,46.03492561727762
synth_192d,equal,691,44.61535718291998,44.77647598832846
synth_192d,equal,623,47.06589970737696,46.09499592334032
synth_192d,equal,423,44.603366404771805,45.173452235758305
synth_192d,equal,654,46.964618377387524,46.01257387548685
synth_192d,equal,286,44.51058339327574,44.68054976314306
synth_192d,equal,150,47.09966015070677,46.15006037056446
synth_192d,equal,228,47.00047429651022,46.05960566550493
synth_192d,equal,377,44.62373908609152,44.7732163593173
synth_192d,equal,103,44.6331687271595,44.78427581489086
synth_192d,equal,207,44.54248119145632,44.69347186386585
synth_192d,equal,66,46.98534030467272,46.02386616170406
synth_192d,equal,787,44.63503137230873,44.78497430682182
synth_192d,equal,984,44.64143421500921,44.80115603655577
synth_192d,equal,956,44.628046452999115,44.78706978261471
synth_192d,equal,958,47.1209641546011,46.15890793502331
synth_192d,equal,810,44.69347186386585,44.84353121370077
synth_192d,equal,712,44.664135202765465,44.82257645577192
synth_192d,equal,686,47.10955545306206,46.158442273736
synth_192d,equal,234,44.58695184439421,44.74853631108999
synth_192d,equal,272,44.61186472326517,44.77181937545538
synth_192d,equal,40,47.11095243692398,46.16798833012581
synth_192d,equal,812,44.6029007434845,44.76797766983509
synth_192d,equal,883,44.65819802135229,44.82700023800135
synth_192d,equal,181,44.557731598615646,44.71850115805864
synth_192d,equal,627,44.59056071937084,44.7611091658473
synth_192d,equal,480,47.064851969480515,46.13841883838177
synth_192d,equal,361,44.61256321519613,44.77705806493759
synth_192d,equal,113,44.56168971955776,44.73165608942509
synth_192d,equal,79,44.55656744539738,44.71698775887489
synth_192d,equal,24,44.60697527974844,44.776941649615765
synth_192d,equal,386,46.97893746197224,46.03702109307051
synth_192d,equal,947,44.62129436433315,44.77589391171932
synth_192d,equal,556,44.54876761883497,44.707790948450565
synth_192d,equal,360,44.504995457828045,44.66588143259287
synth_192d,equal,413,47.010136768221855,46.068569645285606
synth_192d,equal,809,47.04028833657503,46.10023461282253
synth_192d,equal,663,44.64539233595133,44.806511141359806
synth_192d,equal,326,47.0021041110158,46.03108391165733
synth_192d,equal,962,44.52606663107872,44.67647522687912
synth_192d,equal,756,44.52676512300968,44.68671977519989
synth_192d,equal,453,44.47298124432564,44.64201629161835
synth_192d,equal,752,44.63398363441229,44.794054701924324
synth_192d,equal,748,44.48287654668093,44.65214442461729
synth_192d,equal,325,46.91118374466896,45.988475903868675
synth_192d,equal,296,44.54003646969795,44.69964187592268
synth_192d,equal,816,44.556683860719204,44.71221473067999
synth_192d,equal,911,44.60650961846113,44.77647598832846
synth_192d,equal,734,46.990811824798584,46.087661758065224
synth_192d,equal,935,44.51745189726353,44.68753468245268
synth_192d,equal,936,44.541433453559875,44.69696432352066
synth_192d,equal,660,44.46262028068304,44.60278432816267
synth_192d,equal,870,44.591608457267284,44.751097448170185
synth_192d,equal,698,44.52373832464218,44.682761654257774
synth_192d,equal,528,44.53700967133045,44.677057303488255
synth_192d,equal,632,44.51512359082699,44.66553218662739
synth_192d,equal,725,44.455635361373425,44.610933400690556
synth_192d,equal,518,45.188586227595806,45.84866110235453
synth_192d,equal,624,44.451444409787655,44.62257493287325
synth_192d,equal,696,46.87579348683357,45.93469202518463
synth_192d,equal,328,46.88603803515434,45.91955803334713
synth_192d,equal,71,44.508371502161026,44.666463509202
synth_192d,equal,368,44.5276964455843,44.658780097961426
synth_192d,equal,163,44.53479778021574,44.69580017030239
synth_192d,equal,136,44.508022256195545,45.097083784639835
synth_192d,equal,167,44.46192178875208,45.93399353325367
synth_192d,equal,274,46.934932470321655,45.96961662173271
synth_192d,equal,901,44.45610102266073,44.620479457080364
synth_192d,equal,366,44.495449401438236,44.647371396422386
synth_192d,equal,995,44.50278356671333,44.652726501226425
synth_192d,equal,3,44.54306326806545,44.702086597681046
synth_192d,equal,291,44.66134123504162,44.81314681470394
synth_192d,equal,922,44.54702138900757,44.697895646095276
synth_192d,equal,598,44.41104829311371,44.56180613487959
synth_192d,equal,63,44.567626900970936,44.713495299220085
synth_192d,equal,294,44.4421311840415,44.60092168301344
synth_192d,equal,695,44.5354962721467,44.686486944556236
synth_192d,equal,239,44.5774057880044,44.7368947789073
synth_192d,equal,21,44.560059905052185,44.71093416213989
synth_192d,equal,317,44.43805664777756,44.59661431610584
synth_192d,equal,774,44.51721906661987,44.668326154351234
synth_192d,equal,969,44.54632289707661,45.10628059506416
synth_192d,equal,102,44.539221562445164,44.70034036785364
synth_192d,equal,779,46.94052040576935,45.98719533532858
synth_192d,equal,721,44.57507748156786,44.72595173865557
synth_192d,equal,673,46.85425665229559,45.92339973896742
synth_192d,equal,866,46.98045086115599,46.01757973432541
synth_192d,equal,220,44.55144517123699,44.71128340810537
synth_192d,equal,865,44.44678779691458,44.6167541667819
synth_192d,equal,133,44.51232962310314,44.66320388019085
synth_192d,equal,461,44.420943595469,44.580549001693726
synth_192d,equal,313,44.545624405145645,44.70127169042826
synth_192d,equal,701,44.61163189262152,44.76308822631836
synth_192d,equal,403,44.66692917048931,44.83142402023077
synth_192d,equal,638,45.152148231863976,45.78498192131519
synth_192d,equal,544,44.48660183697939,44.656568206846714
synth_192d,equal,475,47.0202649012208,46.08009476214647
synth_192d,equal,857,44.660759158432484,44.816406443715096
synth_192d,equal,13,45.297201722860336,45.93702033162117
synth_192d,equal,322,44.57670729607344,44.73619628697634
synth_192d,equal,852,44.58276089280844,44.72723230719566
synth_192d,equal,68,44.710468500852585,44.86145917326212
synth_192d,equal,561,44.61687058210373,44.76867616176605
synth_192d,equal,393,44.63735967874527,44.77822221815586
synth_192d,equal,85,44.555170461535454,45.12653686106205
synth_192d,equal,625,46.99488636106253,46.04365676641464
synth_192d,equal,35,44.65773236006498,44.827465899288654
synth_192d,equal,411,44.59451884031296,44.755637645721436
synth_192d,equal,342,44.70348358154297,44.87135447561741
synth_192d,equal,279,44.59265619516373,44.752610847353935
synth_192d,equal,523,44.556218199431896,44.70569547265768
synth_192d,equal,586,44.55610178411007,44.72595173865557
synth_192d,equal,448,44.592772610485554,44.76297181099653
synth_192d,equal,215,46.96031101047993,45.98940722644329
synth_192d,equal,649,44.57763861864805,44.72769796848297
synth_192d,equal,100,47.01956640928984,46.07799928635359
synth_192d,equal,591,44.635613448917866,46.117580495774746
synth_192d,equal,537,47.03679587692022,46.0759038105607
synth_192d,equal,539,44.637126848101616,44.79754716157913
synth_192d,equal,713,44.542597606778145,44.71256397664547
synth_192d,equal,27,44.5864861831069,44.73736044019461
synth_192d,equal,990,44.63281948119402,44.786836951971054
synth_192d,equal,407,44.576358050107956,46.05483263731003
synth_192d,equal,965,45.238411985337734,45.85983697324991
synth_192d,equal,230,44.49556581676006,44.65552046895027
synth_192d,equal,209,44.54085137695074,44.69102714210749
synth_192d,equal,22,45.15110049396753,45.79301457852125
synth_192d,equal,876,44.55749876797199,44.71698775887489
synth_192d,equal,612,44.528162106871605,44.69347186386585
synth_192d,equal,893,44.53607834875584,44.681597501039505
synth_192d,equal,252,44.45691592991352,44.626882299780846
synth_192d,equal,288,46.94855306297541,46.02863918989897
synth_192d,equal,843,44.60616037249565,44.74818706512451
synth_192d,equal,674,44.536544010043144,44.69533450901508
synth_192d,equal,572,44.476124458014965,44.62606739252806
synth_192d,equal,97,44.436659663915634,44.59638148546219
synth_192d,equal,445,44.41733472049236,44.5683253929019
synth_192d,equal,216,46.93097434937954,45.9989532828331
synth_192d,equal,485,44.47111859917641,44.63095683604479
synth_192d,equal,492,44.38660107553005,44.947839342057705
synth_192d,equal,263,44.522457756102085,44.67158578336239
synth_192d,equal,924,44.5415498688817,44.70197018235922
synth_192d,equal,287,46.95495590567589,46.01385444402695
synth_192d,equal,553,44.48078107088804,44.63095683604479
synth_192d,equal,953,45.183347538113594,45.81327084451914
synth_192d,equal,400,44.38788164407015,44.55691669136286
synth_192d,equal,874,45.08788697421551,45.727938413619995
synth_192d,equal,42,45.17368506640196,45.84470298141241
synth_192d,equal,339,44.496264308691025,44.64795347303152
synth_192d,equal,802,46.94529343396425,46.014320105314255
synth_192d,equal,477,44.44550722837448,44.60127092897892
synth_192d,equal,125,44.48648542165756,44.63735967874527
synth_192d,equal,226,44.55784801393747,44.717337004840374
synth_192d,equal,754,44.49684638530016,44.65680103749037
synth_192d,equal,309,44.47216633707285,44.62793003767729
synth_192d,equal,473,44.52804569154978,44.686952605843544
synth_192d,equal,398,44.56681199371815,44.73840817809105
synth_192d,equal,0,44.53223664313555,44.7010388597846
synth_192d,equal,463,46.95530515164137,45.983935706317425
synth_192d,equal,289,44.502317905426025,44.67123653739691
synth_192d,equal,466,44.52990833669901,44.67146936804056
synth_192d,equal,740,44.58602052181959,44.72734872251749
synth_192d,equal,11,44.541433453559875,44.69254054129124
synth_192d,equal,303,44.5069745182991,44.658081606030464
synth_192d,equal,347,44.631073251366615,44.78101618587971
synth_192d,equal,131,44.60883792489767,44.77787297219038
synth_192d,equal,720,44.46692764759064,44.61151547729969
synth_192d,equal,161,44.43328361958265,44.612097553908825
synth_192d,equal,541,46.794419176876545,45.838067308068275
synth_192d,equal,841,44.37577445060015,44.52525172382593
synth_192d,equal,887,44.38566975295544,44.536544010043144
synth_192d,equal,32,44.580549001693726,44.740503653883934
synth_192d,equal,15,44.51652057468891,44.662621803581715
synth_192d,equal,489,44.50255073606968,44.66273821890354
synth_192d,equal,642,47.021545469760895,46.06891889125109
synth_192d,equal,478,46.90058995038271,45.909080654382706
synth_192d,equal,595,44.495100155472755,44.640619307756424
synth_192d,equal,575,44.67333201318979,44.81931682676077
synth_192d,equal,579,44.47286482900381,44.64772064238787
synth_192d,equal,503,44.48136314749718,44.64155063033104
synth_192d,equal,590,44.44224759936333,44.601038098335266
synth_192d,equal,238,44.51151471585035,44.67146936804056
synth_192d,equal,777,44.466229155659676,44.64713856577873
synth_192d,equal,889,44.51570566743612,44.67158578336239
synth_192d,equal,848,44.50324922800064,44.6634367108345
synth_192d,equal,46,44.48543768376112,44.63654477149248
synth_192d,equal,860,44.58695184439421,45.16227636486292
synth_192d,equal,907,46.88953049480915,45.90919706970453
synth_192d,equal,142,44.526997953653336,44.69649866223335
synth_192d,equal,410,44.52606663107872,44.66692917048931
synth_192d,equal,862,46.91455978900194,45.98300438374281
synth_192d,equal,276,44.60953641682863,44.755986891686916
synth_192d,equal,593,44.526997953653336,44.66786049306393
synth_192d,equal,732,44.50720734894276,44.648535549640656
synth_192d,equal,349,44.50674168765545,44.66634709388018
synth_192d,equal,768,46.87521141022444,45.92363256961107
synth_192d,equal,536,44.5415498688817,44.68264523893595
synth_192d,equal,379,44.567277655005455,44.736312702298164
synth_192d,equal,155,45.16192711889744,45.85296846926212
synth_192d,equal,335,44.5264158770442,45.98835948854685
synth_192d,equal,205,44.56588067114353,44.71815191209316
synth_192d,equal,952,44.57589238882065,44.74585875868797
synth_192d,equal,525,44.46646198630333,45.93934863805771
synth_192d,equal,877,44.52350549399853,44.683460146188736
synth_192d,equal,217,44.54969894140959,44.71174906939268
synth_192d,equal,20,46.92119546234608,45.94947677105665
synth_192d,equal,140,44.5354962721467,44.69545092433691
synth_192d,equal,346,44.564949348568916,44.71605643630028
synth_192d,equal,806,46.980101615190506,46.05809226632118
synth_192d,equal,306,46.844128519296646,45.8982540294528
synth_192d,equal,224,44.48695108294487,44.64644007384777
synth_192d,equal,678,46.964967623353004,45.99848762154579
synth_192d,equal,93,44.55645103007555,44.70266867429018
synth_192d,equal,246,47.00501449406147,46.07299342751503
synth_192d,equal,115,44.50336564332247,44.652377255260944
synth_192d,equal,846,44.53037399798632,44.68474071472883
synth_192d,equal,408,46.931556425988674,45.97508814185858
synth_192d,equal,664,46.97032272815704,46.01024556905031
synth_192d,equal,450,44.54248119145632,44.702435843646526
synth_192d,equal,858,44.62152719497681,44.7714701294899
synth_192d,equal,626,44.69288978725672,44.843764044344425
synth_192d,equal,762,47.0202649012208,46.038650907576084
synth_192d,equal,520,44.68054976314306,46.133529394865036
synth_192d,equal,54,44.582062400877476,44.75214518606663
synth_192d,equal,918,47.040870413184166,46.09080497175455
synth_192d,equal,646,44.62059587240219,45.196269638836384
synth_192d,equal,923,44.58636976778507,44.73642911761999
synth_192d,equal,588,44.59568299353123,44.756801798939705
synth_192d,equal,52,44.66995596885681,44.830143451690674
synth_192d,equal,832,45.32851744443178,45.983935706317425
synth_192d,equal,273,46.920147724449635,45.97916267812252
synth_192d,equal,706,44.601853005588055,44.77205220609903
synth_192d,equal,819,44.616986997425556,44.787535443902016
synth_192d,equal,491,46.96508403867483,46.01420368999243
synth_192d,equal,940,46.980567276477814,46.040513552725315
synth_192d,equal,765,44.49149128049612,44.6405028924346
synth_192d,equal,677,44.55505404621363,44.71594002097845
synth_192d,equal,622,44.661457650363445,44.81256473809481
synth_192d,equal,33,44.571817852556705,44.71209831535816
synth_192d,equal,196,44.55598536878824,44.72502041608095
synth_192d,equal,496,44.57205068320036,44.73223816603422
synth_192d,equal,676,44.62071228772402,44.79044582694769
synth_192d,equal,817,45.23375537246466,45.86484283208847
synth_192d,equal,745,44.526997953653336,44.686952605843544
synth_192d,equal,211,46.87369801104069,45.88393494486809
synth_512d,and,464,54.225907661020756,55.518001317977905
synth_512d,and,823,79.38290946185589,81.81692101061344
synth_512d,and,276,64.26183972507715,66.65429100394249
synth_512d,and,820,72.80870340764523,75.19172504544258
synth_512d,and,682,63.74204531311989,66.16511382162571
synth_512d,and,815,78.40164471417665,79.65462282299995
synth_512d,and,313,54.07107528299093,55.363052524626255
synth_512d,and,55,63.759624026715755,66.15452002733946
synth_512d,and,431,63.994782976806164,65.2578892186284
synth_512d,and,750,66.41913205385208,67.536486312747
synth_512d,and,772,66.9214641675353,67.9617514833808
synth_512d,and,714,70.4954145476222,71.76795043051243
synth_512d,and,766,74.65621456503868,77.06577889621258
synth_512d,and,423,68.6433631926775,71.03639654815197
synth_512d,and,117,75.83247497677803,78.21456529200077
synth_512d,and,929,63.85718006640673,66.40981882810593
synth_512d,and,845,75.81664249300957,78.22667248547077
synth_512d,and,611,56.139309890568256,57.44036752730608
synth_512d,and,31,55.884476751089096,57.184952311217785
synth_512d,and,925,54.34569902718067,55.6333689019084
synth_512d,and,173,72.00799882411957,74.40079934895039
synth_512d,and,358,55.478536523878574,56.780059821903706
synth_512d,and,256,75.85692219436169,78.21130566298962
synth_512d,and,292,62.94820923358202,65.35218562930822
synth_512d,and,640,83.88014975935221,85.0319629535079
synth_512d,and,573,57.63594526797533,60.0198982283473
synth_512d,and,916,79.75904736667871,82.16395508497953
synth_512d,and,169,65.73402788490057,67.02588871121407
synth_512d,and,605,83.10005068778992,85.51310747861862
synth_512d,and,136,63.063460402190685,65.47628436237574
synth_512d,and,333,76.24039426445961,78.64844519644976
synth_512d,and,264,58.35562478750944,59.49812475591898
synth_512d,and,450,76.13399066030979,77.27404590696096
synth_512d,and,811,72.92593363672495,75.32804738730192
synth_512d,and,46,64.58710413426161,65.88909309357405
synth_512d,and,216,80.08629083633423,82.4793241918087
synth_512d,and,673,64.4768588244915,66.86081178486347
synth_512d,and,85,55.79774733632803,57.10509140044451
synth_512d,and,967,68.0654775351286,70.41043136268854
synth_512d,and,266,74.97775368392467,77.37125270068645
synth_512d,and,886,65.09281229227781,67.51634646207094
synth_512d,and,183,57.79240746051073,60.155405662953854
synth_512d,and,721,58.93490742892027,61.36705633252859
synth_512d,and,230,67.51576438546181,68.788998760283
synth_512d,and,672,53.25418896973133,53.55477333068848
synth_512d,and,983,65.38804154843092,66.5194820612669
synth_512d,and,718,83.4552338346839,84.71694309264421
synth_512d,and,494,83.00901390612125,85.40297858417034
synth_512d,and,323,53.350464440882206,53.65151446312666
synth_512d,and,541,54.81415428221226,56.10531661659479
synth_512d,and,59,68.3576799929142,69.4585032761097
synth_512d,and,161,77.43551395833492,78.53738497942686
synth_512d,and,981,77.04982999712229,78.35286669433117
synth_512d,and,198,60.89615635573864,63.29012103378773
synth_512d,and,663,79.21329233795404,80.49455936998129
synth_512d,and,664,65.5024778097868,67.88643077015877
synth_512d,and,735,71.72254845499992,74.13560524582863
synth_512d,and,446,56.159449741244316,57.450379244983196
synth_512d,and,168,78.69349792599678,79.94566112756729
synth_512d,and,979,74.59125481545925,76.96566171944141
synth_512d,and,322,62.14191671460867,64.53646346926689
synth_512d,and,279,75.86751598864794,78.2613642513752
synth_512d,and,587,65.79223554581404,67.05999840050936
synth_512d,and,702,63.13424091786146,65.52936974912882
synth_512d,and,558,71.72184996306896,74.1203548386693
synth_512d,and,614,67.96070374548435,69.06164344400167
synth_512d,and,344,67.79760587960482,70.17096504569054
synth_512d,and,116,66.72542076557875,67.84242577850819
synth_512d,and,705,67.0411391183734,68.1484816595912
synth_512d,and,874,53.65454126149416,54.93743810802698
synth_512d,and,346,69.90309339016676,72.23768625408411
synth_512d,and,273,66.90097507089376,69.30402014404535
synth_512d,and,928,54.39284723252058,55.68412598222494
synth_512d,and,203,62.629696913063526,63.91969509422779
synth_512d,and,518,63.79489786922932,66.31785072386265
synth_512d,and,233,75.78451186418533,78.12317926436663
synth_512d,and,940,59.7445759922266,62.148552387952805
synth_512d,and,406,66.57058838754892,67.69201718270779
synth_512d,and,182,65.82937203347683,67.0804874971509
synth_512d,and,321,63.399551436305046,64.66242484748363
synth_512d,and,16,71.54152262955904,72.67773617058992
synth_512d,and,48,84.01612285524607,85.12812200933695
synth_512d,and,514,65.80248009413481,68.19539703428745
synth_512d,and,601,64.34484384953976,65.63181523233652
synth_512d,and,610,69.57491859793663,71.9588715583086
synth_512d,and,303,79.49548307806253,81.888516433537
synth_512d,and,440,65.2587041258812,67.65127182006836
synth_512d,and,653,61.78196053951979,63.05496208369732
synth_512d,and,946,64.62156306952238,67.00644735246897
synth_512d,and,870,55.00635597854853,56.29786755889654
synth_512d,and,128,71.69600576162338,72.8790182620287
synth_512d,and,817,58.1981148570776,59.32990461587906
synth_512d,and,113,63.52085620164871,65.97419269382954
synth_512d,and,949,65.94357546418905,68.32217331975698
synth_512d,and,816,77.73202378302813,80.15509229153395
synth_512d,and,175,75.53305476903915,76.80407725274563
synth_512d,and,853,61.947619542479515,64.34065289795399
synth_512d,and,285,58.20684600621462,60.570891946554184
synth_512d,and,73,64.86265920102596,66.13926962018013
synth_512d,and,691,53.8963358849287,55.17725367099047
synth_512d,and,720,67.66198202967644,69.99587640166283
synth_512d,and,511,63.60979750752449,64.87697828561068
synth_512d,and,294,67.07059219479561,68.17199755460024
synth_512d,and,538,71.70217577368021,74.07984230667353
synth_512d,and,741,78.93808651715517,80.0801208242774
synth_512d,and,163,63.59419785439968,64.71667438745499
synth_512d,and,571,58.11615847051144,60.521066188812256
synth_512d,and,488,63.74611984938383,66.27908442169428
synth_512d,and,598,77.4863874539733,79.8605615273118
synth_512d,and,20,57.81743675470352,60.19044667482376
synth_512d,and,458,72.90486246347427,75.26855915784836
synth_512d,and,122,61.00640166550875,63.36986552923918
synth_512d,and,343,66.87198765575886,67.97851528972387
synth_512d,and,935,62.09849379956722,64.49653301388025
synth_512d,and,395,73.93164560198784,75.07356349378824
synth_512d,and,57,63.154613599181175,64.42656740546227
synth_512d,and,893,72.11719639599323,73.38484283536673
synth_512d,and,834,70.48656698316336,71.74757774919271
synth_512d,and,510,58.527453802526,60.91583054512739
synth_512d,and,561,57.67692346125841,60.03095768392086
synth_512d,and,560,63.34052886813879,64.58756979554892
synth_512d,and,32,69.46478970348835,70.71765139698982
synth_512d,and,418,72.82395381480455,75.20266808569431
synth_512d,and,833,63.40141408145428,65.78338798135519
synth_512d,and,790,77.25600153207779,78.39780300855637
synth_512d,and,459,62.859850004315376,65.26883225888014
synth_512d,and,581,67.8627984598279,68.94941907376051
synth_512d,and,160,71.56759966164827,73.95062129944563
synth_512d,and,553,66.86057895421982,69.22404281795025
synth_512d,and,76,67.80645344406366,68.87828931212425
synth_512d,and,138,53.971423767507076,55.25222513824701
synth_512d,and,918,66.84008985757828,67.93113425374031
synth_512d,and,592,63.654850237071514,66.01889617741108
synth_512d,and,954,74.60545748472214,76.96391548961401
synth_512d,and,634,67.89632607251406,68.98841820657253
synth_512d,and,551,56.02301098406315,57.30509292334318
synth_512d,and,684,75.72281174361706,78.08499503880739
synth_512d,and,520,66.0535879433155,68.44766903668642
synth_512d,and,873,71.06235716491938,73.4599307179451
synth_512d,and,75,63.68011236190796,66.0743098706007
synth_512d,and,575,63.73482756316662,66.13298319280148
synth_512d,and,848,64.58640564233065,65.69770630449057
synth_512d,and,434,53.1498808413744,53.459545597434044
synth_512d,and,419,62.06403486430645,64.44810424000025
synth_512d,and,771,71.61649409681559,74.00487083941698
synth_512d,and,134,58.603473007678986,61.04190833866596
synth_512d,and,632,67.99108814448118,69.09237708896399
synth_512d,and,356,75.77240467071533,78.0958216637373
synth_512d,and,861,53.55081520974636,53.84627729654312
synth_512d,and,150,67.92251951992512,69.00960579514503
synth_512d,and,130,77.6869710534811,80.06999269127846
synth_512d,and,633,63.50502371788025,64.63995669037104
synth_512d,and,515,77.85705383867025,80.26103023439646
synth_512d,and,857,68.72380618005991,71.14175241440535
synth_512d,and,274,82.54451677203178,84.94663052260876
synth_512d,and,947,66.94451440125704,68.02019197493792
synth_512d,and,638,78.5565935075283,79.81876842677593
synth_512d,and,86,77.63656321913004,80.03960829228163
synth_512d,and,898,75.92886686325073,77.05157622694969
synth_512d,and,565,69.86316293478012,72.21801206469536
synth_512d,and,868,77.82259490340948,80.22563997656107
synth_512d,and,240,65.63251372426748,66.90493319183588
synth_512d,and,699,70.60612551867962,72.99915887415409
synth_512d,and,481,54.571544751524925,55.859098210930824
synth_512d,and,809,71.59658707678318,73.98007437586784
synth_512d,and,64,65.6429911032319,66.90516602247953
synth_512d,and,402,77.70699448883533,80.10095916688442
synth_512d,and,917,58.43606777489185,60.830963775515556
synth_512d,and,318,58.64701233804226,61.00093014538288
synth_512d,and,413,72.93431553989649,75.30278526246548
synth_512d,and,412,64.63786121457815,67.01110396534204
synth_512d,and,523,65.45684300363064,66.71994924545288
synth_512d,and,670,83.61716754734516,84.8677009344101
synth_512d,and,355,74.72140714526176,77.11548823863268
synth_512d,and,839,67.60610267519951,69.94465366005898
synth_512d,and,425,64.36614785343409,66.74020551145077
synth_512d,and,315,71.51695899665356,73.91988765448332
synth_512d,and,363,78.68907414376736,79.82004899531603
synth_512d,and,202,56.159915402531624,57.435594499111176
synth_512d,and,427,62.707928009331226,65.08175283670425
synth_512d,and,17,65.5133044347167,66.67326670140028
synth_512d,and,661,55.94838876277208,57.23931826651096
synth_512d,and,368,72.51778151839972,73.64025805145502
synth_512d,and,385,67.91192572563887,70.28598338365555
synth_512d,and,382,60.911173932254314,63.32562770694494
synth_512d,and,493,66.33345037698746,68.71786899864674
synth_512d,and,996,69.95047442615032,72.29892071336508
synth_512d,and,943,79.34565655887127,81.7484688013792
synth_512d,and,902,61.04668136686087,63.42073902487755
synth_512d,and,296,54.26560528576374,55.5478036403656
synth_512d,and,822,67.55662616342306,68.70797369629145
synth_512d,and,796,63.70595656335354,66.08886178582907
synth_512d,and,612,82.90354162454605,85.28772741556168
synth_512d,and,310,68.67758929729462,69.95967123657465
synth_512d,and,280,70.29599510133266,71.55793718993664
synth_512d,and,26,66.84556137770414,67.91774649173021
synth_512d,and,549,75.75331255793571,78.1109556555748
synth_512d,and,79,62.93493788689375,65.31702820211649
synth_512d,and,527,62.622944824397564,65.03670010715723
synth_512d,and,281,67.13997572660446,68.43148730695248
synth_512d,and,149,73.00637662410736,75.39778016507626
synth_512d,and,648,65.88432006537914,68.28748155385256
synth_512d,and,586,62.97812797129154,65.37185981869698
synth_512d,and,855,63.46660666167736,64.63658064603806
synth_512d,and,535,69.96642332524061,72.32942152768373
synth_512d,and,367,78.62283382564783,79.89921141415834
synth_512d,and,532,68.61286237835884,71.00077345967293
synth_512d,and,819,66.93042814731598,69.3236943334341
synth_512d,and,626,74.55074228346348,76.92479994148016
synth_512d,and,578,78.94623558968306,80.06393909454346
synth_512d,and,177,58.878445997834206,61.28242239356041
synth_512d,and,30,69.80053149163723,72.14350625872612
synth_512d,and,109,75.72851609438658,78.0806876718998
synth_512d,and,54,65.81854540854692,67.0900335535407
synth_512d,and,90,64.61632438004017,67.03031249344349
synth_512d,and,200,54.29761949926615,55.57946860790253
synth_512d,and,482,79.68954741954803,82.11866952478886
synth_512d,and,554,80.19478991627693,82.59923197329044
synth_512d,and,18,56.294724345207214,57.601253502070904
synth_512d,and,786,80.3511356934905,82.76314474642277
synth_512d,and,644,75.63340477645397,77.97731086611748
synth_512d,and,8,62.327366322278976,64.74042311310768
synth_512d,and,739,70.72649896144867,72.0176612958312
synth_512d,and,400,53.97689528763294,55.27748726308346
synth_512d,and,63,69.91345435380936,72.24245928227901
synth_512d,and,570,63.80956619977951,66.20446220040321
synth_512d,and,851,58.927806094288826,61.32596172392368
synth_512d,and,162,58.717792853713036,61.12584378570318
synth_512d,and,568,65.59828761965036,67.98235699534416
synth_512d,and,743,77.11548823863268,78.39675527065992
synth_512d,and,428,71.92720659077168,74.34049621224403
synth_512d,and,166,69.96793672442436,72.29275070130825
synth_512d,and,293,58.93863271921873,61.33248098194599
synth_512d,and,340,57.04106297343969,59.40999835729599
synth_512d,and,647,75.92770271003246,78.28266825526953
synth_512d,and,843,80.53414057940245,81.79619908332825
synth_512d,and,437,60.705700889229774,63.10967728495598
synth_512d,and,513,82.8371848911047,85.22206917405128
synth_512d,and,793,75.92816837131977,78.2721908763051
synth_512d,and,630,80.2590511739254,82.68351666629314
synth_512d,and,930,63.05729039013386,65.46033546328545
synth_512d,and,99,56.63896445184946,59.02256816625595
synth_512d,and,999,67.74486973881721,70.1232347637415
synth_512d,and,243,66.623673774302,69.02299355715513
synth_512d,and,671,62.36869376152754,64.7910637781024
synth_512d,and,388,70.00891491770744,72.36306555569172
synth_512d,and,307,53.48084960132837,54.77201193571091
synth_512d,and,463,69.95443254709244,72.29810580611229
synth_512d,and,278,54.07142452895641,55.354670621454716
synth_512d,and,871,55.923592299222946,57.215685956180096
synth_512d,and,548,64.46160841733217,65.61807822436094
synth_512d,and,818,70.10099943727255,72.46399763971567
synth_512d,and,583,79.08314000815153,80.36533836275339
synth_512d,and,863,66.47862028330564,67.77152884751558
synth_512d,and,600,71.66725117713213,74.06668737530708
synth_512d,and,866,65.85801020264626,68.2721147313714
synth_512d,and,42,73.90044629573822,75.17251651734114
synth_512d,and,66,66.63904059678316,69.03347093611956
synth_512d,and,1,65.79712498933077,66.93950854241848
synth_512d,and,350,70.0692180544138,72.44315929710865
synth_512d,and,72,76.99604611843824,78.11794057488441
synth_512d,and,829,75.97287185490131,78.36590521037579
synth_512d,and,415,77.71141827106476,80.09467273950577
synth_512d,and,489,55.85514008998871,57.14606959372759
synth_512d,and,621,64.67674393206835,67.08537694066763
synth_512d,and,411,67.94265937060118,69.04476322233677
synth_512d,and,2,64.57674317061901,65.7285563647747
synth_512d,and,181,56.46469071507454,57.75585304945707
synth_512d,and,958,55.03697320818901,56.32906686514616
synth_512d,and,924,64.38209675252438,65.66417869180441
synth_512d,and,299,70.03429345786572,72.40823470056057
synth_512d,and,127,71.9740055501461,74.38147440552711
synth_512d,and,4,58.993929997086525,61.41199264675379
synth_512d,and,485,78.51258851587772,79.79909423738718
synth_512d,and,993,75.77298674732447,78.14622949808836
synth_512d,and,194,56.10904190689325,57.39985499531031
synth_512d,and,887,75.70208981633186,78.03598418831825
synth_512d,and,707,63.58558312058449,65.96860475838184
synth_512d,and,533,77.68592331558466,80.0801208242774
synth_512d,and,225,69.5596681907773,71.93267811089754
synth_512d,and,780,56.4156798645854,57.703000493347645
synth_512d,and,906,68.71845107525587,71.12137973308563
synth_512d,and,74,63.48453462123871,65.8875796943903
synth_512d,and,799,72.83932063728571,75.23281965404749
synth_512d,and,724,59.197540394961834,61.61700002849102
synth_512d,and,650,77.62701716274023,80.01469541341066
synth_512d,and,944,67.71809421479702,70.0510572642088
synth_512d,and,712,75.82479156553745,78.14820855855942
synth_512d,and,762,65.74403960257769,67.01471284031868
synth_512d,and,389,67.57746450603008,69.94162686169147
synth_512d,and,147,75.88916923850775,78.2721908763051
synth_512d,and,942,74.70161654055119,77.09651254117489
synth_512d,and,531,61.12165283411741,63.5156175121665
synth_512d,and,83,75.78369695693254,78.11666000634432
synth_512d,and,856,71.80287502706051,74.18589666485786
synth_512d,and,805,53.45640238374472,53.765601478517056
synth_512d,and,872,75.82514081150293,78.15717253834009
synth_512d,and,907,69.95524745434523,72.29391485452652
synth_512d,and,190,65.15218410640955,66.41529034823179
synth_512d,and,668,62.0188657194376,63.30898031592369
synth_512d,and,877,80.88711183518171,82.0086570456624
synth_512d,and,841,62.37463094294071,64.76766429841518
synth_512d,and,269,53.94651088863611,55.247568525373936
synth_512d,and,889,82.56768342107534,84.93266068398952
synth_512d,and,317,79.6094536781311,81.99340663850307
synth_512d,and,680,56.08948413282633,57.366909459233284
synth_512d,and,709,66.05405360460281,67.18491204082966
synth_512d,and,201,68.6628045514226,71.0611930117011
synth_512d,and,512,64.18931297957897,65.32738916575909
synth_512d,and,199,79.61352821439505,81.97792340070009
synth_512d,and,268,60.49394141882658,62.898965552449226
synth_512d,and,334,75.71396417915821,78.04890628904104
synth_512d,and,779,55.72754889726639,57.028490118682384
synth_512d,and,88,77.1514605730772,78.26252840459347
synth_512d,and,137,70.38039620965719,71.68739102780819
synth_512d,and,251,66.3133105263114,67.58642848581076
synth_512d,and,241,80.6860625743866,81.77733980119228
synth_512d,and,12,61.201979406178,63.575454987585545
synth_512d,and,760,72.78099656105042,75.15400648117065
synth_512d,and,372,65.25707431137562,66.51005242019892
synth_512d,and,228,53.970376029610634,55.2724814042449
synth_512d,and,736,68.51332727819681,70.87737321853638
synth_512d,and,25,79.1430938988924,80.38501255214214
synth_512d,and,94,73.68647493422031,74.90837015211582
synth_512d,and,339,58.38798824697733,60.75110286474228
synth_512d,and,469,56.079006753861904,57.3695870116353
synth_512d,and,808,68.42147558927536,70.82521915435791
synth_512d,and,606,65.73903374373913,68.12193896621466
synth_512d,and,990,57.87191912531853,60.267047956585884
synth_512d,and,960,72.91487418115139,75.27810521423817
synth_512d,and,140,78.75764276832342,79.87977005541325
synth_512d,and,158,61.728875152766705,64.10141941159964
synth_512d,and,905,57.83129017800093,60.20977161824703
synth_512d,and,444,80.22494148463011,82.60912727564573
synth_512d,and,687,65.47383964061737,67.86640733480453
synth_512d,and,584,63.54530341923237,65.91982673853636
synth_512d,and,517,80.59083484113216,81.84299804270267
synth_512d,and,746,75.40429942309856,76.67578756809235
synth_512d,and,43,75.5431829020381,76.83865260332823
synth_512d,and,92,67.82112177461386,68.91274824738503
synth_512d,and,97,71.62312977015972,73.99613969027996
synth_512d,and,186,57.842000387609005,60.24015601724386
synth_512d,and,126,67.66628939658403,69.98900789767504
synth_512d,and,617,53.58515772968531,54.86747249960899
synth_512d,and,468,82.53951091319323,84.94360372424126
synth_512d,and,10,58.48833825439215,60.8920818194747
synth_512d,and,193,57.04420618712902,59.41907875239849
synth_512d,and,187,54.036849178373814,55.298442021012306
synth_512d,and,832,71.65246643126011,74.03572089970112
synth_512d,and,826,60.45110058039427,62.82865069806576
synth_512d,and,878,72.90544454008341,75.28846617788076
synth_512d,and,973,63.42458073049784,65.81307388842106
synth_512d,and,645,63.4689349681139,65.96848834306002
synth_512d,and,975,58.56691859662533,60.930848121643066
synth_512d,and,284,65.62692578881979,66.8989960104227
synth_512d,and,244,77.70722731947899,80.09932935237885
synth_512d,and,392,67.10574962198734,68.39772686362267
synth_512d,and,100,72.16783706098795,73.42384196817875
synth_512d,and,602,67.87781603634357,68.9727021381259
synth_512d,and,457,67.48514715582132,69.8738731443882
synth_512d,and,357,63.46439477056265,64.62645251303911
synth_512d,and,915,66.06290116906166,68.43148730695248
synth_512d,and,524,67.5559276714921,68.80785804241896
synth_512d,and,156,57.4369914829731,59.83049049973488
synth_512d,and,959,69.37922444194555,71.75374776124954
synth_512d,and,910,69.90903057157993,72.22394924610853
synth_512d,and,546,61.21944170445204,63.60327824950218
synth_512d,and,207,70.26002276688814,72.6435100659728
synth_512d,and,324,65.57267624884844,67.9622171446681
synth_512d,and,50,59.074838645756245,61.458093114197254
synth_512d,and,912,72.98961281776428,75.36367047578096
synth_512d,and,964,72.35351949930191,73.58542643487453
synth_512d,and,349,75.7463276386261,78.06136272847652
synth_512d,and,615,61.21327169239521,63.60094994306564
synth_512d,and,95,66.79794751107693,67.87991151213646
synth_512d,and,443,63.68535105139017,66.08827970921993
synth_512d,and,232,80.16347419470549,82.54789281636477
synth_512d,and,237,58.692414313554764,61.07136141508818
synth_512d,and,694,58.519188314676285,60.91222167015076
synth_512d,and,742,71.31742313504219,72.45899178087711
synth_512d,and,867,65.7073687762022,67.00039375573397
synth_512d,and,60,55.24209700524807,56.52499385178089
synth_512d,and,19,63.239363953471184,64.52645175158978
synth_512d,and,642,66.98491051793098,68.07607132941484
synth_512d,and,734,64.32714872062206,65.58327004313469
synth_512d,and,68,67.94801447540522,69.00366861373186
synth_512d,and,768,77.49604992568493,79.8502005636692
synth_512d,and,795,64.51352965086699,66.91447924822569
synth_512d,and,982,82.70994294434786,85.13126522302628
synth_512d,and,708,53.97130735218525,55.26666063815355
synth_512d,and,106,66.2130769342184,67.49597378075123
synth_512d,and,787,55.612530559301376,56.884950026869774
synth_512d,and,590,82.95720908790827,85.32230276614428
synth_512d,and,629,69.85990330576897,72.23745342344046
synth_512d,and,476,59.63817238807678,61.99174094945192
synth_512d,and,666,65.68897515535355,66.96558557450771
synth_512d,and,948,63.028186559677124,65.4320465400815
synth_512d,and,927,69.51449904590845,70.826499722898
synth_512d,and,977,58.61860699951649,60.986378230154514
synth_512d,and,259,67.17536598443985,68.32624785602093
synth_512d,and,992,67.61611439287663,68.88387724757195
synth_512d,and,262,61.94284651428461,64.32610098272562
synth_512d,and,582,76.33364293724298,78.71759589761496
synth_512d,and,791,84.04545951634645,85.16758680343628
synth_512d,and,40,74.78275801986456,77.17532571405172
synth_512d,and,62,55.80461584031582,57.10427649319172
synth_512d,and,336,67.77537055313587,70.12824062258005
synth_512d,and,9,63.415151089429855,65.7795462757349
synth_512d,and,781,71.93279452621937,74.33595601469278
synth_512d,and,678,53.67014091461897,53.97119093686342
synth_512d,and,677,83.67106784135103,84.9623465910554
synth_512d,and,552,62.99908272922039,65.38396701216698
synth_512d,and,5,77.05087773501873,78.27277295291424
synth_512d,and,289,68.54790262877941,70.93092426657677
synth_512d,and,257,65.8037606626749,67.075714468956
synth_512d,and,689,79.70014121383429,82.09364023059607
synth_512d,and,386,59.63863804936409,62.012579292058945
synth_512d,and,534,79.59466893225908,81.95755071938038
synth_512d,and,221,61.19860336184502,63.58162499964237
synth_512d,and,403,64.76661656051874,66.03251677006483
synth_512d,and,82,67.94033106416464,69.0327724441886
synth_512d,and,391,70.08900865912437,72.4775018170476
synth_512d,and,291,75.41896775364876,76.68044418096542
synth_512d,and,222,57.31021519750357,59.679849073290825
synth_512d,and,151,64.69746585935354,67.07513239234686
synth_512d,and,643,82.70447142422199,85.08842438459396
synth_512d,and,178,66.4053950458765,68.77840496599674
synth_512d,and,399,67.14079063385725,68.21111310273409
synth_512d,and,968,55.70892244577408,56.9814583286643
synth_512d,and,501,65.82250352948904,67.093875259161
synth_512d,and,914,61.240862123668194,63.594081439077854
synth_512d,and,703,56.34431727230549,57.604629546403885
synth_512d,and,453,83.51949509233236,84.6559414640069
synth_512d,and,417,70.02940401434898,72.37331010401249
synth_512d,and,952,79.50852159410715,81.90295193344355
synth_512d,and,330,71.9722593203187,74.36622399836779
synth_512d,and,353,61.27217784523964,63.66614252328873
synth_512d,and,882,64.54251706600189,66.93450268357992
synth_512d,and,697,70.4759731888771,71.7466464266181
synth_512d,and,729,67.35639180988073,69.75734140723944
synth_512d,and,821,67.0398585498333,68.11099592596292
synth_512d,and,683,67.51564797013998,69.89960093051195
synth_512d,and,157,65.7371710985899,67.0100562274456
synth_512d,and,351,66.24450907111168,67.50645115971565
synth_512d,and,749,59.205107390880585,61.578000895679
synth_512d,and,461,71.09250873327255,73.48996587097645
synth_512d,and,295,64.01562131941319,66.44951645284891
synth_512d,and,525,65.02156611531973,66.14241283386946
synth_512d,and,599,54.02951501309872,55.33243529498577
synth_512d,and,569,55.21252751350403,56.48552905768156
synth_512d,and,167,56.53558764606714,58.928621001541615
synth_512d,and,901,71.79833482950926,74.18252062052488
synth_512d,and,297,65.69980178028345,68.09283513575792
synth_512d,and,286,65.34822750836611,66.60004146397114
synth_512d,and,537,63.37370723485947,64.6510161459446
synth_512d,and,725,55.339536629617214,56.61952309310436
synth_512d,and,500,63.490355387330055,65.87430834770203
synth_512d,and,775,63.16497456282377,64.4569518044591
synth_512d,and,789,65.43321069329977,67.80645344406366
synth_512d,and,748,66.91471207886934,67.99690891057253
synth_512d,and,384,63.04949056357145,65.453234128654
synth_512d,and,656,77.63237226754427,80.02622053027153
synth_512d,and,711,71.69146556407213,74.0754185244441
synth_512d,and,27,67.07641296088696,68.3438265696168
synth_512d,and,616,59.14235953241587,61.52584683150053
synth_512d,and,628,82.59806782007217,84.97294038534164
synth_512d,and,146,75.32746531069279,76.5589065849781
synth_512d,and,908,63.035404309630394,65.42273331433535
synth_512d,and,997,55.58773409575224,56.86015356332064
synth_512d,and,516,67.94219370931387,69.05233021825552
synth_512d,and,483,59.662736020982265,62.037608586251736
synth_512d,and,547,65.78420288860798,67.09096487611532
synth_512d,and,71,63.38150706142187,64.6419357508421
synth_512d,and,78,63.12516052275896,64.3968814983964
synth_512d,and,764,67.97187961637974,69.05302871018648
synth_512d,and,441,57.41766653954983,59.819663874804974
synth_512d,and,6,62.26345431059599,63.53564094752073
synth_512d,and,539,76.0125694796443,78.38651072233915
synth_512d,and,135,66.98095239698887,68.0331140756607
synth_512d,and,499,58.24677646160126,59.39858965575695
synth_512d,and,231,62.985578551888466,65.35765714943409
synth_512d,and,662,62.21700459718704,64.58105053752661
synth_512d,and,180,74.7626181691885,77.13469676673412
synth_512d,and,660,74.66552779078484,77.04959716647863
synth_512d,and,306,66.9499859213829,69.3249749019742
synth_512d,and,490,59.23828575760126,61.62223871797323
synth_512d,and,731,56.8249961361289,58.086938224732876
synth_512d,and,219,63.79513069987297,66.17419421672821
synth_512d,and,370,57.89648275822401,60.2904474362731
synth_512d,and,888,58.207777328789234,60.59941370040178
synth_512d,and,365,76.0951079428196,78.45915388315916
synth_512d,and,41,69.95117291808128,72.28495087474585
synth_512d,and,542,67.8671058267355,68.9446460455656
synth_512d,and,98,65.71563426405191,66.98688957840204
synth_512d,and,287,67.57653318345547,69.88586392253637
synth_512d,and,738,64.89723455160856,66.02820940315723
synth_512d,and,669,71.21183443814516,73.58146831393242
synth_512d,and,436,67.64638237655163,69.97922901064157
synth_512d,and,429,80.71982301771641,81.87175262719393
synth_512d,and,125,62.62771785259247,63.909334130585194
synth_512d,and,101,57.51708522439003,59.891026467084885
synth_512d,and,359,77.86194328218699,80.26591967791319
synth_512d,and,607,67.72216875106096,70.06572559475899
synth_512d,and,931,76.13422349095345,78.54565046727657
synth_512d,and,7,56.41602911055088,57.70206917077303
synth_512d,and,883,69.88947279751301,72.21184205263853
synth_512d,and,941,68.70494689792395,71.11800368875265
synth_512d,and,846,63.12585901468992,65.5188923701644
synth_512d,and,962,64.45124745368958,66.84393156319857
synth_512d,and,96,63.93145304173231,65.19805174320936
synth_512d,and,692,64.65800106525421,65.90993143618107
synth_512d,and,108,79.5653322711587,81.9783890619874
synth_512d,and,331,64.56754636019468,66.94509647786617
synth_512d,and,226,72.76830729097128,75.14224853366613
synth_512d,and,920,62.34354805201292,64.73751273006201
synth_512d,and,572,69.62951738387346,70.9370942786336
synth_512d,and,909,82.70458783954382,85.08854079991579
synth_512d,and,375,68.62357258796692,71.01695518940687
synth_512d,and,246,62.18964699655771,64.55264519900084
synth_512d,and,132,67.95115768909454,69.03789471834898
synth_512d,and,114,64.75788541138172,66.04474037885666
synth_512d,and,508,54.61322143673897,55.9043837711215
synth_512d,and,713,72.32162170112133,73.54456465691328
synth_512d,and,87,79.02237121015787,80.28547745198011
synth_512d,and,622,68.59737914055586,70.98482456058264
synth_512d,and,625,74.76680912077427,77.15076208114624
synth_512d,and,347,58.26144479215145,60.66472269594669
synth_512d,and,536,75.7407397031784,78.08580994606018
synth_512d,and,966,60.625956393778324,63.018989749252796
synth_512d,and,567,70.42067591100931,71.71765901148319
synth_512d,and,112,58.20346996188164,60.58253347873688
synth_512d,and,498,69.71426773816347,70.99530193954706
synth_512d,and,290,65.37896115332842,67.72240158170462
synth_512d,and,404,64.70188964158297,65.96848834306002
synth_512d,and,53,70.49203850328922,72.87971675395966
synth_512d,and,900,64.5217951387167,65.65824151039124
synth_512d,and,302,56.51055835187435,57.796016335487366
synth_512d,and,133,54.42171823233366,55.7146267965436
synth_512d,and,566,67.62053817510605,69.95443254709244
synth_512d,and,555,61.804079450666904,64.1868682578206
synth_512d,and,462,79.60805669426918,81.9619745016098
synth_512d,and,433,55.404030717909336,56.680990383028984
synth_512d,and,422,67.12984759360552,68.4160040691495
synth_512d,and,445,74.72268771380186,77.10151840001345
synth_512d,and,393,82.67955854535103,85.05815640091896
synth_512d,and,235,79.53494787216187,81.89771324396133
synth_512d,and,81,79.74845357239246,82.11273234337568
synth_512d,and,631,71.94757927209139,74.31104313582182
synth_512d,and,969,59.68986079096794,62.06182297319174
synth_512d,and,283,67.01902020722628,68.12659557908773
synth_512d,and,312,67.02484097331762,69.40437015146017
synth_512d,and,352,62.269275076687336,64.63215686380863
synth_512d,and,91,57.75492172688246,60.13456732034683
synth_512d,and,263,56.46585486829281,58.82885307073593
synth_512d,and,326,64.83087781816721,67.2041205689311
synth_512d,and,828,63.39035462588072,64.65252954512835
synth_512d,and,451,82.52402767539024,84.92241613566875
synth_512d,and,447,64.0710350126028,66.45440589636564
synth_512d,and,618,69.51310206204653,70.80554496496916
synth_512d,and,408,53.95046900957823,55.241514928638935
synth_512d,and,213,64.6570697426796,65.9390352666378
synth_512d,and,751,70.62056101858616,71.89298048615456
synth_512d,and,972,58.118137530982494,60.47659553587437
synth_512d,and,480,72.11195770651102,73.3648194000125
synth_512d,and,502,61.07660010457039,63.45170550048351
synth_512d,and,723,61.094993725419044,63.508981838822365
synth_512d,and,327,61.72934081405401,64.11620415747166
synth_512d,and,641,65.89933764189482,67.19166412949562
synth_512d,and,544,82.50318933278322,84.86805018037558
synth_512d,and,899,75.62327664345503,76.87543984502554
synth_512d,and,104,77.8775429353118,80.28058800846338
synth_512d,and,737,79.56952322274446,81.93310350179672
synth_512d,and,892,57.58285988122225,59.975660406053066
synth_512d,and,421,53.341034799814224,53.65116521716118
synth_512d,and,710,69.90006659179926,72.26422894746065
synth_512d,and,769,69.92032285779715,72.31382187455893
synth_512d,and,470,61.60361226648092,63.996645621955395
synth_512d,and,387,63.4300522506237,65.83333015441895
synth_512d,and,659,55.113574489951134,56.41044117510319
synth_512d,and,778,69.92416456341743,72.22360000014305
synth_512d,and,383,67.61576514691114,69.94523573666811
synth_512d,and,89,69.89971734583378,72.22266867756844
synth_512d,and,47,66.89131259918213,69.26897913217545
synth_512d,and,803,57.45061207562685,59.82548464089632
synth_512d,and,314,67.65150465071201,69.97538730502129
synth_512d,and,401,70.01927588135004,72.40299601107836
synth_512d,and,950,62.970793806016445,65.36941509693861
synth_512d,and,998,75.34760516136885,76.65343582630157
synth_512d,and,884,70.66514808684587,71.96248043328524
synth_512d,and,782,80.50200995057821,81.79387077689171
synth_512d,and,51,53.71612496674061,55.017066188156605
synth_512d,and,522,75.76972711831331,78.08266673237085
synth_512d,and,442,79.61015217006207,81.98828436434269
synth_512d,and,255,61.1600698903203,63.53948265314102
synth_512d,and,22,60.56053098291159,62.94541526585817
synth_512d,and,14,56.79542664438486,59.18845999985933
synth_512d,and,288,65.72878919541836,67.01075471937656
synth_512d,and,28,70.02451457083225,72.39950355142355
synth_512d,and,838,69.95303556323051,72.28797767311335
synth_512d,and,179,74.42140486091375,75.69335866719484
synth_512d,and,170,82.75453001260757,85.12800559401512
synth_512d,and,254,67.06127896904945,68.1212404742837
synth_512d,and,976,58.21336526423693,60.605467297136784
synth_512d,and,801,63.661253079771996,64.7915294393897
synth_512d,and,143,79.56440094858408,81.93938992917538
synth_512d,and,328,57.61743523180485,59.96972322463989
synth_512d,and,478,59.75563544780016,62.138657085597515
synth_512d,and,624,62.3257365077734,64.71772212535143
synth_512d,and,806,75.71326568722725,78.03714834153652
synth_512d,and,366,61.85693200677633,64.22109436243773
synth_512d,and,896,62.22247611731291,64.60666190832853
synth_512d,and,646,70.47387771308422,72.84223102033138
synth_512d,and,978,75.94400085508823,78.25810462236404
synth_512d,and,690,67.03997496515512,68.13113577663898
synth_512d,and,619,70.2814431861043,72.65910971909761
synth_512d,and,378,75.68963337689638,78.00373714417219
synth_512d,and,373,80.75137156993151,81.89328946173191
synth_512d,and,588,72.91312795132399,75.2829946577549
synth_512d,and,229,76.09964814037085,78.49244866520166
synth_512d,and,837,67.06058047711849,68.11320781707764
synth_512d,and,369,55.11101335287094,56.37388676404953
synth_512d,and,58,55.923243053257465,57.20416083931923
synth_512d,and,474,76.86775643378496,78.00362072885036
synth_512d,and,115,66.83520041406155,67.92182102799416
synth_512d,and,765,69.79575846344233,72.16888479888439
synth_512d,and,304,59.72478538751602,62.0880164206028
synth_512d,and,860,77.62713357806206,80.01993410289288
synth_512d,and,758,67.85662844777107,68.92916280776262
synth_512d,and,745,59.654354117810726,62.018283642828465
synth_512d,and,679,65.71831181645393,66.99038203805685
synth_512d,and,987,72.80870340764523,75.20720828324556
synth_512d,and,466,68.64860188215971,71.04210089892149
synth_512d,and,39,67.86873564124107,70.24651858955622
synth_512d,and,33,63.59012331813574,65.95382001250982
synth_512d,and,557,63.463812693953514,65.82785863429308
synth_512d,and,176,69.40355524420738,70.6647988408804
synth_512d,and,696,54.30739838629961,55.598095059394836
synth_512d,and,364,66.6552223265171,67.71658081561327
synth_512d,and,719,67.47676525264978,69.79343015700579
synth_512d,and,206,71.86189759522676,74.23979695886374
synth_512d,and,239,68.67281626909971,71.0503663867712
synth_512d,and,563,64.23657760024071,65.52273407578468
synth_512d,and,842,55.92836532741785,57.22057539969683
synth_512d,and,509,75.66483691334724,77.9877882450819
synth_512d,and,693,72.92325608432293,75.29766298830509
synth_512d,and,223,66.98269862681627,69.3547772243619
synth_512d,and,23,79.57092020660639,81.93415123969316
synth_512d,and,777,73.8087110221386,75.04131644964218
synth_512d,and,479,62.71793972700834,65.12098480015993
synth_512d,and,397,63.95112723112106,65.22401235997677
synth_512d,and,984,72.78809789568186,75.1775223761797
synth_512d,and,234,58.952486142516136,61.355880461633205
synth_512d,and,715,75.72851609438658,78.0720729380846
synth_512d,and,980,76.89034100621939,78.01165338605642
synth_512d,and,70,64.0104990452528,66.37442857027054
synth_512d,and,249,59.51558705419302,61.90256681293249
synth_512d,and,831,74.65551607310772,77.02945731580257
synth_512d,and,84,67.94766522943974,70.32160647213459
synth_512d,and,722,63.013751059770584,65.39898458868265
synth_512d,and,685,66.07407703995705,68.43800656497478
synth_512d,and,224,63.775922171771526,66.2744278088212
synth_512d,and,759,69.92020644247532,72.22406566143036
synth_512d,and,698,66.52483716607094,67.62624252587557
synth_512d,and,865,63.64879664033651,66.15370512008667
synth_512d,and,847,56.3932117074728,57.67610855400562
synth_512d,and,971,65.70713594555855,66.96023046970367
synth_512d,and,957,62.952982261776924,65.3369352221489
synth_512d,and,675,69.94570139795542,72.25864101201296
synth_512d,and,319,69.98947355896235,72.30427581816912
synth_512d,and,608,66.94986950606108,68.01087874919176
synth_512d,and,613,69.50879469513893,70.75630128383636
synth_512d,and,142,61.674509197473526,64.067542552948
synth_512d,and,732,82.61471521109343,85.00681724399328
synth_512d,and,38,72.52034265547991,73.66214413195848
synth_512d,and,361,63.61980922520161,66.00283086299896
synth_512d,and,594,59.28962491452694,61.67276296764612
synth_512d,and,456,67.64137651771307,69.98504977673292
synth_512d,and,282,77.71141827106476,80.11539466679096
synth_512d,and,986,67.94813089072704,70.35210728645325
synth_512d,and,107,64.53145761042833,65.6425254419446
synth_512d,and,341,58.6087116971612,60.98265293985605
synth_512d,and,56,63.79513069987297,66.19840860366821
synth_512d,and,595,61.09022069722414,63.47964517772198
synth_512d,and,217,54.037547670304775,55.32801151275635
synth_512d,and,521,75.69813169538975,78.03179323673248
synth_512d,and,783,83.91006849706173,85.00157855451107
synth_512d,and,371,65.35346619784832,66.61529187113047
synth_512d,and,212,59.65866148471832,62.04703822731972
synth_512d,and,627,80.17465006560087,82.5484748929739
synth_512d,and,145,68.8841100782156,70.1474491506815
synth_512d,and,807,69.89564280956984,70.98214700818062
synth_512d,and,205,74.6783334761858,77.04144809395075
synth_512d,and,528,56.26410711556673,58.6480600759387
synth_512d,and,825,74.51174315065145,76.88556797802448
synth_512d,and,903,69.84884385019541,72.17819802463055
synth_512d,and,171,66.92123133689165,68.01786366850138
synth_512d,and,794,67.6311319693923,69.9659576639533
synth_512d,and,271,67.57001392543316,69.89948451519012
synth_512d,and,165,56.66434299200773,57.957484386861324
synth_512d,and,245,70.48039697110653,71.77237421274185
synth_512d,and,774,55.96980918198824,57.251425459980965
synth_512d,and,530,74.72559809684753,77.10850331932306
synth_512d,and,767,72.43896834552288,73.58519360423088
synth_512d,and,36,63.12795449048281,64.3908279016614
synth_512d,and,309,67.09038279950619,68.16303357481956
synth_512d,and,124,62.313396483659744,64.68745414167643
synth_512d,and,465,76.78335532546043,78.07114161550999
synth_512d,and,577,63.16392682492733,64.27150219678879
synth_512d,and,80,66.3289101794362,67.58200470358133
synth_512d,and,21,58.19241050630808,60.55634003132582
synth_512d,and,507,83.60948413610458,84.74243804812431
synth_512d,and,196,75.79452358186245,78.11817340552807
synth_512d,and,763,61.94831803441048,64.32109512388706
synth_512d,and,752,76.91048085689545,78.17242294549942
synth_512d,and,945,65.94357546418905,68.36256943643093
synth_512d,and,890,57.79101047664881,60.175429098308086
synth_512d,and,188,57.82558582723141,60.18904969096184
synth_512d,and,155,77.58243009448051,79.96545173227787
synth_512d,and,52,75.80197416245937,78.14588025212288
synth_512d,and,591,62.95042112469673,65.3235474601388
synth_512d,and,409,69.85990330576897,72.21242412924767
synth_512d,and,44,82.98107422888279,85.34977678209543
synth_512d,and,220,69.39470767974854,70.65688259899616
synth_512d,and,426,67.08491127938032,69.4779446348548
synth_512d,and,342,65.67465607076883,66.95662159472704
synth_512d,and,301,67.02099926769733,68.31297650933266
synth_512d,and,562,62.83540278673172,65.22843614220619
synth_512d,and,435,67.64102727174759,68.78201384097338
synth_512d,and,376,55.753160268068314,57.04502109438181
synth_512d,and,797,83.13998114317656,85.49715857952833
synth_512d,and,550,79.59501817822456,81.94800466299057
synth_512d,and,77,61.11175753176212,63.49466275423765
synth_512d,and,148,67.74684879928827,70.11077832430601
synth_512d,and,139,67.42903497070074,69.81345359236002
synth_512d,and,105,71.21148519217968,72.34443910419941
synth_512d,and,473,67.59003736078739,69.90949623286724
synth_512d,and,674,57.51126445829868,58.79811942577362
synth_512d,and,496,54.982840083539486,56.26841448247433
synth_512d,and,852,52.3589551448822,52.68445238471031
synth_512d,and,655,75.72327740490437,78.04634515196085
synth_512d,and,574,60.56088022887707,62.925973907113075
synth_512d,and,416,75.60756057500839,77.94040720909834
synth_512d,and,864,65.38815796375275,67.77653470635414
synth_512d,and,497,71.60694804042578,72.77948316186666
synth_512d,and,300,61.04283966124058,63.4149182587862
synth_512d,and,835,64.03110455721617,66.39619823545218
synth_512d,and,110,75.6620429456234,77.99593731760979
synth_512d,and,337,71.43709808588028,73.81453178822994
synth_512d,and,965,64.48652129620314,66.88002031296492
synth_512d,and,208,70.26444654911757,72.61789869517088
synth_512d,and,184,71.44734263420105,72.71894719451666
synth_512d,and,467,55.96096161752939,57.25235678255558
synth_512d,and,802,67.5796763971448,69.91310510784388
synth_512d,and,727,63.79128899425268,66.28420669585466
synth_512d,and,214,71.84292189776897,74.20126348733902
synth_512d,and,242,54.22125104814768,55.50298374146223
synth_512d,and,636,69.810776039958,72.1438555046916
synth_512d,and,121,62.193372286856174,64.56661503762007
synth_512d,and,267,75.43724495917559,76.69941987842321
synth_512d,and,862,66.25894457101822,68.62287409603596
synth_512d,and,335,67.4910843372345,69.87375672906637
synth_512d,and,529,75.77892392873764,78.0927948653698
synth_512d,and,869,52.949413657188416,53.25849633663893
synth_512d,and,963,75.74388291686773,78.06811481714249
synth_512d,and,701,70.61485666781664,71.86585571616888
synth_512d,and,681,63.05007264018059,65.43355993926525
synth_512d,and,11,56.704855524003506,59.07996091991663
synth_512d,and,472,54.091098718345165,55.38307595998049
synth_512d,and,398,75.7735688239336,78.08743976056576
synth_512d,and,252,75.88253356516361,78.22597399353981
synth_512d,and,308,75.78113581985235,78.10513488948345
synth_512d,and,506,57.40497726947069,59.769139625132084
synth_512d,and,922,65.49898535013199,66.76558405160904
synth_512d,and,174,72.01801054179668,74.4151184335351
synth_512d,and,195,66.65894761681557,67.77187809348106
synth_512d,and,154,62.12701555341482,64.49187640100718
synth_512d,and,475,58.543053455650806,60.90605165809393
synth_512d,and,854,77.30035576969385,78.41235492378473
synth_512d,and,192,83.92985910177231,85.05082223564386
synth_512d,and,111,54.98272366821766,56.26492202281952
synth_512d,and,995,61.271945014595985,63.64937871694565
synth_512d,and,788,70.1159005984664,72.43803702294827
synth_512d,and,604,65.94299338757992,68.3364924043417
synth_512d,and,921,75.76390635222197,78.08802183717489
synth_512d,and,345,56.483084335923195,57.74502642452717
synth_512d,and,172,76.78079418838024,78.04273627698421
synth_512d,and,776,58.97285882383585,61.35576404631138
synth_512d,and,394,76.95495150983334,78.0872069299221
synth_512d,and,926,62.994775362312794,65.35917054861784
synth_512d,and,897,63.775572925806046,66.2882812321186
synth_512d,and,209,73.98589514195919,75.1217594370246
synth_512d,and,227,70.57643961161375,71.83745037764311
synth_512d,and,540,76.11990440636873,78.49803660064936
synth_512d,and,348,64.11108188331127,66.49945862591267
synth_512d,and,189,68.05162411183119,69.11961827427149
synth_512d,and,757,74.57344327121973,76.94645319133997
synth_512d,and,247,65.39293099194765,66.64416287094355
synth_512d,and,881,71.61754183471203,74.01197217404842
synth_512d,and,593,67.09643639624119,68.16908717155457
synth_512d,and,695,76.16460788995028,78.53819988667965
synth_512d,and,454,75.80907549709082,78.1520502641797
synth_512d,and,800,53.92113234847784,55.216834880411625
synth_512d,and,381,56.25514313578606,57.538156397640705
synth_512d,and,35,67.14044138789177,68.40797141194344
synth_512d,and,919,80.25532588362694,82.64870848506689
synth_512d,and,69,62.41456139832735,64.78291470557451
synth_512d,and,379,64.21084981411695,66.5795523673296
synth_512d,and,923,74.41604975610971,75.68811997771263
synth_512d,and,185,57.12197162210941,59.5038291066885
synth_512d,and,265,58.28705616295338,60.67100912332535
synth_512d,and,49,59.69405174255371,62.067992985248566
synth_512d,and,652,63.67010064423084,66.05405360460281
synth_512d,and,362,75.7821835577488,78.10699753463268
synth_512d,and,844,67.03136023133993,68.12787614762783
synth_512d,and,316,82.59352762252092,85.00274270772934
synth_512d,and,985,67.97758396714926,69.04953625053167
synth_512d,and,836,76.17555093020201,78.5487936809659
synth_512d,and,396,72.07307498902082,74.4661083444953
synth_512d,and,93,67.77641829103231,70.10030094534159
synth_512d,and,320,67.13869515806437,68.2418467476964
synth_512d,and,814,76.14516653120518,78.51771079003811
synth_512d,and,658,82.59853348135948,84.96339432895184
synth_512d,and,859,56.14536348730326,57.42581561207771
synth_512d,and,754,73.0385072529316,75.41244849562645
synth_512d,and,329,62.94483318924904,65.32797124236822
synth_512d,and,596,55.37853576242924,56.65048956871033
synth_512d,and,487,59.12850610911846,61.51245906949043
synth_512d,and,332,63.82144056260586,66.18909537792206
synth_512d,and,830,68.18620022386312,69.26374044269323
synth_512d,and,657,68.00668779760599,69.07957140356302
synth_512d,and,955,79.01317439973354,80.30049502849579
synth_512d,and,637,74.72094148397446,77.11502257734537
synth_512d,and,37,63.35682701319456,64.64787293225527
synth_512d,and,61,67.73136556148529,70.06502710282803
synth_512d,and,129,67.74498615413904,70.07888052612543
synth_512d,and,623,73.0251194909215,75.40418300777674
synth_512d,and,609,72.01265543699265,74.38682951033115
synth_512d,and,215,58.72373003512621,61.10279355198145
synth_512d,and,936,53.06082312017679,53.37002221494913
synth_512d,and,688,67.50551983714104,69.9084484949708
synth_512d,and,118,79.65881377458572,82.05731865018606
synth_512d,and,325,54.54092752188444,55.79320713877678
synth_512d,and,504,75.85261482745409,78.19035090506077
synth_512d,and,272,75.82490798085928,78.14797572791576
synth_512d,and,238,65.63786882907152,68.03183350712061
synth_512d,and,377,55.3973950445652,56.67482037097216
synth_512d,and,753,62.19849456101656,64.58198186010122
synth_512d,and,260,69.51950490474701,70.80018986016512
synth_512d,and,197,53.6750303581357,54.952106438577175
synth_512d,and,119,56.09402433037758,57.385535910725594
synth_512d,and,850,70.0558302924037,72.37971294671297
synth_512d,and,649,74.59893822669983,77.00140122324228
synth_512d,and,153,61.70745473355055,64.07138425856829
synth_512d,and,261,62.8945417702198,65.27209188789129
synth_512d,and,191,69.98388562351465,72.29798939079046
synth_512d,and,716,67.97525566071272,69.05721966177225
synth_512d,and,484,70.31543646007776,71.58750668168068
synth_512d,and,994,63.48092574626207,65.87337702512741
synth_512d,and,13,65.53390994668007,67.9263612255454
synth_512d,and,740,75.89219603687525,78.20653263479471
synth_512d,and,676,61.23189814388752,63.60537372529507
synth_512d,and,700,67.90622137486935,69.0072774887085
synth_512d,and,913,78.7882599979639,79.95404303073883
synth_512d,and,840,71.9230156391859,74.316980317235
synth_512d,and,253,67.44568236172199,69.83848288655281
synth_512d,and,159,64.06544707715511,66.43938831984997
synth_512d,and,891,71.86236325651407,74.22629278153181
synth_512d,and,785,79.61795199662447,81.97280112653971
synth_512d,and,65,57.64467641711235,58.90708416700363
synth_512d,and,879,76.90442726016045,78.03656626492739
synth_512d,and,526,67.94312503188848,69.034518674016
synth_512d,and,620,62.70734593272209,65.09607192128897
synth_512d,and,455,75.4368957132101,76.69406477361917
synth_512d,and,449,55.9705076739192,57.251425459980965
synth_512d,and,374,75.72444155812263,78.03854532539845
synth_512d,and,545,55.70740904659033,56.979479268193245
synth_512d,and,448,75.77275391668081,78.08150257915258
synth_512d,and,812,58.326986618340015,59.44899749010801
synth_512d,and,471,54.080504924058914,55.351993069052696
synth_512d,and,438,64.06707689166069,65.30818063765764
synth_512d,and,827,55.4228900000453,56.734890677034855
synth_512d,and,704,75.97950752824545,77.09034252911806
synth_512d,and,34,67.96757224947214,69.07770875841379
synth_512d,and,258,66.34939927607775,67.59096868336201
synth_512d,and,248,61.276950873434544,63.641113229095936
synth_512d,and,460,66.92844908684492,68.02042480558157
synth_512d,and,131,57.09601100534201,59.44003351032734
synth_512d,and,305,67.64556746929884,69.97818127274513
synth_512d,and,250,57.5061421841383,59.874728322029114
synth_512d,and,492,71.89344614744186,74.27542004734278
synth_512d,and,576,82.55976717919111,84.9174102768302
synth_512d,and,770,79.69595026224852,82.05894846469164
synth_512d,and,991,67.14521441608667,69.54395212233067
synth_512d,and,761,78.96253373473883,80.21492976695299
synth_512d,and,218,65.6429911032319,66.95045158267021
synth_512d,and,939,75.73538459837437,78.07835936546326
synth_512d,and,937,55.536977015435696,56.80997855961323
synth_512d,and,895,57.82768130302429,60.21140143275261
synth_512d,and,876,63.70095070451498,66.09037518501282
synth_512d,and,432,65.7631317153573,67.02402606606483
synth_512d,and,988,56.244200095534325,57.51487333327532
synth_512d,and,424,64.55217953771353,66.91610906273127
synth_512d,and,589,76.14982314407825,78.57289165258408
synth_512d,and,298,83.68550334125757,84.93848145008087
synth_512d,and,123,64.06521424651146,66.51924923062325
synth_512d,and,204,63.84751759469509,66.27943366765976
synth_512d,and,405,66.0889782011509,68.54196544736624
synth_512d,and,804,67.02600512653589,68.11798084527254
synth_512d,and,491,66.51971489191055,67.68503226339817
synth_512d,and,951,75.90674795210361,78.27987428754568
synth_512d,and,667,72.91091606020927,75.34399628639221
synth_512d,and,810,55.25839515030384,56.56923167407513
synth_512d,and,311,54.67119626700878,56.00345320999622
synth_512d,and,277,69.3638576194644,71.8157971277833
synth_512d,and,211,65.429019741714,66.6711712256074
synth_512d,and,141,63.91224451363087,66.33868906646967
synth_512d,and,744,59.74411033093929,62.11898289620876
synth_512d,and,543,77.63179019093513,79.98582441359758
synth_512d,and,654,64.98373113572598,66.12553261220455
synth_512d,and,210,77.86659989506006,80.32098412513733
synth_512d,and,559,66.2852544337511,67.5468472763896
synth_512d,and,733,80.86045272648335,81.98246359825134
synth_512d,and,275,64.65718615800142,67.0411391183734
synth_512d,and,651,67.37140938639641,69.74954158067703
synth_512d,and,580,82.76395965367556,85.13801731169224
synth_512d,and,152,72.82732985913754,75.2713531255722
synth_512d,and,3,70.52544970065355,72.9685416445136
synth_512d,and,439,76.163443736732,78.6118907853961
synth_512d,and,24,58.65877028554678,61.04283966124058
synth_512d,and,15,55.63278682529926,56.96527659893036
synth_512d,and,911,75.87880827486515,78.26101500540972
synth_512d,and,45,58.75900387763977,61.19196768850088
synth_512d,and,933,65.42261689901352,66.69573485851288
synth_512d,and,974,71.9074159860611,74.34154395014048
synth_512d,and,904,56.209624744951725,57.50975105911493
synth_512d,and,784,64.02679719030857,65.29968231916428
synth_512d,and,354,59.83572918921709,62.269275076687336
synth_512d,and,144,68.07548925280571,69.15745325386524
synth_512d,and,875,67.42007099092007,69.8678195476532
synth_512d,and,102,69.88504901528358,72.2475815564394
synth_512d,and,639,61.19743920862675,63.575105741620064
synth_512d,and,407,80.5265735834837,81.77361451089382
synth_512d,and,934,56.59600719809532,59.04398858547211
synth_512d,and,477,64.48826752603054,66.94078911095858
synth_512d,and,755,82.62880146503448,85.06304584443569
synth_512d,and,360,55.712414905428886,57.02907219529152
synth_512d,and,989,57.785771787166595,60.16960833221674
synth_512d,and,103,56.15386180579662,57.39601328969002
synth_512d,and,798,66.23729132115841,68.65267641842365
synth_512d,and,824,65.6831543892622,66.94928742945194
synth_512d,and,579,82.7031908556819,85.04721336066723
synth_512d,and,495,66.30842108279467,67.60167889297009
synth_512d,and,503,69.89599205553532,72.26888556033373
synth_512d,and,730,66.33787415921688,67.64638237655163
synth_512d,and,773,65.51248952746391,67.95534864068031
synth_512d,and,519,67.03194230794907,68.0836383253336
synth_512d,and,67,56.405202485620975,57.74619057774544
synth_512d,and,164,67.87222810089588,70.27573883533478
synth_512d,and,813,77.69290823489428,80.0559064373374
synth_512d,and,970,67.46675353497267,69.8544317856431
synth_512d,and,880,63.38988896459341,65.76930172741413
synth_512d,and,726,58.4734370931983,60.83736661821604
synth_512d,and,858,75.8729875087738,78.19104939699173
synth_512d,and,885,62.74855695664883,64.02598228305578
synth_512d,and,430,55.85385952144861,57.15584848076105
synth_512d,and,938,68.95232945680618,70.05431689321995
synth_512d,and,236,64.52132947742939,65.65405055880547
synth_512d,and,956,58.66703577339649,61.031896620988846
synth_512d,and,120,70.45711390674114,72.84071762114763
synth_512d,and,686,75.69778244942427,78.01118772476912
synth_512d,and,585,71.68250158429146,74.05481301248074
synth_512d,and,932,63.01957182586193,65.40270987898111
synth_512d,and,505,66.89061410725117,67.97804962843657
synth_512d,and,270,64.1349470242858,66.49945862591267
synth_512d,and,452,67.71995685994625,70.01915946602821
synth_512d,and,665,75.82316175103188,78.1472772359848
synth_512d,and,597,79.58593778312206,81.9589477032423
synth_512d,and,792,75.68730507045984,76.95367094129324
synth_512d,and,420,55.16386590898037,56.42639007419348
synth_512d,and,486,77.66636554151773,80.04053961485624
synth_512d,and,728,77.661476098001,80.0442649051547
synth_512d,and,556,56.35106936097145,58.72407928109169
synth_512d,and,29,63.75252269208431,66.25545211136341
synth_512d,and,706,75.74784103780985,78.06217763572931
synth_512d,and,953,61.19743920862675,63.584884628653526
synth_512d,and,635,65.74427243322134,67.03543476760387
synth_512d,and,603,66.06162060052156,68.45151074230671
synth_512d,and,0,64.10491187125444,65.37814624607563
synth_512d,and,380,67.04067345708609,68.1424280628562
synth_512d,and,564,83.69586430490017,84.81810800731182
synth_512d,and,961,58.42815153300762,60.81117317080498
synth_512d,and,410,67.59469397366047,69.93417628109455
synth_512d,and,894,60.65564230084419,63.0540307611227
synth_512d,and,849,59.16168447583914,61.53469439595938
synth_512d,and,414,62.940409407019615,65.34194108098745
synth_512d,and,390,67.68584717065096,70.01892663538456
synth_512d,and,338,55.192504078149796,56.4835499972105
synth_512d,and,756,67.55196955054998,68.81391163915396
synth_512d,and,747,83.71635340154171,84.87736340612173
synth_512d,and,717,63.09454329311848,65.48210512846708
synth_512d,or,770,98.37653487920761,100.64919479191303
synth_512d,or,497,73.81930481642485,76.1137343943119
synth_512d,or,88,81.55638352036476,84.94104258716106
synth_512d,or,431,93.34506466984749,96.92995809018612
synth_512d,or,536,95.83181235939264,99.24615733325481
synth_512d,or,153,104.91791181266308,108.49279351532459
synth_512d,or,972,96.89049329608679,98.57129771262407
synth_512d,or,249,71.696937084198,75.27193520218134
synth_512d,or,372,93.75729132443666,97.33240585774183
synth_512d,or,206,116.69541709125042,120.28508353978395
synth_512d,or,355,71.81719411164522,75.37694182246923
synth_512d,or,685,139.06811363995075,142.65277422964573
synth_512d,or,864,119.32954657822847,122.90885206311941
synth_512d,or,12,93.86718738824129,97.44183626025915
synth_512d,or,205,96.16406168788671,99.72904808819294
synth_512d,or,147,120.78962754458189,124.36567340046167
synth_512d,or,935,82.28304795920849,85.64896415919065
synth_512d,or,553,115.55873788893223,117.45165102183819
synth_512d,or,159,85.10937914252281,88.67355063557625
synth_512d,or,57,72.3470002412796,75.75307972729206
synth_512d,or,581,80.03611583262682,83.45884270966053
synth_512d,or,507,81.30166679620743,84.88795720040798
synth_512d,or,146,139.27812688052654,142.87407975643873
synth_512d,or,794,119.2648196592927,122.82992247492075
synth_512d,or,980,114.28201105445623,117.8571255877614
synth_512d,or,868,75.64330007880926,79.2286591604352
synth_512d,or,165,113.13194409012794,116.53569526970387
synth_512d,or,115,84.73743218928576,88.12290616333485
synth_512d,or,645,59.67915058135986,61.97358015924692
synth_512d,or,523,70.51636930555105,73.91150575131178
synth_512d,or,409,102.28855535387993,103.95061690360308
synth_512d,or,50,115.94290845096111,119.50277257710695
synth_512d,or,870,81.7514955997467,85.3176461532712
synth_512d,or,703,68.91798693686724,72.50835187733173
synth_512d,or,848,69.93417628109455,73.48461076617241
synth_512d,or,46,67.91099440306425,71.4652705937624
synth_512d,or,925,99.81903713196516,101.47260036319494
synth_512d,or,663,90.78544098883867,94.36148684471846
synth_512d,or,758,83.54452438652515,86.88948582857847
synth_512d,or,241,114.74790517240763,118.1561965495348
synth_512d,or,16,143.63601803779602,147.2155563533306
synth_512d,or,813,98.55348616838455,101.94908827543259
synth_512d,or,985,85.67201439291239,89.03804700821638
synth_512d,or,313,80.78990504145622,84.35151539742947
synth_512d,or,378,82.13846012949944,85.49902122467756
synth_512d,or,595,105.98031803965569,109.59443170577288
synth_512d,or,608,96.04811202734709,99.60366878658533
synth_512d,or,315,63.895247876644135,66.15801248699427
synth_512d,or,39,87.21207268536091,90.79533629119396
synth_512d,or,101,115.2941258624196,117.18727182596922
synth_512d,or,798,92.47427806258202,96.0382167249918
synth_512d,or,504,94.23610754311085,97.78200183063745
synth_512d,or,349,97.76267688721418,99.44580961018801
synth_512d,or,340,119.59101539105177,123.15588537603617
synth_512d,or,123,90.81140160560608,93.10932364314795
synth_512d,or,403,102.66934987157583,106.06390424072742
synth_512d,or,806,96.20562195777893,99.7751485556364
synth_512d,or,458,95.78967001289129,99.36001151800156
synth_512d,or,891,101.38191282749176,104.80126366019249
synth_512d,or,707,114.76222425699234,118.21661610156298
synth_512d,or,530,123.58208186924458,127.14159674942493
synth_512d,or,486,128.24637815356255,131.81008398532867
synth_512d,or,511,85.65036114305258,89.02477566152811
synth_512d,or,601,112.57955338805914,114.29074220359325
synth_512d,or,319,97.25370910018682,98.94580580294132
synth_512d,or,363,76.86449680477381,79.15403693914413
synth_512d,or,438,68.71193181723356,72.26807065308094
synth_512d,or,921,128.7389313802123,132.30741024017334
synth_512d,or,465,117.2355841845274,120.79521548002958
synth_512d,or,495,79.39361967146397,82.9487107694149
synth_512d,or,765,128.1178556382656,131.661887280643
synth_512d,or,83,116.68156366795301,120.26645708829165
synth_512d,or,720,73.17471317946911,76.75401866436005
synth_512d,or,321,148.4036911278963,151.9685611128807
synth_512d,or,292,115.88470079004765,119.4394426420331
synth_512d,or,684,104.40277401357889,106.09079618006945
synth_512d,or,414,96.99049405753613,98.65302126854658
synth_512d,or,487,124.05193410813808,127.63205450028181
synth_512d,or,229,71.58692460507154,75.15656761825085
synth_512d,or,741,127.63612903654575,131.20647054165602
synth_512d,or,961,135.75318735092878,139.29919805377722
synth_512d,or,437,135.59369836002588,139.16869647800922
synth_512d,or,51,106.32490739226341,108.01583994179964
synth_512d,or,278,90.97624570131302,94.57138366997242
synth_512d,or,397,83.81844963878393,87.39007171243429
synth_512d,or,710,70.4707344993949,72.7939186617732
synth_512d,or,53,86.64082270115614,88.99846579879522
synth_512d,or,308,70.69576531648636,74.28030949085951
synth_512d,or,948,90.07495827972889,92.34796743839979
synth_512d,or,952,103.31312660127878,104.98578194528818
synth_512d,or,975,116.75443965941668,120.34934479743242
synth_512d,or,920,128.7540653720498,132.37877283245325
synth_512d,or,700,108.66636876016855,110.41981633752584
synth_512d,or,330,122.84948024898767,126.35497841984034
synth_512d,or,723,52.758376114070415,56.13465327769518
synth_512d,or,774,77.49663200229406,79.65054828673601
synth_512d,or,45,69.49494127184153,73.02954327315092
synth_512d,or,966,91.49208199232817,94.86812632530928
synth_512d,or,815,68.35686508566141,71.90194446593523
synth_512d,or,316,102.18436364084482,105.80394882708788
synth_512d,or,322,116.7666632682085,120.36936823278666
synth_512d,or,187,134.97821055352688,138.55297584086657
synth_512d,or,657,125.39338786154985,128.9494102820754
synth_512d,or,586,111.71249207109213,115.30763003975153
synth_512d,or,370,124.5270250365138,128.13194189220667
synth_512d,or,63,87.44676597416401,91.01186878979206
synth_512d,or,341,138.3473863825202,141.9334439560771
synth_512d,or,790,101.52184404432774,104.94724847376347
synth_512d,or,391,102.26934682577848,103.96155994385481
synth_512d,or,803,96.04985825717449,99.45454075932503
synth_512d,or,909,98.7983075901866,102.22778655588627
synth_512d,or,175,100.21589696407318,101.87900625169277
synth_512d,or,841,75.29824506491423,77.6014057919383
synth_512d,or,428,104.01092004030943,107.5968611985445
synth_512d,or,113,90.56006092578173,92.86846034228802
synth_512d,or,733,83.2447549328208,86.64047345519066
synth_512d,or,718,94.09012272953987,97.49061428010464
synth_512d,or,653,96.30480781197548,97.9879405349493
synth_512d,or,92,103.0901912599802,106.67392052710056
synth_512d,or,661,128.97944543510675,132.57400132715702
synth_512d,or,724,122.18125630170107,125.77709276229143
synth_512d,or,906,72.688446380198,74.95156023651361
synth_512d,or,158,143.5404410585761,147.12032862007618
synth_512d,or,534,145.60949057340622,147.29169197380543
synth_512d,or,365,72.42441643029451,75.9693793952465
synth_512d,or,329,51.45661998540163,55.02626299858093
synth_512d,or,528,77.33097299933434,80.897007137537
synth_512d,or,519,52.554416470229626,54.82695996761322
synth_512d,or,405,126.81691441684961,130.39563782513142
synth_512d,or,926,101.49262379854918,103.1653955578804
synth_512d,or,69,82.73404091596603,84.98854003846645
synth_512d,or,274,121.08334340155125,124.65706095099449
synth_512d,or,381,91.61245543509722,94.99641600996256
synth_512d,or,729,76.3492425903678,78.6434393376112
synth_512d,or,174,112.97455057501793,116.5496651083231
synth_512d,or,544,112.81052138656378,114.48247823864222
synth_512d,or,992,129.45930939167738,133.0528175458312
synth_512d,or,455,75.67496504634619,79.27394472062588
synth_512d,or,711,107.72631503641605,109.39803905785084
synth_512d,or,209,70.43138612061739,72.12324999272823
synth_512d,or,182,79.75928019732237,83.3350932225585
synth_512d,or,931,81.63810707628727,85.23860014975071
synth_512d,or,238,51.72425881028175,55.30938506126404
synth_512d,or,932,109.29303243756294,110.94659566879272
synth_512d,or,769,85.87422780692577,88.17738853394985
synth_512d,or,585,106.25435970723629,109.67848356813192
synth_512d,or,859,80.51993791013956,82.80784823000431
synth_512d,or,216,129.36932034790516,132.95968528836966
synth_512d,or,640,81.00690320134163,84.37095675617456
synth_512d,or,886,98.19748811423779,99.91857223212719
synth_512d,or,512,79.41201329231262,82.99353066831827
synth_512d,or,831,72.7485166862607,76.34959183633327
synth_512d,or,904,73.59439041465521,77.2102503105998
synth_512d,or,542,120.26436161249876,123.84145520627499
synth_512d,or,298,67.90272891521454,71.48587610572577
synth_512d,or,671,122.07240797579288,125.65846554934978
synth_512d,or,632,134.1813476756215,137.78172433376312
synth_512d,or,479,94.96300481259823,98.5981896519661
synth_512d,or,352,104.70207780599594,106.37403465807438
synth_512d,or,672,68.07746831327677,71.63349073380232
synth_512d,or,662,109.86556299030781,111.52750812470913
synth_512d,or,622,125.84368232637644,129.46652714163065
synth_512d,or,735,72.24851287901402,75.84353443235159
synth_512d,or,361,68.043009378016,71.62382826209068
synth_512d,or,371,101.29588190466166,102.96900290995836
synth_512d,or,64,116.19890574365854,118.09752322733402
synth_512d,or,273,121.2569186463952,123.55425860732794
synth_512d,or,674,124.36730321496725,127.95231305062771
synth_512d,or,668,72.41929415613413,75.99417585879564
synth_512d,or,20,102.43791621178389,106.03840928524733
synth_512d,or,425,95.66813241690397,99.25418999046087
synth_512d,or,37,94.00129783898592,97.38607332110405
synth_512d,or,78,93.71561463922262,97.1195986494422
synth_512d,or,118,122.28393461555243,125.86894445121288
synth_512d,or,943,118.40439401566982,121.97950854897499
synth_512d,or,799,119.65923476964235,123.23306873440742
synth_512d,or,527,155.42772598564625,159.00284051895142
synth_512d,or,787,79.94566112756729,83.31949356943369
synth_512d,or,746,116.22009333223104,119.80556882917881
synth_512d,or,956,129.94499411433935,133.5390843451023
synth_512d,or,179,93.96462701261044,97.33974002301693
synth_512d,or,344,68.95337719470263,71.22720126062632
synth_512d,or,946,100.31461715698242,103.74560952186584
synth_512d,or,749,79.09850683063269,81.35708048939705
synth_512d,or,373,92.70769078284502,96.0727920755744
synth_512d,or,427,68.37677210569382,71.78261876106262
synth_512d,or,166,70.04081271588802,73.4357163310051
synth_512d,or,203,102.20438707619905,105.61826638877392
synth_512d,or,768,115.02753477543592,116.87562800943851
synth_512d,or,752,82.68409874290228,86.2589804455638
synth_512d,or,228,90.37693962454796,93.93109939992428
synth_512d,or,152,109.19850319623947,110.86068116128445
synth_512d,or,977,100.91555304825306,102.59286500513554
synth_512d,or,421,146.6558314859867,150.25085303932428
synth_512d,or,916,130.8554783463478,134.4354823231697
synth_512d,or,99,135.7243163511157,139.3138663843274
synth_512d,or,295,126.0613789781928,129.62729670107365
synth_512d,or,43,94.28150951862335,97.85476140677929
synth_512d,or,706,51.67757626622915,55.21811544895172
synth_512d,or,580,68.93754471093416,72.5428108125925
synth_512d,or,293,82.5787428766489,84.29051376879215
synth_512d,or,944,101.1659624055028,102.8234837576747
synth_512d,or,845,68.12741048634052,70.3609548509121
synth_512d,or,832,94.68290954828262,98.04742876440287
synth_512d,or,784,104.92256842553616,108.32736734300852
synth_512d,or,338,103.6965986713767,107.10558854043484
synth_512d,or,682,91.95110760629177,94.22434959560633
synth_512d,or,875,76.78510155528784,80.35462815314531
synth_512d,or,574,99.93906132876873,101.65537241846323
synth_512d,or,929,120.39090506732464,123.98068793118
synth_512d,or,884,106.09393939375877,107.74703696370125
synth_512d,or,211,79.69955913722515,83.26559327542782
synth_512d,or,225,69.88481618463993,73.45923222601414
synth_512d,or,231,82.68840610980988,86.06270421296358
synth_512d,or,270,119.42884884774685,121.68311513960361
synth_512d,or,309,118.46236884593964,122.02863581478596
synth_512d,or,993,101.31159797310829,104.88857515156269
synth_512d,or,366,68.72974336147308,72.32360076159239
synth_512d,or,538,68.72392259538174,72.28855974972248
synth_512d,or,410,74.19241592288017,76.46542508155107
synth_512d,or,964,72.15759251266718,75.71361493319273
synth_512d,or,678,98.02798740565777,101.59669909626245
synth_512d,or,348,92.66356937587261,96.02855425328016
synth_512d,or,76,51.463255658745766,55.02859130501747
synth_512d,or,358,127.06080451607704,130.61484787613153
synth_512d,or,478,67.54533387720585,71.12696766853333
synth_512d,or,343,121.41140177845955,124.96509589254856
synth_512d,or,725,95.05229536443949,98.602962680161
synth_512d,or,624,81.9122651591897,85.47643665224314
synth_512d,or,34,134.24234930425882,137.81129382550716
synth_512d,or,535,100.38528125733137,102.08273306488991
synth_512d,or,704,131.89297169446945,135.47716662287712
synth_512d,or,207,80.4354203864932,84.01053491979837
synth_512d,or,299,72.58891128003597,76.1738047003746
synth_512d,or,971,97.53694757819176,99.18794967234135
synth_512d,or,677,108.21770410984755,111.82262096554041
synth_512d,or,659,71.15118205547333,74.52734280377626
synth_512d,or,254,58.92373155802488,61.167520470917225
synth_512d,or,395,146.32032252848148,147.9731872677803
synth_512d,or,417,71.30787707865238,74.71581920981407
synth_512d,or,70,122.67299462109804,126.25742238014936
synth_512d,or,734,121.39743193984032,125.01678429543972
synth_512d,or,579,91.17322042584419,94.75217666476965
synth_512d,or,709,68.96886043250561,72.54385855048895
synth_512d,or,814,141.27674512565136,144.83300037682056
synth_512d,or,374,132.57295358926058,136.15342322736979
synth_512d,or,837,149.47890304028988,153.04319094866514
synth_512d,or,255,104.9685524776578,108.54809079319239
synth_512d,or,131,81.397476606071,84.82229895889759
synth_512d,or,559,90.53526446223259,92.79372170567513
synth_512d,or,976,101.92231275141239,105.46843986958265
synth_512d,or,839,76.47497113794088,78.74798029661179
synth_512d,or,232,94.01992429047823,97.58549276739359
synth_512d,or,500,72.10427429527044,75.70383604615927
synth_512d,or,52,120.91966345906258,124.32539369910955
synth_512d,or,337,89.83572479337454,92.10966527462006
synth_512d,or,604,116.89553502947092,120.47146447002888
synth_512d,or,266,139.90653678774834,143.48002150654793
synth_512d,or,155,109.88954454660416,111.58175766468048
synth_512d,or,930,83.39807391166687,86.94443386048079
synth_512d,or,778,69.45536006242037,73.0190658941865
synth_512d,or,742,132.13965576142073,135.70382725447416
synth_512d,or,893,102.81894356012344,105.05202226340771
synth_512d,or,436,113.71460277587175,117.2706251963973
synth_512d,or,950,52.72449925541878,54.416945204138756
synth_512d,or,442,114.76804502308369,116.42067693173885
synth_512d,or,978,85.29680781066418,88.67192082107067
synth_512d,or,430,147.74140436202288,149.4280295446515
synth_512d,or,33,71.95246871560812,73.84538184851408
synth_512d,or,339,90.23165330290794,93.60129479318857
synth_512d,or,531,79.42807860672474,82.98386819660664
synth_512d,or,380,90.61011951416731,92.86392014473677
synth_512d,or,689,115.37305545061827,118.91825124621391
synth_512d,or,407,129.7476701438427,133.3047403022647
synth_512d,or,658,112.49387171119452,114.15744666010141
synth_512d,or,879,119.20079123228788,122.78417125344276
synth_512d,or,809,90.78497532755136,94.22504808753729
synth_512d,or,981,94.03086733072996,97.41017129272223
synth_512d,or,503,145.80192510038614,147.42498751729727
synth_512d,or,265,101.86783038079739,103.51079981774092
synth_512d,or,36,120.85237540304661,124.43203013390303
synth_512d,or,638,60.084741562604904,62.33982276171446
synth_512d,or,811,103.52046228945255,105.18345516175032
synth_512d,or,416,66.76057819277048,70.34488953649998
synth_512d,or,639,121.82234786450863,125.37743896245956
synth_512d,or,345,79.18861228972673,81.433798186481
synth_512d,or,873,85.94873361289501,87.66143582761288
synth_512d,or,882,84.73603520542383,88.1365267559886
synth_512d,or,107,72.02872075140476,73.93048144876957
synth_512d,or,818,116.22963938862085,118.49869042634964
synth_512d,or,756,137.79639266431332,141.34147204458714
synth_512d,or,895,102.854217402637,106.26914445310831
synth_512d,or,518,89.05259892344475,92.41316001862288
synth_512d,or,40,93.5988500714302,96.96418419480324
synth_512d,or,599,118.23279783129692,121.80767953395844
synth_512d,or,351,117.5709767267108,121.16599828004837
synth_512d,or,435,86.75549179315567,90.33922106027603
synth_512d,or,41,97.99632243812084,101.35117918252945
synth_512d,or,748,94.36474647372961,97.71017357707024
synth_512d,or,90,131.7716669291258,135.35353355109692
synth_512d,or,481,91.82270150631666,95.38826998323202
synth_512d,or,853,111.50247883051634,114.87689334899187
synth_512d,or,991,72.79461715370417,74.67716932296753
synth_512d,or,406,52.73462738841772,56.149670854210854
synth_512d,or,867,85.34861262887716,88.70300371199846
synth_512d,or,999,115.31740892678499,117.18948371708393
synth_512d,or,443,78.71410343796015,80.96767123788595
synth_512d,or,732,116.03301391005516,119.62896678596735
synth_512d,or,897,115.18294923007488,118.73920448124409
synth_512d,or,272,120.7058085128665,124.29931666702032
synth_512d,or,4,126.10957492142916,129.66920621693134
synth_512d,or,48,107.61059820652008,109.27789844572544
synth_512d,or,791,90.74655827134848,94.0816244110465
synth_512d,or,456,77.29034405201674,79.00234777480364
synth_512d,or,763,92.4988416954875,95.88326793164015
synth_512d,or,610,84.15058255195618,85.87376214563847
synth_512d,or,127,72.68879562616348,76.25389844179153
synth_512d,or,646,98.07152673602104,101.44081898033619
synth_512d,or,411,78.65310180932283,82.21808820962906
synth_512d,or,264,103.23442984372377,104.89660780876875
synth_512d,or,759,100.45990347862244,102.0883210003376
synth_512d,or,509,56.95619620382786,59.22815762460232
synth_512d,or,532,66.87012501060963,70.44477388262749
synth_512d,or,362,104.20603211969137,105.89673183858395
synth_512d,or,197,81.81179873645306,85.17724927514791
synth_512d,or,222,99.79866445064545,101.47225111722946
synth_512d,or,13,101.17120109498501,102.87307668477297
synth_512d,or,98,113.61553333699703,115.31740892678499
synth_512d,or,471,129.42496687173843,132.9944934695959
synth_512d,or,494,102.91486978530884,106.46018199622631
synth_512d,or,388,61.01198960095644,62.70443554967642
synth_512d,or,457,123.3959337696433,126.96092016994953
synth_512d,or,636,106.40197433531284,108.10466483235359
synth_512d,or,498,122.53911700099707,126.11865531653166
synth_512d,or,281,80.79677354544401,82.5078459456563
synth_512d,or,567,55.75898103415966,58.02325904369354
synth_512d,or,822,104.29148096591234,105.97298387438059
synth_512d,or,60,133.16061813384295,136.7153599858284
synth_512d,or,681,128.02635319530964,131.5729459747672
synth_512d,or,136,102.43954602628946,105.97880464047194
synth_512d,or,596,113.66396211087704,117.08005331456661
synth_512d,or,140,67.23031401634216,70.82312367856503
synth_512d,or,968,118.41312516480684,121.92921712994576
synth_512d,or,242,81.96698036044836,85.38307156413794
synth_512d,or,913,93.32108311355114,96.74625471234322
synth_512d,or,852,136.91047206521034,140.33436309546232
synth_512d,or,164,73.09787906706333,76.62386633455753
synth_512d,or,95,82.05207996070385,85.39250120520592
synth_512d,or,156,113.59446216374636,117.13604908436537
synth_512d,or,367,111.90376244485378,115.45978486537933
synth_512d,or,937,102.07726154476404,105.598708614707
synth_512d,or,194,115.4773635789752,119.03175618499517
synth_512d,or,561,69.15000267326832,72.68984336405993
synth_512d,or,369,57.161436416208744,59.43456199020147
synth_512d,or,354,79.3851213529706,82.92973507195711
synth_512d,or,447,80.65637666732073,82.3738519102335
synth_512d,or,887,96.60923387855291,98.25301822274923
synth_512d,or,635,98.82706217467785,102.39297989755869
synth_512d,or,79,113.78596536815166,115.43859727680683
synth_512d,or,5,51.591312512755394,55.17748650163412
synth_512d,or,10,106.24027345329523,109.63412933051586
synth_512d,or,721,77.90757808834314,81.51144720613956
synth_512d,or,883,115.71857612580061,117.61696077883244
synth_512d,or,342,111.89398355782032,113.5760685428977
synth_512d,or,629,104.0630741044879,107.62724559754133
synth_512d,or,185,105.91861791908741,109.51445437967777
synth_512d,or,317,83.33614096045494,86.68657392263412
synth_512d,or,250,97.1503322944045,98.8333486020565
synth_512d,or,676,72.9996245354414,76.54575165361166
synth_512d,or,631,93.26438885182142,96.8192471191287
synth_512d,or,835,125.20840391516685,128.7816558033228
synth_512d,or,958,68.97852290421724,72.53291551023722
synth_512d,or,558,71.26445416361094,72.96784315258265
synth_512d,or,163,93.97161193192005,97.54661004990339
synth_512d,or,796,100.00437032431364,101.66212450712919
synth_512d,or,655,115.22718705236912,118.81324462592602
synth_512d,or,275,76.30337495356798,78.60129699110985
synth_512d,or,154,67.82636046409607,71.39216177165508
synth_512d,or,473,96.93612810224295,98.60878344625235
synth_512d,or,502,118.32686141133308,121.89149856567383
synth_512d,or,842,89.46401067078114,91.75681043416262
synth_512d,or,540,84.04126856476068,87.41521742194891
synth_512d,or,680,85.2290540933609,88.78426160663366
synth_512d,or,396,95.13832628726959,98.72333612293005
synth_512d,or,488,94.44693569093943,98.01110718399286
synth_512d,or,17,81.04497101157904,84.40110832452774
synth_512d,or,529,131.46211858838797,135.01220382750034
synth_512d,or,949,90.92525579035282,94.50048673897982
synth_512d,or,61,126.43483933061361,129.99889440834522
synth_512d,or,908,91.01186878979206,93.26485451310873
synth_512d,or,221,78.31328548491001,81.87838830053806
synth_512d,or,781,116.8898306787014,118.78297664225101
synth_512d,or,960,95.85870429873466,99.41402822732925
synth_512d,or,332,77.07171607762575,80.65614383667707
synth_512d,or,570,91.27054363489151,94.6166692301631
synth_512d,or,189,51.79760046303272,55.39366975426674
synth_512d,or,177,70.15641313046217,71.85235153883696
synth_512d,or,522,81.88665378838778,83.5995888337493
synth_512d,or,398,117.96550825238228,121.53107672929764
synth_512d,or,877,123.616773635149,125.86964294314384
synth_512d,or,424,127.81878467649221,131.3935499638319
synth_512d,or,126,119.4654032588005,123.02945833653212
synth_512d,or,461,111.617729999125,115.16048107296228
synth_512d,or,464,74.26133379340172,76.53376087546349
synth_512d,or,377,53.15965972840786,55.43348379433155
synth_512d,or,111,128.31075582653284,131.85630086809397
synth_512d,or,858,70.16886956989765,71.83174602687359
synth_512d,or,6,94.46113836020231,97.83671703189611
synth_512d,or,537,81.14089723676443,83.4102975204587
synth_512d,or,201,52.05371417105198,55.43755833059549
synth_512d,or,186,96.21400386095047,98.49248453974724
synth_512d,or,628,77.35681720077991,79.62551899254322
synth_512d,or,817,90.25947656482458,93.81503332406282
synth_512d,or,766,140.53017366677523,142.7939860150218
synth_512d,or,545,55.86037877947092,59.26459562033415
synth_512d,or,739,82.39247836172581,85.75757965445518
synth_512d,or,296,69.72881965339184,71.97668310254812
synth_512d,or,846,75.30709262937307,78.8785982877016
synth_512d,or,660,106.09801393002272,107.76531416922808
synth_512d,or,364,124.80327859520912,128.38351540267467
synth_512d,or,399,104.88671250641346,106.54912330210209
synth_512d,or,546,69.6149654686451,73.18099960684776
synth_512d,or,168,97.43776172399521,100.85082612931728
synth_512d,or,789,79.03017103672028,82.63497147709131
synth_512d,or,93,112.69818060100079,114.38538786023855
synth_512d,or,390,113.66407852619886,115.34709483385086
synth_512d,or,505,82.09329098463058,85.44838055968285
synth_512d,or,850,105.58345820754766,108.95892046391964
synth_512d,or,615,93.44390127807856,96.8296080827713
synth_512d,or,132,91.29662066698074,94.65194307267666
synth_512d,or,865,132.20834080129862,135.74340846389532
synth_512d,or,283,71.87377195805311,75.27938578277826
synth_512d,or,543,78.79780605435371,80.48536255955696
synth_512d,or,119,87.84758392721415,91.45319927483797
synth_512d,or,327,87.30555418878794,90.84097109735012
synth_512d,or,501,128.76628898084164,132.3025207966566
synth_512d,or,621,118.45421977341175,122.04924132674932
synth_512d,or,188,134.42989438772202,138.03050387650728
synth_512d,or,737,129.28934302181005,132.85537716001272
synth_512d,or,554,70.01589983701706,73.39951116591692
synth_512d,or,816,87.29251567274332,90.87205398827791
synth_512d,or,2,103.64537592977285,105.32839223742485
synth_512d,or,754,77.63237226754427,79.87988647073507
synth_512d,or,997,98.5640799626708,101.95816867053509
synth_512d,or,982,94.57219857722521,98.10703340917826
synth_512d,or,885,69.86071821302176,73.43513425439596
synth_512d,or,987,75.59813093394041,77.83656474202871
synth_512d,or,584,70.22207137197256,73.60614836215973
synth_512d,or,116,115.26222806423903,117.17539746314287
synth_512d,or,496,71.59041706472635,73.25457409024239
synth_512d,or,19,121.39230966567993,124.9674241989851
synth_512d,or,691,98.10156188905239,101.50775779038668
synth_512d,or,248,117.04082135111094,120.58974243700504
synth_512d,or,97,108.9929137378931,112.56174184381962
synth_512d,or,335,72.6927537471056,74.58485197275877
synth_512d,or,602,92.70000737160444,96.03460785001516
synth_512d,or,854,91.79732296615839,95.3535782173276
synth_512d,or,745,87.31428533792496,89.56727106124163
synth_512d,or,564,83.36547762155533,86.71055547893047
synth_512d,or,713,79.0199264883995,82.57385343313217
synth_512d,or,593,108.34867134690285,109.99152436852455
synth_512d,or,202,77.89779920130968,81.47244807332754
synth_512d,or,74,112.12751269340515,113.80005162209272
synth_512d,or,467,113.67094703018665,115.34802615642548
synth_512d,or,771,119.66575402766466,123.23458213359118
synth_512d,or,715,51.71820521354675,55.278767831623554
synth_512d,or,224,84.84162390232086,87.09472604095936
synth_512d,or,469,68.81263107061386,72.37819954752922
synth_512d,or,404,81.89748041331768,85.4430254548788
synth_512d,or,235,108.98453183472157,112.55918070673943
synth_512d,or,151,110.0561348721385,111.7080682888627
synth_512d,or,439,98.26698806136847,99.91892147809267
synth_512d,or,433,128.9243809878826,132.46852904558182
synth_512d,or,30,75.75389463454485,78.00688035786152
synth_512d,or,557,74.40766785293818,77.791977673769
synth_512d,or,578,70.25571539998055,73.78647569566965
synth_512d,or,301,157.21481759101152,160.7649028301239
synth_512d,or,520,90.21942969411612,93.55461224913597
synth_512d,or,227,93.97522080689669,97.31005411595106
synth_512d,or,587,101.12207382917404,102.84932795912027
synth_512d,or,548,90.04550520330667,92.34831668436527
synth_512d,or,917,74.75144229829311,78.34646385163069
synth_512d,or,393,72.63198494911194,76.18754170835018
synth_512d,or,836,125.38221199065447,129.0483633056283
synth_512d,or,94,84.19621735811234,87.53105066716671
synth_512d,or,762,69.46432404220104,73.03047459572554
synth_512d,or,14,142.18862634152174,145.73463704437017
synth_512d,or,910,51.67385097593069,55.24803418666124
synth_512d,or,121,105.34352622926235,108.93307626247406
synth_512d,or,603,72.11195770651102,75.68660657852888
synth_512d,or,451,90.10545909404755,93.45449507236481
synth_512d,or,54,73.79113230854273,75.46413689851761
synth_512d,or,962,142.84905046224594,146.38400170952082
synth_512d,or,429,109.34832971543074,111.02051939815283
synth_512d,or,890,109.63494423776865,113.2000470533967
synth_512d,or,306,103.94561104476452,105.64189869910479
synth_512d,or,954,105.92432226985693,109.32947043329477
synth_512d,or,881,147.7415207773447,151.30662359297276
synth_512d,or,262,53.07956598699093,55.34361116588116
synth_512d,or,918,146.49308286607265,150.05003660917282
synth_512d,or,894,80.75661025941372,82.42903277277946
synth_512d,or,560,122.52863962203264,126.1136494576931
synth_512d,or,277,73.45946505665779,75.70791058242321
synth_512d,or,795,126.82052329182625,130.38015458732843
synth_512d,or,936,100.22555943578482,103.6196481436491
synth_512d,or,394,115.08306488394737,118.63815598189831
synth_512d,or,550,57.26155359297991,60.68614311516285
synth_512d,or,114,118.61755046993494,120.350974611938
synth_512d,or,915,117.36736632883549,120.9124457091093
synth_512d,or,800,126.37826148420572,129.9944706261158
synth_512d,or,300,103.94654236733913,107.5121108442545
synth_512d,or,326,106.15563951432705,109.54937897622585
synth_512d,or,776,112.51901742070913,116.07410851866007
synth_512d,or,67,101.60647798329592,105.15248868614435
synth_512d,or,651,123.86497110128403,127.4310052394867
synth_512d,or,25,114.19213842600584,117.75724124163389
synth_512d,or,573,75.1373590901494,77.39977445453405
synth_512d,or,353,115.29098264873028,118.85678395628929
synth_512d,or,947,71.91172335296869,75.3175700083375
synth_512d,or,673,102.81393770128489,106.21885303407907
synth_512d,or,969,83.82054511457682,87.19449397176504
synth_512d,or,667,78.61841004341841,82.18840230256319
synth_512d,or,462,145.25826554745436,146.92929107695818
synth_512d,or,124,103.4255838021636,105.09777348488569
synth_512d,or,823,93.75438094139099,96.0170291364193
synth_512d,or,180,114.83102571219206,118.3865824714303
synth_512d,or,65,114.62753172963858,118.26271656900644
synth_512d,or,712,143.29899568110704,145.02089470624924
synth_512d,or,213,82.8086631372571,86.19343861937523
synth_512d,or,167,71.45304698497057,75.04317909479141
synth_512d,or,683,115.74826203286648,119.29357424378395
synth_512d,or,583,90.56157432496548,94.12155486643314
synth_512d,or,892,101.5770249068737,105.13293091207743
synth_512d,or,323,84.84325371682644,87.12208364158869
synth_512d,or,855,110.02540122717619,111.68699711561203
synth_512d,or,810,106.1947550624609,107.84156620502472
synth_512d,or,134,121.86903040856123,125.4186499863863
synth_512d,or,432,96.51400614529848,98.20680133998394
synth_512d,or,382,72.0042735338211,75.41943341493607
synth_512d,or,643,85.32335050404072,88.89392483979464
synth_512d,or,755,142.7044626325369,146.27352356910706
synth_512d,or,719,136.44457794725895,140.01969248056412
synth_512d,or,760,59.9550548940897,62.20908835530281
synth_512d,or,911,116.9645693153143,120.33956591039896
synth_512d,or,592,85.20705159753561,88.77308573573828
synth_512d,or,145,78.19291204214096,81.75871334969997
synth_512d,or,833,85.46793833374977,88.85306306183338
synth_512d,or,297,93.89594197273254,97.2609268501401
synth_512d,or,649,91.14702697843313,94.52213998883963
synth_512d,or,747,113.44545055180788,115.1182223111391
synth_512d,or,600,124.35310054570436,127.90760956704617
synth_512d,or,773,71.44664414227009,75.06180554628372
synth_512d,or,825,107.65611659735441,109.3235332518816
synth_512d,or,280,99.85012002289295,103.23419701308012
synth_512d,or,32,87.94176392257214,91.50791447609663
synth_512d,or,328,80.89258335530758,84.27631109952927
synth_512d,or,234,78.83808575570583,82.40295574069023
synth_512d,or,192,73.47040809690952,77.03551091253757
synth_512d,or,625,74.74829908460379,78.3024588599801
synth_512d,or,664,93.90548802912235,97.26057760417461
synth_512d,or,35,52.49283276498318,55.89681677520275
synth_512d,or,318,82.21343159675598,84.4873720780015
synth_512d,or,899,88.62221147865057,90.92548862099648
synth_512d,or,722,52.41413600742817,55.82801532000303
synth_512d,or,575,96.27302642911673,99.84849020838737
synth_512d,or,797,113.6409118771553,117.21043847501278
synth_512d,or,607,85.5415128171444,87.81987708061934
synth_512d,or,139,135.85458509624004,139.40013013780117
synth_512d,or,924,89.35248479247093,92.90792513638735
synth_512d,or,819,67.55709182471037,71.13208994269371
synth_512d,or,268,117.76690371334553,121.34260032325983
synth_512d,or,857,114.40191883593798,117.96597391366959
synth_512d,or,42,138.50093819200993,142.05160550773144
synth_512d,or,96,82.01180025935173,85.37748362869024
synth_512d,or,252,84.41729005426168,87.7968268468976
synth_512d,or,986,124.46811888366938,128.05743608623743
synth_512d,or,289,103.79450395703316,107.1802107617259
synth_512d,or,898,92.98953227698803,96.5154031291604
synth_512d,or,740,104.5773969963193,107.97148570418358
synth_512d,or,172,81.32611401379108,84.70041211694479
synth_512d,or,489,72.21940904855728,74.48694668710232
synth_512d,or,77,70.09401451796293,73.48903454840183
synth_512d,or,150,106.13922495394945,107.80070442706347
synth_512d,or,933,89.21558037400246,92.59965736418962
synth_512d,or,514,104.93781883269548,108.52143168449402
synth_512d,or,200,78.27254012227058,81.82763122022152
synth_512d,or,448,76.85332093387842,80.41446562856436
synth_512d,or,261,146.49005606770515,148.15316535532475
synth_512d,or,577,108.44715870916843,111.98781430721283
synth_512d,or,576,107.60151781141758,109.27801486104727
synth_512d,or,282,83.1488287076354,85.39273403584957
synth_512d,or,623,121.50185648351908,125.08127838373184
synth_512d,or,526,90.37100244313478,93.93598884344101
synth_512d,or,311,135.03828085958958,138.64331413060427
synth_512d,or,141,125.23704208433628,128.7531340494752
synth_512d,or,955,108.0657821148634,109.78977661579847
synth_512d,or,100,105.86937423795462,109.42341759800911
synth_512d,or,239,108.81340131163597,110.48652231693268
synth_512d,or,779,82.07454811781645,85.43836884200573
synth_512d,or,807,85.86863987147808,87.56120223551989
synth_512d,or,230,102.44327131658792,104.09054812043905
synth_512d,or,240,105.95936328172684,107.65134356915951
synth_512d,or,824,90.37635754793882,92.68999565392733
synth_512d,or,516,118.00590436905622,121.61524500697851
synth_512d,or,480,106.22583795338869,109.61538646370173
synth_512d,or,440,121.90861161798239,125.47709047794342
synth_512d,or,849,139.39989730715752,141.6737213730812
synth_512d,or,148,126.93856842815876,130.49505650997162
synth_512d,or,923,119.99066919088364,123.53889178484678
synth_512d,or,287,115.37421960383654,117.27737728506327
synth_512d,or,3,109.32853911072016,111.01586278527975
synth_512d,or,820,72.55910895764828,75.94539783895016
synth_512d,or,474,110.98687537014484,114.5610585808754
synth_512d,or,525,80.89642506092787,84.49098095297813
synth_512d,or,259,116.31636880338192,119.90044731646776
synth_512d,or,279,99.2439454421401,100.92591401189566
synth_512d,or,173,76.7058227211237,80.25544229894876
synth_512d,or,176,86.07946801930666,88.29263970255852
synth_512d,or,15,108.24203491210938,111.83694005012512
synth_512d,or,693,80.12005127966404,83.47502443939447
synth_512d,or,738,107.39592835307121,109.04902592301369
synth_512d,or,620,104.11639232188463,105.78834917396307
synth_512d,or,482,93.41491386294365,96.93996980786324
synth_512d,or,965,111.78746353834867,115.17258826643229
synth_512d,or,750,123.57498053461313,127.12017633020878
synth_512d,or,475,71.9290692359209,75.50162263214588
synth_512d,or,214,92.77090430259705,96.30504064261913
synth_512d,or,29,134.12092812359333,137.70547229796648
synth_512d,or,590,111.20631825178862,112.88921814411879
synth_512d,or,844,97.77047671377659,99.45326019078493
synth_512d,or,652,115.5240461230278,119.13909111171961
synth_512d,or,644,113.61995711922646,117.02161282300949
synth_512d,or,967,118.18634811788797,121.74167204648256
synth_512d,or,49,78.19733582437038,81.76278788596392
synth_512d,or,650,102.5395467877388,104.78799231350422
synth_512d,or,84,69.41845640540123,72.79426790773869
synth_512d,or,260,104.94748130440712,108.49663522094488
synth_512d,or,71,116.00309517234564,117.67051182687283
synth_512d,or,24,71.10228762030602,74.70138370990753
synth_512d,or,912,83.5637329146266,86.9004288688302
synth_512d,or,434,79.62947711348534,82.97339081764221
synth_512d,or,888,90.9960363060236,94.35985703021288
synth_512d,or,996,137.7578591927886,141.30736235529184
synth_512d,or,856,92.4685737118125,94.73238606005907
synth_512d,or,687,115.43347500264645,117.32731945812702
synth_512d,or,22,96.03984653949738,99.59493763744831
synth_512d,or,914,115.85780885070562,118.1307015940547
synth_512d,or,198,143.22856441140175,144.90308240056038
synth_512d,or,291,113.44661470502615,115.1086762547493
synth_512d,or,102,75.91326721012592,79.45846300572157
synth_512d,or,903,116.37411080300808,119.90056373178959
synth_512d,or,178,123.395468108356,126.95894110947847
synth_512d,or,452,74.65202361345291,78.18755693733692
synth_512d,or,572,82.17757567763329,85.54209489375353
synth_512d,or,256,74.32745769619942,76.39022078365088
synth_512d,or,223,126.99561193585396,130.5416226387024
synth_512d,or,616,123.52585326880217,127.07093264907598
synth_512d,or,533,127.28001456707716,130.8269565925002
synth_512d,or,422,97.91739284992218,99.58050213754177
synth_512d,or,269,108.96893218159676,110.62109842896461
synth_512d,or,68,83.68818089365959,85.94279643148184
synth_512d,or,383,96.95370681583881,99.22240860760212
synth_512d,or,290,53.94534673541784,55.68843334913254
synth_512d,or,55,137.6770669594407,141.24310109764338
synth_512d,or,108,52.525196224451065,55.89902866631746
synth_512d,or,302,72.8630693629384,76.41850970685482
synth_512d,or,271,82.85499643534422,86.20892185717821
synth_512d,or,612,75.20313374698162,78.7446042522788
synth_512d,or,828,78.39302998036146,80.69595787674189
synth_512d,or,459,149.13349878042936,150.78240539878607
synth_512d,or,945,107.65111073851585,109.32306759059429
synth_512d,or,104,83.6661783978343,85.9283609315753
synth_512d,or,303,93.05798448622227,96.39386553317308
synth_512d,or,942,98.33811782300472,100.00006295740604
synth_512d,or,670,69.43359039723873,72.96004332602024
synth_512d,or,72,73.05003236979246,76.59499533474445
synth_512d,or,75,91.48626122623682,95.03250475972891
synth_512d,or,598,149.7478224337101,153.29336747527122
synth_512d,or,276,95.45811917632818,98.8618703559041
synth_512d,or,591,111.60795111209154,115.1674659922719
synth_512d,or,539,74.65307135134935,78.19314487278461
synth_512d,or,284,92.74971671402454,96.11016139388084
synth_512d,or,726,93.02969556301832,96.43228258937597
synth_512d,or,862,70.38586772978306,73.93141277134418
synth_512d,or,466,100.3460492938757,103.88204827904701
synth_512d,or,86,119.67949103564024,121.94691225886345
synth_512d,or,310,153.5919727757573,157.12704043835402
synth_512d,or,821,101.93325579166412,103.59100997447968
synth_512d,or,379,71.81346882134676,75.19952487200499
synth_512d,or,780,79.0830235928297,82.64859206974506
synth_512d,or,869,108.90467092394829,110.61225086450577
synth_512d,or,872,51.45138129591942,53.71496081352234
synth_512d,or,805,123.71561024338007,127.28117872029543
synth_512d,or,215,129.1490625590086,132.54419900476933
synth_512d,or,521,74.37856402248144,76.62212010473013
synth_512d,or,812,145.622412674129,147.28540554642677
synth_512d,or,133,145.18899843096733,148.77354260534048
synth_512d,or,973,103.23489550501108,104.88240513950586
synth_512d,or,483,133.90148524194956,137.44656462222338
synth_512d,or,834,102.79961861670017,104.4615637511015
synth_512d,or,400,76.18358358740807,79.70491424202919
synth_512d,or,191,125.83925854414701,129.38433792442083
synth_512d,or,245,74.22501221299171,77.60641165077686
synth_512d,or,804,132.94804375618696,136.49347238242626
synth_512d,or,305,124.1388963535428,127.69515160471201
synth_512d,or,334,91.3465628400445,94.91119999438524
synth_512d,or,11,102.48902253806591,104.14700955152512
synth_512d,or,0,121.17612641304731,123.42084664851427
synth_512d,or,87,110.77139060944319,114.33567851781845
synth_512d,or,142,108.56438893824816,111.94939725100994
synth_512d,or,979,89.66343011707067,93.22864934802055
synth_512d,or,157,111.78094428032637,113.47432155162096
synth_512d,or,698,104.84340600669384,106.53457138687372
synth_512d,or,125,145.15791554003954,146.8390692025423
synth_512d,or,122,104.2515505105257,107.66671039164066
synth_512d,or,493,111.88723146915436,113.53031732141972
synth_512d,or,47,97.79632091522217,100.06059892475605
synth_512d,or,244,85.36968380212784,88.97494990378618
synth_512d,or,871,78.75205483287573,81.00701961666346
synth_512d,or,38,90.42827878147364,93.82551070302725
synth_512d,or,692,106.7095436155796,110.25357525795698
synth_512d,or,468,92.53213647753,95.87802924215794
synth_512d,or,508,72.98390846699476,76.51967462152243
synth_512d,or,196,109.37184561043978,111.04485020041466
synth_512d,or,386,134.64526273310184,138.24005145579576
synth_512d,or,236,96.28909174352884,98.51285722106695
synth_512d,or,983,83.60447827726603,86.92953269928694
synth_512d,or,325,118.1173138320446,121.66239321231842
synth_512d,or,110,72.02941924333572,75.56821219623089
synth_512d,or,199,51.50283686816692,55.0334807485342
synth_512d,or,788,101.67807340621948,105.24282697588205
synth_512d,or,193,82.60353934019804,85.9586289152503
synth_512d,or,902,73.12395609915257,76.51909254491329
synth_512d,or,143,108.15099813044071,111.71656660735607
synth_512d,or,350,92.84901898354292,96.20387572795153
synth_512d,or,243,66.92588794976473,70.55106107145548
synth_512d,or,641,80.49444295465946,83.83486419916153
synth_512d,or,626,101.12731251865625,104.68228720128536
synth_512d,or,204,118.43268293887377,121.9786936417222
synth_512d,or,460,122.87090066820383,126.45556125789881
synth_512d,or,470,74.79742635041475,77.02945731580257
synth_512d,or,772,125.93262363225222,129.49295341968536
synth_512d,or,376,75.96821524202824,79.51410952955484
synth_512d,or,669,107.92736429721117,111.47360783070326
synth_512d,or,686,94.45205796509981,97.84626308828592
synth_512d,or,476,104.32209819555283,105.96518404781818
synth_512d,or,829,115.91811198741198,117.80217755585909
synth_512d,or,863,51.085022278130054,54.66106813400984
synth_512d,or,860,97.86582086235285,99.55896530300379
synth_512d,or,161,98.10144547373056,101.63756087422371
synth_512d,or,212,103.92547119408846,107.3003513738513
synth_512d,or,385,76.23957935720682,78.50246038287878
synth_512d,or,484,89.97588884085417,92.25751273334026
synth_512d,or,336,92.60419756174088,94.85147893428802
synth_512d,or,420,119.74864173680544,123.32899495959282
synth_512d,or,415,120.01895811408758,123.60501568764448
synth_512d,or,360,90.50068911164999,94.07463949173689
synth_512d,or,103,94.39466521143913,97.78549429029226
synth_512d,or,990,148.99298548698425,152.56332699209452
synth_512d,or,217,75.94830822199583,79.49431892484426
synth_512d,or,419,72.02266715466976,74.30580444633961
synth_512d,or,246,54.32742182165384,56.63477350026369
synth_512d,or,617,117.87679977715015,121.28637172281742
synth_512d,or,356,68.38818080723286,71.95782382041216
synth_512d,or,551,138.59744649380445,140.26497956365347
synth_512d,or,517,82.2372967377305,85.64675226807594
synth_512d,or,56,95.01597378402948,97.29037992656231
synth_512d,or,951,107.10116475820541,110.51620822399855
synth_512d,or,331,116.22835882008076,119.78449765592813
synth_512d,or,988,108.74925646930933,112.13973630219698
synth_512d,or,963,104.1253563016653,107.47124906629324
synth_512d,or,751,79.33448068797588,82.93893188238144
synth_512d,or,81,72.06364534795284,73.90626706182957
synth_512d,or,919,127.6618568226695,131.22230302542448
synth_512d,or,556,116.3949491456151,119.93118096143007
synth_512d,or,801,101.95199865847826,103.60486339777708
synth_512d,or,695,101.25210974365473,104.80755008757114
synth_512d,or,666,72.0565440133214,75.46145934611559
synth_512d,or,970,51.76302511245012,55.30903581529856
synth_512d,or,251,158.18316023796797,161.7382513359189
synth_512d,or,582,131.44139666110277,135.1555110886693
synth_512d,or,547,51.56337283551693,55.14291115105152
synth_512d,or,286,126.28012336790562,130.0061121582985
synth_512d,or,510,82.0579007267952,85.42672730982304
synth_512d,or,959,106.1887014657259,107.92037937790155
synth_512d,or,984,71.5089263394475,75.15843026340008
synth_512d,or,506,101.16701014339924,102.80427522957325
synth_512d,or,727,93.27591396868229,95.59828322380781
synth_512d,or,267,112.58397717028856,114.24603872001171
synth_512d,or,492,72.98111449927092,76.52619387954473
synth_512d,or,359,80.48128802329302,84.00541264563799
synth_512d,or,314,135.84934640675783,139.40443750470877
synth_512d,or,9,91.22013580054045,93.48394814878702
synth_512d,or,263,167.16588288545609,168.82794443517923
synth_512d,or,953,105.44224642217159,108.81747584789991
synth_512d,or,144,67.71308835595846,71.27760909497738
synth_512d,or,171,72.62849248945713,76.20744872838259
synth_512d,or,346,125.70526450872421,129.10808436572552
synth_512d,or,694,94.52737867832184,98.09155017137527
synth_512d,or,826,124.62853919714689,128.02367564290762
synth_512d,or,106,109.83378160744905,113.2091274484992
synth_512d,or,169,71.31719030439854,74.88217670470476
synth_512d,or,324,80.51039185374975,83.86489935219288
synth_512d,or,162,51.14742089062929,54.75163925439119
synth_512d,or,27,120.86180504411459,124.44646563380957
synth_512d,or,588,90.24806786328554,93.82457938045263
synth_512d,or,783,132.47807510197163,134.12092812359333
synth_512d,or,401,102.90602222084999,104.57856114953756
synth_512d,or,705,121.9562254846096,125.49234088510275
synth_512d,or,190,100.47049727290869,102.13896166533232
synth_512d,or,941,117.46131349354982,121.02641630917788
synth_512d,or,717,51.32111255079508,54.88691385835409
synth_512d,or,149,71.572489105165,75.10755676776171
synth_512d,or,939,104.35085278004408,106.02304246276617
synth_512d,or,59,142.8229734301567,146.36700507253408
synth_512d,or,744,101.44675616174936,103.10369543731213
synth_512d,or,874,118.90241876244545,122.28824198246002
synth_512d,or,957,109.93040632456541,113.54603338986635
synth_512d,or,58,132.05292634665966,135.62676031142473
synth_512d,or,630,104.7278055921197,108.1414520740509
synth_512d,or,445,135.5116255581379,139.03749641031027
synth_512d,or,552,119.79404371231794,122.0880076289177
synth_512d,or,555,106.48963507264853,109.89455040544271
synth_512d,or,808,106.6252589225769,110.19036173820496
synth_512d,or,614,115.7241640612483,117.55677405744791
synth_512d,or,701,104.18705642223358,107.5920881703496
synth_512d,or,782,127.7547562494874,129.46710921823978
synth_512d,or,654,98.51728100329638,100.2155477181077
synth_512d,or,549,85.3284727782011,88.69776502251625
synth_512d,or,562,51.29037890583277,54.83755376189947
synth_512d,or,565,121.94830924272537,125.52435509860516
synth_512d,or,889,77.16671098023653,79.43972013890743
synth_512d,or,998,103.86086069047451,105.51849845796824
synth_512d,or,408,91.40814654529095,94.97767314314842
synth_512d,or,696,115.72998482733965,119.28414460271597
synth_512d,or,66,84.36536882072687,87.92243897914886
synth_512d,or,767,114.42834511399269,117.96329636126757
synth_512d,or,688,58.20405203849077,59.92606747895479
synth_512d,or,258,79.49781138449907,82.89318066090345
synth_512d,or,160,73.42011667788029,76.80500857532024
synth_512d,or,708,79.16754111647606,82.51704275608063
synth_512d,or,714,71.35176565498114,74.73770529031754
synth_512d,or,368,109.99513324350119,111.66243348270655
synth_512d,or,307,98.93847163766623,102.49449405819178
synth_512d,or,928,136.44853606820107,139.98860958963633
synth_512d,or,137,99.65954814106226,101.89146269112825
synth_512d,or,699,103.90218812972307,107.26600885391235
synth_512d,or,743,67.64836143702269,71.18249777704477
synth_512d,or,73,70.16584277153015,72.39449769258499
synth_512d,or,257,110.19047815352678,111.86266783624887
synth_512d,or,426,72.47249595820904,74.71686694771051
synth_512d,or,490,107.94762056320906,111.34147644042969
synth_512d,or,786,97.6866576820612,99.36955757439137
synth_512d,or,900,85.32451465725899,88.86854629963636
synth_512d,or,541,73.864939622581,77.4194486439228
synth_512d,or,31,110.13494804501534,113.68095874786377
synth_512d,or,181,67.35499482601881,70.89355494827032
synth_512d,or,647,132.0319715887308,133.699388243258
synth_512d,or,843,92.88301225751638,96.22809011489153
synth_512d,or,568,99.24801997840405,100.91019794344902
synth_512d,or,485,96.92681487649679,100.50076525658369
synth_512d,or,138,126.52529403567314,130.09854592382908
synth_512d,or,85,93.97638496011496,97.51156903803349
synth_512d,or,702,129.2061060667038,132.76899699121714
synth_512d,or,878,58.262841776013374,59.974961914122105
synth_512d,or,237,81.74299728125334,84.01100058108568
synth_512d,or,8,72.45899178087711,75.84854029119015
synth_512d,or,210,97.09503501653671,100.47585237771273
synth_512d,or,866,96.55347093939781,98.2403289526701
synth_512d,or,861,119.84456796199083,123.40513058006763
synth_512d,or,563,76.83970034122467,80.42552508413792
synth_512d,or,613,70.11904381215572,73.68403021246195
synth_512d,or,901,119.74421795457602,123.29558376222849
synth_512d,or,21,115.36129750311375,118.91743633896112
synth_512d,or,347,132.54419900476933,136.11838221549988
synth_512d,or,634,113.0604650825262,116.44535697996616
synth_512d,or,454,88.82570546120405,92.34098251909018
synth_512d,or,675,76.36949885636568,78.61258927732706
synth_512d,or,757,100.90100113302469,104.464590549469
synth_512d,or,656,51.27245094627142,54.823001846671104
synth_512d,or,135,75.21803490817547,77.48045027256012
synth_512d,or,220,88.31091690808535,90.5737979337573
synth_512d,or,304,120.22920418530703,123.75588994473219
synth_512d,or,597,147.4472228437662,151.02140605449677
synth_512d,or,418,115.60739949345589,117.45595838874578
synth_512d,or,1,120.12990191578865,122.37392365932465
synth_512d,or,208,116.178416647017,119.70347259193659
synth_512d,or,606,54.396805353462696,56.63547199219465
synth_512d,or,423,107.56170377135277,109.22329965978861
synth_512d,or,62,69.57561708986759,73.11999797821045
synth_512d,or,195,123.50163888186216,127.0355423912406
synth_512d,or,253,114.19504880905151,117.82045476138592
synth_512d,or,412,67.73706991225481,71.25269621610641
synth_512d,or,648,72.22255226224661,75.77799260616302
synth_512d,or,112,67.1314774081111,70.6859864294529
synth_512d,or,226,108.99303015321493,110.72936467826366
synth_512d,or,184,51.66139453649521,55.21858111023903
synth_512d,or,880,87.40182965993881,89.67495523393154
synth_512d,or,633,110.81737466156483,114.23113755881786
synth_512d,or,247,72.78344128280878,74.66692477464676
synth_512d,or,472,91.20663162320852,93.48953608423471
synth_512d,or,320,85.5268444865942,89.13641795516014
synth_512d,or,130,102.69845370203257,106.2530791386962
synth_512d,or,446,117.615913040936,121.20034079998732
synth_512d,or,618,122.04202357679605,125.6170216947794
synth_512d,or,896,94.43191811442375,97.79154788702726
synth_512d,or,974,68.897963501513,71.20589725673199
synth_512d,or,26,72.41929415613413,75.99906530231237
synth_512d,or,170,51.8325250595808,55.19809201359749
synth_512d,or,938,68.53847298771143,72.13442586362362
synth_512d,or,838,116.77644215524197,120.3310675919056
synth_512d,or,333,123.69081377983093,127.28502042591572
synth_512d,or,91,51.02285649627447,54.57794759422541
synth_512d,or,129,88.72733451426029,90.97042493522167
synth_512d,or,642,53.08038089424372,55.313692428171635
synth_512d,or,792,112.60842438787222,114.29155711084604
synth_512d,or,384,114.18189387768507,115.89948553591967
synth_512d,or,611,98.47350884228945,100.14150757342577
synth_512d,or,989,67.64684803783894,71.21195085346699
synth_512d,or,82,98.70249778032303,100.38656182587147
synth_512d,or,105,95.90107947587967,99.48411025106907
synth_512d,or,922,83.09504482895136,86.47062350064516
synth_512d,or,463,101.39250662177801,103.04979514330626
synth_512d,or,444,94.4723142310977,97.88759052753448
synth_512d,or,793,76.12898480147123,79.70852311700583
synth_512d,or,605,85.21310519427061,88.59822992235422
synth_512d,or,566,108.90746489167213,110.57942174375057
synth_512d,or,294,93.69070176035166,97.10539598017931
synth_512d,or,594,74.29206743836403,76.58451795578003
synth_512d,or,716,93.0646201595664,95.33774573355913
synth_512d,or,627,110.35404168069363,112.03764006495476
synth_512d,or,513,79.15939204394817,82.78503082692623
synth_512d,or,927,101.93698108196259,105.31186126172543
synth_512d,or,994,118.37307829409838,121.9630939885974
synth_512d,or,785,92.70920418202877,96.28559928387403
synth_512d,or,637,98.55732787400484,100.23999493569136
synth_512d,or,905,57.98717029392719,60.269259847700596
synth_512d,or,679,99.26792699843645,102.8550323098898
synth_512d,or,44,69.27817594259977,72.8383893147111
synth_512d,or,524,154.6534476801753,158.25300943106413
synth_512d,or,28,123.68510942906141,127.27791909128428
synth_512d,or,690,70.31450513750315,73.94608110189438
synth_512d,or,387,100.05396325141191,103.65061461925507
synth_512d,or,802,75.82898251712322,78.0824339017272
synth_512d,or,876,115.08306488394737,118.66888962686062
synth_512d,or,731,104.35201693326235,106.01920075714588
synth_512d,or,907,57.21184425055981,59.49917249381542
synth_512d,or,392,115.64802844077349,119.21301484107971
synth_512d,or,515,121.99406046420336,125.56894216686487
synth_512d,or,80,104.42722123116255,106.10034223645926
synth_512d,or,697,115.8940140157938,117.59623885154724
synth_512d,or,233,94.96649727225304,97.26826101541519
synth_512d,or,934,79.06369864940643,81.33752271533012
synth_512d,or,728,83.32089055329561,86.91486436873674
synth_512d,or,589,117.72196739912033,121.32246047258377
synth_512d,or,285,95.05613707005978,98.63055311143398
synth_512d,or,827,77.40629371255636,80.99584374576807
synth_512d,or,413,67.30668246746063,70.89157588779926
synth_512d,or,619,80.40061220526695,82.71459955722094
synth_512d,or,288,97.0249529927969,100.62905494123697
synth_512d,or,219,68.05267184972763,70.35618182271719
synth_512d,or,109,74.60638880729675,78.1714916229248
synth_512d,or,569,156.78536146879196,158.46744645386934
synth_512d,or,117,122.49674182385206,126.07336975634098
synth_512d,or,940,97.3154092207551,98.98294229060411
synth_512d,or,847,109.71375741064548,113.30423876643181
synth_512d,or,830,110.0301742553711,111.74124665558338
synth_512d,or,499,77.08021439611912,80.6557945907116
synth_512d,or,753,117.37784370779991,120.95144484192133
synth_512d,or,571,120.70208322256804,124.26718603819609
synth_512d,or,730,98.84824976325035,102.44420263916254
synth_512d,or,312,73.39112926274538,76.96554530411959
synth_512d,or,120,115.85419997572899,117.72708967328072
synth_512d,or,736,89.7443387657404,93.11945177614689
synth_512d,or,375,113.84545359760523,115.52753858268261
synth_512d,or,183,81.9874694570899,85.4019308462739
synth_512d,or,840,137.98684813082218,141.53285883367062
synth_512d,or,402,110.86626909673214,114.26105629652739
synth_512d,or,777,79.70444858074188,81.99294097721577
synth_512d,or,389,73.82628973573446,77.41013541817665
synth_512d,or,450,77.0313199609518,80.58641105890274
synth_512d,or,128,109.56532787531614,111.23286094516516
synth_512d,or,7,72.18890823423862,74.49276745319366
synth_512d,or,453,113.29562403261662,116.7096197605133
synth_512d,or,775,94.19606067240238,97.61564433574677
synth_512d,or,609,132.18785170465708,135.79765800386667
synth_512d,or,761,89.01767432689667,91.28160309046507
synth_512d,or,449,71.90415635704994,75.3478379920125
synth_512d,or,665,133.25584586709738,136.83619908988476
synth_512d,or,18,104.19241152703762,107.77672287076712
synth_512d,or,441,92.82794781029224,96.20410855859518
synth_512d,or,764,99.97072629630566,102.25351434201002
synth_512d,or,89,81.32110815495253,83.01506750285625
synth_512d,or,851,126.4261081814766,130.03475032746792
synth_512d,or,218,70.26060484349728,73.84666241705418
synth_512d,or,491,74.86215326935053,78.44821084290743
synth_512d,or,23,84.94232315570116,88.30777369439602
synth_512d,or,477,113.45103848725557,115.12299533933401
synth_512d,or,995,83.99505168199539,86.29355579614639
synth_512d,or,357,114.21111412346363,115.92300143092871
synth_512d,equal,303,45.75843922793865,46.25879228115082
synth_512d,equal,691,44.64713856577873,46.460190787911415
synth_512d,equal,946,44.77647598832846,46.05937283486128
synth_512d,equal,241,44.80255302041769,46.61502316594124
synth_512d,equal,134,44.778105802834034,46.60116974264383
synth_512d,equal,198,44.616637751460075,44.926535338163376
synth_512d,equal,393,44.5130281150341,46.325032599270344
synth_512d,equal,550,44.51535642147064,44.81663927435875
synth_512d,equal,422,44.55260932445526,46.37567326426506
synth_512d,equal,381,44.501619413495064,44.81349606066942
synth_512d,equal,956,44.49649713933468,44.81198266148567
synth_512d,equal,237,45.67881114780903,46.32445052266121
synth_512d,equal,275,44.6016201749444,44.90290302783251
synth_512d,equal,846,44.51698623597622,44.826650992035866
synth_512d,equal,886,44.46564707905054,46.28684837371111
synth_512d,equal,622,44.57531031221151,46.37404344975948
synth_512d,equal,979,44.43572834134102,45.72421312332153
synth_512d,equal,295,44.53700967133045,46.34901415556669
synth_512d,equal,570,44.49265543371439,45.77368963509798
synth_512d,equal,804,44.406973756849766,46.22410051524639
synth_512d,equal,885,44.460524804890156,45.752967707812786
synth_512d,equal,638,44.478802010416985,45.76984792947769
synth_512d,equal,619,44.54236477613449,45.83294503390789
synth_512d,equal,287,44.380081817507744,46.17904778569937
synth_512d,equal,663,45.82875408232212,46.469736844301224
synth_512d,equal,166,44.31104753166437,46.132015995681286
synth_512d,equal,268,45.533524826169014,46.218978241086006
synth_512d,equal,488,45.68102303892374,46.31082993000746
synth_512d,equal,92,44.4888137280941,45.770313590765
synth_512d,equal,297,44.45842932909727,46.26507870852947
synth_512d,equal,676,44.517917558550835,45.799301005899906
synth_512d,equal,299,44.413842260837555,44.723739847540855
synth_512d,equal,769,44.41221244633198,44.717686250805855
synth_512d,equal,120,44.43048965185881,44.73235458135605
synth_512d,equal,442,44.43072248250246,44.74224988371134
synth_512d,equal,384,45.48241849988699,46.18847742676735
synth_512d,equal,325,44.39125768840313,44.70220301300287
synth_512d,equal,859,44.454820454120636,44.76471804082394
synth_512d,equal,817,45.51815800368786,46.22910637408495
synth_512d,equal,360,44.40161865204573,46.22258711606264
synth_512d,equal,680,44.43037323653698,44.73957233130932
synth_512d,equal,60,44.40138582140207,46.185567043721676
synth_512d,equal,379,44.427113607525826,44.738175347447395
synth_512d,equal,737,44.42280624061823,44.72734872251749
synth_512d,equal,853,44.37181632965803,46.1688032373786
synth_512d,equal,307,44.38590258359909,45.666820369660854
synth_512d,equal,895,44.41337659955025,46.289991587400436
synth_512d,equal,785,44.41733472049236,44.72746513783932
synth_512d,equal,626,44.302898459136486,44.61302887648344
synth_512d,equal,503,45.7897549495101,46.410830691456795
synth_512d,equal,72,44.39882468432188,46.21001426130533
synth_512d,equal,919,44.587068259716034,44.88788545131683
synth_512d,equal,240,44.41093187779188,46.223984099924564
synth_512d,equal,640,44.36739254742861,46.173459850251675
synth_512d,equal,739,44.42187491804361,46.24307621270418
synth_512d,equal,447,44.34690345078707,44.65773236006498
synth_512d,equal,581,44.386135414242744,46.1796298623085
synth_512d,equal,671,44.33700814843178,46.15890793502331
synth_512d,equal,904,45.76309584081173,46.3840551674366
synth_512d,equal,75,44.35097798705101,44.66203972697258
synth_512d,equal,985,44.40103657543659,46.22386768460274
synth_512d,equal,19,45.69464363157749,46.173809096217155
synth_512d,equal,217,44.4015022367239,44.711632654070854
synth_512d,equal,370,44.42618228495121,44.72630098462105
synth_512d,equal,605,44.36541348695755,46.173809096217155
synth_512d,equal,665,44.32618152350187,44.63770892471075
synth_512d,equal,135,44.46099046617746,45.74854392558336
synth_512d,equal,909,44.36576273292303,46.18882667273283
synth_512d,equal,341,44.46797538548708,44.78706978261471
synth_512d,equal,21,44.29253749549389,45.574503019452095
synth_512d,equal,816,44.338637962937355,46.17020022124052
synth_512d,equal,770,44.34084985405207,46.15390207618475
synth_512d,equal,863,44.450629502534866,46.249013394117355
synth_512d,equal,256,44.44597288966179,44.747255742549896
synth_512d,equal,283,45.684282667934895,46.35483492165804
synth_512d,equal,741,44.38869655132294,44.69812847673893
synth_512d,equal,580,44.4118632003665,46.2440075352788
synth_512d,equal,463,45.70337478071451,46.18417005985975
synth_512d,equal,96,45.58369982987642,46.27346061170101
synth_512d,equal,781,45.552500523626804,46.24354187399149
synth_512d,equal,407,44.38706673681736,45.66914867609739
synth_512d,equal,830,44.37798634171486,46.21047992259264
synth_512d,equal,69,44.35679875314236,46.179862692952156
synth_512d,equal,214,44.3669268861413,44.67798862606287
synth_512d,equal,988,44.476473703980446,46.308618038892746
synth_512d,equal,394,44.495915062725544,46.30838520824909
synth_512d,equal,144,44.446904212236404,46.24994471669197
synth_512d,equal,266,44.34108268469572,46.144239604473114
synth_512d,equal,852,45.4682158306241,46.15471698343754
synth_512d,equal,727,44.418033212423325,44.72699947655201
synth_512d,equal,382,44.37682218849659,46.19895480573177
synth_512d,equal,729,45.680091716349125,46.17508966475725
synth_512d,equal,940,44.437008909881115,46.23900167644024
synth_512d,equal,658,45.632594265043736,46.26810550689697
synth_512d,equal,827,44.38776522874832,46.19895480573177
synth_512d,equal,945,45.71338649839163,46.19441460818052
synth_512d,equal,996,44.462853111326694,44.77298352867365
synth_512d,equal,190,45.70942837744951,46.350411139428616
synth_512d,equal,831,44.45796366780996,44.762156903743744
synth_512d,equal,891,44.40790507942438,46.20093386620283
synth_512d,equal,162,44.43048965185881,44.70616113394499
synth_512d,equal,596,44.441199861466885,44.751097448170185
synth_512d,equal,569,44.467044062912464,46.27986345440149
synth_512d,equal,506,45.43899558484554,46.11979238688946
synth_512d,equal,179,44.42059434950352,44.73049193620682
synth_512d,equal,62,44.31151319295168,44.620479457080364
synth_512d,equal,67,44.30278204381466,44.60196942090988
synth_512d,equal,74,44.476939365267754,44.78613846004009
synth_512d,equal,208,44.471933506429195,44.77647598832846
synth_512d,equal,651,44.48625259101391,46.28836177289486
synth_512d,equal,888,44.46145612746477,46.25343717634678
synth_512d,equal,122,44.4378238171339,45.703258365392685
synth_512d,equal,764,44.44201476871967,46.25495057553053
synth_512d,equal,167,44.49649713933468,44.80662755668163
synth_512d,equal,792,44.50604319572449,44.81244832277298
synth_512d,equal,118,44.49277184903622,45.76332867145538
synth_512d,equal,2,45.62817048281431,46.31385672837496
synth_512d,equal,472,45.507680624723434,46.168919652700424
synth_512d,equal,302,44.50103733688593,46.313623897731304
synth_512d,equal,901,44.39288750290871,46.18056118488312
synth_512d,equal,850,45.587075874209404,46.26810550689697
synth_512d,equal,825,44.39684562385082,46.209897845983505
synth_512d,equal,927,45.772409066557884,46.42433486878872
synth_512d,equal,522,44.58962939679623,45.85238639265299
synth_512d,equal,914,44.55656744539738,44.85750105232
synth_512d,equal,834,44.55528687685728,44.855871237814426
synth_512d,equal,898,45.62444519251585,46.325381845235825
synth_512d,equal,127,44.53596193343401,46.40291444957256
synth_512d,equal,14,44.38136238604784,46.19441460818052
synth_512d,equal,485,44.5216428488493,46.31024785339832
synth_512d,equal,251,45.6332927569747,46.31525371223688
synth_512d,equal,670,44.39137410372496,46.20314575731754
synth_512d,equal,698,44.41628698259592,46.22910637408495
synth_512d,equal,109,44.53747533261776,44.828164391219616
synth_512d,equal,593,44.496962800621986,46.29907198250294
synth_512d,equal,206,44.50150299817324,46.31443880498409
synth_512d,equal,565,45.784516260027885,46.4441254734993
synth_512d,equal,361,44.43770740181208,46.23073618859053
synth_512d,equal,66,44.57158502191305,45.85261922329664
synth_512d,equal,984,44.47204992175102,46.27497401088476
synth_512d,equal,546,44.53561268746853,44.83677912503481
synth_512d,equal,911,44.42117642611265,44.72315777093172
synth_512d,equal,641,44.426997192204,46.22864071279764
synth_512d,equal,786,44.42280624061823,46.23550921678543
synth_512d,equal,20,44.42047793418169,44.73153967410326
synth_512d,equal,514,44.43642683327198,45.70756573230028
synth_512d,equal,734,44.41582132130861,45.67811265587807
synth_512d,equal,269,44.46611274033785,46.274042688310146
synth_512d,equal,79,44.42757926881313,44.73619628697634
synth_512d,equal,615,44.37612369656563,46.18812818080187
synth_512d,equal,653,44.38101314008236,44.68101542443037
synth_512d,equal,132,44.29591353982687,46.10768519341946
synth_512d,equal,416,44.541084207594395,44.852145947515965
synth_512d,equal,254,44.44073420017958,44.742017053067684
synth_512d,equal,136,44.48171239346266,44.78136543184519
synth_512d,equal,339,44.435146264731884,46.22864071279764
synth_512d,equal,723,44.5082550868392,44.79789640754461
synth_512d,equal,717,44.47775427252054,46.260771341621876
synth_512d,equal,523,44.50639244168997,44.807326048612595
synth_512d,equal,42,44.420943595469,45.70314195007086
synth_512d,equal,533,44.40685734152794,46.21804691851139
synth_512d,equal,775,44.41256169229746,46.234577894210815
synth_512d,equal,899,44.50604319572449,44.81594078242779
synth_512d,equal,329,44.420943595469,44.735497795045376
synth_512d,equal,91,44.383807107806206,46.19569517672062
synth_512d,equal,296,44.3971948698163,46.2051248177886
synth_512d,equal,94,44.36832387000322,46.19022365659475
synth_512d,equal,412,44.53759174793959,44.8375940322876
synth_512d,equal,592,44.41698547452688,46.21909465640783
synth_512d,equal,958,44.516054913401604,46.31909541785717
synth_512d,equal,131,44.53130532056093,44.84131932258606
synth_512d,equal,868,44.45842932909727,46.26601003110409
synth_512d,equal,100,44.55342423170805,44.86262332648039
synth_512d,equal,321,45.77799700200558,46.25297151505947
synth_512d,equal,373,44.602551497519016,46.423752792179585
synth_512d,equal,558,44.411979615688324,46.22386768460274
synth_512d,equal,439,44.57798786461353,44.87857222557068
synth_512d,equal,700,44.543761759996414,46.35588265955448
synth_512d,equal,744,44.48730032891035,46.289293095469475
synth_512d,equal,947,45.60418892651796,46.28009628504515
synth_512d,equal,149,45.699882321059704,46.390690840780735
synth_512d,equal,841,44.51349377632141,44.823624193668365
synth_512d,equal,364,44.496613554656506,45.78311927616596
synth_512d,equal,586,44.33584399521351,46.134344302117825
synth_512d,equal,725,45.77741492539644,46.26403097063303
synth_512d,equal,320,44.49975676834583,46.312808990478516
synth_512d,equal,191,45.78346852213144,46.279048547148705
synth_512d,equal,156,44.486718252301216,46.2997704744339
synth_512d,equal,38,44.526997953653336,44.84690725803375
synth_512d,equal,11,45.809196308255196,46.29429895430803
synth_512d,equal,953,44.599873945117,44.9115177616477
synth_512d,equal,892,45.67380528897047,46.39464896172285
synth_512d,equal,758,44.5415498688817,44.842599891126156
synth_512d,equal,751,44.561573304235935,44.86285615712404
synth_512d,equal,780,44.55866292119026,46.379747800529
synth_512d,equal,22,44.41826604306698,45.69801967591047
synth_512d,equal,879,44.47600804269314,46.29010800272226
synth_512d,equal,608,44.54189911484718,44.84201781451702
synth_512d,equal,139,44.54248119145632,44.842599891126156
synth_512d,equal,5,44.55505404621363,46.35902587324381
synth_512d,equal,874,44.50778942555189,46.31385672837496
synth_512d,equal,925,44.446089304983616,46.230037696659565
synth_512d,equal,810,45.57846114039421,46.2639145553112
synth_512d,equal,828,44.492888264358044,44.79370545595884
synth_512d,equal,65,44.53095607459545,44.84201781451702
synth_512d,equal,915,44.49149128049612,46.304077841341496
synth_512d,equal,445,44.58718467503786,44.89906132221222
synth_512d,equal,880,44.495915062725544,46.288943849503994
synth_512d,equal,516,44.50813867151737,44.7987113147974
synth_512d,equal,871,44.4870674982667,44.79812923818827
synth_512d,equal,492,45.62374670058489,46.30477633327246
synth_512d,equal,178,44.44678779691458,46.25832661986351
synth_512d,equal,738,44.4706529378891,45.76263017952442
synth_512d,equal,809,44.517102651298046,46.31944466382265
synth_512d,equal,419,44.59812771528959,44.90802530199289
synth_512d,equal,585,44.54655572772026,46.367640607059
synth_512d,equal,709,45.88032606989145,46.36577796190977
synth_512d,equal,617,44.44736987352371,46.27020098268986
synth_512d,equal,662,45.80710083246231,46.43923602998257
synth_512d,equal,603,44.42816134542227,46.249362640082836
synth_512d,equal,78,44.60883792489767,44.91792060434818
synth_512d,equal,213,44.50674168765545,46.313973143696785
synth_512d,equal,513,44.421409256756306,46.223984099924564
synth_512d,equal,468,44.54213194549084,46.35518416762352
synth_512d,equal,111,44.60685886442661,44.91698928177357
synth_512d,equal,50,44.59707997739315,46.384986490011215
synth_512d,equal,249,44.58311013877392,44.89300772547722
synth_512d,equal,681,45.837718062102795,46.30966577678919
synth_512d,equal,46,44.45691592991352,46.25995643436909
synth_512d,equal,293,44.555519707500935,46.36950325220823
synth_512d,equal,694,44.527812860906124,44.82793156057596
synth_512d,equal,807,44.4978941231966,44.81710493564606
synth_512d,equal,4,44.56145688891411,46.38440441340208
synth_512d,equal,923,45.677064917981625,46.35902587324381
synth_512d,equal,103,44.5324694737792,46.34459037333727
synth_512d,equal,612,45.56740168482065,46.23830318450928
synth_512d,equal,682,44.63666118681431,45.92398181557655
synth_512d,equal,517,44.581363908946514,45.85843998938799
synth_512d,equal,26,44.58369221538305,45.86484283208847
synth_512d,equal,995,44.53107248991728,46.33364733308554
synth_512d,equal,18,45.74831109493971,46.40943370759487
synth_512d,equal,990,44.52152643352747,44.828164391219616
synth_512d,equal,755,45.779161155223846,46.289991587400436
synth_512d,equal,383,44.547952711582184,46.370550990104675
synth_512d,equal,926,44.638291001319885,45.89976742863655
synth_512d,equal,782,44.53258588910103,44.84155215322971
synth_512d,equal,372,44.54725421965122,46.36845551431179
synth_512d,equal,650,44.56262104213238,46.36473022401333
synth_512d,equal,151,44.623506255447865,44.92292646318674
synth_512d,equal,896,44.40732300281525,46.22037522494793
synth_512d,equal,783,44.49556581676006,45.77857907861471
synth_512d,equal,571,45.618158765137196,46.30850162357092
synth_512d,equal,298,44.50173582881689,46.3045435026288
synth_512d,equal,377,44.53165456652641,46.325032599270344
synth_512d,equal,642,45.74295599013567,46.38358950614929
synth_512d,equal,211,44.4226898252964,44.722575694322586
synth_512d,equal,95,45.725260861217976,46.35588265955448
synth_512d,equal,510,44.48776599019766,46.29965405911207
synth_512d,equal,282,44.477987103164196,46.28906026482582
synth_512d,equal,646,44.525484554469585,44.820946641266346
synth_512d,equal,294,44.58683542907238,44.89603452384472
synth_512d,equal,832,44.52606663107872,46.329572796821594
synth_512d,equal,182,44.521293602883816,46.31839692592621
synth_512d,equal,170,44.562737457454205,46.360306441783905
synth_512d,equal,76,44.43258512765169,46.24552093446255
synth_512d,equal,611,44.61186472326517,46.41036503016949
synth_512d,equal,152,44.56320311874151,46.379282139241695
synth_512d,equal,161,44.52746361494064,45.779161155223846
synth_512d,equal,689,45.7599526271224,46.419911086559296
synth_512d,equal,402,45.814900659024715,46.29592876881361
synth_512d,equal,965,44.605927541852,46.39802500605583
synth_512d,equal,861,44.550513848662376,45.813387259840965
synth_512d,equal,508,45.61431705951691,46.295346692204475
synth_512d,equal,140,44.546439312398434,46.34936340153217
synth_512d,equal,669,44.609070755541325,44.90895662456751
synth_512d,equal,313,44.57170143723488,46.383822336792946
synth_512d,equal,645,45.66390998661518,46.36507946997881
synth_512d,equal,228,44.65249367058277,44.9625076726079
synth_512d,equal,999,45.694177970290184,46.37520760297775
synth_512d,equal,12,44.50604319572449,46.318164095282555
synth_512d,equal,613,44.508837163448334,44.81896758079529
synth_512d,equal,446,44.43188663572073,46.24912980943918
synth_512d,equal,271,44.638291001319885,44.93747837841511
synth_512d,equal,6,44.44352816790342,45.72502803057432
synth_512d,equal,28,44.40161865204573,46.204193495213985
synth_512d,equal,246,45.53794860839844,46.22002597898245
synth_512d,equal,243,44.432817958295345,44.737476855516434
synth_512d,equal,556,44.49707921594381,44.8077917098999
synth_512d,equal,679,44.5216428488493,46.343542635440826
synth_512d,equal,930,44.511863961815834,46.304892748594284
synth_512d,equal,982,45.8891736343503,46.38358950614929
synth_512d,equal,660,44.39777694642544,45.67846190184355
synth_512d,equal,746,44.365995563566685,46.178814955055714
synth_512d,equal,64,44.52315624803305,44.828164391219616
synth_512d,equal,391,44.59114279597998,46.398257836699486
synth_512d,equal,278,45.94889469444752,46.41897976398468
synth_512d,equal,209,44.51163113117218,44.82199437916279
synth_512d,equal,957,44.5069745182991,44.81244832277298
synth_512d,equal,835,44.58241164684296,44.89137791097164
synth_512d,equal,659,44.58730109035969,44.89230923354626
synth_512d,equal,401,44.48229447007179,44.79149356484413
synth_512d,equal,639,44.45761442184448,46.309782192111015
synth_512d,equal,509,44.526997953653336,45.81850953400135
synth_512d,equal,760,44.43794023245573,46.23935092240572
synth_512d,equal,186,44.53130532056093,46.325381845235825
synth_512d,equal,101,44.53735891729593,45.82258407026529
synth_512d,equal,906,44.41291093826294,46.21478728950024
synth_512d,equal,116,44.44620572030544,46.240282244980335
synth_512d,equal,964,44.587417505681515,45.87892908602953
synth_512d,equal,61,45.61420064419508,46.29523027688265
synth_512d,equal,371,44.4767065346241,44.77205220609903
synth_512d,equal,147,44.41745113581419,46.23935092240572
synth_512d,equal,865,44.426415115594864,46.228524297475815
synth_512d,equal,387,44.63607911020517,44.945976696908474
synth_512d,equal,486,45.84842827171087,46.509900130331516
synth_512d,equal,276,44.59032788872719,44.90092396736145
synth_512d,equal,326,44.60732452571392,44.90744322538376
synth_512d,equal,976,44.480664655566216,46.273693442344666
synth_512d,equal,595,44.5774057880044,46.414206735789776
synth_512d,equal,175,45.848311856389046,46.52957431972027
synth_512d,equal,199,44.5609912276268,44.87286787480116
synth_512d,equal,210,44.462503865361214,46.274508349597454
synth_512d,equal,656,44.64143421500921,45.915134251117706
synth_512d,equal,443,44.526299461722374,45.809196308255196
synth_512d,equal,823,44.565764255821705,44.87729165703058
synth_512d,equal,967,44.501968659460545,44.78241316974163
synth_512d,equal,288,44.62816286832094,44.92828156799078
synth_512d,equal,534,44.538406655192375,46.35052755475044
synth_512d,equal,460,44.63607911020517,45.913620851933956
synth_512d,equal,261,44.510699808597565,45.79802043735981
synth_512d,equal,757,44.557382352650166,46.369386836886406
synth_512d,equal,597,44.49719563126564,46.3239848613739
synth_512d,equal,114,44.675893150269985,44.97682675719261
synth_512d,equal,82,45.693013817071915,46.393019147217274
synth_512d,equal,244,44.60231866687536,46.429806388914585
synth_512d,equal,230,44.581363908946514,46.39546386897564
synth_512d,equal,815,44.566928409039974,46.36915400624275
synth_512d,equal,414,44.66238897293806,46.49406764656305
synth_512d,equal,609,44.58834882825613,46.39045801013708
synth_512d,equal,563,44.45691592991352,46.25984001904726
synth_512d,equal,973,44.54236477613449,46.33504431694746
synth_512d,equal,732,44.64189987629652,46.42608109861612
synth_512d,equal,39,44.633401557803154,44.933054596185684
synth_512d,equal,621,44.538755901157856,44.85773388296366
synth_512d,equal,620,45.868800953030586,46.34982906281948
synth_512d,equal,842,44.600688852369785,45.8922004327178
synth_512d,equal,959,44.62292417883873,46.44482396543026
synth_512d,equal,924,44.62595097720623,45.91816104948521
synth_512d,equal,176,44.637941755354404,44.93806045502424
synth_512d,equal,143,44.596497900784016,45.87916191667318
synth_512d,equal,557,44.56820897758007,46.379747800529
synth_512d,equal,932,44.62292417883873,46.4350450783968
synth_512d,equal,117,44.58881448954344,44.888933189213276
synth_512d,equal,524,44.590444304049015,46.382308937609196
synth_512d,equal,148,45.74831109493971,46.44936416298151
synth_512d,equal,672,44.61605567485094,44.92711741477251
synth_512d,equal,706,44.663785956799984,46.485685743391514
synth_512d,equal,284,44.58241164684296,46.39499820768833
synth_512d,equal,893,44.56378519535065,46.394532546401024
synth_512d,equal,715,44.68241240829229,44.99137867242098
synth_512d,equal,177,44.66099198907614,44.971005991101265
synth_512d,equal,259,44.64690573513508,45.9388829767704
synth_512d,equal,184,44.60243508219719,44.90802530199289
synth_512d,equal,247,45.75762432068586,46.24202847480774
synth_512d,equal,235,44.48741674423218,44.787535443902016
synth_512d,equal,794,44.55656744539738,44.86751276999712
synth_512d,equal,285,45.73375917971134,46.43143620342016
synth_512d,equal,409,45.912107452750206,46.40198312699795
synth_512d,equal,855,44.511049054563046,44.821412302553654
synth_512d,equal,453,45.907916501164436,46.36798985302448
synth_512d,equal,972,44.612097553908825,46.435859985649586
synth_512d,equal,991,44.59265619516373,44.901855289936066
synth_512d,equal,683,44.51093263924122,46.32491618394852
synth_512d,equal,408,44.55307498574257,44.85843237489462
synth_512d,equal,289,44.533051550388336,46.356115490198135
synth_512d,equal,875,44.543296098709106,45.8334106951952
synth_512d,equal,687,44.629909098148346,44.93934102356434
synth_512d,equal,274,44.51686982065439,46.31991032510996
synth_512d,equal,710,44.57193426787853,46.36950325220823
synth_512d,equal,664,44.567277655005455,46.379282139241695
synth_512d,equal,234,45.9298025816679,46.59639671444893
synth_512d,equal,215,44.74795423448086,45.03689706325531
synth_512d,equal,281,44.72385626286268,45.023742131888866
synth_512d,equal,452,44.691143557429314,44.982414692640305
synth_512d,equal,701,44.641667045652866,46.46449815481901
synth_512d,equal,748,44.60802301764488,46.40000406652689
synth_512d,equal,883,44.53177098184824,45.79336382448673
synth_512d,equal,567,45.809196308255196,46.30023613572121
synth_512d,equal,766,45.95378413796425,46.61409184336662
synth_512d,equal,684,44.9473736807704,45.248656533658504
synth_512d,equal,223,44.77065522223711,46.59441765397787
synth_512d,equal,258,44.80243660509586,45.12153100222349
synth_512d,equal,950,44.77705806493759,45.078108087182045
synth_512d,equal,357,45.95797508955002,46.443892642855644
synth_512d,equal,577,44.61349453777075,46.415370889008045
synth_512d,equal,205,44.757965952157974,46.57998215407133
synth_512d,equal,262,44.60732452571392,45.88835872709751
synth_512d,equal,248,44.67193502932787,45.96204962581396
synth_512d,equal,40,44.728280045092106,45.02933006733656
synth_512d,equal,673,44.72630098462105,45.02828232944012
synth_512d,equal,560,44.74667366594076,46.56449891626835
synth_512d,equal,45,44.62746437638998,44.93293818086386
synth_512d,equal,475,45.942491851747036,46.45250737667084
synth_512d,equal,53,44.59719639271498,46.393717639148235
synth_512d,equal,910,44.67566031962633,45.976717956364155
synth_512d,equal,280,44.728745706379414,45.03852687776089
synth_512d,equal,47,44.737826101481915,46.530854888260365
synth_512d,equal,411,44.58788316696882,46.388828195631504
synth_512d,equal,310,44.62362267076969,44.932239688932896
synth_512d,equal,657,44.60697527974844,44.90802530199289
synth_512d,equal,410,44.647837057709694,46.469736844301224
synth_512d,equal,778,44.59696356207132,44.90616265684366
synth_512d,equal,591,46.018860302865505,46.52037750929594
synth_512d,equal,337,45.66996358335018,46.37101665139198
synth_512d,equal,548,45.78428342938423,46.49418406188488
synth_512d,equal,952,45.74400372803211,46.435510739684105
synth_512d,equal,338,44.663785956799984,46.47590685635805
synth_512d,equal,699,44.66855898499489,46.47020250558853
synth_512d,equal,429,44.6616904810071,46.47450987249613
synth_512d,equal,102,44.742366299033165,45.03852687776089
synth_512d,equal,218,44.64748781174421,44.953194446861744
synth_512d,equal,840,44.73305307328701,45.043183490633965
synth_512d,equal,549,44.68811675906181,46.51001654565334
synth_512d,equal,197,44.60173659026623,46.42014391720295
synth_512d,equal,714,45.9540169686079,46.445056796073914
synth_512d,equal,843,44.641667045652866,44.95156463235617
synth_512d,equal,788,44.765882194042206,45.076245442032814
synth_512d,equal,426,44.61256321519613,44.91803701967001
synth_512d,equal,975,44.665997847914696,44.98707130551338
synth_512d,equal,511,44.697895646095276,46.529341489076614
synth_512d,equal,501,44.606393203139305,46.41944542527199
synth_512d,equal,526,44.62699871510267,45.90803291648626
synth_512d,equal,157,44.59265619516373,46.41548730432987
synth_512d,equal,238,44.55714952200651,44.85796671360731
synth_512d,equal,907,44.656102545559406,44.96693145483732
synth_512d,equal,568,44.632935896515846,46.45402077585459
synth_512d,equal,718,45.78207153826952,46.497792936861515
synth_512d,equal,16,44.56646274775267,46.35949153453112
synth_512d,equal,531,44.77170296013355,45.083463191986084
synth_512d,equal,98,44.653890654444695,44.96739711612463
synth_512d,equal,819,44.59288902580738,46.39988765120506
synth_512d,equal,966,44.54050213098526,46.3628675788641
synth_512d,equal,434,45.81816028803587,46.509201638400555
synth_512d,equal,491,44.61873322725296,44.92327570915222
synth_512d,equal,374,45.75925413519144,46.47532477974892
synth_512d,equal,575,45.75029015541077,46.43120337277651
synth_512d,equal,70,44.7217607870698,45.02816591411829
synth_512d,equal,358,44.64900121092796,44.939108192920685
synth_512d,equal,633,44.632586650550365,44.94341555982828
synth_512d,equal,335,44.5670448243618,46.369852498173714
synth_512d,equal,789,45.955297537148,46.44517321139574
synth_512d,equal,494,44.658430851995945,46.469271183013916
synth_512d,equal,854,44.536893256008625,46.34447395801544
synth_512d,equal,667,45.800115913152695,46.50023765861988
synth_512d,equal,920,44.631073251366615,44.93212327361107
synth_512d,equal,163,44.631888158619404,44.93235610425472
synth_512d,equal,431,45.83899863064289,46.344008296728134
synth_512d,equal,189,44.48194522410631,46.29290197044611
synth_512d,equal,961,44.645508751273155,44.94655877351761
synth_512d,equal,216,44.54969894140959,46.353903599083424
synth_512d,equal,378,44.66879181563854,46.47090099751949
synth_512d,equal,430,44.58311013877392,46.37613892555237
synth_512d,equal,529,44.693006202578545,45.00383511185646
synth_512d,equal,918,44.57239992916584,44.88346166908741
synth_512d,equal,159,44.51349377632141,46.325381845235825
synth_512d,equal,424,44.55226007848978,45.832362957298756
synth_512d,equal,115,44.5009209215641,45.778462663292885
synth_512d,equal,864,44.626183807849884,44.92723383009434
synth_512d,equal,921,44.55761518329382,45.84866110235453
synth_512d,equal,824,44.50744017958641,46.30954936146736
synth_512d,equal,8,45.69708835333586,46.41897976398468
synth_512d,equal,756,44.45761442184448,44.75773312151432
synth_512d,equal,204,44.56657916307449,46.37846723198891
synth_512d,equal,625,44.48159597814083,46.274508349597454
synth_512d,equal,355,44.53165456652641,44.832704588770866
synth_512d,equal,68,44.549000449478626,44.85913086682558
synth_512d,equal,837,44.58182957023382,44.8829960078001
synth_512d,equal,291,44.66762766242027,44.968677684664726
synth_512d,equal,881,44.54655572772026,45.80896347761154
synth_512d,equal,41,44.728280045092106,46.53597716242075
synth_512d,equal,93,44.65598613023758,46.45879380404949
synth_512d,equal,362,45.679742470383644,46.350760385394096
synth_512d,equal,160,45.64353730529547,46.353437937796116
synth_512d,equal,716,44.471933506429195,46.245986595749855
synth_512d,equal,141,44.72723230719566,46.53935320675373
synth_512d,equal,933,44.49347034096718,44.80336792767048
synth_512d,equal,636,44.44702062755823,46.24493885785341
synth_512d,equal,17,44.580898247659206,44.89230923354626
synth_512d,equal,112,44.56250462681055,46.378932893276215
synth_512d,equal,537,44.55761518329382,46.3706674054265
synth_512d,equal,24,44.58695184439421,44.88800186663866
synth_512d,equal,631,44.50604319572449,44.8168721050024
synth_512d,equal,202,44.59789488464594,46.42910789698362
synth_512d,equal,471,44.60278432816267,46.46566230803728
synth_512d,equal,922,44.60569471120834,44.9158251285553
synth_512d,equal,692,44.46681123226881,46.28987517207861
synth_512d,equal,1,44.56355236470699,46.36053927242756
synth_512d,equal,512,44.55272573977709,44.872635044157505
synth_512d,equal,736,45.863096602261066,46.35297227650881
synth_512d,equal,340,44.543296098709106,46.354252845048904
synth_512d,equal,733,44.68741826713085,45.974389649927616
synth_512d,equal,450,44.66099198907614,44.96204201132059
synth_512d,equal,970,44.594984501600266,44.89603452384472
synth_512d,equal,811,44.39079202711582,44.71896681934595
synth_512d,equal,436,44.646672904491425,46.4592594653368
synth_512d,equal,324,44.6076737716794,44.90744322538376
synth_512d,equal,845,44.57705654203892,44.88264676183462
synth_512d,equal,724,44.531538151204586,44.83258817344904
synth_512d,equal,742,44.5216428488493,46.32933996617794
synth_512d,equal,194,44.53491419553757,46.34796641767025
synth_512d,equal,85,44.45691592991352,46.29336763173342
synth_512d,equal,521,44.578337110579014,44.889398850500584
synth_512d,equal,33,44.58753392100334,44.88765262067318
synth_512d,equal,343,44.53712608665228,44.84725650399923
synth_512d,equal,668,44.503482058644295,46.310946345329285
synth_512d,equal,316,44.49987318366766,44.7999918833375
synth_512d,equal,752,44.48241088539362,44.801970943808556
synth_512d,equal,867,44.56180613487959,45.835389755666256
synth_512d,equal,253,44.57810427993536,44.88357808440924
synth_512d,equal,719,44.4978941231966,44.808024540543556
synth_512d,equal,390,44.48741674423218,46.30000330507755
synth_512d,equal,675,45.78009247779846,46.470435336232185
synth_512d,equal,400,44.587417505681515,45.878347009420395
synth_512d,equal,356,44.55784801393747,44.85773388296366
synth_512d,equal,553,44.5804325863719,46.3870819658041
synth_512d,equal,805,44.57589238882065,46.39802500605583
synth_512d,equal,312,44.64387893676758,45.92479672282934
synth_512d,equal,604,44.51745189726353,46.34831566363573
synth_512d,equal,80,44.5882324129343,46.390341594815254
synth_512d,equal,697,44.54783629626036,46.35960794985294
synth_512d,equal,851,44.59707997739315,44.89801358431578
synth_512d,equal,482,44.58334296941757,44.88264676183462
synth_512d,equal,220,44.59603223949671,45.87846342474222
synth_512d,equal,172,44.572167098522186,46.365195885300636
synth_512d,equal,532,44.62827928364277,46.45891021937132
synth_512d,equal,348,45.92398181557655,46.42503336071968
synth_512d,equal,413,44.5955665782094,46.4095501229167
synth_512d,equal,474,44.59696356207132,46.38987593352795
synth_512d,equal,417,44.65144593268633,46.47392779588699
synth_512d,equal,432,44.51593849807978,44.82700023800135
synth_512d,equal,829,44.65680103749037,45.94889469444752
synth_512d,equal,969,45.82339897751808,46.32899072021246
synth_512d,equal,365,44.643995352089405,45.9341099485755
synth_512d,equal,37,44.626533053815365,44.92758307605982
synth_512d,equal,655,44.60616037249565,46.424102038145065
synth_512d,equal,35,45.97846418619156,46.4895274490118
synth_512d,equal,180,45.715016312897205,46.39592953026295
synth_512d,equal,787,44.66739483177662,46.46950401365757
synth_512d,equal,695,44.587068259716034,44.89673301577568
synth_512d,equal,55,44.52303983271122,46.32561467587948
synth_512d,equal,674,44.55260932445526,44.861575588583946
synth_512d,equal,54,44.54818554222584,44.84876990318298
synth_512d,equal,71,44.51663699001074,46.319677494466305
synth_512d,equal,552,44.397078454494476,46.208733692765236
synth_512d,equal,124,44.66122481971979,45.96100188791752
synth_512d,equal,459,44.58427429199219,46.40617407858372
synth_512d,equal,935,44.51326094567776,45.78439984470606
synth_512d,equal,983,44.593820348381996,44.907908886671066
synth_512d,equal,866,45.85995338857174,46.36077210307121
synth_512d,equal,58,44.63165532797575,44.94166933000088
synth_512d,equal,359,45.73259502649307,46.42456769943237
synth_512d,equal,385,44.57251634448767,44.88241393119097
synth_512d,equal,542,44.580549001693726,44.88194826990366
synth_512d,equal,913,44.59137562662363,45.87357398122549
synth_512d,equal,632,44.552842155098915,46.375906094908714
synth_512d,equal,579,44.50674168765545,46.31374031305313
synth_512d,equal,504,44.45284139364958,46.274042688310146
synth_512d,equal,438,44.465065002441406,46.27800080925226
synth_512d,equal,308,44.471584260463715,46.27997986972332
synth_512d,equal,351,44.58334296941757,44.86902616918087
synth_512d,equal,977,44.47635728865862,46.2639145553112
synth_512d,equal,32,44.471584260463715,44.77705806493759
synth_512d,equal,962,44.61710341274738,45.91303877532482
synth_512d,equal,481,44.597662054002285,44.90732681006193
synth_512d,equal,257,44.526997953653336,45.80896347761154
synth_512d,equal,520,44.546788558363914,44.84807141125202
synth_512d,equal,466,44.52222492545843,44.83305383473635
synth_512d,equal,813,45.69743759930134,46.369386836886406
synth_512d,equal,820,44.541433453559875,46.34447395801544
synth_512d,equal,311,44.475775212049484,46.28882743418217
synth_512d,equal,386,44.70418207347393,46.27613816410303
synth_512d,equal,644,44.52571738511324,46.329572796821594
synth_512d,equal,559,44.59149204194546,44.901506043970585
synth_512d,equal,702,45.92817276716232,46.3991891592741
synth_512d,equal,487,45.8424910902977,46.51350900530815
synth_512d,equal,693,44.58194598555565,46.39464896172285
synth_512d,equal,25,45.80931272357702,46.48009780794382
synth_512d,equal,484,44.626882299780846,46.43900319933891
synth_512d,equal,944,44.56250462681055,44.87356636673212
synth_512d,equal,31,44.53281871974468,46.355766244232655
synth_512d,equal,666,44.638640247285366,44.937594793736935
synth_512d,equal,797,44.597312808036804,46.41036503016949
synth_512d,equal,981,44.61838398128748,44.927000999450684
synth_512d,equal,535,45.907567255198956,46.378117986023426
synth_512d,equal,347,44.60744094103575,45.86856812238693
synth_512d,equal,73,44.63770892471075,45.91920878738165
synth_512d,equal,635,44.617452658712864,44.938293285667896
synth_512d,equal,174,44.62338984012604,45.893481001257896
synth_512d,equal,838,44.59707997739315,44.90814171731472
synth_512d,equal,826,45.775785110890865,46.435859985649586
synth_512d,equal,99,45.65704148262739,46.32910713553429
synth_512d,equal,720,44.63607911020517,44.94690801948309
synth_512d,equal,327,44.65703386813402,45.92991899698973
synth_512d,equal,322,45.67427095025778,46.35623190551996
synth_512d,equal,145,44.66762766242027,46.480679884552956
synth_512d,equal,610,45.89976742863655,46.39080725610256
synth_512d,equal,721,44.65645179152489,45.94807978719473
synth_512d,equal,849,44.697895646095276,46.50454502552748
synth_512d,equal,153,44.647837057709694,46.449946239590645
synth_512d,equal,894,45.659253373742104,46.36007361114025
synth_512d,equal,754,44.5834593847394,45.89906893670559
synth_512d,equal,803,44.55912858247757,46.37124948203564
synth_512d,equal,590,45.69359589368105,46.37555684894323
synth_512d,equal,708,44.5069745182991,44.80755887925625
synth_512d,equal,395,44.61791832000017,46.435859985649586
synth_512d,equal,938,44.638291001319885,44.94690801948309
synth_512d,equal,812,45.814551413059235,46.48463800549507
synth_512d,equal,9,44.58695184439421,44.89591810852289
synth_512d,equal,515,44.62676588445902,44.93666347116232
synth_512d,equal,897,44.546788558363914,44.85691897571087
synth_512d,equal,530,44.54341251403093,45.839929953217506
synth_512d,equal,363,44.44632213562727,46.26030568033457
synth_512d,equal,768,44.622342102229595,46.43492866307497
synth_512d,equal,722,44.560059905052185,44.871121644973755
synth_512d,equal,539,44.65831443667412,44.978223741054535
synth_512d,equal,648,44.621643610298634,46.46030720323324
synth_512d,equal,793,44.5022014901042,44.81093492358923
synth_512d,equal,765,44.5774057880044,46.424102038145065
synth_512d,equal,856,45.84877751767635,46.558910980820656
synth_512d,equal,233,44.57775503396988,44.88578997552395
synth_512d,equal,242,44.551328755915165,44.85237877815962
synth_512d,equal,759,44.58636976778507,44.8873033747077
synth_512d,equal,181,44.5925397798419,44.911401346325874
synth_512d,equal,366,44.507323764264584,44.797430746257305
synth_512d,equal,986,44.616986997425556,46.449131332337856
synth_512d,equal,104,44.52257417142391,46.37427628040314
synth_512d,equal,369,44.51547283679247,44.835382141172886
synth_512d,equal,576,44.610584154725075,46.46345041692257
synth_512d,equal,647,44.563086703419685,46.41525447368622
synth_512d,equal,330,44.55843009054661,46.38032987713814
synth_512d,equal,146,44.476124458014965,46.26892041414976
synth_512d,equal,352,44.69358827918768,46.54610529541969
synth_512d,equal,943,44.64946687221527,46.51129711419344
synth_512d,equal,745,44.608721509575844,44.91221625357866
synth_512d,equal,441,44.54771988093853,45.87427247315645
synth_512d,equal,561,44.54702138900757,44.862041249871254
synth_512d,equal,376,46.01746331900358,46.56927194446325
synth_512d,equal,398,45.794527977705,46.50442861020565
synth_512d,equal,629,44.62793003767729,46.495930291712284
synth_512d,equal,750,44.64795347303152,46.50489427149296
synth_512d,equal,963,44.65028177946806,44.95598841458559
synth_512d,equal,428,44.55656744539738,44.86110992729664
synth_512d,equal,229,44.59789488464594,46.41886334866285
synth_512d,equal,583,45.83760164678097,46.48987669497728
synth_512d,equal,902,44.53700967133045,44.838059693574905
synth_512d,equal,955,44.677406549453735,44.98753696680069
synth_512d,equal,623,44.65633537620306,44.95261237025261
synth_512d,equal,457,44.5324694737792,46.323519200086594
synth_512d,equal,654,44.59545016288757,46.37951496988535
synth_512d,equal,951,44.58311013877392,44.87321712076664
synth_512d,equal,29,44.580898247659206,44.892774894833565
synth_512d,equal,86,44.581713154911995,45.854016207158566
synth_512d,equal,908,44.62257493287325,46.435510739684105
synth_512d,equal,350,44.47891842573881,44.7835773229599
synth_512d,equal,917,44.53281871974468,44.842599891126156
synth_512d,equal,10,44.61733624339104,46.438537538051605
synth_512d,equal,712,44.63200457394123,44.942134991288185
synth_512d,equal,279,44.60650961846113,44.90651190280914
synth_512d,equal,761,44.58695184439421,44.893124140799046
synth_512d,equal,500,44.62141077965498,44.931541197001934
synth_512d,equal,525,44.577871449291706,46.39930557459593
synth_512d,equal,836,45.92945333570242,46.40489351004362
synth_512d,equal,106,44.59603223949671,46.399072743952274
synth_512d,equal,538,44.59172487258911,46.41455598175526
synth_512d,equal,696,44.70802377909422,45.00814247876406
synth_512d,equal,616,44.61710341274738,44.90814171731472
synth_512d,equal,478,44.648884795606136,45.94947677105665
synth_512d,equal,137,45.67462019622326,46.36996891349554
synth_512d,equal,652,45.72898615151644,46.43003921955824
synth_512d,equal,196,44.57205068320036,44.85307727009058
synth_512d,equal,878,44.54120062291622,44.84655801206827
synth_512d,equal,245,45.60861270874739,46.30966577678919
synth_512d,equal,869,44.55121234059334,44.843414798378944
synth_512d,equal,931,45.65599374473095,46.29907198250294
synth_512d,equal,502,44.591259211301804,46.399771235883236
synth_512d,equal,305,45.61431705951691,46.299537643790245
synth_512d,equal,90,44.66390237212181,44.97310146689415
synth_512d,equal,607,45.68893928080797,46.329922042787075
synth_512d,equal,678,44.45097874850035,46.264962293207645
synth_512d,equal,126,44.527347199618816,46.34528886526823
synth_512d,equal,798,44.65342499315739,44.962624087929726
synth_512d,equal,300,44.617452658712864,45.91303877532482
synth_512d,equal,740,44.4481847807765,46.26123700290918
synth_512d,equal,814,44.487882405519485,44.79335620999336
synth_512d,equal,572,44.58846524357796,45.86018621921539
synth_512d,equal,403,45.724911615252495,46.36577796190977
synth_512d,equal,536,44.427928514778614,46.26030568033457
synth_512d,equal,158,44.471933506429195,46.28428723663092
synth_512d,equal,574,44.59242336452007,44.89324055612087
synth_512d,equal,435,44.4900942966342,46.29895556718111
synth_512d,equal,187,44.50604319572449,46.34901415556669
synth_512d,equal,263,44.487882405519485,44.798245653510094
synth_512d,equal,767,44.51686982065439,46.32899072021246
synth_512d,equal,551,44.56262104213238,44.860877096652985
synth_512d,equal,444,44.50068809092045,44.81116775423288
synth_512d,equal,562,44.526997953653336,46.33993376046419
synth_512d,equal,88,45.86868453770876,46.33970092982054
synth_512d,equal,277,44.47251558303833,46.28370516002178
synth_512d,equal,890,44.52909342944622,44.82804797589779
synth_512d,equal,399,44.55330781638622,46.35588265955448
synth_512d,equal,934,44.50150299817324,46.310131438076496
synth_512d,equal,34,44.517568312585354,45.799766667187214
synth_512d,equal,349,45.79999949783087,46.461704187095165
synth_512d,equal,507,44.501968659460545,46.31408955901861
synth_512d,equal,77,44.66541577130556,44.974847696721554
synth_512d,equal,188,45.68952135741711,46.38987593352795
synth_512d,equal,818,45.65971903502941,46.38964310288429
synth_512d,equal,480,44.51419226825237,46.345521695911884
synth_512d,equal,936,45.549473725259304,46.26065492630005
synth_512d,equal,81,45.803491957485676,46.454137191176414
synth_512d,equal,618,45.78346852213144,46.2924363091588
synth_512d,equal,749,44.43596117198467,46.24854773283005
synth_512d,equal,108,44.50022242963314,45.79243250191212
synth_512d,equal,993,44.5052282884717,46.32712807506323
synth_512d,equal,762,44.62874494493008,45.929569751024246
synth_512d,equal,130,44.50208507478237,44.81198266148567
synth_512d,equal,527,44.58276089280844,44.89358980208635
synth_512d,equal,306,44.59102638065815,44.891261495649815
synth_512d,equal,173,44.567277655005455,44.87810656428337
synth_512d,equal,221,44.49253901839256,45.794527977705
synth_512d,equal,469,44.51780114322901,44.82676740735769
synth_512d,equal,43,44.557382352650166,46.35029472410679
synth_512d,equal,59,44.69079431146383,46.48894537240267
synth_512d,equal,833,44.53293513506651,44.823973439633846
synth_512d,equal,791,44.57798786461353,44.892425648868084
synth_512d,equal,796,44.62758079171181,44.91838626563549
synth_512d,equal,989,44.5670448243618,44.877990148961544
synth_512d,equal,448,45.787543058395386,46.46391607820988
synth_512d,equal,937,44.572167098522186,45.86484283208847
synth_512d,equal,801,44.562388211488724,46.38324026018381
synth_512d,equal,686,44.55761518329382,44.86297257244587
synth_512d,equal,456,44.612446799874306,45.90407479554415
synth_512d,equal,121,44.617452658712864,44.92269363254309
synth_512d,equal,477,44.53642759472132,44.84655801206827
synth_512d,equal,406,44.63549703359604,46.45856097340584
synth_512d,equal,232,44.65167876332998,44.96052861213684
synth_512d,equal,207,44.63689401745796,46.45087756216526
synth_512d,equal,877,44.64108496904373,44.94073800742626
synth_512d,equal,473,44.52141001820564,46.334462240338326
synth_512d,equal,776,44.59102638065815,44.8920764029026
synth_512d,equal,735,44.5882324129343,46.40605766326189
synth_512d,equal,799,45.83899863064289,46.31374031305313
synth_512d,equal,730,44.56681199371815,45.84353882819414
synth_512d,equal,630,44.518266804516315,46.33015487343073
synth_512d,equal,63,44.64294761419296,44.943299144506454
synth_512d,equal,808,45.61874084174633,46.28987517207861
synth_512d,equal,113,44.577172957360744,44.896965846419334
synth_512d,equal,171,44.51768472790718,44.8181526735425
synth_512d,equal,661,44.55749876797199,46.36961966753006
synth_512d,equal,476,44.48171239346266,46.30465991795063
synth_512d,equal,333,44.59440242499113,46.41246050596237
synth_512d,equal,496,44.532003812491894,46.32025957107544
synth_512d,equal,705,44.617801904678345,46.41967825591564
synth_512d,equal,219,45.8230497315526,46.309432946145535
synth_512d,equal,599,44.56506576389074,44.876011088490486
synth_512d,equal,544,44.5367768406868,46.33888602256775
synth_512d,equal,346,44.58264447748661,44.891610741615295
synth_512d,equal,900,44.45225931704044,44.76273898035288
synth_512d,equal,465,44.60650961846113,46.41944542527199
synth_512d,equal,882,44.561573304235935,46.37427628040314
synth_512d,equal,992,44.561922550201416,46.378932893276215
synth_512d,equal,331,44.57728937268257,46.388362534344196
synth_512d,equal,942,44.51198037713766,45.80302629619837
synth_512d,equal,462,44.56774331629276,46.375091187655926
synth_512d,equal,368,44.557033106684685,46.369386836886406
synth_512d,equal,44,44.581713154911995,46.40384577214718
synth_512d,equal,51,44.55074667930603,45.823631808161736
synth_512d,equal,433,44.53700967133045,46.3300384581089
synth_512d,equal,980,44.610933400690556,44.912914745509624
synth_512d,equal,427,44.56506576389074,45.847962610423565
synth_512d,equal,916,44.55691669136286,46.36857192963362
synth_512d,equal,711,44.677406549453735,44.96751353144646
synth_512d,equal,353,44.557382352650166,45.83934787660837
synth_512d,equal,703,44.72571890801191,46.51898052543402
synth_512d,equal,227,44.48799882084131,44.79836206883192
synth_512d,equal,848,44.56774331629276,45.848311856389046
synth_512d,equal,323,44.60231866687536,44.91244908422232
synth_512d,equal,418,44.53607834875584,46.33818753063679
synth_512d,equal,774,44.59707997739315,44.905347749590874
synth_512d,equal,375,44.5173354819417,44.827233068645
synth_512d,equal,396,44.55714952200651,46.35937511920929
synth_512d,equal,454,45.887427404522896,46.378932893276215
synth_512d,equal,142,44.60779018700123,44.927699491381645
synth_512d,equal,328,44.535030610859394,45.81687971949577
synth_512d,equal,27,45.914785005152225,46.42584826797247
synth_512d,equal,728,44.59149204194546,44.90162245929241
synth_512d,equal,903,44.517917558550835,46.350061893463135
synth_512d,equal,505,44.640153646469116,44.942134991288185
synth_512d,equal,193,45.63364200294018,46.335626393556595
synth_512d,equal,455,45.9449365735054,46.445056796073914
synth_512d,equal,731,45.863562263548374,46.523637138307095
synth_512d,equal,7,44.54737063497305,44.84725650399923
synth_512d,equal,954,44.62304059416056,45.904540456831455
synth_512d,equal,470,44.585554860532284,45.88800948113203
synth_512d,equal,222,44.62094511836767,46.43353167921305
synth_512d,equal,637,44.506508857011795,46.31956107914448
synth_512d,equal,493,44.642249122262,46.465080231428146
synth_512d,equal,344,45.85389979183674,46.48999311029911
synth_512d,equal,332,44.59405317902565,46.40803672373295
synth_512d,equal,905,44.686486944556236,45.972876250743866
synth_512d,equal,876,44.516753405332565,46.33958451449871
synth_512d,equal,397,44.647837057709694,44.95703615248203
synth_512d,equal,467,44.559710659086704,46.373694203794
synth_512d,equal,239,45.80244421958923,46.44563887268305
synth_512d,equal,56,44.596148654818535,46.40314728021622
synth_512d,equal,974,44.51663699001074,44.81198266148567
synth_512d,equal,987,44.5852056145668,44.89650018513203
synth_512d,equal,777,44.522457756102085,44.82234362512827
synth_512d,equal,367,44.461688958108425,46.27462476491928
synth_512d,equal,587,44.52711436897516,46.34005017578602
synth_512d,equal,606,44.547952711582184,45.825145207345486
synth_512d,equal,589,44.502667151391506,46.334811486303806
synth_512d,equal,784,44.60243508219719,46.41443956643343
synth_512d,equal,267,44.51745189726353,44.808490201830864
synth_512d,equal,490,44.55237649381161,45.85413262248039
synth_512d,equal,317,44.45225931704044,46.254368498921394
synth_512d,equal,449,44.5307232439518,45.78847438097
synth_512d,equal,844,44.41745113581419,46.22910637408495
synth_512d,equal,388,44.4166362285614,45.69964949041605
synth_512d,equal,624,44.38753239810467,46.21502012014389
synth_512d,equal,600,44.48695108294487,45.773922465741634
synth_512d,equal,707,44.57100294530392,44.86320540308952
synth_512d,equal,192,44.451444409787655,46.25844303518534
synth_512d,equal,564,44.48625259101391,46.30000330507755
synth_512d,equal,498,44.533517211675644,46.32549826055765
synth_512d,equal,821,44.43724174052477,46.229222789406776
synth_512d,equal,89,44.52257417142391,44.82769872993231
synth_512d,equal,107,44.44667138159275,46.24971188604832
synth_512d,equal,3,44.50604319572449,46.31909541785717
synth_512d,equal,273,44.47740502655506,44.78730261325836
synth_512d,equal,713,44.48136314749718,44.78241316974163
synth_512d,equal,726,44.4615725427866,45.7430724054575
synth_512d,equal,884,44.52897701412439,45.828986912965775
synth_512d,equal,423,44.51500717550516,46.3421456515789
synth_512d,equal,578,45.5779954791069,46.288943849503994
synth_512d,equal,15,44.44736987352371,44.757965952157974
synth_512d,equal,688,44.587068259716034,44.868094846606255
synth_512d,equal,125,44.48229447007179,44.78218033909798
synth_512d,equal,52,44.50872074812651,46.305241994559765
synth_512d,equal,747,44.57158502191305,44.86262332648039
synth_512d,equal,483,44.551678001880646,44.85261160880327
synth_512d,equal,165,45.87008152157068,46.370201744139194
synth_512d,equal,628,44.501968659460545,45.81280518323183
synth_512d,equal,133,44.54492591321468,44.85528916120529
synth_512d,equal,743,44.587068259716034,44.906046241521835
synth_512d,equal,566,44.606742449104786,46.41967825591564
synth_512d,equal,528,44.5804325863719,44.88055128604174
synth_512d,equal,212,44.46820821613073,46.27020098268986
synth_512d,equal,649,44.611282646656036,44.92071457207203
synth_512d,equal,802,44.61908247321844,44.92863081395626
synth_512d,equal,795,44.7010388597846,46.514091081917286
synth_512d,equal,150,44.58148032426834,44.892425648868084
synth_512d,equal,231,44.507673010230064,46.334462240338326
synth_512d,equal,87,44.52257417142391,44.828979298472404
synth_512d,equal,543,45.8273570984602,46.478817239403725
synth_512d,equal,315,44.57239992916584,45.85995338857174
synth_512d,equal,224,44.526299461722374,44.82711665332317
synth_512d,equal,806,45.84097769111395,46.3300384581089
synth_512d,equal,225,44.53258588910103,44.84248347580433
synth_512d,equal,129,44.61046773940325,46.418048441410065
synth_512d,equal,887,44.546439312398434,46.362983994185925
synth_512d,equal,584,44.58148032426834,46.394532546401024
synth_512d,equal,301,44.58148032426834,46.418048441410065
synth_512d,equal,290,45.75052298605442,46.269502490758896
synth_512d,equal,489,44.446554966270924,44.7563361376524
synth_512d,equal,265,44.53829023987055,44.84632518142462
synth_512d,equal,971,45.6125708296895,46.324217692017555
synth_512d,equal,771,44.547952711582184,44.85622048377991
synth_512d,equal,997,44.47146784514189,46.29360046237707
synth_512d,equal,582,44.55691669136286,44.84818782657385
synth_512d,equal,201,45.8139693364501,46.30850162357092
synth_512d,equal,155,45.64912524074316,46.35902587324381
synth_512d,equal,545,44.57193426787853,45.88346928358078
synth_512d,equal,994,44.45400554686785,44.75610330700874
synth_512d,equal,292,44.55295857042074,44.87286787480116
synth_512d,equal,57,44.465530663728714,44.776126742362976
synth_512d,equal,862,44.567277655005455,46.390341594815254
synth_512d,equal,255,45.674038119614124,46.34005017578602
synth_512d,equal,790,44.4827601313591,46.27590533345938
synth_512d,equal,404,44.57286559045315,46.39499820768833
synth_512d,equal,119,44.54387817531824,44.862739741802216
synth_512d,equal,598,44.49149128049612,46.27264570444822
synth_512d,equal,685,44.51849963515997,46.33050411939621
synth_512d,equal,555,44.51652057468891,44.825952500104904
synth_512d,equal,941,44.544460251927376,46.34866490960121
synth_512d,equal,870,45.78346852213144,46.424451284110546
synth_512d,equal,48,44.61756907403469,46.430621296167374
synth_512d,equal,260,44.58869807422161,46.39080725610256
synth_512d,equal,519,44.632586650550365,44.9236249551177
synth_512d,equal,495,44.582062400877476,46.40582483261824
synth_512d,equal,36,45.84668204188347,46.49884067475796
synth_512d,equal,949,45.67368887364864,46.370201744139194
synth_512d,equal,392,44.5549376308918,46.377768740057945
synth_512d,equal,540,44.587417505681515,46.39953840523958
synth_512d,equal,13,44.57239992916584,44.89137791097164
synth_512d,equal,497,44.69056148082018,44.99137867242098
synth_512d,equal,948,44.46099046617746,46.263798139989376
synth_512d,equal,873,44.5246696472168,46.33772186934948
synth_512d,equal,83,44.59242336452007,45.85995338857174
synth_512d,equal,0,45.658438466489315,46.36438097804785
synth_512d,equal,928,44.567626900970936,46.384637244045734
synth_512d,equal,336,44.555170461535454,44.847140088677406
synth_512d,equal,437,44.616986997425556,46.43003921955824
synth_512d,equal,554,44.480664655566216,46.283588744699955
synth_512d,equal,200,44.60685886442661,46.399421989917755
synth_512d,equal,272,44.53177098184824,45.792548917233944
synth_512d,equal,415,44.52292341738939,45.79499363899231
synth_512d,equal,690,45.64796108752489,46.31502088159323
synth_512d,equal,345,44.58730109035969,46.40920087695122
synth_512d,equal,772,44.53794099390507,44.847954995930195
synth_512d,equal,380,44.56588067114353,45.84901034832001
synth_512d,equal,319,44.411164708435535,44.702435843646526
synth_512d,equal,773,44.45668309926987,44.76623144000769
synth_512d,equal,479,44.427113607525826,46.24016582965851
synth_512d,equal,929,44.361455366015434,45.64865957945585
synth_512d,equal,779,44.465065002441406,46.26356530934572
synth_512d,equal,968,44.57798786461353,44.887070544064045
synth_512d,equal,318,44.65784877538681,45.94074562191963
synth_512d,equal,677,44.621992856264114,45.91490142047405
synth_512d,equal,753,44.56646274775267,46.36950325220823
synth_512d,equal,822,44.55272573977709,44.86169200390577
synth_512d,equal,889,45.89941818267107,46.38021346181631
synth_512d,equal,123,44.55423913896084,46.355766244232655
synth_512d,equal,185,44.5774057880044,44.867279939353466
synth_512d,equal,128,44.49731204658747,46.29942122846842
synth_512d,equal,286,45.70838063955307,46.36845551431179
synth_512d,equal,872,44.52536813914776,46.36833909898996
synth_512d,equal,858,44.49684638530016,46.31443880498409
synth_512d,equal,800,44.51267886906862,46.319328248500824
synth_512d,equal,264,44.493586756289005,46.28556780517101
synth_512d,equal,49,45.58416549116373,46.2651951238513
synth_512d,equal,634,45.80395761877298,46.28498572856188
synth_512d,equal,425,44.465065002441406,46.26810550689697
synth_512d,equal,405,44.55691669136286,44.86634861677885
synth_512d,equal,203,44.53095607459545,44.84166856855154
synth_512d,equal,236,44.53607834875584,45.827822759747505
synth_512d,equal,270,44.561922550201416,46.38824611902237
synth_512d,equal,420,44.54085137695074,46.34459037333727
synth_512d,equal,601,44.52723078429699,46.33516073226929
synth_512d,equal,541,44.54131703823805,46.36438097804785
synth_512d,equal,588,44.517568312585354,46.3403994217515
synth_512d,equal,138,44.53735891729593,46.34936340153217
synth_512d,equal,421,44.52315624803305,44.832355342805386
synth_512d,equal,183,44.460524804890156,45.75180355459452
synth_512d,equal,461,45.76717037707567,46.40920087695122
synth_512d,equal,168,44.58380863070488,44.89184357225895
synth_512d,equal,594,45.928871259093285,46.42992280423641
synth_512d,equal,939,44.483342207968235,45.773922465741634
synth_512d,equal,195,44.51267886906862,44.83142402023077
synth_512d,equal,105,44.54702138900757,44.85656972974539
synth_512d,equal,342,44.47600804269314,46.29790782928467
synth_512d,equal,314,44.642132706940174,44.950866140425205
synth_512d,equal,704,45.64924165606499,46.340515837073326
synth_512d,equal,451,44.545973651111126,46.34994547814131
synth_512d,equal,84,44.53258588910103,46.35564982891083
synth_512d,equal,978,44.473097659647465,44.78322807699442
synth_512d,equal,643,44.51628774404526,46.32025957107544
synth_512d,equal,97,44.522457756102085,44.83130760490894
synth_512d,equal,440,45.778462663292885,46.45041190087795
synth_512d,equal,573,44.54201553016901,44.852145947515965
synth_512d,equal,154,44.49265543371439,44.81128416955471
synth_512d,equal,763,44.4888137280941,45.774271711707115
synth_512d,equal,847,44.492888264358044,44.79731433093548
synth_512d,equal,389,45.563909225165844,46.269153244793415
synth_512d,equal,464,44.57251634448767,44.877175241708755
synth_512d,equal,164,44.455984607338905,46.25902511179447
synth_512d,equal,30,44.53642759472132,44.837710447609425
synth_512d,equal,998,44.452608563005924,46.264263801276684
synth_512d,equal,518,44.511398300528526,46.31443880498409
synth_512d,equal,857,44.51698623597622,45.79313099384308
synth_512d,equal,334,44.551328755915165,44.84166856855154
synth_512d,equal,614,45.63282709568739,46.31385672837496
synth_512d,equal,458,45.557739213109016,46.278699301183224
synth_512d,equal,110,44.57158502191305,44.85191311687231
synth_512d,equal,602,44.55144517123699,44.84655801206827
synth_512d,equal,499,44.55354064702988,46.36554513126612
synth_512d,equal,627,44.46692764759064,46.269968152046204
synth_512d,equal,169,44.465879909694195,46.27765156328678
synth_512d,equal,839,44.51198037713766,44.8120990768075
synth_512d,equal,252,44.44050136953592,46.253553591668606
synth_512d,equal,547,44.57228351384401,44.87705882638693
synth_512d,equal,23,44.498126953840256,46.318862587213516
synth_512d,equal,226,44.429441913962364,46.26251757144928
synth_512d,equal,304,44.42199133336544,46.225148253142834
synth_512d,equal,309,44.587068259716034,46.41443956643343
synth_512d,equal,960,44.556218199431896,46.37904930859804
synth_512d,equal,912,44.53700967133045,44.83328666538
synth_512d,equal,250,45.84866110235453,46.27963062375784
synth_512d,equal,354,44.47286482900381,46.285451389849186
synth_512d,equal,860,44.4166362285614,44.72804721444845
synth_768d_hc,and,704,52.47874651104212,52.63870116323233
synth_768d_hc,and,3,62.52352613955736,61.79371848702431
synth_768d_hc,and,692,55.121839977800846,55.518350563943386
synth_768d_hc,and,202,52.17746365815401,52.32787225395441
synth_768d_hc,and,135,46.65367305278778,46.83295264840126
synth_768d_hc,and,457,56.15956615656614,56.55048880726099
synth_768d_hc,and,821,46.58102989196777,46.75029776990414
synth_768d_hc,and,686,50.16010254621506,50.31924229115248
synth_768d_hc,and,313,48.066372983157635,48.22679329663515
synth_768d_hc,and,488,47.48092032968998,47.64948971569538
synth_768d_hc,and,823,50.89188925921917,51.056500524282455
synth_768d_hc,and,503,47.95007407665253,48.10118116438389
synth_768d_hc,and,729,51.861745305359364,52.03078035265207
synth_768d_hc,and,373,48.445770516991615,48.60782064497471
synth_768d_hc,and,229,50.0016612932086,50.15160422772169
synth_768d_hc,and,941,49.005611799657345,49.17930345982313
synth_768d_hc,and,79,49.10340066999197,49.258931539952755
synth_768d_hc,and,193,50.82553252577782,50.99375266581774
synth_768d_hc,and,533,50.245667807757854,50.406320951879025
synth_768d_hc,and,803,49.76056516170502,49.93146285414696
synth_768d_hc,and,801,47.717359848320484,47.87824582308531
synth_768d_hc,and,242,60.12094672769308,61.206286773085594
synth_768d_hc,and,150,47.13214002549648,47.305598855018616
synth_768d_hc,and,516,48.913294449448586,49.073249101638794
synth_768d_hc,and,1,48.71969576925039,48.88908006250858
synth_768d_hc,and,539,48.589310608804226,48.74914884567261
synth_768d_hc,and,554,51.70691292732954,51.867798902094364
synth_768d_hc,and,185,47.830864787101746,47.98220470547676
synth_768d_hc,and,102,47.37102426588535,47.522131353616714
synth_768d_hc,and,418,49.70049485564232,49.86871499568224
synth_768d_hc,and,192,48.512243665754795,48.66346716880798
synth_768d_hc,and,724,50.00689998269081,50.16708746552467
synth_768d_hc,and,106,47.00000863522291,47.15204704552889
synth_768d_hc,and,562,71.01334631443024,70.28039544820786
synth_768d_hc,and,195,47.7619469165802,47.92190156877041
synth_768d_hc,and,0,50.215981900691986,50.37616938352585
synth_768d_hc,and,611,48.44320937991142,48.611778765916824
synth_768d_hc,and,461,46.93132359534502,47.10920620709658
synth_768d_hc,and,507,50.735543482005596,50.90096965432167
synth_768d_hc,and,795,46.99709825217724,47.17055708169937
synth_768d_hc,and,585,48.42900671064854,48.612477257847786
synth_768d_hc,and,835,48.25100768357515,48.41177724301815
synth_768d_hc,and,588,50.48129241913557,50.64113065600395
synth_768d_hc,and,663,48.93785808235407,49.09886047244072
synth_768d_hc,and,173,57.91161675006151,57.18052852898836
synth_768d_hc,and,999,47.075445763766766,47.2355168312788
synth_768d_hc,and,512,47.78767470270395,47.95310087502003
synth_768d_hc,and,636,48.30199759453535,48.452988266944885
synth_768d_hc,and,269,47.340523451566696,47.49605432152748
synth_768d_hc,and,484,54.98866084963083,56.08971696346998
synth_768d_hc,and,263,47.88266960531473,48.04262425750494
synth_768d_hc,and,595,49.94508344680071,50.10620225220919
synth_768d_hc,and,936,47.170440666377544,47.32166416943073
synth_768d_hc,and,100,47.94192500412464,48.09198435395956
synth_768d_hc,and,335,50.410861149430275,50.561968237161636
synth_768d_hc,and,314,47.308276407420635,47.477311454713345
synth_768d_hc,and,822,63.60560655593872,62.87416908890009
synth_768d_hc,and,602,51.392591558396816,51.552546210587025
synth_768d_hc,and,977,57.15526640415192,57.557132095098495
synth_768d_hc,and,967,49.96941424906254,50.11050961911678
synth_768d_hc,and,844,50.061848014593124,50.22063851356506
synth_768d_hc,and,416,51.81890446692705,51.98689177632332
synth_768d_hc,and,597,55.06735760718584,55.21858111023903
synth_768d_hc,and,389,48.92901051789522,49.08454138785601
synth_768d_hc,and,312,61.967410147190094,61.23725324869156
synth_768d_hc,and,742,47.332257963716984,47.48778883367777
synth_768d_hc,and,255,49.560097977519035,49.71073940396309
synth_768d_hc,and,365,51.99830047786236,52.16733552515507
synth_768d_hc,and,796,47.67510108649731,47.82737232744694
synth_768d_hc,and,419,76.08323357999325,75.34236647188663
synth_768d_hc,and,119,47.34192043542862,47.51654341816902
synth_768d_hc,and,164,49.694906920194626,49.86859858036041
synth_768d_hc,and,826,50.25498103350401,50.429487600922585
synth_768d_hc,and,558,51.261624321341515,51.41180008649826
synth_768d_hc,and,19,53.053954616189,53.21390926837921
synth_768d_hc,and,36,47.43051249533892,47.58161958307028
synth_768d_hc,and,437,49.94089249521494,50.08059088140726
synth_768d_hc,and,299,59.41989365965128,58.679026551544666
synth_768d_hc,and,238,48.74111618846655,48.891990445554256
synth_768d_hc,and,654,47.458335757255554,47.61805757880211
synth_768d_hc,and,110,46.54459189623594,46.684988774359226
synth_768d_hc,and,737,51.912153139710426,52.06209607422352
synth_768d_hc,and,893,80.79223334789276,80.04519622772932
synth_768d_hc,and,115,48.653106205165386,48.81387576460838
synth_768d_hc,and,60,52.67397500574589,53.0733959749341
synth_768d_hc,and,154,47.650886699557304,47.81549796462059
synth_768d_hc,and,911,52.86454688757658,53.023686632514
synth_768d_hc,and,256,52.23951302468777,52.39516030997038
synth_768d_hc,and,148,47.21502773463726,47.37032577395439
synth_768d_hc,and,856,49.70910958945751,49.86871499568224
synth_768d_hc,and,494,47.461013309657574,47.62748721987009
synth_768d_hc,and,877,48.928544856607914,49.07313268631697
synth_768d_hc,and,294,52.36244760453701,52.52240225672722
synth_768d_hc,and,403,47.32096567749977,47.47183993458748
synth_768d_hc,and,80,65.76371379196644,65.02179894596338
synth_768d_hc,and,749,59.01919212192297,59.40347909927368
synth_768d_hc,and,817,47.42003511637449,47.58010618388653
synth_768d_hc,and,360,46.72177601605654,46.87975160777569
synth_768d_hc,and,623,47.82155156135559,47.96695429831743
synth_768d_hc,and,141,58.43746475875378,57.687750086188316
synth_768d_hc,and,325,49.46964327245951,49.64310210198164
synth_768d_hc,and,55,48.303743824362755,48.47173113375902
synth_768d_hc,and,52,46.71851638704538,46.8698563054204
synth_768d_hc,and,156,48.833899199962616,49.00316707789898
synth_768d_hc,and,933,50.50632171332836,50.676288083195686
synth_768d_hc,and,434,51.968381740152836,52.132876589894295
synth_768d_hc,and,458,59.52885840088129,59.929327107965946
synth_768d_hc,and,330,49.21050276607275,49.39048085361719
synth_768d_hc,and,573,48.257061280310154,48.42749331146479
synth_768d_hc,and,818,49.44205284118652,49.61306694895029
synth_768d_hc,and,786,47.25181497633457,47.410838305950165
synth_768d_hc,and,354,54.936972446739674,55.08831236511469
synth_768d_hc,and,180,47.16997500509024,47.3210820928216
synth_768d_hc,and,376,50.62913987785578,50.770933739840984
synth_768d_hc,and,191,46.71595524996519,46.8668295070529
synth_768d_hc,and,609,49.569993279874325,49.721100367605686
synth_768d_hc,and,570,49.7954897582531,49.95102062821388
synth_768d_hc,and,75,51.8731540068984,52.042072638869286
synth_768d_hc,and,775,51.94195546209812,52.10191011428833
synth_768d_hc,and,356,47.841458581388,48.00781607627869
synth_768d_hc,and,372,49.20363426208496,49.360329285264015
synth_768d_hc,and,987,49.97022915631533,50.12017209082842
synth_768d_hc,and,117,48.25601354241371,48.40688779950142
synth_768d_hc,and,489,48.10187965631485,48.27964585274458
synth_768d_hc,and,843,52.97386087477207,53.12624853104353
synth_768d_hc,and,257,50.904578529298306,51.075476221740246
synth_768d_hc,and,768,52.886782214045525,53.036026656627655
synth_768d_hc,and,951,61.83655932545662,61.115482822060585
synth_768d_hc,and,917,49.184076488018036,49.33506716042757
synth_768d_hc,and,40,47.676265239715576,47.84553311765194
synth_768d_hc,and,888,46.95134703069925,47.11130168288946
synth_768d_hc,and,250,49.24891982227564,49.409340135753155
synth_768d_hc,and,355,47.37463314086199,47.535751946270466
synth_768d_hc,and,580,46.67462781071663,46.834698878228664
synth_768d_hc,and,971,46.87858745455742,47.029927372932434
synth_768d_hc,and,830,50.23414269089699,50.386181101202965
synth_768d_hc,and,371,47.8522852063179,48.02132025361061
synth_768d_hc,and,538,51.94696132093668,52.11704410612583
synth_768d_hc,and,186,48.89757838100195,49.05753303319216
synth_768d_hc,and,71,58.18065255880356,58.32291208207607
synth_768d_hc,and,593,47.63121251016855,47.79582377523184
synth_768d_hc,and,268,49.72063470631838,49.889436922967434
synth_768d_hc,and,769,50.054979510605335,50.224014557898045
synth_768d_hc,and,711,47.26985935121775,47.41188604384661
synth_768d_hc,and,780,47.24087193608284,47.39651922136545
synth_768d_hc,and,342,47.773122787475586,47.93319385498762
synth_768d_hc,and,271,64.62086457759142,63.70944902300835
synth_768d_hc,and,682,52.18782462179661,52.357325330376625
synth_768d_hc,and,583,50.02354737371206,50.18396768718958
synth_768d_hc,and,747,50.46534352004528,50.62553100287914
synth_768d_hc,and,631,47.100940719246864,47.2610117867589
synth_768d_hc,and,431,50.31982436776161,50.48094317317009
synth_768d_hc,and,473,52.68456880003214,52.85325460135937
synth_768d_hc,and,331,50.590489991009235,50.74043292552233
synth_768d_hc,and,961,50.24427082389593,50.40422547608614
synth_768d_hc,and,771,65.02843461930752,65.44927600771189
synth_768d_hc,and,399,49.26940891891718,49.42051600664854
synth_768d_hc,and,811,47.525973059237,47.69547376781702
synth_768d_hc,and,339,47.83726762980223,47.98744339495897
synth_768d_hc,and,235,52.53264680504799,52.69807297736406
synth_768d_hc,and,515,50.88048055768013,51.04043520987034
synth_768d_hc,and,601,49.34356547892094,49.503520131111145
synth_768d_hc,and,93,47.28755448013544,47.446577809751034
synth_768d_hc,and,381,46.71001806855202,46.87916953116655
synth_768d_hc,and,549,47.13458474725485,47.28615749627352
synth_768d_hc,and,921,49.91400055587292,50.069415010511875
synth_768d_hc,and,320,47.94122651219368,48.10176324099302
synth_768d_hc,and,62,46.54133226722479,46.7090867459774
synth_768d_hc,and,510,80.64217399805784,79.90025915205479
synth_768d_hc,and,807,46.86019383370876,47.01106809079647
synth_768d_hc,and,972,46.75553645938635,46.92526999861002
synth_768d_hc,and,906,48.786867409944534,48.94228186458349
synth_768d_hc,and,447,48.70351403951645,48.86440001428127
synth_768d_hc,and,685,52.79085598886013,52.950577810406685
synth_768d_hc,and,892,54.55838982015848,55.628479458391666
synth_768d_hc,and,957,53.37619222700596,53.5172875970602
synth_768d_hc,and,998,49.08698610961437,49.25241228193045
synth_768d_hc,and,85,46.95449024438858,47.10536450147629
synth_768d_hc,and,201,48.65264054387808,48.8226069137454
synth_768d_hc,and,332,47.361478209495544,47.51246888190508
synth_768d_hc,and,151,67.59539246559143,66.83450192213058
synth_768d_hc,and,760,48.18243905901909,48.32330159842968
synth_768d_hc,and,925,61.44761573523283,60.67671347409487
synth_768d_hc,and,96,60.79592276364565,61.867875047028065
synth_768d_hc,and,379,49.053807742893696,49.23378583043814
synth_768d_hc,and,351,53.149182349443436,53.29481791704893
synth_768d_hc,and,988,49.51434675604105,49.53553434461355
synth_768d_hc,and,496,46.849134378135204,46.890461817383766
synth_768d_hc,and,864,50.715054385364056,50.75603257864714
synth_768d_hc,and,366,49.82005339115858,49.95008930563927
synth_768d_hc,and,834,48.17103035748005,48.32190461456776
synth_768d_hc,and,741,48.02737385034561,48.19524474442005
synth_768d_hc,and,480,49.7444998472929,49.914466217160225
synth_768d_hc,and,297,54.391915909945965,54.542324505746365
synth_768d_hc,and,997,46.53586074709892,46.69057670980692
synth_768d_hc,and,407,46.955072320997715,47.1062958240509
synth_768d_hc,and,412,47.52620588988066,47.696405090391636
synth_768d_hc,and,267,48.56404848396778,48.73389843851328
synth_768d_hc,and,390,57.83152300864458,57.075172662734985
synth_768d_hc,and,838,47.495472244918346,47.63749893754721
synth_768d_hc,and,405,52.85290535539389,53.01379133015871
synth_768d_hc,and,748,50.237285904586315,50.397240556776524
synth_768d_hc,and,319,50.58466922491789,50.736707635223866
synth_768d_hc,and,778,47.766370698809624,47.91677929461002
synth_768d_hc,and,262,47.15542308986187,47.316309064626694
synth_768d_hc,and,128,50.30748434364796,50.467438995838165
synth_768d_hc,and,400,80.77663369476795,80.05020208656788
synth_768d_hc,and,280,48.12236875295639,48.262299969792366
synth_768d_hc,and,587,51.3674458488822,51.527866162359715
synth_768d_hc,and,317,54.68784365803003,54.84826397150755
synth_768d_hc,and,364,48.513058573007584,48.66323433816433
synth_768d_hc,and,56,47.07416519522667,47.23411984741688
synth_768d_hc,and,149,53.19947376847267,53.36850881576538
synth_768d_hc,and,848,49.36254117637873,49.53250754624605
synth_768d_hc,and,836,47.215959057211876,47.36497066915035
synth_768d_hc,and,559,49.65532571077347,49.8153967782855
synth_768d_hc,and,671,48.087211325764656,48.25764335691929
synth_768d_hc,and,329,50.066388212144375,50.245667807757854
synth_768d_hc,and,159,47.81747702509165,47.976733185350895
synth_768d_hc,and,847,49.3339030072093,49.503869377076626
synth_768d_hc,and,923,63.99152334779501,64.38163109123707
synth_768d_hc,and,266,49.29862916469574,49.46300759911537
synth_768d_hc,and,107,53.66641562432051,53.83521784096956
synth_768d_hc,and,506,47.736335545778275,47.88720980286598
synth_768d_hc,and,548,47.04156890511513,47.205016016960144
synth_768d_hc,and,14,53.2959820702672,53.46548277884722
synth_768d_hc,and,750,48.332614824175835,48.48465323448181
synth_768d_hc,and,827,48.00048191100359,48.17021545022726
synth_768d_hc,and,306,52.14638076722622,52.32752300798893
synth_768d_hc,and,851,49.97989162802696,50.14438647776842
synth_768d_hc,and,326,46.93982191383839,47.090696170926094
synth_768d_hc,and,298,53.12403663992882,53.293537348508835
synth_768d_hc,and,929,46.69022746384144,46.860543079674244
synth_768d_hc,and,633,48.056826926767826,48.20595495402813
synth_768d_hc,and,665,51.43694579601288,51.59690044820309
synth_768d_hc,and,731,64.66777995228767,63.75683005899191
synth_768d_hc,and,726,46.86042666435242,47.020730562508106
synth_768d_hc,and,53,72.91289512068033,72.1421092748642
synth_768d_hc,and,33,48.75392187386751,48.914458602666855
synth_768d_hc,and,982,49.34368189424276,49.49909634888172
synth_768d_hc,and,328,50.88211037218571,51.07256583869457
synth_768d_hc,and,667,52.68235690891743,52.823685109615326
synth_768d_hc,and,927,55.78366108238697,55.964221246540546
synth_768d_hc,and,656,65.0209840387106,65.422966144979
synth_768d_hc,and,622,59.40417759120464,58.67239087820053
synth_768d_hc,and,572,47.79361188411713,47.94227425009012
synth_768d_hc,and,129,53.75058390200138,53.90145815908909
synth_768d_hc,and,985,52.789109759032726,52.929273806512356
synth_768d_hc,and,680,60.17519626766443,61.237369664013386
synth_768d_hc,and,730,76.04947313666344,75.2834603190422
synth_768d_hc,and,443,46.633766032755375,46.79395351558924
synth_768d_hc,and,454,47.16555122286081,47.325738705694675
synth_768d_hc,and,934,50.88618490844965,51.03705916553736
synth_768d_hc,and,483,50.436705350875854,50.59666000306606
synth_768d_hc,and,698,49.43122621625662,49.59118086844683
synth_768d_hc,and,486,48.48698154091835,48.64693619310856
synth_768d_hc,and,396,48.532034270465374,48.6825592815876
synth_768d_hc,and,752,52.54894495010376,52.70389374345541
synth_768d_hc,and,955,49.81050733476877,49.97954238206148
synth_768d_hc,and,965,52.418909035623074,52.57886368781328
synth_768d_hc,and,358,48.042391426861286,48.19745663553476
synth_768d_hc,and,292,48.929243348538876,49.09385461360216
synth_768d_hc,and,97,65.56278094649315,66.64497777819633
synth_768d_hc,and,518,48.52795973420143,48.68744872510433
synth_768d_hc,and,598,71.19996007531881,72.28099275380373
synth_768d_hc,and,940,47.669862397015095,47.82131873071194
synth_768d_hc,and,624,47.511071898043156,47.659967094659805
synth_768d_hc,and,440,53.934287279844284,55.00740371644497
synth_768d_hc,and,59,53.43358498066664,53.59342321753502
synth_768d_hc,and,550,48.878719098865986,49.04309753328562
synth_768d_hc,and,943,63.86428140103817,63.14425263553858
synth_768d_hc,and,567,62.11944855749607,61.368104070425034
synth_768d_hc,and,852,51.21238064020872,51.37233529239893
synth_768d_hc,and,628,47.44553007185459,47.5964043289423
synth_768d_hc,and,303,52.537303417921066,52.689691074192524
synth_768d_hc,and,92,52.92485002428293,53.08911204338074
synth_768d_hc,and,6,50.03553815186024,50.19456148147583
synth_768d_hc,and,359,49.67872519046068,49.835420213639736
synth_768d_hc,and,91,47.16229159384966,47.302222810685635
synth_768d_hc,and,114,48.005953431129456,48.15799184143543
synth_768d_hc,and,130,51.892478950321674,52.05289926379919
synth_768d_hc,and,716,49.990834668278694,50.1507893204689
synth_768d_hc,and,163,49.96475763618946,50.120288506150246
synth_768d_hc,and,105,48.132496885955334,48.273359425365925
synth_768d_hc,and,900,48.6522912979126,48.821442760527134
synth_768d_hc,and,980,47.51130472868681,47.676730901002884
synth_768d_hc,and,99,54.009491577744484,54.16583735495806
synth_768d_hc,and,551,50.60143303126097,50.770933739840984
synth_768d_hc,and,913,54.01542875915766,55.067590437829494
synth_768d_hc,and,58,59.97845437377691,59.22839045524597
synth_768d_hc,and,169,48.66102244704962,48.81282802671194
synth_768d_hc,and,974,50.724600441753864,50.89456681162119
synth_768d_hc,and,629,49.11469295620918,49.28465932607651
synth_768d_hc,and,696,47.290464863181114,47.45041951537132
synth_768d_hc,and,177,48.10257814824581,48.27231168746948
synth_768d_hc,and,594,69.06723137944937,70.13825234025717
synth_768d_hc,and,233,49.65451080352068,49.814232625067234
synth_768d_hc,and,816,55.91916851699352,56.078191846609116
synth_768d_hc,and,898,48.562418669462204,48.72714634984732
synth_768d_hc,and,968,65.50864782184362,65.9191282466054
synth_768d_hc,and,42,48.302230425179005,48.462534323334694
synth_768d_hc,and,218,54.58085797727108,54.73196506500244
synth_768d_hc,and,837,48.337969928979874,48.489077016711235
synth_768d_hc,and,493,47.16683179140091,47.34483081847429
synth_768d_hc,and,521,47.100940719246864,47.252047806978226
synth_768d_hc,and,712,53.884927183389664,54.03475370258093
synth_768d_hc,and,222,47.9426234960556,48.09617530554533
synth_768d_hc,and,962,47.04901948571205,47.21013829112053
synth_768d_hc,and,462,53.29819396138191,53.43032535165548
synth_768d_hc,and,393,55.53255323320627,56.62336479872465
synth_768d_hc,and,108,55.13394717127085,56.214979849755764
synth_768d_hc,and,854,51.06045864522457,51.22600123286247
synth_768d_hc,and,789,48.601068556308746,48.75217564404011
synth_768d_hc,and,446,49.26254041492939,49.40887447446585
synth_768d_hc,and,937,50.34985952079296,50.51097832620144
synth_768d_hc,and,51,53.02415229380131,53.17456088960171
synth_768d_hc,and,367,65.47302473336458,65.87489042431116
synth_768d_hc,and,346,47.22143057733774,47.38930147141218
synth_768d_hc,and,566,47.205016016960144,47.36497066915035
synth_768d_hc,and,546,48.12318366020918,48.28220698982477
synth_768d_hc,and,924,48.818415962159634,48.973364755511284
synth_768d_hc,and,82,48.51864650845528,48.67836833000183
synth_768d_hc,and,414,47.36729897558689,47.5363340228796
synth_768d_hc,and,394,51.361508667469025,51.522161811590195
synth_768d_hc,and,189,47.402805648744106,47.56252747029066
synth_768d_hc,and,718,47.54553083330393,47.69652150571346
synth_768d_hc,and,422,64.81562741100788,63.91550414264202
synth_768d_hc,and,717,47.60967567563057,47.761015594005585
synth_768d_hc,and,29,50.00841338187456,50.16976501792669
synth_768d_hc,and,805,46.92038055509329,47.0803352072835
synth_768d_hc,and,240,47.671725042164326,47.841924242675304
synth_768d_hc,and,285,62.04273086041212,61.28731183707714
synth_768d_hc,and,428,51.83345638215542,51.98339931666851
synth_768d_hc,and,5,48.493617214262486,48.65799564868212
synth_768d_hc,and,647,51.66628398001194,51.82845052331686
synth_768d_hc,and,519,47.25181497633457,47.41526208817959
synth_768d_hc,and,125,48.37650340050459,48.53738937526941
synth_768d_hc,and,655,54.017058573663235,54.186093620955944
synth_768d_hc,and,421,48.07114601135254,48.231217078864574
synth_768d_hc,and,806,48.181856982409954,48.35205618292093
synth_768d_hc,and,652,50.08967127650976,50.250557251274586
synth_768d_hc,and,637,47.94646520167589,48.09757228940725
synth_768d_hc,and,520,50.6456708535552,50.81109702587128
synth_768d_hc,and,380,59.46878809481859,58.71802568435669
synth_768d_hc,and,338,48.537738621234894,48.68838004767895
synth_768d_hc,and,754,46.69046029448509,46.8594953417778
synth_768d_hc,and,127,53.479685448110104,53.635332733392715
synth_768d_hc,and,487,47.121779061853886,47.28080239146948
synth_768d_hc,and,485,51.8731540068984,52.04416811466217
synth_768d_hc,and,526,48.02132025361061,48.16136788576841
synth_768d_hc,and,612,56.258984841406345,56.65991920977831
synth_768d_hc,and,984,48.30851685255766,48.45776129513979
synth_768d_hc,and,841,47.6716086268425,47.8220172226429
synth_768d_hc,and,552,50.09036976844072,50.20073149353266
synth_768d_hc,and,733,48.1980387121439,48.367539420723915
synth_768d_hc,and,68,46.66962195187807,46.82049620896578
synth_768d_hc,and,406,47.34063986688852,47.50059451907873
synth_768d_hc,and,179,49.19769708067179,49.36743061989546
synth_768d_hc,and,886,48.462883569300175,48.64379297941923
synth_768d_hc,and,475,51.38793494552374,51.541486755013466
synth_768d_hc,and,37,49.06358662992716,49.214460887014866
synth_768d_hc,and,384,47.7498397231102,47.90921229869127
synth_768d_hc,and,700,50.166272558271885,50.31714681535959
synth_768d_hc,and,104,52.83579230308533,53.00459451973438
synth_768d_hc,and,479,55.298092775046825,55.698794312775135
synth_768d_hc,and,387,49.698399379849434,49.84939005225897
synth_768d_hc,and,582,54.83045242726803,54.982490837574005
synth_768d_hc,and,857,49.132504500448704,49.283262342214584
synth_768d_hc,and,764,48.01643081009388,48.167421482503414
synth_768d_hc,and,385,76.27415470778942,75.51349699497223
synth_768d_hc,and,744,50.7705844938755,50.931586883962154
synth_768d_hc,and,825,47.67661448568106,47.836569137871265
synth_768d_hc,and,32,61.86158861964941,61.121885664761066
synth_768d_hc,and,658,48.287445679306984,48.44740033149719
synth_768d_hc,and,849,55.40798883885145,55.79844582825899
synth_768d_hc,and,290,51.87815986573696,52.03613545745611
synth_768d_hc,and,103,52.46198270469904,52.62193735688925
synth_768d_hc,and,334,48.61119668930769,48.75322338193655
synth_768d_hc,and,703,52.533927373588085,52.69853863865137
synth_768d_hc,and,701,51.977927796542645,52.378163672983646
synth_768d_hc,and,322,65.74892904609442,65.01690950244665
synth_768d_hc,and,386,47.1948878839612,47.35484253615141
synth_768d_hc,and,604,49.50363654643297,49.649388529360294
synth_768d_hc,and,675,61.80757191032171,62.21758667379618
synth_768d_hc,and,122,52.69504617899656,52.84592043608427
synth_768d_hc,and,915,60.54074037820101,59.77880209684372
synth_768d_hc,and,715,49.752299673855305,49.91341847926378
synth_768d_hc,and,776,49.568479880690575,49.73262548446655
synth_768d_hc,and,989,47.786859795451164,47.94704727828503
synth_768d_hc,and,872,52.91472189128399,53.06594539433718
synth_768d_hc,and,659,63.69443144649267,62.962411902844906
synth_768d_hc,and,882,51.55801773071289,51.7179723829031
synth_768d_hc,and,383,47.280453145504,47.440407797694206
synth_768d_hc,and,969,66.28490518778563,65.55288564413786
synth_768d_hc,and,870,50.351605750620365,50.520640797913074
synth_768d_hc,and,450,46.830507926642895,46.99057899415493
synth_768d_hc,and,78,68.82916204631329,68.08806210756302
synth_768d_hc,and,574,47.63319157063961,47.79244773089886
synth_768d_hc,and,57,61.56717427074909,60.83166226744652
synth_768d_hc,and,792,47.34192043542862,47.49733489006758
synth_768d_hc,and,577,48.49652759730816,48.65298978984356
synth_768d_hc,and,627,48.45357034355402,48.61422348767519
synth_768d_hc,and,501,48.231915570795536,48.382789827883244
synth_768d_hc,and,132,48.82877692580223,48.97965118288994
synth_768d_hc,and,790,52.11262032389641,52.26302891969681
synth_768d_hc,and,993,64.992462284863,65.39362948387861
synth_768d_hc,and,142,47.11095243692398,47.26182669401169
synth_768d_hc,and,581,47.905719839036465,48.06474316865206
synth_768d_hc,and,98,48.99338819086552,49.15380850434303
synth_768d_hc,and,753,49.04414527118206,49.22272637486458
synth_768d_hc,and,860,49.24822133034468,49.41364750266075
synth_768d_hc,and,296,54.36735227704048,54.53638732433319
synth_768d_hc,and,264,49.07301627099514,49.22389052808285
synth_768d_hc,and,187,47.888606786727905,48.057641834020615
synth_768d_hc,and,444,47.968002036213875,48.12795668840408
synth_768d_hc,and,210,47.40990698337555,47.561945393681526
synth_768d_hc,and,745,51.35661922395229,51.52658559381962
synth_768d_hc,and,605,51.557086408138275,51.71750672161579
synth_768d_hc,and,241,51.903887651860714,52.07338836044073
synth_768d_hc,and,979,47.41712473332882,47.5769629701972
synth_768d_hc,and,464,46.919798478484154,47.08324559032917
synth_768d_hc,and,260,50.70609040558338,50.85696466267109
synth_768d_hc,and,245,63.76008968800306,63.039595261216164
synth_768d_hc,and,589,51.96826532483101,52.13730037212372
synth_768d_hc,and,28,47.25449252873659,47.424924559891224
synth_768d_hc,and,555,46.94086965173483,47.10990469902754
synth_768d_hc,and,688,65.483502112329,66.54346361756325
synth_768d_hc,and,309,46.97276744991541,47.14634269475937
synth_768d_hc,and,451,47.31107037514448,47.46217746287584
synth_768d_hc,and,152,47.09092900156975,47.250883653759956
synth_768d_hc,and,565,48.04669879376888,48.20665344595909
synth_768d_hc,and,236,54.18702494353056,54.35605999082327
synth_768d_hc,and,953,49.20340143144131,49.37429912388325
synth_768d_hc,and,474,48.051588237285614,48.21154288947582
synth_768d_hc,and,361,80.79665713012218,80.0546258687973
synth_768d_hc,and,657,53.348951041698456,53.50098945200443
synth_768d_hc,and,498,47.62038588523865,47.781504690647125
synth_768d_hc,and,541,48.02236799150705,48.18232264369726
synth_768d_hc,and,23,49.954396672546864,50.10119639337063
synth_768d_hc,and,429,48.14751446247101,48.30735269933939
synth_768d_hc,and,402,57.01696500182152,57.416968047618866
synth_768d_hc,and,205,48.4029296785593,48.567308112978935
synth_768d_hc,and,395,52.50750109553337,52.66745574772358
synth_768d_hc,and,725,50.70993211120367,50.869304686784744
synth_768d_hc,and,975,65.25753997266293,65.64287468791008
synth_768d_hc,and,155,49.98478107154369,50.14438647776842
synth_768d_hc,and,691,48.47755189985037,48.63820504397154
synth_768d_hc,and,584,61.947619542479515,61.2067524343729
synth_768d_hc,and,120,47.208042815327644,47.37696144729853
synth_768d_hc,and,681,47.532725147902966,47.701760195195675
synth_768d_hc,and,219,47.82737232744694,47.982088290154934
synth_768d_hc,and,215,48.50910045206547,48.68779797106981
synth_768d_hc,and,162,51.62262823432684,51.783397793769836
synth_768d_hc,and,377,50.186761654913425,50.35684444010258
synth_768d_hc,and,694,46.88999615609646,47.05996252596378
synth_768d_hc,and,855,52.80261393636465,52.96291783452034
synth_768d_hc,and,626,48.93320146948099,49.08978007733822
synth_768d_hc,and,819,67.56186485290527,66.83077663183212
synth_768d_hc,and,505,53.75943146646023,54.801348596811295
synth_768d_hc,and,651,48.993038944900036,49.152993597090244
synth_768d_hc,and,442,46.92631773650646,47.085341066122055
synth_768d_hc,and,991,48.986636102199554,49.138208851218224
synth_768d_hc,and,275,47.20583092421293,47.366018407046795
synth_768d_hc,and,728,49.60841033607721,49.7596338391304
synth_768d_hc,and,123,48.63657522946596,48.79652988165617
synth_768d_hc,and,20,50.039845518767834,50.21435208618641
synth_768d_hc,and,959,47.74762783199549,47.906883992254734
synth_768d_hc,and,113,53.375493735075,53.5259023308754
synth_768d_hc,and,770,49.85043779015541,50.0003807246685
synth_768d_hc,and,793,47.667999751865864,47.84576594829559
synth_768d_hc,and,532,48.823654651641846,48.983143642544746
synth_768d_hc,and,702,48.644840717315674,48.81387576460838
synth_768d_hc,and,138,50.06720311939716,50.231930799782276
synth_768d_hc,and,829,48.64123184233904,48.792106099426746
synth_768d_hc,and,534,48.97918552160263,49.14822056889534
synth_768d_hc,and,672,50.68210884928703,50.842296332120895
synth_768d_hc,and,401,47.440873458981514,47.6042041555047
synth_768d_hc,and,880,49.214460887014866,49.37418270856142
synth_768d_hc,and,230,48.56777377426624,48.71969576925039
synth_768d_hc,and,436,64.83204197138548,63.930987380445
synth_768d_hc,and,947,48.09175152331591,48.26253280043602
synth_768d_hc,and,374,52.387709729373455,52.54882853478193
synth_768d_hc,and,785,49.119931645691395,49.27895497530699
synth_768d_hc,and,131,53.65652032196522,53.82648669183254
synth_768d_hc,and,791,76.33003406226635,75.59801451861858
synth_768d_hc,and,8,47.36694972962141,47.525973059237
synth_768d_hc,and,90,50.885602831840515,51.04125011712313
synth_768d_hc,and,337,50.322036258876324,50.48257298767567
synth_768d_hc,and,54,49.62028469890356,49.76114723831415
synth_768d_hc,and,903,49.64903928339481,49.81353413313627
synth_768d_hc,and,378,49.60549995303154,49.75474439561367
synth_768d_hc,and,258,47.13633097708225,47.30536602437496
synth_768d_hc,and,723,46.94913513958454,47.10140638053417
synth_768d_hc,and,301,49.89572335034609,50.05544517189264
synth_768d_hc,and,990,47.45018668472767,47.6054847240448
synth_768d_hc,and,48,47.16601688414812,47.31689114123583
synth_768d_hc,and,178,49.824477173388004,49.97465293854475
synth_768d_hc,and,47,47.39046562463045,47.55042027682066
synth_768d_hc,and,478,52.63846833258867,52.79842298477888
synth_768d_hc,and,4,55.230106227099895,55.39099220186472
synth_768d_hc,and,732,50.971051678061485,51.12285725772381
synth_768d_hc,and,30,47.57766146212816,47.751120291650295
synth_768d_hc,and,153,57.97145422548056,59.082056395709515
synth_768d_hc,and,182,53.14941518008709,53.3093698322773
synth_768d_hc,and,67,49.31504372507334,49.464055337011814
synth_768d_hc,and,302,48.869638703763485,49.038673751056194
synth_768d_hc,and,531,47.913636080920696,48.08243829756975
synth_768d_hc,and,168,49.8032895848155,49.95265044271946
synth_768d_hc,and,949,50.746602937579155,50.91552156955004
synth_768d_hc,and,673,49.47383422404528,49.62412640452385
synth_768d_hc,and,866,47.51095548272133,47.680456191301346
synth_768d_hc,and,994,49.069756641983986,49.24391396343708
synth_768d_hc,and,470,47.65612538903952,47.82702308148146
synth_768d_hc,and,646,49.03192166239023,49.174181185662746
synth_768d_hc,and,845,47.79663868248463,47.96148277819157
synth_768d_hc,and,504,49.884081818163395,50.03972910344601
synth_768d_hc,and,739,49.15439058095217,49.304915592074394
synth_768d_hc,and,50,47.00128920376301,47.165900468826294
synth_768d_hc,and,239,64.7322740405798,63.84111475199461
synth_768d_hc,and,625,47.49163053929806,47.6418063044548
synth_768d_hc,and,109,48.452988266944885,48.61305933445692
synth_768d_hc,and,445,57.09088873118162,57.492172345519066
synth_768d_hc,and,397,48.36823791265488,48.532732762396336
synth_768d_hc,and,690,48.180692829191685,48.34157880395651
synth_768d_hc,and,286,49.14205055683851,49.2829130962491
synth_768d_hc,and,424,48.88500552624464,49.06312096863985
synth_768d_hc,and,714,54.641859605908394,55.70380017161369
synth_768d_hc,and,305,48.086512833833694,48.24693314731121
synth_768d_hc,and,540,51.24614108353853,51.41599103808403
synth_768d_hc,and,684,50.6663927808404,50.82727875560522
synth_768d_hc,and,76,51.91820673644543,52.06023342907429
synth_768d_hc,and,146,48.623885959386826,48.77382889389992
synth_768d_hc,and,133,52.773975767195225,52.93393041938543
synth_768d_hc,and,18,47.51770757138729,47.68185317516327
synth_768d_hc,and,171,54.63173147290945,54.791802540421486
synth_768d_hc,and,208,48.06614015251398,48.21701440960169
synth_768d_hc,and,596,47.21037112176418,47.36124537885189
synth_768d_hc,and,228,65.00422023236752,65.43309427797794
synth_768d_hc,and,561,52.99365147948265,53.162453696131706
synth_768d_hc,and,695,46.93015944212675,47.08103369921446
synth_768d_hc,and,708,51.58199928700924,51.75278056412935
synth_768d_hc,and,226,48.710149712860584,48.878719098865986
synth_768d_hc,and,901,55.98494317382574,56.140124797821045
synth_768d_hc,and,643,50.895847380161285,51.056849770247936
synth_768d_hc,and,828,46.96007817983627,47.12073132395744
synth_768d_hc,and,687,47.77149297297001,47.931564040482044
synth_768d_hc,and,459,46.68778274208307,46.85448948293924
synth_768d_hc,and,800,47.24040627479553,47.40012809634209
synth_768d_hc,and,678,50.08396692574024,50.22482946515083
synth_768d_hc,and,343,50.077796913683414,50.20981188863516
synth_768d_hc,and,607,48.171146772801876,48.32260310649872
synth_768d_hc,and,463,48.340996727347374,48.50095137953758
synth_768d_hc,and,224,59.4389857724309,58.69788583368063
synth_768d_hc,and,810,47.9063019156456,48.057292588055134
synth_768d_hc,and,347,47.23505116999149,47.391513362526894
synth_768d_hc,and,978,63.85589949786663,63.11479955911636
synth_768d_hc,and,213,51.44777242094278,51.61226727068424
synth_768d_hc,and,564,47.024572268128395,47.18091804534197
synth_768d_hc,and,21,49.16882608085871,49.31993316859007
synth_768d_hc,and,352,48.22795744985342,48.38593304157257
synth_768d_hc,and,44,50.20108073949814,50.361501052975655
synth_768d_hc,and,174,48.50781988352537,48.66335075348616
synth_768d_hc,and,497,52.75453440845013,52.93369758874178
synth_768d_hc,and,482,76.35937072336674,75.60360245406628
synth_768d_hc,and,349,49.723079428076744,49.87395368516445
synth_768d_hc,and,721,47.19290882349014,47.37265408039093
synth_768d_hc,and,86,48.732152208685875,48.893969506025314
synth_768d_hc,and,661,48.76800812780857,48.928894102573395
synth_768d_hc,and,244,52.47327499091625,52.63485945761204
synth_768d_hc,and,345,47.019682824611664,47.17148840427399
synth_768d_hc,and,875,46.87020555138588,47.03004378825426
synth_768d_hc,and,912,48.45426883548498,48.61433990299702
synth_768d_hc,and,887,51.97280552238226,52.128336392343044
synth_768d_hc,and,95,46.860543079674244,47.020730562508106
synth_768d_hc,and,992,64.72575478255749,63.825398683547974
synth_768d_hc,and,592,47.42247983813286,47.58674185723066
synth_768d_hc,and,858,47.09034692496061,47.25984763354063
synth_768d_hc,and,905,47.81200550496578,47.97172732651234
synth_768d_hc,and,960,46.614441089332104,46.78359255194664
synth_768d_hc,and,70,47.3241088911891,47.47509956359863
synth_768d_hc,and,34,50.219008699059486,50.38443487137556
synth_768d_hc,and,777,46.724569983780384,46.875677071511745
synth_768d_hc,and,954,47.30047658085823,47.45996557176113
synth_768d_hc,and,773,49.81586243957281,49.96673669666052
synth_768d_hc,and,175,47.72283136844635,47.873007133603096
synth_768d_hc,and,617,49.44403190165758,49.61306694895029
synth_768d_hc,and,536,52.10726521909237,52.26931534707546
synth_768d_hc,and,641,49.86405838280916,50.01446697860956
synth_768d_hc,and,618,46.7090867459774,46.8698563054204
synth_768d_hc,and,914,52.42903716862202,52.579911425709724
synth_768d_hc,and,293,76.06996223330498,75.32862946391106
synth_768d_hc,and,72,49.293506890535355,49.45346154272556
synth_768d_hc,and,284,61.82806100696325,62.246923334896564
synth_768d_hc,and,743,49.99106749892235,50.160218961536884
synth_768d_hc,and,432,47.52015229314566,47.684647142887115
synth_768d_hc,and,166,51.6518484801054,51.82262975722551
synth_768d_hc,and,15,46.98033444583416,47.144945710897446
synth_768d_hc,and,272,46.87055479735136,47.030625864863396
synth_768d_hc,and,220,50.20399112254381,50.355214625597
synth_768d_hc,and,490,65.08745718747377,65.48746023327112
synth_768d_hc,and,530,47.04552702605724,47.20105789601803
synth_768d_hc,and,537,49.09932613372803,49.258931539952755
synth_768d_hc,and,116,47.20105789601803,47.35100083053112
synth_768d_hc,and,35,63.65473382174969,62.90385499596596
synth_768d_hc,and,720,63.71457129716873,62.96345964074135
synth_768d_hc,and,920,49.29304122924805,49.44414831697941
synth_768d_hc,and,679,46.92107904702425,47.09011409431696
synth_768d_hc,and,289,49.86568819731474,50.02564284950495
synth_768d_hc,and,666,47.51118831336498,47.67999053001404
synth_768d_hc,and,340,47.59116563946009,47.75740671902895
synth_768d_hc,and,634,46.795583330094814,46.96485120803118
synth_768d_hc,and,542,49.149501137435436,49.305614084005356
synth_768d_hc,and,492,55.73313683271408,56.12964741885662
synth_768d_hc,and,578,51.87792703509331,52.02903412282467
synth_768d_hc,and,878,48.88663534075022,49.03855733573437
synth_768d_hc,and,217,46.991161070764065,47.15111572295427
synth_768d_hc,and,763,52.15464625507593,52.313669584691525
synth_768d_hc,and,758,53.63032687455416,53.79039794206619
synth_768d_hc,and,942,46.699889935553074,46.864268369972706
synth_768d_hc,and,511,48.687681555747986,48.847636207938194
synth_768d_hc,and,931,48.91399294137955,49.07487891614437
synth_768d_hc,and,833,47.962646931409836,48.13598934561014
synth_768d_hc,and,307,59.43817086517811,58.71732719242573
synth_768d_hc,and,553,48.35985600948334,48.511079512536526
synth_768d_hc,and,88,47.4174739792943,47.57195711135864
synth_768d_hc,and,413,53.29947452992201,53.468625992536545
synth_768d_hc,and,368,51.872688345611095,52.0339235663414
synth_768d_hc,and,287,49.66242704540491,49.80911035090685
synth_768d_hc,and,896,48.19722380489111,48.35252184420824
synth_768d_hc,and,22,55.63849117606878,56.05875048786402
synth_768d_hc,and,638,55.36258686333895,55.522541515529156
synth_768d_hc,and,709,47.156703658401966,47.33668174594641
synth_768d_hc,and,831,63.7818593531847,63.05868737399578
synth_768d_hc,and,276,51.37256812304258,51.538110710680485
synth_768d_hc,and,662,51.03624425828457,51.19689740240574
synth_768d_hc,and,713,48.51736593991518,48.68640098720789
synth_768d_hc,and,27,47.16310650110245,47.312118113040924
synth_768d_hc,and,908,47.13668022304773,47.300709411501884
synth_768d_hc,and,409,47.083827666938305,47.244830057024956
synth_768d_hc,and,278,49.46964327245951,49.63052924722433
synth_768d_hc,and,308,48.0402959510684,48.21037873625755
synth_768d_hc,and,802,47.1166567876935,47.28569183498621
synth_768d_hc,and,410,49.66428969055414,49.8197041451931
synth_768d_hc,and,939,47.20059223473072,47.3695108667016
synth_768d_hc,and,158,47.28487692773342,47.43610043078661
synth_768d_hc,and,809,48.26707299798727,48.43599162995815
synth_768d_hc,and,767,47.235400415956974,47.39093128591776
synth_768d_hc,and,756,47.911424189805984,48.06241486221552
synth_768d_hc,and,868,51.94288678467274,52.11192183196545
synth_768d_hc,and,779,48.40677138417959,48.55811130255461
synth_768d_hc,and,693,47.751120291650295,47.90560342371464
synth_768d_hc,and,311,48.44262730330229,48.60165063291788
synth_768d_hc,and,683,47.69174847751856,47.84273914992809
synth_768d_hc,and,966,46.98603879660368,47.1555395051837
synth_768d_hc,and,517,46.96007817983627,47.13493399322033
synth_768d_hc,and,469,51.46313924342394,51.623210310935974
synth_768d_hc,and,774,49.53902680426836,49.69898145645857
synth_768d_hc,and,668,48.857880756258965,49.02784712612629
synth_768d_hc,and,616,48.57825115323067,48.74833393841982
synth_768d_hc,and,560,49.403985030949116,49.55485928803682
synth_768d_hc,and,545,48.00758324563503,48.16788714379072
synth_768d_hc,and,907,50.44497083872557,50.6050419062376
synth_768d_hc,and,928,48.82772918790579,48.98908082395792
synth_768d_hc,and,586,60.66483911126852,61.762286350131035
synth_768d_hc,and,476,51.46604962646961,51.617855206131935
synth_768d_hc,and,221,59.548066928982735,58.8179100304842
synth_768d_hc,and,279,50.706672482192516,50.875009037554264
synth_768d_hc,and,922,47.66765050590038,47.82760515809059
synth_768d_hc,and,904,51.81203596293926,52.217976190149784
synth_768d_hc,and,527,59.320591390132904,58.598583564162254
synth_768d_hc,and,363,53.55512257665396,53.705996833741665
synth_768d_hc,and,644,48.94193261861801,49.11213181912899
synth_768d_hc,and,528,50.24950951337814,50.419243052601814
synth_768d_hc,and,404,60.590216889977455,59.86960604786873
synth_768d_hc,and,783,47.93028347194195,48.07114601135254
synth_768d_hc,and,254,47.80141171067953,47.961948439478874
synth_768d_hc,and,621,48.97476173937321,49.139722250401974
synth_768d_hc,and,353,48.53471182286739,48.69478289037943
synth_768d_hc,and,197,48.171146772801876,48.34181163460016
synth_768d_hc,and,357,47.41258453577757,47.57591523230076
synth_768d_hc,and,341,49.30852446705103,49.45695400238037
synth_768d_hc,and,738,47.09151107817888,47.25484177470207
synth_768d_hc,and,430,48.2914038002491,48.451824113726616
synth_768d_hc,and,676,48.62819332629442,48.783840611577034
synth_768d_hc,and,398,47.4144471809268,47.574518248438835
synth_768d_hc,and,453,60.61163730919361,59.850746765732765
synth_768d_hc,and,734,47.187088057398796,47.35658876597881
synth_768d_hc,and,214,47.99291491508484,48.15845750272274
synth_768d_hc,and,118,48.081157729029655,48.23319613933563
synth_768d_hc,and,632,53.014024160802364,53.165131248533726
synth_768d_hc,and,648,47.35635593533516,47.506531700491905
synth_768d_hc,and,17,50.95114465802908,51.111215725541115
synth_768d_hc,and,207,50.63123535364866,50.791772082448006
synth_768d_hc,and,49,47.37998824566603,47.530862502753735
synth_768d_hc,and,881,47.97836299985647,48.13761916011572
synth_768d_hc,and,879,47.948677092790604,48.10909740626812
synth_768d_hc,and,65,47.16706462204456,47.32701927423477
synth_768d_hc,and,438,47.23144229501486,47.3902327939868
synth_768d_hc,and,514,64.89746738225222,64.00118581950665
synth_768d_hc,and,237,51.87164060771465,52.031828090548515
synth_768d_hc,and,525,48.392568714916706,48.558227717876434
synth_768d_hc,and,144,48.27079828828573,48.43191709369421
synth_768d_hc,and,950,50.30003376305103,50.460221245884895
synth_768d_hc,and,576,47.61072341352701,47.7710273116827
synth_768d_hc,and,891,48.21666516363621,48.37685264647007
synth_768d_hc,and,16,46.79511766880751,46.95553798228502
synth_768d_hc,and,814,51.03740841150284,51.20714195072651
synth_768d_hc,and,273,48.30735269933939,48.47755189985037
synth_768d_hc,and,890,50.43600685894489,50.59526301920414
synth_768d_hc,and,563,47.61642776429653,47.78639413416386
synth_768d_hc,and,897,50.28536543250084,50.44671706855297
synth_768d_hc,and,500,50.471979193389416,50.64194556325674
synth_768d_hc,and,970,50.98688416182995,51.151495426893234
synth_768d_hc,and,87,52.19958256930113,52.368384785950184
synth_768d_hc,and,350,50.84695294499397,51.017035730183125
synth_768d_hc,and,188,54.83697168529034,54.9971591681242
synth_768d_hc,and,762,54.026488214731216,54.18655928224325
synth_768d_hc,and,981,53.32590080797672,53.48678678274155
synth_768d_hc,and,161,51.83822941035032,51.98980215936899
synth_768d_hc,and,417,48.508052714169025,48.68709947913885
synth_768d_hc,and,467,48.296875320374966,48.45345392823219
synth_768d_hc,and,635,47.135516069829464,47.29581996798515
synth_768d_hc,and,452,48.0614835396409,48.221671022474766
synth_768d_hc,and,43,63.905841670930386,63.15938662737608
synth_768d_hc,and,441,61.77148316055536,61.04051135480404
synth_768d_hc,and,853,47.441571950912476,47.60164301842451
synth_768d_hc,and,481,51.08793266117573,51.23892333358526
synth_768d_hc,and,839,51.95289850234985,52.11262032389641
synth_768d_hc,and,274,54.36176434159279,54.521718993783
synth_768d_hc,and,736,53.10040432959795,53.26094105839729
synth_768d_hc,and,926,49.89386070519686,50.05288403481245
synth_768d_hc,and,426,61.697675846517086,60.94679702073336
synth_768d_hc,and,766,47.10606299340725,47.24669270217419
synth_768d_hc,and,471,54.181087762117386,54.3021596968174
synth_768d_hc,and,727,50.35114008933306,50.48210732638836
synth_768d_hc,and,669,47.872657887637615,48.0415765196085
synth_768d_hc,and,147,47.211069613695145,47.400593757629395
synth_768d_hc,and,964,47.419918701052666,47.554378397762775
synth_768d_hc,and,456,47.671725042164326,47.70082887262106
synth_768d_hc,and,316,47.68266808241606,47.72248212248087
synth_768d_hc,and,10,49.74519833922386,49.803173169493675
synth_768d_hc,and,813,49.245660193264484,49.38605707138777
synth_768d_hc,and,184,53.052790462970734,53.193303756415844
synth_768d_hc,and,203,46.73108924180269,46.8910438939929
synth_768d_hc,and,252,51.29724740982056,51.44753959029913
synth_768d_hc,and,603,48.342044465243816,48.49769175052643
synth_768d_hc,and,435,52.033341489732265,52.2098271176219
synth_768d_hc,and,867,48.40258043259382,48.56358282268047
synth_768d_hc,and,930,46.73004150390625,46.89907655119896
synth_768d_hc,and,183,50.99701229482889,51.16255488246679
synth_768d_hc,and,706,65.38769230246544,66.47012196481228
synth_768d_hc,and,640,50.49561150372028,50.64625293016434
synth_768d_hc,and,136,49.769994802773,49.929600208997726
synth_768d_hc,and,787,76.26775186508894,75.53782779723406
synth_768d_hc,and,944,48.712361603975296,48.87254908680916
synth_768d_hc,and,894,52.43381019681692,52.60284524410963
synth_768d_hc,and,885,75.7973175495863,75.06622932851315
synth_768d_hc,and,873,49.70503505319357,49.86592102795839
synth_768d_hc,and,137,47.30082582682371,47.47172351926565
synth_768d_hc,and,772,52.05778870731592,52.19923332333565
synth_768d_hc,and,871,47.70106170326471,47.86672070622444
synth_768d_hc,and,388,47.12503869086504,47.2761457785964
synth_768d_hc,and,948,46.82037979364395,46.97171971201897
synth_768d_hc,and,820,47.03947342932224,47.19942808151245
synth_768d_hc,and,884,51.47117190063,51.62111483514309
synth_768d_hc,and,547,73.0000901967287,72.26318120956421
synth_768d_hc,and,874,50.585134886205196,50.73507782071829
synth_768d_hc,and,7,53.12473513185978,53.280266001820564
synth_768d_hc,and,234,59.87903568893671,59.1381685808301
synth_768d_hc,and,83,47.44587931782007,47.61677701026201
synth_768d_hc,and,420,46.39837425202131,46.57276440411806
synth_768d_hc,and,170,47.531560994684696,47.71153908222914
synth_768d_hc,and,84,48.68337418884039,48.85764792561531
synth_768d_hc,and,670,52.53299605101347,52.69411485642195
synth_768d_hc,and,472,49.743568524718285,49.89444278180599
synth_768d_hc,and,81,51.30888894200325,51.476992666721344
synth_768d_hc,and,946,53.384341299533844,53.54487802833319
synth_768d_hc,and,569,46.68137989938259,46.85053136199713
synth_768d_hc,and,799,50.99491681903601,51.146489568054676
synth_768d_hc,and,124,49.23867527395487,49.38978236168623
synth_768d_hc,and,295,52.27862857282162,52.42973566055298
synth_768d_hc,and,883,53.66140976548195,53.82229574024677
synth_768d_hc,and,824,67.33974441885948,66.59794598817825
synth_768d_hc,and,996,47.3319087177515,47.48173523694277
synth_768d_hc,and,986,49.157883040606976,49.31830335408449
synth_768d_hc,and,13,47.11933434009552,47.27044142782688
synth_768d_hc,and,433,47.85170312970877,48.01270551979542
synth_768d_hc,and,310,47.59139847010374,47.751469537615776
synth_768d_hc,and,64,47.13935777544975,47.30024375021458
synth_768d_hc,and,73,47.06019535660744,47.220499254763126
synth_768d_hc,and,318,46.640634536743164,46.79069388657808
synth_768d_hc,and,211,48.972200602293015,49.12400618195534
synth_768d_hc,and,710,51.72810051590204,51.89806688576937
synth_768d_hc,and,976,48.95438905805349,49.1234241053462
synth_768d_hc,and,620,47.65146877616644,47.801993787288666
synth_768d_hc,and,277,53.66373807191849,53.834752179682255
synth_768d_hc,and,614,57.867844589054585,58.954465202987194
synth_768d_hc,and,797,47.73086402565241,47.890935093164444
synth_768d_hc,and,788,46.61863204091787,46.769739128649235
synth_768d_hc,and,889,48.137735575437546,48.30630496144295
synth_768d_hc,and,246,48.52586425840855,48.66789095103741
synth_768d_hc,and,348,46.75029776990414,46.910485252738
synth_768d_hc,and,327,47.03085869550705,47.19116259366274
synth_768d_hc,and,557,48.17720036953688,48.355781473219395
synth_768d_hc,and,599,47.66054917126894,47.8159636259079
synth_768d_hc,and,204,48.46649244427681,48.62295463681221
synth_768d_hc,and,544,75.90814493596554,75.17810445278883
synth_768d_hc,and,415,47.99547605216503,48.16101863980293
synth_768d_hc,and,265,47.44750913232565,47.598034143447876
synth_768d_hc,and,699,47.05402534455061,47.205016016960144
synth_768d_hc,and,689,51.24101880937815,51.410519517958164
synth_768d_hc,and,784,46.530039981007576,46.68103065341711
synth_768d_hc,and,25,47.75775596499443,47.91771061718464
synth_768d_hc,and,2,47.46310878545046,47.63214383274317
synth_768d_hc,and,909,49.44286774843931,49.593858420848846
synth_768d_hc,and,209,47.21118602901697,47.36101254820824
synth_768d_hc,and,606,48.70106931775808,48.85310772806406
synth_768d_hc,and,865,49.653928726911545,49.822963774204254
synth_768d_hc,and,281,76.30023173987865,75.5747314542532
synth_768d_hc,and,145,50.13041663914919,50.300383009016514
synth_768d_hc,and,958,47.24913742393255,47.400943003594875
synth_768d_hc,and,615,50.52692722529173,50.700618885457516
synth_768d_hc,and,502,48.70619159191847,48.85799717158079
synth_768d_hc,and,495,51.18583794683218,51.34579259902239
synth_768d_hc,and,781,47.1209641546011,47.29093052446842
synth_768d_hc,and,677,47.32189700007439,47.47789353132248
synth_768d_hc,and,291,46.62550054490566,46.77637480199337
synth_768d_hc,and,794,47.26473707705736,47.42504097521305
synth_768d_hc,and,11,47.69780207425356,47.85775672644377
synth_768d_hc,and,804,57.89566785097122,57.15480074286461
synth_768d_hc,and,344,49.50561560690403,49.66557025909424
synth_768d_hc,and,630,47.42003511637449,47.57253918796778
synth_768d_hc,and,782,46.82957660406828,46.990346163511276
synth_768d_hc,and,369,48.993504606187344,49.15858153253794
synth_768d_hc,and,165,50.219823606312275,50.3655755892396
synth_768d_hc,and,522,50.876522436738014,51.01808346807957
synth_768d_hc,and,190,47.68511280417442,47.83645272254944
synth_768d_hc,and,362,49.76848140358925,49.93740003556013
synth_768d_hc,and,300,47.124805860221386,47.28918429464102
synth_768d_hc,and,509,48.17743320018053,48.33762068301439
synth_768d_hc,and,225,47.45973274111748,47.611771151423454
synth_768d_hc,and,543,56.568882428109646,57.630822993814945
synth_768d_hc,and,895,47.7861613035202,47.94704727828503
synth_768d_hc,and,449,50.11586472392082,50.28489977121353
synth_768d_hc,and,26,46.5932535007596,46.735513024032116
synth_768d_hc,and,591,47.471490688622,47.6279528811574
synth_768d_hc,and,249,48.08208905160427,48.23412746191025
synth_768d_hc,and,869,56.89484532922506,57.295081205666065
synth_768d_hc,and,639,47.19162825495005,47.34157118946314
synth_768d_hc,and,524,59.583806432783604,58.832112699747086
synth_768d_hc,and,529,46.986970119178295,47.15111572295427
synth_768d_hc,and,427,50.31039472669363,50.461385399103165
synth_768d_hc,and,650,48.942980356514454,49.11178257316351
synth_768d_hc,and,491,50.73577631264925,50.9058590978384
synth_768d_hc,and,613,80.7552132755518,80.01434616744518
synth_768d_hc,and,590,47.42702003568411,47.596986405551434
synth_768d_hc,and,798,52.63299681246281,52.783871069550514
synth_768d_hc,and,375,72.97855336219072,72.21766281872988
synth_768d_hc,and,513,47.77056165039539,47.92609252035618
synth_768d_hc,and,812,58.001140132546425,59.0720446780324
synth_768d_hc,and,455,51.14101804792881,51.296548917889595
synth_768d_hc,and,101,49.234251491725445,49.38628990203142
synth_768d_hc,and,938,60.25342736393213,59.512327425181866
synth_768d_hc,and,304,49.353460781276226,49.51318260282278
synth_768d_hc,and,408,51.962677389383316,52.12286487221718
synth_768d_hc,and,391,47.645531594753265,47.7965222671628
synth_768d_hc,and,111,48.20746835321188,48.36812149733305
synth_768d_hc,and,199,50.482223741710186,50.64776632934809
synth_768d_hc,and,575,51.56267434358597,51.72262899577618
synth_768d_hc,and,761,48.94111771136522,49.130176194012165
synth_768d_hc,and,508,63.846237026154995,63.11503238976002
synth_768d_hc,and,126,50.01120734959841,50.181057304143906
synth_768d_hc,and,610,51.978626288473606,52.378978580236435
synth_768d_hc,and,746,47.187088057398796,47.34715912491083
synth_768d_hc,and,382,58.03175736218691,57.30090197175741
synth_768d_hc,and,333,47.25565668195486,47.42015153169632
synth_768d_hc,and,121,47.79605660587549,47.97079600393772
synth_768d_hc,and,140,47.500478103756905,47.66043275594711
synth_768d_hc,and,705,48.58279135078192,48.722256906330585
synth_768d_hc,and,69,50.200847908854485,50.34508649259806
synth_768d_hc,and,815,46.835397370159626,46.99523560702801
synth_768d_hc,and,740,55.82836456596851,56.88541568815708
synth_768d_hc,and,74,49.25916437059641,49.41027145832777
synth_768d_hc,and,212,50.45055877417326,50.614471547305584
synth_768d_hc,and,315,47.16985858976841,47.32096567749977
synth_768d_hc,and,765,47.63156175613403,47.80106246471405
synth_768d_hc,and,261,48.14390558749437,48.304093070328236
synth_768d_hc,and,248,53.705996833741665,53.875031881034374
synth_768d_hc,and,840,50.461036153137684,50.610979087650776
synth_768d_hc,and,642,49.27499685436487,49.448455683887005
synth_768d_hc,and,38,51.56837869435549,51.95767153054476
synth_768d_hc,and,499,49.60282240062952,49.754162319004536
synth_768d_hc,and,919,49.2781400680542,49.45253022015095
synth_768d_hc,and,910,48.222835175693035,48.392219468951225
synth_768d_hc,and,862,61.10151298344135,60.36972627043724
synth_768d_hc,and,757,48.78884647041559,48.94996527582407
synth_768d_hc,and,63,49.38896745443344,49.573369324207306
synth_768d_hc,and,232,67.50540342181921,66.75918120890856
synth_768d_hc,and,600,48.873014748096466,49.03320223093033
synth_768d_hc,and,466,49.395253881812096,49.55613985657692
synth_768d_hc,and,645,47.20163997262716,47.352747060358524
synth_768d_hc,and,832,49.325404688715935,49.50421862304211
synth_768d_hc,and,139,49.43844396620989,49.58955105394125
synth_768d_hc,and,223,54.21694368124008,54.37689833343029
synth_768d_hc,and,167,49.79956429451704,49.95078779757023
synth_768d_hc,and,808,48.22714254260063,48.388028517365456
synth_768d_hc,and,247,47.840760089457035,48.00164606422186
synth_768d_hc,and,674,68.79318971186876,68.05313751101494
synth_768d_hc,and,842,47.952402383089066,48.10234531760216
synth_768d_hc,and,973,47.62550815939903,47.78103902935982
synth_768d_hc,and,31,47.941459342837334,48.11142571270466
synth_768d_hc,and,535,55.72405643761158,56.12499080598354
synth_768d_hc,and,952,48.13645500689745,48.29734098166227
synth_768d_hc,and,112,47.6733548566699,47.82457835972309
synth_768d_hc,and,425,52.26407665759325,52.423449233174324
synth_768d_hc,and,157,47.65787161886692,47.822482883930206
synth_768d_hc,and,465,47.53191024065018,47.692796215415
synth_768d_hc,and,411,47.32946399599314,47.5000124424696
synth_768d_hc,and,460,47.82644100487232,47.98592999577522
synth_768d_hc,and,46,48.276036977767944,48.42702765017748
synth_768d_hc,and,707,48.23831841349602,48.42760972678661
synth_768d_hc,and,649,49.02109503746033,49.19292405247688
synth_768d_hc,and,283,47.07416519522667,47.244131565093994
synth_768d_hc,and,945,47.20024298876524,47.3513500764966
synth_768d_hc,and,392,47.185574658215046,47.354609705507755
synth_768d_hc,and,932,50.28350278735161,50.43542478233576
synth_768d_hc,and,270,46.91432695835829,47.06438630819321
synth_768d_hc,and,77,47.80152812600136,47.960435040295124
synth_768d_hc,and,216,68.64184979349375,67.8809592500329
synth_768d_hc,and,477,48.59862383455038,48.759509809315205
synth_768d_hc,and,956,50.336006097495556,50.50550680607557
synth_768d_hc,and,24,59.50999911874533,59.92001388221979
synth_768d_hc,and,253,51.96710117161274,52.11867392063141
synth_768d_hc,and,282,46.9558872282505,47.11619112640619
synth_768d_hc,and,176,51.82262975722551,51.97350401431322
synth_768d_hc,and,935,49.057300202548504,49.208407290279865
synth_768d_hc,and,134,47.73191176354885,47.88313526660204
synth_768d_hc,and,983,52.61576734483242,52.78480239212513
synth_768d_hc,and,94,49.039022997021675,49.19921047985554
synth_768d_hc,and,206,50.820992328226566,50.98304245620966
synth_768d_hc,and,850,56.205084547400475,56.61556497216225
synth_768d_hc,and,41,51.39200948178768,51.57222039997578
synth_768d_hc,and,336,49.85881969332695,50.00992678105831
synth_768d_hc,and,423,51.24136805534363,51.40143912285566
synth_768d_hc,and,227,49.248686991631985,49.40957296639681
synth_768d_hc,and,916,50.52587948739529,50.685834139585495
synth_768d_hc,and,61,49.93518814444542,50.09467713534832
synth_768d_hc,and,288,51.86861380934715,52.02810280025005
synth_768d_hc,and,323,46.87032196670771,47.03074228018522
synth_768d_hc,and,200,46.8158395960927,47.003733925521374
synth_768d_hc,and,719,48.50816912949085,48.677087761461735
synth_768d_hc,and,619,47.90676757693291,48.06206561625004
synth_768d_hc,and,863,48.05438220500946,48.215268179774284
synth_768d_hc,and,697,49.32761657983065,49.46754779666662
synth_768d_hc,and,608,60.4966189712286,59.77449472993612
synth_768d_hc,and,448,48.911781050264835,49.063353799283504
synth_768d_hc,and,995,50.17523653805256,50.34077912569046
synth_768d_hc,and,963,47.691864892840385,47.85205237567425
synth_768d_hc,and,196,48.718531616032124,48.869638703763485
synth_768d_hc,and,722,47.21491131931543,47.37498238682747
synth_768d_hc,and,198,64.70491643995047,63.96498065441847
synth_768d_hc,and,172,48.3921030536294,48.552174121141434
synth_768d_hc,and,751,46.724919229745865,46.87509499490261
synth_768d_hc,and,143,62.71351594477892,63.794548623263836
synth_768d_hc,and,9,56.95002619177103,57.360040955245495
synth_768d_hc,and,759,47.19523712992668,47.34634421765804
synth_768d_hc,and,735,54.169679060578346,55.25199230760336
synth_768d_hc,and,556,47.4520493298769,47.62108437716961
synth_768d_hc,and,861,46.61187995225191,46.78091499954462
synth_768d_hc,and,571,50.610979087650776,50.780363380908966
synth_768d_hc,and,660,49.89991430193186,50.06080027669668
synth_768d_hc,and,45,71.23267278075218,70.48516999930143
synth_768d_hc,and,243,47.51619417220354,47.68522921949625
synth_768d_hc,and,918,48.94717130810022,49.09816198050976
synth_768d_hc,and,876,50.241127610206604,50.392234697937965
synth_768d_hc,and,39,50.279777497053146,50.435541197657585
synth_768d_hc,and,194,48.36206790059805,48.51387348026037
synth_768d_hc,and,755,47.18010313808918,47.33097739517689
synth_768d_hc,and,899,48.788730055093765,48.93925506621599
synth_768d_hc,and,859,47.75100387632847,47.90222737938166
synth_768d_hc,and,523,53.38992923498154,53.5319559276104
synth_768d_hc,and,568,52.18666046857834,52.33893170952797
synth_768d_hc,and,259,47.804671339690685,47.96555731445551
synth_768d_hc,and,321,56.39845039695501,56.80846516042948
synth_768d_hc,and,66,49.46964327245951,49.63960964232683
synth_768d_hc,and,902,55.35956006497145,56.45072087645531
synth_768d_hc,and,664,49.653579480946064,49.809226766228676
synth_768d_hc,and,579,67.00644735246897,68.097491748631
synth_768d_hc,and,231,64.92750253528357,64.04565647244453
synth_768d_hc,and,370,48.4175980091095,48.58546890318394
synth_768d_hc,and,181,51.88805516809225,52.03892942517996
synth_768d_hc,and,468,48.12190309166908,48.28185774385929
synth_768d_hc,and,251,48.75357262790203,48.91376011073589
synth_768d_hc,and,439,55.64349703490734,56.70962855219841
synth_768d_hc,and,653,52.61925980448723,53.01483906805515
synth_768d_hc,and,12,49.05415698885918,49.209571443498135
synth_768d_hc,and,89,46.79989069700241,46.95984534919262
synth_768d_hc,and,846,54.712756536901,54.88190799951553
synth_768d_hc,and,324,49.89444278180599,50.055328756570816
synth_768d_hc,and,160,50.270697101950645,50.44951103627682
synth_768d_hc,or,47,49.00805652141571,51.712384447455406
synth_768d_hc,or,64,55.684009566903114,56.10543303191662
synth_768d_hc,or,84,51.621696911752224,52.05266643315554
synth_768d_hc,or,469,58.45783744007349,58.903475292027
synth_768d_hc,or,792,51.65301263332367,52.10842937231064
synth_768d_hc,or,142,48.30246325582266,49.30444993078709
synth_768d_hc,or,921,59.24282595515251,59.66378375887871
synth_768d_hc,or,205,56.72476254403591,57.174707762897015
synth_768d_hc,or,259,51.546492613852024,51.97233986109495
synth_768d_hc,or,991,52.98899486660957,53.41973155736923
synth_768d_hc,or,423,51.98188591748476,52.403309382498264
synth_768d_hc,or,189,55.80484867095947,56.249089539051056
synth_768d_hc,or,418,58.75714123249054,59.1580756008625
synth_768d_hc,or,731,48.848334699869156,51.566981710493565
synth_768d_hc,or,614,57.600787840783596,58.02640225738287
synth_768d_hc,or,988,60.81606261432171,61.236671172082424
synth_768d_hc,or,800,48.81294444203377,51.52507219463587
synth_768d_hc,or,639,48.683141358196735,51.417737267911434
synth_768d_hc,or,54,48.75240847468376,51.47606134414673
synth_768d_hc,or,494,60.89499220252037,61.32712587714195
synth_768d_hc,or,674,61.53271533548832,61.9436614215374
synth_768d_hc,or,690,48.834364861249924,51.55801773071289
synth_768d_hc,or,652,60.0665807723999,60.486490838229656
synth_768d_hc,or,309,48.61620254814625,51.350099965929985
synth_768d_hc,or,691,57.116150856018066,57.5364101678133
synth_768d_hc,or,620,77.06193719059229,79.06416431069374
synth_768d_hc,or,681,51.91820673644543,52.33823321759701
synth_768d_hc,or,71,69.16897837072611,69.46909707039595
synth_768d_hc,or,811,55.372947826981544,55.81288132816553
synth_768d_hc,or,694,55.3027493879199,55.753858759999275
synth_768d_hc,or,160,56.5885566174984,57.00963083654642
synth_768d_hc,or,975,58.4837980568409,58.89427848160267
synth_768d_hc,or,324,80.56883234530687,82.561862654984
synth_768d_hc,or,387,51.772803999483585,52.20458842813969
synth_768d_hc,or,143,51.48246418684721,51.883514970541
synth_768d_hc,or,271,54.96724043041468,55.39751145988703
synth_768d_hc,or,882,56.794495321810246,57.20555782318115
synth_768d_hc,or,478,58.453530073165894,58.91744513064623
synth_768d_hc,or,479,56.7255774512887,57.15538281947374
synth_768d_hc,or,625,48.607937060296535,51.33135709911585
synth_768d_hc,or,98,51.52344238013029,51.94882396608591
synth_768d_hc,or,250,56.1282504349947,56.55921995639801
synth_768d_hc,or,119,48.95729944109917,51.63787864148617
synth_768d_hc,or,92,48.7728975713253,51.48747004568577
synth_768d_hc,or,165,60.62129978090525,61.0800925642252
synth_768d_hc,or,90,63.88942711055279,64.31539077311754
synth_768d_hc,or,925,48.77767059952021,51.48712079972029
synth_768d_hc,or,91,75.91955363750458,77.92259566485882
synth_768d_hc,or,39,51.32635124027729,51.76733247935772
synth_768d_hc,or,42,57.36330058425665,57.792291045188904
synth_768d_hc,or,689,52.53346171230078,52.928924560546875
synth_768d_hc,or,166,56.52057006955147,56.96981679648161
synth_768d_hc,or,736,56.15467671304941,56.5648078918457
synth_768d_hc,or,43,63.17975930869579,63.63936699926853
synth_768d_hc,or,670,48.58954343944788,51.307957619428635
synth_768d_hc,or,445,56.08529318124056,56.526041589677334
synth_768d_hc,or,398,59.50336344540119,59.91896614432335
synth_768d_hc,or,59,56.48855585604906,56.92068953067064
synth_768d_hc,or,374,51.882932893931866,52.3031922057271
synth_768d_hc,or,917,63.09605669230223,63.527259044349194
synth_768d_hc,or,333,56.78483285009861,57.15957377105951
synth_768d_hc,or,610,59.2194264754653,59.63933654129505
synth_768d_hc,or,216,48.544141463935375,49.52412564307451
synth_768d_hc,or,171,58.92699118703604,59.358892031013966
synth_768d_hc,or,207,48.66428207606077,51.377457566559315
synth_768d_hc,or,645,49.06393587589264,51.76779814064503
synth_768d_hc,or,955,52.608782425522804,53.03928628563881
synth_768d_hc,or,847,60.64819172024727,60.900114476680756
synth_768d_hc,or,806,57.129072956740856,57.55049642175436
synth_768d_hc,or,571,55.25769665837288,55.70799112319946
synth_768d_hc,or,824,60.31955126672983,60.73061376810074
synth_768d_hc,or,369,78.54180876165628,80.52447810769081
synth_768d_hc,or,126,60.27566269040108,60.67624781280756
synth_768d_hc,or,153,55.67783955484629,56.118471547961235
synth_768d_hc,or,796,57.211145758628845,57.63070657849312
synth_768d_hc,or,567,51.32216028869152,51.75208207219839
synth_768d_hc,or,360,61.1315481364727,61.57858297228813
synth_768d_hc,or,723,52.97421012073755,53.395284339785576
synth_768d_hc,or,528,55.785058066248894,56.209275498986244
synth_768d_hc,or,380,61.632366850972176,62.053557485342026
synth_768d_hc,or,444,58.082398027181625,58.483448810875416
synth_768d_hc,or,206,52.40435712039471,52.81961057335138
synth_768d_hc,or,332,52.573857828974724,53.004478104412556
synth_768d_hc,or,577,48.83750807493925,51.56209226697683
synth_768d_hc,or,971,56.80881440639496,57.19996988773346
synth_768d_hc,or,77,58.227102272212505,58.69707092642784
synth_768d_hc,or,870,60.904654674232006,61.34575232863426
synth_768d_hc,or,816,53.22450306266546,53.66432014852762
synth_768d_hc,or,679,74.45283699780703,76.42502896487713
synth_768d_hc,or,451,60.12443918734789,60.5251407250762
synth_768d_hc,or,712,58.362376876175404,58.78368392586708
synth_768d_hc,or,482,59.36797242611647,59.789977967739105
synth_768d_hc,or,795,61.67660467326641,62.076374888420105
synth_768d_hc,or,339,58.8494585826993,59.280660934746265
synth_768d_hc,or,300,51.35626997798681,51.76197737455368
synth_768d_hc,or,534,54.59680687636137,55.01811392605305
synth_768d_hc,or,49,56.9360563531518,57.352473959326744
synth_768d_hc,or,602,57.511962950229645,57.95224569737911
synth_768d_hc,or,935,51.7931766808033,52.229734137654305
synth_768d_hc,or,158,58.07843990623951,58.507430367171764
synth_768d_hc,or,149,48.18383604288101,49.194786697626114
synth_768d_hc,or,867,48.65857772529125,51.38269625604153
synth_768d_hc,or,351,57.21068009734154,57.65038076788187
synth_768d_hc,or,798,63.19081876426935,63.669984228909016
synth_768d_hc,or,923,53.28503903001547,53.72590385377407
synth_768d_hc,or,976,51.30388308316469,51.726470701396465
synth_768d_hc,or,732,51.962328143417835,52.383868023753166
synth_768d_hc,or,370,67.24963895976543,67.51157343387604
synth_768d_hc,or,395,53.064897656440735,53.46513353288174
synth_768d_hc,or,454,48.751127906143665,51.50598008185625
synth_768d_hc,or,631,52.50005051493645,52.90633998811245
synth_768d_hc,or,665,57.01032932847738,57.41184577345848
synth_768d_hc,or,827,52.21914034336805,52.65907384455204
synth_768d_hc,or,946,48.59408363699913,51.34684033691883
synth_768d_hc,or,5,58.45900159329176,58.72396286576986
synth_768d_hc,or,219,52.859424613416195,53.309486247599125
synth_768d_hc,or,539,58.10870788991451,58.52966569364071
synth_768d_hc,or,511,48.78698382526636,51.53019446879625
synth_768d_hc,or,397,59.51791536062956,59.934682212769985
synth_768d_hc,or,381,48.76696038991213,51.49131175130606
synth_768d_hc,or,198,59.73712541162968,60.134450905025005
synth_768d_hc,or,67,53.78643982112408,54.227071814239025
synth_768d_hc,or,9,52.99109034240246,53.38992923498154
synth_768d_hc,or,386,56.08971696346998,56.499033235013485
synth_768d_hc,or,887,58.487639762461185,58.92815534025431
synth_768d_hc,or,87,51.34765524417162,51.787588745355606
synth_768d_hc,or,604,48.99338819086552,51.71727389097214
synth_768d_hc,or,987,61.13969720900059,61.41047924757004
synth_768d_hc,or,596,51.61797162145376,52.07268986850977
synth_768d_hc,or,57,48.89373667538166,51.62216257303953
synth_768d_hc,or,94,53.14964801073074,53.56140900403261
synth_768d_hc,or,582,48.939953558146954,51.612965762615204
synth_768d_hc,or,700,51.42553709447384,51.842653192579746
synth_768d_hc,or,869,48.972899094223976,51.69701762497425
synth_768d_hc,or,461,56.89461249858141,57.31545388698578
synth_768d_hc,or,114,56.95573054254055,57.40660708397627
synth_768d_hc,or,890,54.046278819441795,54.49680611491203
synth_768d_hc,or,270,55.563170462846756,56.004151701927185
synth_768d_hc,or,130,56.463293731212616,56.88471719622612
synth_768d_hc,or,181,61.041791923344135,61.48265674710274
synth_768d_hc,or,226,48.62365312874317,51.3268169015646
synth_768d_hc,or,969,70.62999065965414,70.89122664183378
synth_768d_hc,or,844,57.421158999204636,57.84712266176939
synth_768d_hc,or,710,51.5930587425828,52.03357432037592
synth_768d_hc,or,82,51.29189230501652,51.7179723829031
synth_768d_hc,or,545,61.35751027613878,61.78766489028931
synth_768d_hc,or,865,52.288989536464214,52.704825066030025
synth_768d_hc,or,460,63.25996946543455,63.66649176925421
synth_768d_hc,or,514,56.99531175196171,57.41603672504425
synth_768d_hc,or,835,55.852928198874,56.29460792988539
synth_768d_hc,or,293,55.3628196939826,55.7734165340662
synth_768d_hc,or,810,48.69326949119568,51.431707106530666
synth_768d_hc,or,496,51.69352516531944,52.099116146564484
synth_768d_hc,or,830,73.16423580050468,73.60021118074656
synth_768d_hc,or,302,51.31762009114027,51.76779814064503
synth_768d_hc,or,580,57.32104182243347,57.60067142546177
synth_768d_hc,or,843,72.56842218339443,72.83850573003292
synth_768d_hc,or,137,54.118107073009014,54.57364022731781
synth_768d_hc,or,68,52.01913882046938,52.475486882030964
synth_768d_hc,or,172,61.128055676817894,61.57893221825361
synth_768d_hc,or,807,57.205441407859325,57.65107925981283
synth_768d_hc,or,911,51.467097364366055,51.93823017179966
synth_768d_hc,or,553,59.52443461865187,59.94539242237806
synth_768d_hc,or,186,51.90318915992975,52.33404226601124
synth_768d_hc,or,613,60.540041886270046,60.94202399253845
synth_768d_hc,or,618,60.64656190574169,61.07310764491558
synth_768d_hc,or,26,59.519545175135136,59.93957165628672
synth_768d_hc,or,960,55.989716202020645,56.42091855406761
synth_768d_hc,or,972,64.60200529545546,65.03250915557146
synth_768d_hc,or,487,56.2367495149374,56.6788949072361
synth_768d_hc,or,986,54.86654117703438,55.292388424277306
synth_768d_hc,or,621,52.42321640253067,52.88957618176937
synth_768d_hc,or,269,56.74525164067745,57.17703606933355
synth_768d_hc,or,515,57.604629546403885,58.045610785484314
synth_768d_hc,or,605,57.47610703110695,57.93687887489796
synth_768d_hc,or,406,59.93060767650604,60.20069122314453
synth_768d_hc,or,88,49.09781273454428,51.832874305546284
synth_768d_hc,or,903,60.46053022146225,60.90081296861172
synth_768d_hc,or,413,51.505863666534424,51.91797390580177
synth_768d_hc,or,939,65.0123693048954,65.43425843119621
synth_768d_hc,or,568,58.838631957769394,59.26843732595444
synth_768d_hc,or,914,49.1441460326314,51.88910290598869
synth_768d_hc,or,257,54.99366670846939,55.42393773794174
synth_768d_hc,or,473,48.929243348538876,51.64777394384146
synth_768d_hc,or,66,55.33779039978981,55.77807314693928
synth_768d_hc,or,814,56.88553210347891,57.33640864491463
synth_768d_hc,or,504,52.27059591561556,52.70203109830618
synth_768d_hc,or,838,55.24326115846634,55.68331107497215
synth_768d_hc,or,720,52.29818634688854,52.72356793284416
synth_768d_hc,or,552,48.98838233202696,51.712850108742714
synth_768d_hc,or,573,51.48246418684721,51.90738011151552
synth_768d_hc,or,745,52.17874422669411,52.61984188109636
synth_768d_hc,or,357,55.86794577538967,56.30776286125183
synth_768d_hc,or,916,49.299909733235836,52.033690735697746
synth_768d_hc,or,863,56.63582123816013,57.05549847334623
synth_768d_hc,or,760,58.10835864394903,58.55842027813196
synth_768d_hc,or,179,71.36689964681864,71.65141869336367
synth_768d_hc,or,966,52.30482202023268,52.760704420506954
synth_768d_hc,or,757,63.98058030754328,64.43157326430082
synth_768d_hc,or,299,57.886820286512375,58.302306570112705
synth_768d_hc,or,893,53.20459604263306,53.635332733392715
synth_768d_hc,or,951,59.03816781938076,59.46820601820946
synth_768d_hc,or,584,48.873014748096466,51.612500101327896
synth_768d_hc,or,849,57.51627031713724,57.94630851596594
synth_768d_hc,or,996,53.34545858204365,53.756521083414555
synth_768d_hc,or,541,59.684738516807556,60.1357314735651
synth_768d_hc,or,477,56.1494380235672,56.58587906509638
synth_768d_hc,or,767,56.149670854210854,56.579126976430416
synth_768d_hc,or,450,52.247429266572,52.66396328806877
synth_768d_hc,or,470,48.66893868893385,51.3929408043623
synth_768d_hc,or,361,68.5681588947773,68.83696187287569
synth_768d_hc,or,854,48.59187174588442,51.295035518705845
synth_768d_hc,or,168,53.17910108715296,53.611001931130886
synth_768d_hc,or,76,51.52774974703789,51.9677996635437
synth_768d_hc,or,141,51.473150961101055,51.90435331314802
synth_768d_hc,or,825,48.34367427974939,49.342866986989975
synth_768d_hc,or,958,48.37836604565382,51.11075006425381
synth_768d_hc,or,154,51.88910290598869,52.330316975712776
synth_768d_hc,or,498,61.657046899199486,62.09139246493578
synth_768d_hc,or,275,60.080899856984615,60.50197407603264
synth_768d_hc,or,746,48.82842767983675,51.56139377504587
synth_768d_hc,or,885,57.74188321083784,58.15294571220875
synth_768d_hc,or,833,51.4638377353549,51.918323151767254
synth_768d_hc,or,995,58.04677493870258,58.31685848534107
synth_768d_hc,or,233,49.01480861008167,51.74730904400349
synth_768d_hc,or,868,52.08246875554323,52.53264680504799
synth_768d_hc,or,120,48.67941606789827,49.66999404132366
synth_768d_hc,or,636,51.888986490666866,52.32414696365595
synth_768d_hc,or,973,55.34314550459385,55.772135965526104
synth_768d_hc,or,447,60.996273532509804,61.40710320323706
synth_768d_hc,or,472,52.06861533224583,52.468618378043175
synth_768d_hc,or,150,55.679818615317345,56.101009249687195
synth_768d_hc,or,243,120.32105587422848,120.71558739989996
synth_768d_hc,or,319,108.11665561050177,108.54878928512335
synth_768d_hc,or,426,58.57751239091158,58.98729432374239
synth_768d_hc,or,440,52.00644955039024,52.407849580049515
synth_768d_hc,or,574,52.31774412095547,52.71413829177618
synth_768d_hc,or,603,56.09961226582527,56.53034895658493
synth_768d_hc,or,475,51.8938759341836,52.32321564108133
synth_768d_hc,or,485,51.88758950680494,52.29853559285402
synth_768d_hc,or,905,48.93750883638859,51.647075451910496
synth_768d_hc,or,261,52.55418363958597,52.98072937875986
synth_768d_hc,or,742,52.60354373604059,53.005642257630825
synth_768d_hc,or,402,52.39387974143028,52.8041273355484
synth_768d_hc,or,210,58.85295104235411,59.28846076130867
synth_768d_hc,or,632,60.1854408159852,60.620601288974285
synth_768d_hc,or,718,60.051330365240574,60.47228816896677
synth_768d_hc,or,367,56.21579475700855,56.655844673514366
synth_768d_hc,or,671,49.16486795991659,51.87781061977148
synth_768d_hc,or,759,55.61404395848513,56.05362821370363
synth_768d_hc,or,629,52.51716356724501,52.93858703225851
synth_768d_hc,or,564,63.972664065659046,65.98967593163252
synth_768d_hc,or,669,55.838609114289284,56.25002086162567
synth_768d_hc,or,448,48.93017467111349,51.64428148418665
synth_768d_hc,or,651,51.68269854038954,52.08258517086506
synth_768d_hc,or,776,55.15315569937229,55.61194848269224
synth_768d_hc,or,950,52.64382343739271,53.07502578943968
synth_768d_hc,or,956,62.78383079916239,64.78687282651663
synth_768d_hc,or,232,59.9701888859272,60.39219442754984
synth_768d_hc,or,634,52.83800419420004,53.30855492502451
synth_768d_hc,or,761,54.02951501309872,54.47061266750097
synth_768d_hc,or,944,56.594726629555225,57.044788263738155
synth_768d_hc,or,501,51.45196337252855,51.87827628105879
synth_768d_hc,or,161,56.79426249116659,57.19962064176798
synth_768d_hc,or,268,48.71701821684837,51.42134614288807
synth_768d_hc,or,389,48.93331788480282,51.65720358490944
synth_768d_hc,or,680,56.151184253394604,56.56084977090359
synth_768d_hc,or,225,98.0631448328495,98.52857328951359
synth_768d_hc,or,992,51.90889351069927,52.31006070971489
synth_768d_hc,or,763,48.95904567092657,51.69364158064127
synth_768d_hc,or,310,51.64172034710646,52.05720663070679
synth_768d_hc,or,53,54.54255733639002,54.97422534972429
synth_768d_hc,or,740,49.10479765385389,51.78735591471195
synth_768d_hc,or,358,59.063429944217205,59.51337516307831
synth_768d_hc,or,549,48.75333979725838,51.43182352185249
synth_768d_hc,or,72,62.06287071108818,62.513165175914764
synth_768d_hc,or,365,48.73413126915693,51.42251029610634
synth_768d_hc,or,815,52.743242122232914,53.214142099022865
synth_768d_hc,or,254,56.098331697285175,56.499382480978966
synth_768d_hc,or,467,52.63893399387598,53.05791273713112
synth_768d_hc,or,52,57.976809330284595,58.437115512788296
synth_768d_hc,or,593,52.00342275202274,52.445102483034134
synth_768d_hc,or,805,56.538498029112816,56.96143489331007
synth_768d_hc,or,155,52.31599789112806,52.762567065656185
synth_768d_hc,or,984,53.73137537389994,54.13161125034094
synth_768d_hc,or,401,49.039022997021675,51.74765828996897
synth_768d_hc,or,774,51.82798486202955,52.267336286604404
synth_768d_hc,or,61,59.17099770158529,59.66227035969496
synth_768d_hc,or,787,59.1835705563426,59.44527219980955
synth_768d_hc,or,429,51.37571133673191,51.84556357562542
synth_768d_hc,or,267,48.57848398387432,49.5698768645525
synth_768d_hc,or,148,52.393763326108456,52.85802762955427
synth_768d_hc,or,34,58.172387070953846,58.592529967427254
synth_768d_hc,or,698,58.56656935065985,58.98834206163883
synth_768d_hc,or,840,73.78123700618744,74.04666393995285
synth_768d_hc,or,851,55.102165788412094,55.5326696485281
synth_768d_hc,or,200,58.41790698468685,58.86377766728401
synth_768d_hc,or,594,57.66749382019043,58.09753201901913
synth_768d_hc,or,909,53.15884482115507,53.57887130230665
synth_768d_hc,or,812,56.69367965310812,57.137804105877876
synth_768d_hc,or,484,51.498645916581154,51.9284512847662
synth_768d_hc,or,729,56.18471186608076,56.62464536726475
synth_768d_hc,or,350,56.108925491571426,56.52883555740118
synth_768d_hc,or,697,52.72822454571724,53.13905421644449
synth_768d_hc,or,281,58.85318387299776,59.27286110818386
synth_768d_hc,or,100,51.84335168451071,52.27350629866123
synth_768d_hc,or,391,55.88855128735304,56.31952080875635
synth_768d_hc,or,521,57.45748057961464,57.88775160908699
synth_768d_hc,or,385,73.92081897705793,74.19101893901825
synth_768d_hc,or,523,56.76853470504284,57.190656661987305
synth_768d_hc,or,362,53.029158152639866,53.44452802091837
synth_768d_hc,or,81,51.907612942159176,52.33963020145893
synth_768d_hc,or,617,57.9167390242219,58.35725460201502
synth_768d_hc,or,527,79.38954513520002,81.38257544487715
synth_768d_hc,or,540,67.09166336804628,67.53276102244854
synth_768d_hc,or,900,52.84568760544062,53.26664540916681
synth_768d_hc,or,105,54.701813496649265,55.11136259883642
synth_768d_hc,or,518,49.215625040233135,51.93857941776514
synth_768d_hc,or,897,76.70652121305466,78.70851550251245
synth_768d_hc,or,784,61.085447669029236,61.5075696259737
synth_768d_hc,or,115,51.69818177819252,52.107847295701504
synth_768d_hc,or,407,56.22080061584711,56.66038487106562
synth_768d_hc,or,845,52.01355088502169,52.444520406425
synth_768d_hc,or,313,57.596247643232346,58.06656554341316
synth_768d_hc,or,51,52.85290535539389,53.28946281224489
synth_768d_hc,or,60,51.74707621335983,52.197021432220936
synth_768d_hc,or,591,57.89159331470728,58.3035871386528
synth_768d_hc,or,465,58.00591316074133,58.45248233526945
synth_768d_hc,or,132,56.64967466145754,57.064928114414215
synth_768d_hc,or,363,51.63741298019886,52.072107791900635
synth_768d_hc,or,145,57.72593431174755,58.145844377577305
synth_768d_hc,or,879,53.57665941119194,54.00669761002064
synth_768d_hc,or,874,67.07024294883013,67.51157343387604
synth_768d_hc,or,69,51.50563083589077,51.936483941972256
synth_768d_hc,or,688,49.17848855257034,51.88770592212677
synth_768d_hc,or,941,49.144960939884186,51.858602091670036
synth_768d_hc,or,191,60.1400388404727,60.56996062397957
synth_768d_hc,or,554,55.58307748287916,56.02301098406315
synth_768d_hc,or,968,51.70225631445646,52.201212383806705
synth_768d_hc,or,770,57.108583860099316,57.55398888140917
synth_768d_hc,or,786,48.93855657428503,51.63252353668213
synth_768d_hc,or,695,48.93401637673378,51.632290706038475
synth_768d_hc,or,419,55.25699816644192,55.69704808294773
synth_768d_hc,or,505,60.7853289693594,61.23154889792204
synth_768d_hc,or,244,58.04048851132393,58.456906117498875
synth_768d_hc,or,415,51.28304474055767,51.729148253798485
synth_768d_hc,or,236,68.78841668367386,69.05966438353062
synth_768d_hc,or,585,57.53722507506609,57.98751953989267
synth_768d_hc,or,127,59.930142015218735,60.371123254299164
synth_768d_hc,or,230,67.51506589353085,67.80121475458145
synth_768d_hc,or,121,57.18052852898836,57.60055501013994
synth_768d_hc,or,195,48.96451719105244,51.677110604941845
synth_768d_hc,or,3,49.05893001705408,51.76302511245012
synth_768d_hc,or,848,52.43916530162096,52.870484068989754
synth_768d_hc,or,193,51.51203367859125,51.960814744234085
synth_768d_hc,or,530,60.371472500264645,60.80698221921921
synth_768d_hc,or,364,48.838439397513866,51.56139377504587
synth_768d_hc,or,998,59.37856622040272,59.83398295938969
synth_768d_hc,or,217,53.92194725573063,54.35151979327202
synth_768d_hc,or,861,55.924407206475735,56.35002162307501
synth_768d_hc,or,248,72.5090503692627,72.78984412550926
synth_768d_hc,or,823,52.20901221036911,52.6446383446455
synth_768d_hc,or,312,51.85650661587715,52.29678936302662
synth_768d_hc,or,889,75.21314546465874,77.21595466136932
synth_768d_hc,or,403,59.53374784439802,59.94958337396383
synth_768d_hc,or,11,48.483023419976234,51.18781700730324
synth_768d_hc,or,356,55.75304385274649,56.180055253207684
synth_768d_hc,or,464,66.61121733486652,67.08560977131128
synth_768d_hc,or,108,57.02557973563671,57.46167153120041
synth_768d_hc,or,880,54.361531510949135,54.82276901602745
synth_768d_hc,or,373,70.75152825564146,71.18016947060823
synth_768d_hc,or,758,56.219869293272495,56.665390729904175
synth_768d_hc,or,432,62.05786485224962,62.4986132606864
synth_768d_hc,or,637,55.59902638196945,56.03092722594738
synth_768d_hc,or,974,56.822202168405056,57.23349750041962
synth_768d_hc,or,715,53.15395537763834,53.571187891066074
synth_768d_hc,or,441,51.500159315764904,51.94195546209812
synth_768d_hc,or,906,51.78351420909166,52.23369225859642
synth_768d_hc,or,264,48.82796201854944,51.49387288838625
synth_768d_hc,or,436,52.87246312946081,53.285155445337296
synth_768d_hc,or,633,60.77508442103863,61.208149418234825
synth_768d_hc,or,963,62.9291171208024,64.94077388197184
synth_768d_hc,or,965,54.89191971719265,55.32300565391779
synth_768d_hc,or,856,60.67100912332535,61.10651884227991
synth_768d_hc,or,372,67.55581125617027,67.8014475852251
synth_768d_hc,or,104,51.89748480916023,52.32787225395441
synth_768d_hc,or,516,80.46010043472052,82.42821786552668
synth_768d_hc,or,595,64.11573849618435,64.55136463046074
synth_768d_hc,or,714,58.357720263302326,58.80719982087612
synth_768d_hc,or,590,58.05224645882845,58.49194712936878
synth_768d_hc,or,797,52.94394213706255,53.39446943253279
synth_768d_hc,or,970,51.492475904524326,51.94812547415495
synth_768d_hc,or,22,48.60293120145798,49.59478974342346
synth_768d_hc,or,455,65.15253335237503,65.61202462762594
synth_768d_hc,or,531,63.26066795736551,63.691637478768826
synth_768d_hc,or,734,58.025470934808254,58.485777117311954
synth_768d_hc,or,341,56.07889033854008,56.49984814226627
synth_768d_hc,or,164,53.31577267497778,53.75582259148359
synth_768d_hc,or,579,85.40344424545765,85.80437861382961
synth_768d_hc,or,70,55.582146160304546,56.023127399384975
synth_768d_hc,or,846,51.48176569491625,51.93811375647783
synth_768d_hc,or,201,62.86415737122297,63.31049371510744
synth_768d_hc,or,8,55.55246025323868,55.98901771008968
synth_768d_hc,or,288,63.126091845333576,63.58523387461901
synth_768d_hc,or,558,64.46102634072304,64.90747909992933
synth_768d_hc,or,908,54.56083454191685,55.02055864781141
synth_768d_hc,or,400,56.90078251063824,57.3423458263278
synth_768d_hc,or,831,59.31360647082329,61.31688132882118
synth_768d_hc,or,278,52.964664064347744,53.399824537336826
synth_768d_hc,or,347,61.34610157459974,61.79767660796642
synth_768d_hc,or,376,51.26139149069786,51.711685955524445
synth_768d_hc,or,285,58.86377766728401,59.33933425694704
synth_768d_hc,or,187,65.20759779959917,65.65859075635672
synth_768d_hc,or,779,48.92877768725157,51.66186019778252
synth_768d_hc,or,927,58.69683809578419,59.156911447644234
synth_768d_hc,or,157,48.752641305327415,51.43752787262201
synth_768d_hc,or,747,56.61835893988609,57.060038670897484
synth_768d_hc,or,926,75.07298141717911,75.37798956036568
synth_768d_hc,or,383,55.1177654415369,55.543030612170696
synth_768d_hc,or,466,51.62367597222328,52.07338836044073
synth_768d_hc,or,175,58.99369716644287,59.43351425230503
synth_768d_hc,or,928,76.70396007597446,78.67813110351562
synth_768d_hc,or,85,51.54067184776068,51.98176950216293
synth_768d_hc,or,323,56.75340071320534,57.24397487938404
synth_768d_hc,or,32,57.59112536907196,58.02116356790066
synth_768d_hc,or,837,51.78700666874647,52.247894927859306
synth_768d_hc,or,509,58.69672168046236,59.147714637219906
synth_768d_hc,or,659,64.90270607173443,65.35777356475592
synth_768d_hc,or,284,120.54643593728542,121.01640459150076
synth_768d_hc,or,375,56.439428590238094,56.87016528099775
synth_768d_hc,or,979,55.99344149231911,56.42429459840059
synth_768d_hc,or,86,52.84429062157869,53.295050747692585
synth_768d_hc,or,877,51.55149847269058,51.9932946190238
synth_768d_hc,or,185,49.073947593569756,51.78351420909166
synth_768d_hc,or,750,61.39138713479042,61.83306686580181
synth_768d_hc,or,551,48.587797209620476,51.28735210746527
synth_768d_hc,or,853,52.149523980915546,52.594346925616264
synth_768d_hc,or,904,64.7521810606122,65.22249896079302
synth_768d_hc,or,635,56.158402003347874,56.607997976243496
synth_768d_hc,or,38,48.684654757380486,51.38874985277653
synth_768d_hc,or,348,58.88624582439661,59.328856877982616
synth_768d_hc,or,733,59.679034166038036,60.128397308290005
synth_768d_hc,or,109,60.92735566198826,61.37741729617119
synth_768d_hc,or,829,56.45828787237406,56.93454295396805
synth_768d_hc,or,196,58.550736866891384,58.99707321077585
synth_768d_hc,or,542,55.44442683458328,55.924407206475735
synth_768d_hc,or,420,56.0699263587594,56.519522331655025
synth_768d_hc,or,438,52.27862857282162,52.729155868291855
synth_768d_hc,or,578,51.21855065226555,51.65906623005867
synth_768d_hc,or,169,59.76459942758083,60.22362504154444
synth_768d_hc,or,943,57.03954957425594,57.47191607952118
synth_768d_hc,or,328,48.64868242293596,51.35720130056143
synth_768d_hc,or,379,52.24882625043392,52.65895742923021
synth_768d_hc,or,492,51.47221963852644,51.91250238567591
synth_768d_hc,or,133,54.98155951499939,55.40740676224232
synth_768d_hc,or,289,58.613019064068794,58.903940953314304
synth_768d_hc,or,687,60.030724853277206,60.49626972526312
synth_768d_hc,or,481,67.07897409796715,67.37944204360247
synth_768d_hc,or,661,57.5800659134984,58.055855333805084
synth_768d_hc,or,556,51.80819425731897,52.26267967373133
synth_768d_hc,or,901,48.69862459599972,51.40155553817749
synth_768d_hc,or,435,51.68328061699867,52.11867392063141
synth_768d_hc,or,340,57.663884945213795,58.07145498692989
synth_768d_hc,or,701,55.79937715083361,56.23104516416788
synth_768d_hc,or,495,59.9356135353446,60.36658305674791
synth_768d_hc,or,569,52.56955046206713,53.008319810032845
synth_768d_hc,or,212,58.236182667315006,58.66738501936197
synth_768d_hc,or,162,48.9306403324008,51.63450259715319
synth_768d_hc,or,672,53.57468035072088,54.016243666410446
synth_768d_hc,or,13,56.818826124072075,57.258992455899715
synth_768d_hc,or,546,51.93240940570831,52.358838729560375
synth_768d_hc,or,959,51.7676817253232,52.21960600465536
synth_768d_hc,or,801,70.26339881122112,70.5342972651124
synth_768d_hc,or,430,82.53229316323996,84.53591726720333
synth_768d_hc,or,703,57.5316371396184,57.93210584670305
synth_768d_hc,or,202,52.24288906902075,52.668037824332714
synth_768d_hc,or,439,61.32409907877445,61.77357863634825
synth_768d_hc,or,707,52.35930439084768,52.80936602503061
synth_768d_hc,or,282,79.4335501268506,81.38653356581926
synth_768d_hc,or,433,48.46043884754181,49.44286774843931
synth_768d_hc,or,899,52.83404607325792,53.27386315912008
synth_768d_hc,or,128,60.096848756074905,60.55878475308418
synth_768d_hc,or,384,57.851546443998814,58.31348244100809
synth_768d_hc,or,929,52.44743078947067,52.89504770189524
synth_768d_hc,or,933,55.37737160921097,55.80950528383255
synth_768d_hc,or,394,48.58104512095451,51.280250772833824
synth_768d_hc,or,277,63.60630504786968,64.05171006917953
synth_768d_hc,or,529,52.71448753774166,53.16548049449921
synth_768d_hc,or,2,48.933085054159164,51.61808803677559
synth_768d_hc,or,315,58.752368204295635,59.21884439885616
synth_768d_hc,or,547,65.07814396172762,65.53891580551863
synth_768d_hc,or,266,61.14679854363203,61.60710472613573
synth_768d_hc,or,713,59.999292716383934,60.424674302339554
synth_768d_hc,or,287,52.87979729473591,53.329626098275185
synth_768d_hc,or,922,56.285178288817406,56.706368923187256
synth_768d_hc,or,390,52.57618613541126,53.04720252752304
synth_768d_hc,or,662,60.425722040235996,60.84155756980181
synth_768d_hc,or,453,51.18746776133776,51.65289621800184
synth_768d_hc,or,764,51.4474231749773,51.90749652683735
synth_768d_hc,or,683,52.022398449480534,52.473158575594425
synth_768d_hc,or,295,52.91961133480072,53.38143091648817
synth_768d_hc,or,699,52.44778003543615,52.8598902747035
synth_768d_hc,or,393,61.43306382000446,61.83853838592768
synth_768d_hc,or,771,56.94851279258728,57.36586172133684
synth_768d_hc,or,274,87.15514559298754,87.42150384932756
synth_768d_hc,or,222,56.13500252366066,56.58494774252176
synth_768d_hc,or,576,56.65898788720369,57.10450932383537
synth_768d_hc,or,46,56.357705034315586,56.76329601556063
synth_768d_hc,or,628,51.64078902453184,52.08177026361227
synth_768d_hc,or,224,56.916032917797565,57.345605455338955
synth_768d_hc,or,0,59.19800605624914,59.620593674480915
synth_768d_hc,or,570,58.22116509079933,58.63793194293976
synth_768d_hc,or,283,48.72423596680164,51.42879672348499
synth_768d_hc,or,203,48.862420953810215,51.576877012848854
synth_768d_hc,or,648,51.85243207961321,52.28433292359114
synth_768d_hc,or,424,56.98890890926123,57.390076108276844
synth_768d_hc,or,36,53.144292905926704,53.594005294144154
synth_768d_hc,or,964,48.71306009590626,51.43729504197836
synth_768d_hc,or,321,52.70994734019041,53.119962103664875
synth_768d_hc,or,173,56.90648686140776,57.3077704757452
synth_768d_hc,or,993,58.64771082997322,59.08857565373182
synth_768d_hc,or,228,56.66969809681177,57.089957408607006
synth_768d_hc,or,777,54.88784518092871,55.32742943614721
synth_768d_hc,or,644,58.03594831377268,58.4418885409832
synth_768d_hc,or,623,48.421090468764305,49.42202940583229
synth_768d_hc,or,783,62.710256315767765,63.154730014503
synth_768d_hc,or,566,59.057027101516724,59.49742626398802
synth_768d_hc,or,316,80.16952779144049,82.1832800284028
synth_768d_hc,or,616,48.69385156780481,51.396782509982586
synth_768d_hc,or,586,65.33297710120678,65.73391146957874
synth_768d_hc,or,197,53.05930972099304,53.47514525055885
synth_768d_hc,or,704,60.66169589757919,62.66462150961161
synth_768d_hc,or,685,61.54587026685476,61.96799222379923
synth_768d_hc,or,756,48.92295692116022,51.63706373423338
synth_768d_hc,or,702,77.71106902509928,79.70898877829313
synth_768d_hc,or,459,87.0564254000783,87.3365206643939
synth_768d_hc,or,896,51.98828876018524,52.41821054369211
synth_768d_hc,or,214,57.74712190032005,58.21604281663895
synth_768d_hc,or,611,48.59105683863163,51.27536132931709
synth_768d_hc,or,804,58.32768511027098,58.767152950167656
synth_768d_hc,or,138,51.50679498910904,51.90819501876831
synth_768d_hc,or,820,67.4322945997119,67.70226173102856
synth_768d_hc,or,308,60.90186070650816,61.29278335720301
synth_768d_hc,or,860,51.17256660014391,51.6142463311553
synth_768d_hc,or,231,65.82413334399462,66.23950321227312
synth_768d_hc,or,649,59.730373322963715,60.180085711181164
synth_768d_hc,or,249,77.73132529109716,79.714460298419
synth_768d_hc,or,892,55.01729901880026,55.43872248381376
synth_768d_hc,or,817,48.822956159710884,51.498180255293846
synth_768d_hc,or,612,58.448174968361855,58.87378938496113
synth_768d_hc,or,123,56.30555097013712,56.72022234648466
synth_768d_hc,or,873,72.10229523479939,72.33419455587864
synth_768d_hc,or,657,50.89142359793186,51.331473514437675
synth_768d_hc,or,25,53.79191134124994,54.24290429800749
synth_768d_hc,or,422,51.33135709911585,51.77746061235666
synth_768d_hc,or,152,67.12577305734158,67.38677620887756
synth_768d_hc,or,907,48.52190613746643,51.225884817540646
synth_768d_hc,or,819,56.90066609531641,57.34164733439684
synth_768d_hc,or,146,52.26838402450085,52.7077354490757
synth_768d_hc,or,624,67.36116483807564,67.78258830308914
synth_768d_hc,or,954,56.63000047206879,57.06900265067816
synth_768d_hc,or,437,55.53592927753925,55.97854033112526
synth_768d_hc,or,208,53.310999646782875,53.721945732831955
synth_768d_hc,or,886,60.159130953252316,60.61012391000986
synth_768d_hc,or,4,56.02836608886719,56.429533287882805
synth_768d_hc,or,857,55.99379073828459,56.425691582262516
synth_768d_hc,or,192,78.6689342930913,80.681755207479
synth_768d_hc,or,211,57.712080888450146,58.00195503979921
synth_768d_hc,or,326,60.34504622220993,60.72677206248045
synth_768d_hc,or,793,59.153069742023945,59.602782130241394
synth_768d_hc,or,378,58.10684524476528,58.54666233062744
synth_768d_hc,or,859,52.25883796811104,52.70796827971935
synth_768d_hc,or,641,56.655146181583405,57.0912379771471
synth_768d_hc,or,292,48.96963946521282,51.694572903215885
synth_768d_hc,or,442,67.51983892172575,67.77036469429731
synth_768d_hc,or,606,51.688519306480885,52.10808012634516
synth_768d_hc,or,945,54.649077355861664,55.0935510545969
synth_768d_hc,or,371,49.32365845888853,52.04766057431698
synth_768d_hc,or,535,48.65869414061308,51.361857913434505
synth_768d_hc,or,320,48.286980018019676,51.005976274609566
synth_768d_hc,or,682,52.10330709815025,52.51774564385414
synth_768d_hc,or,735,52.503193728625774,52.93823778629303
synth_768d_hc,or,24,52.2820046171546,52.68410313874483
synth_768d_hc,or,93,51.65196489542723,52.072457037866116
synth_768d_hc,or,980,51.27082113176584,51.67617928236723
synth_768d_hc,or,338,75.92793554067612,77.92154792696238
synth_768d_hc,or,140,53.149182349443436,53.5803847014904
synth_768d_hc,or,65,58.12814924865961,58.58857184648514
synth_768d_hc,or,125,56.04303441941738,56.48413207381964
synth_768d_hc,or,489,57.34781734645367,57.77901969850063
synth_768d_hc,or,654,56.664575822651386,57.076686061918736
synth_768d_hc,or,188,55.65944593399763,56.090415455400944
synth_768d_hc,or,183,51.452661864459515,51.88758950680494
synth_768d_hc,or,346,51.592825911939144,52.03287582844496
synth_768d_hc,or,178,48.874178901314735,51.56826227903366
synth_768d_hc,or,147,54.111238569021225,54.53138146549463
synth_768d_hc,or,234,74.85260721296072,75.27356501668692
synth_768d_hc,or,134,56.46469071507454,56.905089877545834
synth_768d_hc,or,627,49.0451930090785,51.75848491489887
synth_768d_hc,or,245,51.76884587854147,52.19958256930113
synth_768d_hc,or,650,55.478885769844055,55.91998342424631
synth_768d_hc,or,255,72.07843009382486,74.11092519760132
synth_768d_hc,or,883,48.71445707976818,51.448470912873745
synth_768d_hc,or,19,51.318202167749405,51.77350249141455
synth_768d_hc,or,677,51.48712079972029,51.927054300904274
synth_768d_hc,or,866,56.05560727417469,56.50706589221954
synth_768d_hc,or,246,52.422983571887016,52.85802762955427
synth_768d_hc,or,898,48.44751674681902,51.18164699524641
synth_768d_hc,or,404,51.141250878572464,51.57175473868847
synth_768d_hc,or,410,70.81101648509502,71.24198600649834
synth_768d_hc,or,204,58.68845619261265,59.118727222085
synth_768d_hc,or,755,48.90805575996637,51.64206959307194
synth_768d_hc,or,456,52.97886673361063,53.38899791240692
synth_768d_hc,or,640,65.62762428075075,66.07756949961185
synth_768d_hc,or,427,52.483053877949715,52.9242679476738
synth_768d_hc,or,14,75.47857239842415,75.88951848447323
synth_768d_hc,or,953,57.050492614507675,57.48530384153128
synth_768d_hc,or,525,55.56270480155945,56.00287113338709
synth_768d_hc,or,626,73.22838064283133,73.5096400603652
synth_768d_hc,or,678,55.18354009836912,55.584474466741085
synth_768d_hc,or,349,79.02341894805431,81.01738058030605
synth_768d_hc,or,416,48.93355071544647,51.6427680850029
synth_768d_hc,or,411,58.26796405017376,58.533623814582825
synth_768d_hc,or,622,48.65333903580904,51.366398110985756
synth_768d_hc,or,238,48.40770270675421,49.390015192329884
synth_768d_hc,or,753,51.61319859325886,52.037881687283516
synth_768d_hc,or,692,61.00162863731384,61.44191138446331
synth_768d_hc,or,572,52.85441875457764,53.31891588866711
synth_768d_hc,or,129,55.703334510326385,56.128716096282005
synth_768d_hc,or,607,57.24944639950991,57.671451941132545
synth_768d_hc,or,711,57.085067965090275,57.535828091204166
synth_768d_hc,or,167,52.06884816288948,52.468734793365
synth_768d_hc,or,170,57.79101047664881,58.23199171572924
synth_768d_hc,or,335,52.59027238935232,53.060357458889484
synth_768d_hc,or,940,51.171984523534775,51.587470807135105
synth_768d_hc,or,297,58.20684600621462,58.65772254765034
synth_768d_hc,or,221,59.96949039399624,60.409773141145706
synth_768d_hc,or,794,48.53378050029278,51.25673487782478
synth_768d_hc,or,388,51.087234169244766,51.50830838829279
synth_768d_hc,or,809,57.942699640989304,58.35143383592367
synth_768d_hc,or,728,52.10796371102333,52.55918949842453
synth_768d_hc,or,111,51.732524298131466,52.17327270656824
synth_768d_hc,or,163,51.7719890922308,52.207731641829014
synth_768d_hc,or,981,51.336013711988926,51.74765828996897
synth_768d_hc,or,947,57.23978392779827,57.68937990069389
synth_768d_hc,or,330,51.351962611079216,51.78293213248253
synth_768d_hc,or,722,55.442797020077705,55.863987654447556
synth_768d_hc,or,409,56.39856681227684,56.833610869944096
synth_768d_hc,or,936,52.18922160565853,52.65860818326473
synth_768d_hc,or,239,55.664218962192535,56.084711104631424
synth_768d_hc,or,910,48.964167945086956,51.689217798411846
synth_768d_hc,or,503,55.508106015622616,55.96945993602276
synth_768d_hc,or,522,55.424170568585396,55.89390639215708
synth_768d_hc,or,294,51.52646917849779,51.937997341156006
synth_768d_hc,or,396,55.783544667065144,56.19355943053961
synth_768d_hc,or,765,76.89138874411583,77.32235826551914
synth_768d_hc,or,311,65.21795876324177,65.65672811120749
synth_768d_hc,or,615,52.817980758845806,53.25011443346739
synth_768d_hc,or,458,60.75133569538593,61.19348108768463
synth_768d_hc,or,431,58.39322693645954,58.66819992661476
synth_768d_hc,or,597,61.96822505444288,62.3797532171011
synth_768d_hc,or,841,48.418412916362286,49.419584684073925
synth_768d_hc,or,842,64.87767677754164,65.29397796839476
synth_768d_hc,or,884,48.798625357449055,51.51669029146433
synth_768d_hc,or,517,51.55277904123068,51.973736844956875
synth_768d_hc,or,366,57.97436460852623,58.41685924679041
synth_768d_hc,or,291,51.507377065718174,51.938463002443314
synth_768d_hc,or,95,52.95604933053255,53.381663747131824
synth_768d_hc,or,113,64.6916450932622,65.1325099170208
synth_768d_hc,or,520,51.42239388078451,51.83264147490263
synth_768d_hc,or,666,49.034832045435905,51.727984100580215
synth_768d_hc,or,932,56.84455391019583,57.271914556622505
synth_768d_hc,or,135,52.141607739031315,52.56745498627424
synth_768d_hc,or,749,65.47360680997372,65.91365672647953
synth_768d_hc,or,139,52.17781290411949,52.58875899016857
synth_768d_hc,or,144,48.75753074884415,51.471986807882786
synth_768d_hc,or,322,52.42275074124336,52.843475714325905
synth_768d_hc,or,780,55.48400804400444,55.92487286776304
synth_768d_hc,or,663,61.20651960372925,61.62701174616814
synth_768d_hc,or,724,56.508113630115986,56.978315114974976
synth_768d_hc,or,286,58.012898080050945,58.443169109523296
synth_768d_hc,or,151,51.616341806948185,52.06780042499304
synth_768d_hc,or,575,48.82703069597483,51.52204539626837
synth_768d_hc,or,912,48.82854409515858,51.54125392436981
synth_768d_hc,or,891,53.54487802833319,53.98504436016083
synth_768d_hc,or,480,51.557901315391064,52.03671753406525
synth_768d_hc,or,667,52.33334377408028,52.743591368198395
synth_768d_hc,or,218,54.906588047742844,55.3580466657877
synth_768d_hc,or,709,56.23104516416788,56.6564267501235
synth_768d_hc,or,265,52.41250619292259,52.857911214232445
synth_768d_hc,or,743,48.678251914680004,51.3825798407197
synth_768d_hc,or,44,51.23263690620661,51.68723873794079
synth_768d_hc,or,778,53.44022065401077,53.86013071984053
synth_768d_hc,or,176,63.11456672847271,65.10375533252954
synth_768d_hc,or,58,67.02181417495012,67.42088589817286
synth_768d_hc,or,483,57.13396240025759,57.57587496191263
synth_768d_hc,or,512,57.2100980207324,57.64770321547985
synth_768d_hc,or,491,58.170524425804615,58.43245889991522
synth_768d_hc,or,425,56.455028243362904,56.89996760338545
synth_768d_hc,or,229,56.30066152662039,56.7195238545537
synth_768d_hc,or,37,61.50302942842245,61.93295121192932
synth_768d_hc,or,930,51.417271606624126,51.91285163164139
synth_768d_hc,or,508,51.0320533066988,51.49189382791519
synth_768d_hc,or,21,69.28527727723122,69.51508112251759
synth_768d_hc,or,62,52.02752072364092,52.44940984994173
synth_768d_hc,or,263,48.60747139900923,49.590482376515865
synth_768d_hc,or,344,52.42740735411644,52.8490636497736
synth_768d_hc,or,788,49.01911597698927,51.73357203602791
synth_768d_hc,or,730,53.03928628563881,53.44487726688385
synth_768d_hc,or,673,65.16859866678715,65.56836888194084
synth_768d_hc,or,559,48.934947699308395,51.628099754452705
synth_768d_hc,or,353,53.27467806637287,53.70646249502897
synth_768d_hc,or,989,54.34732884168625,54.80810068547726
synth_768d_hc,or,1,57.20113404095173,57.64118395745754
synth_768d_hc,or,721,51.58851854503155,52.01797466725111
synth_768d_hc,or,83,55.908109061419964,56.34804256260395
synth_768d_hc,or,258,49.01748616248369,51.72286182641983
synth_768d_hc,or,414,51.551382057368755,51.953247748315334
synth_768d_hc,or,449,55.92266097664833,56.353164836764336
synth_768d_hc,or,918,57.94665776193142,58.366684243083
synth_768d_hc,or,676,49.28279668092728,51.95685662329197
synth_768d_hc,or,506,63.86532913893461,64.30107168853283
synth_768d_hc,or,790,58.15702024847269,58.5668021813035
synth_768d_hc,or,368,55.694603361189365,56.109740398824215
synth_768d_hc,or,919,51.9526656717062,52.383518777787685
synth_768d_hc,or,608,57.07645323127508,57.536642998456955
synth_768d_hc,or,276,51.411683671176434,51.81168671697378
synth_768d_hc,or,35,51.591312512755394,51.99178121984005
synth_768d_hc,or,775,66.97943899780512,67.43043195456266
synth_768d_hc,or,658,51.50644574314356,51.92798562347889
synth_768d_hc,or,392,52.71902773529291,53.14056761562824
synth_768d_hc,or,693,64.37709089368582,64.82657045125961
synth_768d_hc,or,122,58.5170928388834,58.927806094288826
synth_768d_hc,or,40,59.172860346734524,59.6045283600688
synth_768d_hc,or,251,66.8034190312028,67.24509876221418
synth_768d_hc,or,813,63.13493940979242,63.535990193486214
synth_768d_hc,or,931,87.80788630247116,88.04758545011282
synth_768d_hc,or,101,53.304946050047874,53.74569445848465
synth_768d_hc,or,802,56.1088090762496,56.50939419865608
synth_768d_hc,or,78,48.71364217251539,49.71551243215799
synth_768d_hc,or,337,52.29364614933729,52.74347495287657
synth_768d_hc,or,550,49.03250373899937,51.74195393919945
synth_768d_hc,or,240,61.9739294052124,63.98593541234732
synth_768d_hc,or,791,59.03863348066807,59.445155784487724
synth_768d_hc,or,408,59.10010077059269,59.519195929169655
synth_768d_hc,or,630,57.58670158684254,57.85771645605564
synth_768d_hc,or,708,52.67839878797531,53.098308853805065
synth_768d_hc,or,543,57.727680541574955,58.18752106279135
synth_768d_hc,or,136,55.30205089598894,55.72265945374966
synth_768d_hc,or,513,51.69666837900877,52.11785901337862
synth_768d_hc,or,382,73.76587018370628,75.77857468277216
synth_768d_hc,or,220,51.107257604599,51.52844823896885
synth_768d_hc,or,256,70.198904722929,70.46980317682028
synth_768d_hc,or,609,51.248352974653244,51.67932249605656
synth_768d_hc,or,660,51.528215408325195,51.947892643511295
synth_768d_hc,or,304,51.37198604643345,51.79201252758503
synth_768d_hc,or,209,60.158781707286835,60.58008875697851
synth_768d_hc,or,314,57.111261412501335,57.53105506300926
synth_768d_hc,or,290,55.96363916993141,56.39996379613876
synth_768d_hc,or,507,55.55315874516964,55.98459392786026
synth_768d_hc,or,75,57.126046158373356,57.52197466790676
synth_768d_hc,or,565,51.656621508300304,52.0970206707716
synth_768d_hc,or,858,51.66558548808098,52.08747461438179
synth_768d_hc,or,902,51.590846851468086,52.031478844583035
synth_768d_hc,or,327,60.43014582246542,60.851918533444405
synth_768d_hc,or,686,60.82665640860796,61.25704385340214
synth_768d_hc,or,600,52.448827773332596,52.8598902747035
synth_768d_hc,or,247,57.16888699680567,57.62989167124033
synth_768d_hc,or,915,61.540049500763416,61.9709026068449
synth_768d_hc,or,50,49.06312096863985,51.776994951069355
synth_768d_hc,or,997,48.77219907939434,51.501672714948654
synth_768d_hc,or,967,57.26073868572712,57.6716847717762
synth_768d_hc,or,532,51.26814357936382,51.70807708054781
synth_768d_hc,or,948,55.72405643761158,56.17411807179451
synth_768d_hc,or,12,57.244673371315,57.67541006207466
synth_768d_hc,or,821,79.41946387290955,81.41284342855215
synth_768d_hc,or,336,51.82693712413311,52.23788321018219
synth_768d_hc,or,832,51.56255792826414,52.01355088502169
synth_768d_hc,or,325,60.2048821747303,62.21793591976166
synth_768d_hc,or,399,60.345279052853584,60.79662125557661
synth_768d_hc,or,27,51.99364386498928,52.432529628276825
synth_768d_hc,or,769,61.06053479015827,63.089653849601746
synth_768d_hc,or,79,58.84247366338968,59.24468860030174
synth_768d_hc,or,782,51.772454753518105,52.20260936766863
synth_768d_hc,or,28,60.01093424856663,60.44143810868263
synth_768d_hc,or,471,55.624404922127724,56.074233725667
synth_768d_hc,or,317,56.37353751808405,56.81533366441727
synth_768d_hc,or,318,52.86000669002533,53.26909013092518
synth_768d_hc,or,405,48.88814873993397,51.59690044820309
synth_768d_hc,or,913,56.308344937860966,56.7389652132988
synth_768d_hc,or,412,62.52841558307409,62.93866317719221
synth_768d_hc,or,237,55.76666444540024,56.168646551668644
synth_768d_hc,or,526,48.522837460041046,49.5158601552248
synth_768d_hc,or,705,51.43240559846163,51.852199248969555
synth_768d_hc,or,752,48.81294444203377,51.52600351721048
synth_768d_hc,or,490,59.2120923101902,59.63339935988188
synth_768d_hc,or,174,52.76803858578205,53.22915967553854
synth_768d_hc,or,924,52.323564887046814,52.73951683193445
synth_768d_hc,or,17,59.068785049021244,59.500220231711864
synth_768d_hc,or,656,55.29820919036865,55.71916699409485
synth_768d_hc,or,738,59.136305935680866,59.56948734819889
synth_768d_hc,or,726,52.08910442888737,52.50819958746433
synth_768d_hc,or,500,55.13662472367287,55.56794349104166
synth_768d_hc,or,298,48.93029108643532,51.674316637218
synth_768d_hc,or,30,51.8683809787035,52.26745270192623
synth_768d_hc,or,354,48.74297883361578,51.4668645337224
synth_768d_hc,or,871,48.70304837822914,51.425653509795666
synth_768d_hc,or,499,58.622448705136776,58.894045650959015
synth_768d_hc,or,875,58.8870607316494,59.29870530962944
synth_768d_hc,or,894,54.51706238090992,54.94244396686554
synth_768d_hc,or,486,57.317898608744144,57.722791098058224
synth_768d_hc,or,118,55.67760672420263,56.11754022538662
synth_768d_hc,or,872,65.3931638225913,65.8141216263175
synth_768d_hc,or,307,58.71104076504707,59.113954193890095
synth_768d_hc,or,785,48.8135265186429,51.51738878339529
synth_768d_hc,or,452,52.453833632171154,52.864314056932926
synth_768d_hc,or,334,66.78979843854904,67.18025542795658
synth_768d_hc,or,646,55.17108365893364,55.593205615878105
synth_768d_hc,or,737,96.06929961591959,96.48012928664684
synth_768d_hc,or,131,60.07472984492779,60.504768043756485
synth_768d_hc,or,468,59.12408232688904,59.51395723968744
synth_768d_hc,or,696,51.57291889190674,51.9976019859314
synth_768d_hc,or,850,52.26174835115671,52.69399844110012
synth_768d_hc,or,213,55.97330164164305,56.40415474772453
synth_768d_hc,or,934,55.76782859861851,56.180055253207684
synth_768d_hc,or,303,56.48983642458916,56.9499097764492
synth_768d_hc,or,962,52.83381324261427,53.23952063918114
synth_768d_hc,or,15,57.170516811311245,57.592056691646576
synth_768d_hc,or,881,59.49020851403475,59.91104990243912
synth_768d_hc,or,985,56.98716267943382,57.398341596126556
synth_768d_hc,or,544,65.91994315385818,66.35941099375486
synth_768d_hc,or,751,70.94582542777061,71.20578084141016
synth_768d_hc,or,446,60.07018964737654,60.49044895917177
synth_768d_hc,or,818,56.51602987200022,56.944903917610645
synth_768d_hc,or,772,55.91521039605141,56.36620335280895
synth_768d_hc,or,7,69.02986206114292,69.29028313606977
synth_768d_hc,or,10,52.742427214980125,53.16338501870632
synth_768d_hc,or,301,48.918998800218105,51.64800677448511
synth_768d_hc,or,180,51.801325753331184,52.21320316195488
synth_768d_hc,or,862,61.66263483464718,61.94808520376682
synth_768d_hc,or,942,61.5118769928813,61.94412708282471
synth_768d_hc,or,852,55.924407206475735,56.35537672787905
synth_768d_hc,or,110,58.67239087820053,59.12198685109615
synth_768d_hc,or,548,53.43696102499962,53.86641714721918
synth_768d_hc,or,96,56.414282880723476,56.85549695044756
synth_768d_hc,or,826,49.06381946057081,51.81820597499609
synth_768d_hc,or,342,61.485799960792065,61.92084401845932
synth_768d_hc,or,768,54.100994020700455,54.522184655070305
synth_768d_hc,or,112,60.24597678333521,60.666934587061405
synth_768d_hc,or,538,64.66219201683998,65.13320840895176
synth_768d_hc,or,562,62.25774995982647,62.669278122484684
synth_768d_hc,or,31,48.90409763902426,51.6475411131978
synth_768d_hc,or,799,59.67961624264717,60.12932863086462
synth_768d_hc,or,754,48.557412810623646,49.52808376401663
synth_768d_hc,or,839,52.78852768242359,53.22345532476902
synth_768d_hc,or,253,58.7020767852664,59.15749352425337
synth_768d_hc,or,74,91.94761514663696,92.20733772963285
synth_768d_hc,or,377,51.84242036193609,52.26267967373133
synth_768d_hc,or,952,60.511170886456966,60.75156852602959
synth_768d_hc,or,103,61.54226139187813,61.96298636496067
synth_768d_hc,or,106,69.11845412105322,69.35920100659132
synth_768d_hc,or,888,51.8428860232234,52.30400711297989
synth_768d_hc,or,63,48.65752998739481,51.35254468768835
synth_768d_hc,or,789,48.7443758174777,51.46733019500971
synth_768d_hc,or,999,57.78705235570669,58.21313243359327
synth_768d_hc,or,773,48.99397026747465,51.70225631445646
synth_768d_hc,or,223,51.851384341716766,52.28351801633835
synth_768d_hc,or,741,69.82556078583002,70.10088302195072
synth_768d_hc,or,537,48.74903243035078,49.75998308509588
synth_768d_hc,or,279,57.44572263211012,57.88588896393776
synth_768d_hc,or,476,63.63645661622286,64.04716987162828
synth_768d_hc,or,260,79.22248914837837,81.22553117573261
synth_768d_hc,or,20,53.690397180616856,54.13044709712267
synth_768d_hc,or,803,49.16370380669832,51.8878223374486
synth_768d_hc,or,766,48.943329602479935,51.64730828255415
synth_768d_hc,or,598,49.3144616484642,52.0278699696064
synth_768d_hc,or,557,51.39142740517855,51.8126180395484
synth_768d_hc,or,194,51.859067752957344,52.308663725852966
synth_768d_hc,or,555,56.42278119921684,56.844321079552174
synth_768d_hc,or,262,55.04733417183161,55.483076721429825
synth_768d_hc,or,588,49.05904643237591,51.783048547804356
synth_768d_hc,or,592,48.801652155816555,49.79385994374752
synth_768d_hc,or,502,52.13788244873285,52.56780423223972
synth_768d_hc,or,781,49.30805880576372,52.01215390115976
synth_768d_hc,or,280,66.12017750740051,66.54951721429825
synth_768d_hc,or,6,57.75678437203169,58.210804127156734
synth_768d_hc,or,599,55.52440416067839,55.93546666204929
synth_768d_hc,or,99,58.68810694664717,59.11453627049923
synth_768d_hc,or,252,52.58689634501934,52.999937906861305
synth_768d_hc,or,48,52.99400072544813,53.453026339411736
synth_768d_hc,or,241,48.71969576925039,51.40691064298153
synth_768d_hc,or,474,57.14897997677326,57.574594393372536
synth_768d_hc,or,421,63.696643337607384,64.12214133888483
synth_768d_hc,or,272,58.939214795827866,59.36948582530022
synth_768d_hc,or,808,55.54396193474531,55.9795880690217
synth_768d_hc,or,983,57.33221769332886,57.74339661002159
synth_768d_hc,or,428,58.22686944156885,58.52244794368744
synth_768d_hc,or,876,63.33552300930023,63.76556120812893
synth_768d_hc,or,227,48.964982852339745,51.67350172996521
synth_768d_hc,or,583,55.46794272959232,55.89902866631746
synth_768d_hc,or,190,71.19204383343458,71.4367488399148
synth_768d_hc,or,345,53.54371387511492,53.984927944839
synth_768d_hc,or,587,51.678624004125595,52.1242618560791
synth_768d_hc,or,855,60.53491961210966,60.96577271819115
synth_768d_hc,or,417,56.73698615282774,57.17144813388586
synth_768d_hc,or,242,48.877205699682236,51.576877012848854
synth_768d_hc,or,182,53.27991675585508,53.68061829358339
synth_768d_hc,or,117,49.09478593617678,51.80796142667532
synth_768d_hc,or,97,58.06365516036749,58.504752814769745
synth_768d_hc,or,748,61.90943531692028,62.35879845917225
synth_768d_hc,or,306,53.84639371186495,54.28539589047432
synth_768d_hc,or,462,52.48503293842077,52.925082854926586
synth_768d_hc,or,982,55.804732255637646,56.26492202281952
synth_768d_hc,or,938,59.34492219239473,59.784622862935066
synth_768d_hc,or,957,51.56686529517174,52.00691521167755
synth_768d_hc,or,305,58.455392718315125,58.916863054037094
synth_768d_hc,or,235,60.90488750487566,61.31571717560291
synth_768d_hc,or,41,72.32930511236191,72.64816667884588
synth_768d_hc,or,949,66.1525409668684,66.56558252871037
synth_768d_hc,or,978,64.7115521132946,65.15812128782272
synth_768d_hc,or,199,60.4019733145833,60.84155756980181
synth_768d_hc,or,80,61.180093325674534,61.625149101018906
synth_768d_hc,or,706,51.994225941598415,52.42053885012865
synth_768d_hc,or,102,48.983958549797535,51.69783253222704
synth_768d_hc,or,647,51.788054406642914,52.21017636358738
synth_768d_hc,or,159,60.50104275345802,60.94167474657297
synth_768d_hc,or,834,57.53990262746811,57.951780036091805
synth_768d_hc,or,355,69.88015957176685,70.15152368694544
synth_768d_hc,or,664,58.811972849071026,59.23863500356674
synth_768d_hc,or,717,56.18436262011528,56.61998875439167
synth_768d_hc,or,642,53.40040661394596,53.84068936109543
synth_768d_hc,or,727,58.58857184648514,59.02955308556557
synth_768d_hc,or,533,52.03427281230688,52.45010834187269
synth_768d_hc,or,215,60.29033102095127,60.56111305952072
synth_768d_hc,or,116,60.7762485742569,61.22654303908348
synth_768d_hc,or,177,71.19274232536554,71.61253597587347
synth_768d_hc,or,273,62.67998833209276,63.0959402769804
synth_768d_hc,or,156,49.249036237597466,51.95883568376303
synth_768d_hc,or,878,59.87042095512152,60.270424000918865
synth_768d_hc,or,977,53.52497100830078,53.96141204982996
synth_768d_hc,or,33,79.77895438671112,81.80306758731604
synth_768d_hc,or,331,56.24245386570692,56.67319055646658
synth_768d_hc,or,510,56.95468280464411,57.37575702369213
synth_768d_hc,or,55,55.96899427473545,56.38424772769213
synth_768d_hc,or,836,55.07795140147209,55.49343768507242
synth_768d_hc,or,18,51.69294308871031,52.142771892249584
synth_768d_hc,or,589,48.88209514319897,51.59596912562847
synth_768d_hc,or,343,49.1035170853138,51.80749576538801
synth_768d_hc,or,864,57.306140661239624,57.74607416242361
synth_768d_hc,or,638,53.455354645848274,53.85593976825476
synth_768d_hc,or,443,61.507453210651875,61.947619542479515
synth_768d_hc,or,828,52.383868023753166,52.82461643218994
synth_768d_hc,or,45,73.47087375819683,73.7309455871582
synth_768d_hc,or,488,60.23352034389973,60.65447814762592
synth_768d_hc,or,744,51.642535254359245,52.086892537772655
synth_768d_hc,or,684,63.98989353328943,64.42563608288765
synth_768d_hc,or,457,55.728014558553696,56.19798321276903
synth_768d_hc,or,994,53.01379133015871,53.4494174644351
synth_768d_hc,or,643,52.3978378623724,52.817980758845806
synth_768d_hc,or,56,55.58913107961416,56.01812154054642
synth_768d_hc,or,296,61.97358015924692,62.39069625735283
synth_768d_hc,or,524,56.234304793179035,56.6745875403285
synth_768d_hc,or,675,55.34384399652481,55.785058066248894
synth_768d_hc,or,581,54.597039707005024,55.03697320818901
synth_768d_hc,or,124,56.77994340658188,57.22488276660442
synth_768d_hc,or,563,48.88186231255531,51.61087028682232
synth_768d_hc,or,29,52.34265699982643,52.79388278722763
synth_768d_hc,or,601,48.44437353312969,49.43984095007181
synth_768d_hc,or,725,59.24294237047434,59.682875871658325
synth_768d_hc,or,822,56.65596108883619,57.094963267445564
synth_768d_hc,or,655,52.18270234763622,52.632298320531845
synth_768d_hc,or,937,56.51568062603474,56.96597509086132
synth_768d_hc,or,352,56.10298831015825,56.52767140418291
synth_768d_hc,or,990,60.781603679060936,61.061582528054714
synth_768d_hc,or,619,53.39423660188913,53.83009556680918
synth_768d_hc,or,519,61.903148889541626,62.36298941075802
synth_768d_hc,or,961,60.94016134738922,61.385566368699074
synth_768d_hc,or,434,55.54140079766512,55.98156712949276
synth_768d_hc,or,359,51.43601447343826,51.87734495848417
synth_768d_hc,or,184,52.659306675195694,53.089577704668045
synth_768d_hc,or,561,51.54102109372616,51.97746213525534
synth_768d_hc,or,719,48.954738304018974,51.6579020768404
synth_768d_hc,or,560,55.492972023785114,55.923243053257465
synth_768d_hc,or,493,56.578777730464935,57.03931674361229
synth_768d_hc,or,73,71.94117642939091,73.92442785203457
synth_768d_hc,or,23,56.36014975607395,56.79670721292496
synth_768d_hc,or,463,51.79166328161955,52.222865633666515
synth_768d_hc,or,653,57.286000810563564,57.72523581981659
synth_768d_hc,or,536,48.808054998517036,51.48747004568577
synth_768d_hc,or,497,55.22626452147961,55.67655898630619
synth_768d_hc,or,716,51.66244227439165,52.122282795608044
synth_768d_hc,or,329,51.58165004104376,52.00284067541361
synth_768d_hc,or,920,55.42451981455088,55.88354542851448
synth_768d_hc,or,739,51.18129774928093,51.61284934729338
synth_768d_hc,or,668,58.47599823027849,58.91791079193354
synth_768d_hc,or,895,48.68290852755308,51.397946663200855
synth_768d_hc,or,16,59.68345794826746,60.123042203485966
synth_768d_hc,or,107,48.857880756258965,51.551731303334236
synth_768d_hc,or,89,52.088056690990925,52.52962000668049
synth_768d_hc,or,762,56.18180148303509,56.61696195602417
synth_768d_hc,equal,620,44.39812619239092,44.58881448954344
synth_768d_hc,equal,966,44.64120138436556,44.82048097997904
synth_768d_hc,equal,741,44.64155063033104,44.82152871787548
synth_768d_hc,equal,806,44.42152567207813,44.601503759622574
synth_768d_hc,equal,809,44.545624405145645,44.72711589187384
synth_768d_hc,equal,187,44.615939259529114,44.786836951971054
synth_768d_hc,equal,29,44.45668309926987,44.616637751460075
synth_768d_hc,equal,120,44.43107172846794,44.601503759622574
synth_768d_hc,equal,201,44.596497900784016,44.76646427065134
synth_768d_hc,equal,935,46.264263801276684,45.5131521448493
synth_768d_hc,equal,146,44.465879909694195,45.55645864456892
synth_768d_hc,equal,847,44.450629502534866,44.62176002562046
synth_768d_hc,equal,990,44.553191401064396,44.72315777093172
synth_768d_hc,equal,51,44.46646198630333,44.63654477149248
synth_768d_hc,equal,81,44.51244603842497,44.68206316232681
synth_768d_hc,equal,193,44.376589357852936,44.54702138900757
synth_768d_hc,equal,846,46.288128942251205,45.388005673885345
synth_768d_hc,equal,278,44.420943595469,44.58730109035969
synth_768d_hc,equal,880,44.41605415195227,44.59603223949671
synth_768d_hc,equal,543,44.667162001132965,44.837361201643944
synth_768d_hc,equal,430,44.420943595469,44.601853005588055
synth_768d_hc,equal,816,44.42688077688217,44.59149204194546
synth_768d_hc,equal,538,44.528162106871605,44.948188588023186
synth_768d_hc,equal,87,44.35202572494745,44.54061854630709
synth_768d_hc,equal,502,44.487882405519485,44.66692917048931
synth_768d_hc,equal,802,46.17008380591869,45.26786506175995
synth_768d_hc,equal,102,44.45505328476429,45.541441068053246
synth_768d_hc,equal,737,44.41605415195227,44.576008804142475
synth_768d_hc,equal,831,44.4481847807765,44.61721982806921
synth_768d_hc,equal,781,46.21956031769514,45.47752905637026
synth_768d_hc,equal,638,44.36122253537178,44.5506302639842
synth_768d_hc,equal,991,44.49707921594381,44.887419790029526
synth_768d_hc,equal,791,44.426415115594864,44.60534546524286
synth_768d_hc,equal,167,44.37146708369255,44.78241316974163
synth_768d_hc,equal,463,44.468557462096214,44.648535549640656
synth_768d_hc,equal,356,44.4360775873065,44.59603223949671
synth_768d_hc,equal,921,44.492073357105255,44.67065446078777
synth_768d_hc,equal,208,44.43689249455929,44.59789488464594
synth_768d_hc,equal,153,44.45191007107496,44.63095683604479
synth_768d_hc,equal,947,44.62141077965498,44.80034112930298
synth_768d_hc,equal,483,44.38566975295544,44.565415009856224
synth_768d_hc,equal,731,44.49684638530016,44.66588143259287
synth_768d_hc,equal,477,44.42350473254919,44.59789488464594
synth_768d_hc,equal,371,44.382293708622456,44.55714952200651
synth_768d_hc,equal,316,44.52303983271122,44.7023194283247
synth_768d_hc,equal,912,44.496264308691025,44.66553218662739
synth_768d_hc,equal,939,44.37484312802553,44.55680027604103
synth_768d_hc,equal,744,44.451444409787655,44.62094511836767
synth_768d_hc,equal,568,44.42129284143448,44.60662603378296
synth_768d_hc,equal,406,44.535729102790356,44.702086597681046
synth_768d_hc,equal,169,44.466578401625156,44.63701043277979
synth_768d_hc,equal,114,46.20442632585764,45.46332638710737
synth_768d_hc,equal,425,44.33956928551197,44.51046697795391
synth_768d_hc,equal,241,44.45540253072977,44.626533053815365
synth_768d_hc,equal,453,44.50848791748285,44.66739483177662
synth_768d_hc,equal,281,44.386833906173706,44.566113501787186
synth_768d_hc,equal,27,44.56739407032728,44.73619628697634
synth_768d_hc,equal,665,44.4900942966342,44.66006066650152
synth_768d_hc,equal,508,46.27357702702284,45.37252243608236
synth_768d_hc,equal,481,44.396030716598034,44.56622991710901
synth_768d_hc,equal,405,44.40650809556246,44.591608457267284
synth_768d_hc,equal,906,44.52047869563103,44.691143557429314
synth_768d_hc,equal,224,44.45586819201708,44.616986997425556
synth_768d_hc,equal,879,44.43060606718063,44.60127092897892
synth_768d_hc,equal,681,44.517102651298046,44.917804189026356
synth_768d_hc,equal,207,44.476124458014965,44.637126848101616
synth_768d_hc,equal,78,44.50557753443718,44.68555562198162
synth_768d_hc,equal,647,44.52711436897516,44.69254054129124
synth_768d_hc,equal,471,44.47705578058958,44.652377255260944
synth_768d_hc,equal,462,44.48811523616314,44.898129999637604
synth_768d_hc,equal,324,44.49102561920881,44.66134123504162
synth_768d_hc,equal,768,44.48194522410631,44.652028009295464
synth_768d_hc,equal,510,44.44667138159275,44.607557356357574
synth_768d_hc,equal,434,44.43572834134102,44.59661431610584
synth_768d_hc,equal,960,44.53095607459545,44.701388105750084
synth_768d_hc,equal,451,44.51593849807978,44.68171391636133
synth_768d_hc,equal,94,44.48241088539362,44.64329686015844
synth_768d_hc,equal,376,46.28405440598726,45.37124186754227
synth_768d_hc,equal,264,44.47286482900381,44.64259836822748
synth_768d_hc,equal,613,44.541084207594395,44.71151623874903
synth_768d_hc,equal,137,44.431653805077076,44.610584154725075
synth_768d_hc,equal,640,44.455984607338905,44.625019654631615
synth_768d_hc,equal,596,44.38601899892092,44.53607834875584
synth_768d_hc,equal,801,44.45493686944246,44.60709169507027
synth_768d_hc,equal,283,44.44748628884554,44.61535718291998
synth_768d_hc,equal,685,44.466578401625156,45.51955498754978
synth_768d_hc,equal,442,44.474960304796696,44.63549703359604
synth_768d_hc,equal,702,46.19976971298456,45.468914322555065
synth_768d_hc,equal,915,44.435495510697365,44.6150079369545
synth_768d_hc,equal,804,46.27159796655178,45.54004408419132
synth_768d_hc,equal,85,44.4166362285614,44.585904106497765
synth_768d_hc,equal,150,46.215252950787544,45.49417644739151
synth_768d_hc,equal,105,44.36739254742861,44.541084207594395
synth_768d_hc,equal,411,44.402084313333035,44.80325151234865
synth_768d_hc,equal,83,44.405111111700535,44.5670448243618
synth_768d_hc,equal,165,44.45237573236227,44.61256321519613
synth_768d_hc,equal,934,46.20477557182312,45.45401316136122
synth_768d_hc,equal,254,44.36611197888851,44.517102651298046
synth_768d_hc,equal,629,44.39230542629957,44.56250462681055
synth_768d_hc,equal,686,44.48194522410631,44.64236553758383
synth_768d_hc,equal,429,44.59184128791094,44.77135371416807
synth_768d_hc,equal,551,44.45691592991352,44.85691897571087
synth_768d_hc,equal,269,44.43153738975525,44.60127092897892
synth_768d_hc,equal,580,44.40406337380409,44.572982005774975
synth_768d_hc,equal,389,44.39649637788534,44.79754716157913
synth_768d_hc,equal,883,44.42664794623852,44.616637751460075
synth_768d_hc,equal,786,44.511398300528526,44.67146936804056
synth_768d_hc,equal,668,44.412328861653805,44.57193426787853
synth_768d_hc,equal,344,44.4706529378891,44.64271478354931
synth_768d_hc,equal,23,46.238419599831104,45.5070985481143
synth_768d_hc,equal,964,44.43794023245573,44.61687058210373
synth_768d_hc,equal,667,44.50057167559862,44.6616904810071
synth_768d_hc,equal,625,44.427113607525826,44.598011299967766
synth_768d_hc,equal,134,44.560874812304974,44.72990985959768
synth_768d_hc,equal,72,44.4464385509491,44.62595097720623
synth_768d_hc,equal,111,44.57507748156786,44.74562592804432
synth_768d_hc,equal,427,44.54341251403093,44.713146053254604
synth_768d_hc,equal,309,46.208035200834274,45.4664696007967
synth_768d_hc,equal,486,44.558197259902954,44.7235070168972
synth_768d_hc,equal,866,44.536893256008625,44.70732528716326
synth_768d_hc,equal,807,44.421409256756306,44.83142402023077
synth_768d_hc,equal,562,44.413027353584766,44.5834593847394
synth_768d_hc,equal,637,44.39579788595438,44.56599708646536
synth_768d_hc,equal,682,46.099768951535225,45.35354673862457
synth_768d_hc,equal,869,44.35563459992409,44.52606663107872
synth_768d_hc,equal,835,44.421060010790825,44.56331953406334
synth_768d_hc,equal,842,44.53363362699747,44.69358827918768
synth_768d_hc,equal,172,44.437008909881115,44.60883792489767
synth_768d_hc,equal,255,44.425949454307556,44.59242336452007
synth_768d_hc,equal,395,44.452608563005924,44.63212098926306
synth_768d_hc,equal,938,44.441898353397846,44.60278432816267
synth_768d_hc,equal,594,44.440850615501404,44.612097553908825
synth_768d_hc,equal,82,44.42245699465275,44.59149204194546
synth_768d_hc,equal,709,44.49684638530016,44.66250538825989
synth_768d_hc,equal,92,46.27497401088476,45.542954467236996
synth_768d_hc,equal,459,44.525135308504105,45.58730870485306
synth_768d_hc,equal,757,44.457148760557175,44.628046452999115
synth_768d_hc,equal,0,44.405460357666016,44.57531031221151
synth_768d_hc,equal,163,44.58124749362469,44.755986891686916
synth_768d_hc,equal,602,44.45773083716631,44.62816286832094
synth_768d_hc,equal,417,44.47554238140583,44.64644007384777
synth_768d_hc,equal,370,44.50546111911535,44.684973545372486
synth_768d_hc,equal,265,44.47682294994593,44.65493839234114
synth_768d_hc,equal,509,44.501619413495064,44.67181861400604
synth_768d_hc,equal,904,44.45610102266073,44.6271151304245
synth_768d_hc,equal,608,44.55540329217911,44.70720887184143
synth_768d_hc,equal,962,44.48252730071545,44.62816286832094
synth_768d_hc,equal,350,44.46809180080891,44.64609082788229
synth_768d_hc,equal,331,44.50965207070112,44.670188799500465
synth_768d_hc,equal,159,44.4360775873065,44.61559001356363
synth_768d_hc,equal,188,44.51535642147064,44.696382246911526
synth_768d_hc,equal,697,44.402433559298515,44.57228351384401
synth_768d_hc,equal,491,44.62793003767729,44.79673225432634
synth_768d_hc,equal,525,44.46646198630333,44.63666118681431
synth_768d_hc,equal,813,44.43200305104256,44.60243508219719
synth_768d_hc,equal,742,44.49952393770218,44.89149432629347
synth_768d_hc,equal,761,44.41698547452688,44.577871449291706
synth_768d_hc,equal,885,44.32140849530697,44.49149128049612
synth_768d_hc,equal,517,44.471933506429195,44.64294761419296
synth_768d_hc,equal,615,44.391024857759476,44.55214366316795
synth_768d_hc,equal,380,44.34084985405207,44.51267886906862
synth_768d_hc,equal,242,44.3159369751811,44.504995457828045
synth_768d_hc,equal,217,46.09907045960426,45.20791117101908
synth_768d_hc,equal,874,46.097906306385994,45.20057700574398
synth_768d_hc,equal,246,44.335611164569855,44.497428461909294
synth_768d_hc,equal,654,44.457148760557175,44.63724326342344
synth_768d_hc,equal,924,44.397078454494476,44.568092562258244
synth_768d_hc,equal,908,46.1796298623085,45.25762051343918
synth_768d_hc,equal,13,44.43794023245573,44.60243508219719
synth_768d_hc,equal,715,44.406624510884285,44.5670448243618
synth_768d_hc,equal,474,44.35679875314236,44.53130532056093
synth_768d_hc,equal,676,44.51535642147064,44.676242396235466
synth_768d_hc,equal,310,44.39149051904678,44.57042086869478
synth_768d_hc,equal,718,44.44771911948919,44.6076737716794
synth_768d_hc,equal,325,44.475425966084,44.64609082788229
synth_768d_hc,equal,60,44.48764957487583,44.648535549640656
synth_768d_hc,equal,457,46.25378642231226,45.50337325781584
synth_768d_hc,equal,699,44.40499469637871,44.57496106624603
synth_768d_hc,equal,868,44.41104829311371,44.82152871787548
synth_768d_hc,equal,162,44.61151547729969,44.801970943808556
synth_768d_hc,equal,752,44.34329457581043,44.52257417142391
synth_768d_hc,equal,799,44.45097874850035,44.620828703045845
synth_768d_hc,equal,561,44.45156082510948,44.61710341274738
synth_768d_hc,equal,455,44.406275264918804,44.797430746257305
synth_768d_hc,equal,161,44.49160769581795,44.653541408479214
synth_768d_hc,equal,928,46.244473196566105,45.50255835056305
synth_768d_hc,equal,178,44.396379962563515,44.585554860532284
synth_768d_hc,equal,261,46.249013394117355,45.33841274678707
synth_768d_hc,equal,213,44.495915062725544,44.6677440777421
synth_768d_hc,equal,447,44.51477434486151,44.67542748898268
synth_768d_hc,equal,312,44.46122329682112,44.622342102229595
synth_768d_hc,equal,249,44.46576349437237,44.64597441256046
synth_768d_hc,equal,530,44.60616037249565,44.706626795232296
synth_768d_hc,equal,713,44.44131627678871,44.58334296941757
synth_768d_hc,equal,754,44.579850509762764,44.75167952477932
synth_768d_hc,equal,47,44.425600208342075,44.60115451365709
synth_768d_hc,equal,42,46.23783752322197,45.34691106528044
synth_768d_hc,equal,856,44.56681199371815,44.74562592804432
synth_768d_hc,equal,723,44.545973651111126,44.71791908144951
synth_768d_hc,equal,760,44.53782457858324,45.59929948300123
synth_768d_hc,equal,16,44.539920054376125,44.71128340810537
synth_768d_hc,equal,243,44.460524804890156,44.626882299780846
synth_768d_hc,equal,59,44.58124749362469,44.74224988371134
synth_768d_hc,equal,706,46.38789687305689,45.62677349895239
synth_768d_hc,equal,867,44.65645179152489,44.836197048425674
synth_768d_hc,equal,221,46.31455522030592,45.422581024467945
synth_768d_hc,equal,544,44.517102651298046,45.59394437819719
synth_768d_hc,equal,352,44.58101466298103,44.751912355422974
synth_768d_hc,equal,416,44.54131703823805,44.72129512578249
synth_768d_hc,equal,945,44.69580017030239,44.866930693387985
synth_768d_hc,equal,273,44.46692764759064,44.63782534003258
synth_768d_hc,equal,797,44.481828808784485,44.631888158619404
synth_768d_hc,equal,844,44.58636976778507,44.76623144000769
synth_768d_hc,equal,632,44.51232962310314,44.68322731554508
synth_768d_hc,equal,31,44.54550798982382,44.70639396458864
synth_768d_hc,equal,634,44.530490413308144,44.922344386577606
synth_768d_hc,equal,311,44.523621909320354,44.70255225896835
synth_768d_hc,equal,531,44.48648542165756,44.65645179152489
synth_768d_hc,equal,579,44.41011697053909,44.81198266148567
synth_768d_hc,equal,260,46.28440365195274,45.5325935035944
synth_768d_hc,equal,618,44.465879909694195,44.64644007384777
synth_768d_hc,equal,941,44.43747457116842,44.616986997425556
synth_768d_hc,equal,32,44.552492909133434,44.72595173865557
synth_768d_hc,equal,109,44.43712532520294,44.617801904678345
synth_768d_hc,equal,764,44.47030369192362,44.64236553758383
synth_768d_hc,equal,862,44.45284139364958,44.631888158619404
synth_768d_hc,equal,339,44.474261812865734,44.654239900410175
synth_768d_hc,equal,881,46.340515837073326,45.42991518974304
synth_768d_hc,equal,11,44.513377360999584,44.69358827918768
synth_768d_hc,equal,519,44.59486808627844,44.75575406104326
synth_768d_hc,equal,951,44.476473703980446,44.64690573513508
synth_768d_hc,equal,398,44.37111783772707,44.54550798982382
synth_768d_hc,equal,708,44.42618228495121,44.60499621927738
synth_768d_hc,equal,458,44.3954486399889,44.54550798982382
synth_768d_hc,equal,90,44.58636976778507,44.747255742549896
synth_768d_hc,equal,465,44.42955832928419,44.60569471120834
synth_768d_hc,equal,834,44.49731204658747,44.662621803581715
synth_768d_hc,equal,592,44.442364014685154,44.61233038455248
synth_768d_hc,equal,68,46.26356530934572,45.506865717470646
synth_768d_hc,equal,248,44.44201476871967,44.8484206572175
synth_768d_hc,equal,779,44.49230618774891,44.671352952718735
synth_768d_hc,equal,770,44.41675264388323,44.59673073142767
synth_768d_hc,equal,390,46.27893213182688,45.36798223853111
synth_768d_hc,equal,977,44.48986146599054,44.65074744075537
synth_768d_hc,equal,577,44.390675611793995,44.56110764294863
synth_768d_hc,equal,898,44.33572757989168,44.5069745182991
synth_768d_hc,equal,789,44.45575177669525,44.618034735322
synth_768d_hc,equal,865,44.35703158378601,44.52688153833151
synth_768d_hc,equal,891,44.49603147804737,44.658081606030464
synth_768d_hc,equal,567,44.40045449882746,44.571817852556705
synth_768d_hc,equal,943,44.35295704752207,44.5233890786767
synth_768d_hc,equal,413,44.436659663915634,44.61756907403469
synth_768d_hc,equal,557,44.41640339791775,44.577522203326225
synth_768d_hc,equal,965,46.23027052730322,45.31384911388159
synth_768d_hc,equal,514,44.587068259716034,44.75703462958336
synth_768d_hc,equal,698,44.473097659647465,44.64876838028431
synth_768d_hc,equal,103,44.45691592991352,44.62176002562046
synth_768d_hc,equal,286,44.44096703082323,44.59905903786421
synth_768d_hc,equal,482,44.39649637788534,44.56716123968363
synth_768d_hc,equal,836,44.452608563005924,44.62257493287325
synth_768d_hc,equal,206,44.406973756849766,44.591957703232765
synth_768d_hc,equal,942,44.541084207594395,44.6919584646821
synth_768d_hc,equal,822,44.407788664102554,44.5882324129343
synth_768d_hc,equal,301,44.485670514404774,44.66099198907614
synth_768d_hc,equal,497,44.5216428488493,44.68183033168316
synth_768d_hc,equal,454,46.16368096321821,45.413500629365444
synth_768d_hc,equal,735,44.492073357105255,44.67298276722431
synth_768d_hc,equal,256,44.34795118868351,44.74818706512451
synth_768d_hc,equal,717,46.31408955901861,45.412452891469
synth_768d_hc,equal,329,44.45225931704044,44.62292417883873
synth_768d_hc,equal,633,44.44364458322525,44.60383206605911
synth_768d_hc,equal,796,44.41605415195227,44.58602052181959
synth_768d_hc,equal,347,44.471933506429195,44.63270306587219
synth_768d_hc,equal,149,44.542597606778145,44.72164437174797
synth_768d_hc,equal,549,44.506508857011795,44.67635881155729
synth_768d_hc,equal,326,44.43340003490448,44.61151547729969
synth_768d_hc,equal,837,44.38543692231178,44.561922550201416
synth_768d_hc,equal,37,44.506508857011795,44.66669633984566
synth_768d_hc,equal,71,44.50452979654074,44.675543904304504
synth_768d_hc,equal,299,44.51244603842497,44.68148108571768
synth_768d_hc,equal,893,44.513377360999584,44.92339212447405
synth_768d_hc,equal,351,46.16496153175831,45.419554226100445
synth_768d_hc,equal,431,44.40499469637871,44.56681199371815
synth_768d_hc,equal,739,44.432817958295345,44.61186472326517
synth_768d_hc,equal,556,44.45004742592573,44.61046773940325
synth_768d_hc,equal,603,44.42688077688217,44.60138734430075
synth_768d_hc,equal,393,44.4257166236639,44.59591582417488
synth_768d_hc,equal,959,44.317799620330334,44.7368947789073
synth_768d_hc,equal,64,44.457847252488136,44.62746437638998
synth_768d_hc,equal,234,46.223634853959084,45.467051677405834
synth_768d_hc,equal,414,44.46611274033785,44.63631194084883
synth_768d_hc,equal,732,44.38601899892092,44.55598536878824
synth_768d_hc,equal,404,46.193948946893215,45.44283729046583
synth_768d_hc,equal,812,46.196277253329754,45.28334829956293
synth_768d_hc,equal,97,46.28801252692938,45.54691258817911
synth_768d_hc,equal,319,44.44143269211054,44.61233038455248
synth_768d_hc,equal,539,44.40685734152794,44.56785973161459
synth_768d_hc,equal,641,46.18323873728514,45.43235991150141
synth_768d_hc,equal,705,44.387299567461014,44.555519707500935
synth_768d_hc,equal,41,44.42548379302025,44.605927541852
synth_768d_hc,equal,119,46.234927140176296,45.353895984590054
synth_768d_hc,equal,604,44.48206163942814,44.652377255260944
synth_768d_hc,equal,503,44.490559957921505,44.90581341087818
synth_768d_hc,equal,716,44.442713260650635,45.49464210867882
synth_768d_hc,equal,174,44.56681199371815,44.75587047636509
synth_768d_hc,equal,53,46.28975875675678,45.54889164865017
synth_768d_hc,equal,748,46.31758201867342,45.57648207992315
synth_768d_hc,equal,656,44.48194522410631,44.64108496904373
synth_768d_hc,equal,753,44.52175926417112,44.6828780695796
synth_768d_hc,equal,200,44.50150299817324,44.652377255260944
synth_768d_hc,equal,176,44.47251558303833,44.63247023522854
synth_768d_hc,equal,666,44.60092168301344,45.00697832554579
synth_768d_hc,equal,108,44.54201553016901,44.697546400129795
synth_768d_hc,equal,122,46.264613047242165,45.517925173044205
synth_768d_hc,equal,267,44.561224058270454,44.712331146001816
synth_768d_hc,equal,179,44.46692764759064,45.53364124149084
synth_768d_hc,equal,181,46.22910637408495,45.31710874289274
synth_768d_hc,equal,623,44.446904212236404,44.615939259529114
synth_768d_hc,equal,794,44.47624087333679,44.66087557375431
synth_768d_hc,equal,177,44.526648707687855,44.69649866223335
synth_768d_hc,equal,212,44.467393308877945,44.623157009482384
synth_768d_hc,equal,565,46.22898995876312,45.483349822461605
synth_768d_hc,equal,983,44.47600804269314,44.645857997238636
synth_768d_hc,equal,798,44.461339712142944,44.63200457394123
synth_768d_hc,equal,532,46.370201744139194,45.64796108752489
synth_768d_hc,equal,58,44.490559957921505,44.64073572307825
synth_768d_hc,equal,901,44.4464385509491,44.62734796106815
synth_768d_hc,equal,586,44.42245699465275,44.592306949198246
synth_768d_hc,equal,769,46.21478728950024,45.45401316136122
synth_768d_hc,equal,238,44.56110764294863,44.72711589187384
synth_768d_hc,equal,15,44.50720734894276,44.67694088816643
synth_768d_hc,equal,721,46.27113230526447,45.359949581325054
synth_768d_hc,equal,599,44.57239992916584,44.732470996677876
synth_768d_hc,equal,433,44.39207259565592,44.79300696402788
synth_768d_hc,equal,365,44.51745189726353,44.686952605843544
synth_768d_hc,equal,900,44.517568312585354,44.9175713583827
synth_768d_hc,equal,253,44.46087405085564,44.64085213840008
synth_768d_hc,equal,558,44.53177098184824,44.70266867429018
synth_768d_hc,equal,257,44.51663699001074,44.677057303488255
synth_768d_hc,equal,136,44.53607834875584,44.71512511372566
synth_768d_hc,equal,547,44.46518141776323,44.63701043277979
synth_768d_hc,equal,505,46.32852505892515,45.588589273393154
synth_768d_hc,equal,506,44.50592678040266,44.67635881155729
synth_768d_hc,equal,308,46.21467087417841,45.313616283237934
synth_768d_hc,equal,409,46.267989091575146,45.51734309643507
synth_768d_hc,equal,407,44.472748413681984,44.651562348008156
synth_768d_hc,equal,800,44.43142097443342,45.51291931420565
synth_768d_hc,equal,710,44.47216633707285,44.63328514248133
synth_768d_hc,equal,979,44.42734643816948,44.59638148546219
synth_768d_hc,equal,302,46.33876960724592,45.58882210403681
synth_768d_hc,equal,727,44.47810351848602,44.647837057709694
synth_768d_hc,equal,110,46.24971188604832,45.49883306026459
synth_768d_hc,equal,358,44.508371502161026,44.67845428735018
synth_768d_hc,equal,785,44.426997192204,44.588115997612476
synth_768d_hc,equal,678,44.545275159180164,44.72432192414999
synth_768d_hc,equal,399,46.269502490758896,45.347725972533226
synth_768d_hc,equal,553,44.42536737769842,44.86553370952606
synth_768d_hc,equal,859,44.40639168024063,44.58636976778507
synth_768d_hc,equal,849,44.46646198630333,44.64294761419296
synth_768d_hc,equal,841,46.10291216522455,45.351916924118996
synth_768d_hc,equal,138,46.149129047989845,45.39289511740208
synth_768d_hc,equal,817,44.45086233317852,44.60732452571392
synth_768d_hc,equal,534,44.41675264388323,44.58834882825613
synth_768d_hc,equal,985,44.47565879672766,44.63468212634325
synth_768d_hc,equal,338,46.32852505892515,45.577529817819595
synth_768d_hc,equal,750,44.53142173588276,44.71023567020893
synth_768d_hc,equal,680,44.50255073606968,44.69347186386585
synth_768d_hc,equal,545,44.504995457828045,44.6859048679471
synth_768d_hc,equal,684,44.47251558303833,45.54307088255882
synth_768d_hc,equal,8,44.48695108294487,44.665997847914696
synth_768d_hc,equal,291,46.24435678124428,45.50430458039045
synth_768d_hc,equal,204,46.33842036128044,45.58847285807133
synth_768d_hc,equal,75,44.51535642147064,45.5883564427495
synth_768d_hc,equal,292,44.52746361494064,44.706626795232296
synth_768d_hc,equal,958,44.55656744539738,44.725602492690086
synth_768d_hc,equal,643,44.5761252194643,44.74550951272249
synth_768d_hc,equal,366,44.48357503861189,44.64376252144575
synth_768d_hc,equal,784,44.5730984210968,44.7520287707448
synth_768d_hc,equal,493,44.497428461909294,44.917454943060875
synth_768d_hc,equal,106,44.58450712263584,44.76599860936403
synth_768d_hc,equal,362,44.530024752020836,44.7010388597846
synth_768d_hc,equal,67,46.338653191924095,45.44202238321304
synth_768d_hc,equal,793,46.27963062375784,45.549473725259304
synth_768d_hc,equal,848,44.62781362235546,44.797779992222786
synth_768d_hc,equal,598,44.49684638530016,44.671352952718735
synth_768d_hc,equal,863,44.55109592527151,44.73107401281595
synth_768d_hc,equal,704,44.4317702203989,44.61151547729969
synth_768d_hc,equal,537,44.50103733688593,44.672517105937004
synth_768d_hc,equal,227,44.628395698964596,44.79882773011923
synth_768d_hc,equal,186,44.53328438103199,44.70255225896835
synth_768d_hc,equal,726,44.512562453746796,44.69137638807297
synth_768d_hc,equal,790,46.304427087306976,45.574503019452095
synth_768d_hc,equal,147,44.45703234523535,44.631422497332096
synth_768d_hc,equal,734,44.54248119145632,44.942484237253666
synth_768d_hc,equal,228,44.60092168301344,44.760992750525475
synth_768d_hc,equal,294,44.491724111139774,44.65284291654825
synth_768d_hc,equal,729,44.54201553016901,44.72199361771345
synth_768d_hc,equal,131,44.47600804269314,44.64760422706604
synth_768d_hc,equal,70,44.495915062725544,44.66553218662739
synth_768d_hc,equal,490,44.587068259716034,44.74795423448086
synth_768d_hc,equal,93,44.4676261395216,44.646672904491425
synth_768d_hc,equal,355,46.23550921678543,45.32397724688053
synth_768d_hc,equal,771,44.516753405332565,44.68788392841816
synth_768d_hc,equal,529,44.45191007107496,44.62094511836767
synth_768d_hc,equal,349,44.45237573236227,44.60802301764488
synth_768d_hc,equal,696,44.64189987629652,44.81116775423288
synth_768d_hc,equal,173,44.49102561920881,44.65284291654825
synth_768d_hc,equal,268,46.27089947462082,45.514898374676704
synth_768d_hc,equal,33,46.280212700366974,45.52910104393959
synth_768d_hc,equal,445,44.52792927622795,44.7083730250597
synth_768d_hc,equal,585,44.45738159120083,44.63538061827421
synth_768d_hc,equal,593,44.56599708646536,44.7368947789073
synth_768d_hc,equal,56,44.43037323653698,44.580549001693726
synth_768d_hc,equal,300,44.546788558363914,44.73445005714893
synth_768d_hc,equal,957,44.397078454494476,44.55843009054661
synth_768d_hc,equal,104,44.44166552275419,44.61186472326517
synth_768d_hc,equal,55,44.46262028068304,44.641667045652866
synth_768d_hc,equal,400,44.525135308504105,45.58800719678402
synth_768d_hc,equal,239,44.48008257895708,44.65098027139902
synth_768d_hc,equal,894,44.506508857011795,44.686486944556236
synth_768d_hc,equal,168,44.43596117198467,44.600339606404305
synth_768d_hc,equal,733,44.4481847807765,44.627231545746326
synth_768d_hc,equal,669,46.23504355549812,45.33352330327034
synth_768d_hc,equal,100,46.26903682947159,45.52793689072132
synth_768d_hc,equal,631,44.80872303247452,44.97775807976723
synth_768d_hc,equal,369,44.601503759622574,44.77263428270817
synth_768d_hc,equal,128,44.58753392100334,44.75773312151432
synth_768d_hc,equal,341,46.400236897170544,45.65413109958172
synth_768d_hc,equal,736,44.56355236470699,44.73305307328701
synth_768d_hc,equal,192,46.264263801276684,45.35436164587736
synth_768d_hc,equal,617,44.53584551811218,44.93654705584049
synth_768d_hc,equal,467,44.51267886906862,44.68078259378672
synth_768d_hc,equal,28,44.37647294253111,44.53642759472132
synth_768d_hc,equal,811,44.455984607338905,44.615939259529114
synth_768d_hc,equal,443,44.4663455709815,44.63701043277979
synth_768d_hc,equal,328,44.5324694737792,44.70162093639374
synth_768d_hc,equal,827,46.19406536221504,45.457854866981506
synth_768d_hc,equal,297,46.20791878551245,45.30663136392832
synth_768d_hc,equal,923,44.47775427252054,44.638640247285366
synth_768d_hc,equal,426,44.61163189262152,44.78066693991423
synth_768d_hc,equal,118,44.51989661902189,44.68089900910854
synth_768d_hc,equal,45,44.45761442184448,44.636428356170654
synth_768d_hc,equal,421,46.32433410733938,45.41256930679083
synth_768d_hc,equal,35,44.56751048564911,44.74283196032047
synth_768d_hc,equal,707,44.49195694178343,44.661108404397964
synth_768d_hc,equal,833,44.45773083716631,44.6137273684144
synth_768d_hc,equal,44,46.260422095656395,45.35960033535957
synth_768d_hc,equal,683,44.54702138900757,44.70685962587595
synth_768d_hc,equal,412,44.49719563126564,44.66820973902941
synth_768d_hc,equal,495,44.57158502191305,44.73270382732153
synth_768d_hc,equal,954,44.423388317227364,44.59358751773834
synth_768d_hc,equal,523,44.46785897016525,44.63875666260719
synth_768d_hc,equal,336,44.49568223208189,44.65715028345585
synth_768d_hc,equal,661,44.5216428488493,44.681597501039505
synth_768d_hc,equal,488,44.50813867151737,44.67717371881008
synth_768d_hc,equal,303,44.4464385509491,44.62548531591892
synth_768d_hc,equal,69,44.490559957921505,44.66064274311066
synth_768d_hc,equal,123,44.44923251867294,44.6150079369545
synth_768d_hc,equal,373,44.43060606718063,44.59242336452007
synth_768d_hc,equal,46,46.33888602256775,45.42246460914612
synth_768d_hc,equal,597,46.29930481314659,45.567285269498825
synth_768d_hc,equal,275,44.68602128326893,44.86064426600933
synth_768d_hc,equal,627,44.41861528903246,44.59661431610584
synth_768d_hc,equal,688,44.462503865361214,44.623855501413345
synth_768d_hc,equal,840,44.66820973902941,44.82921212911606
synth_768d_hc,equal,182,44.48799882084131,44.65796519070864
synth_768d_hc,equal,74,44.4663455709815,44.63701043277979
synth_768d_hc,equal,611,46.32433410733938,45.41326779872179
synth_768d_hc,equal,230,46.32980562746525,45.57857755571604
synth_768d_hc,equal,871,44.55121234059334,44.9430663138628
synth_768d_hc,equal,738,44.57705654203892,44.75610330700874
synth_768d_hc,equal,112,44.54306326806545,44.723041355609894
synth_768d_hc,equal,415,44.53142173588276,44.7023194283247
synth_768d_hc,equal,583,44.5925397798419,44.7580823674798
synth_768d_hc,equal,607,44.50208507478237,44.667511247098446
synth_768d_hc,equal,394,44.537708163261414,44.9430663138628
synth_768d_hc,equal,830,44.48345862329006,44.64318044483662
synth_768d_hc,equal,619,44.496264308691025,44.665997847914696
synth_768d_hc,equal,484,44.4555189460516,44.86646503210068
synth_768d_hc,equal,198,44.57193426787853,44.751446694135666
synth_768d_hc,equal,948,44.55866292119026,44.73724402487278
synth_768d_hc,equal,348,46.42875865101814,45.69860175251961
synth_768d_hc,equal,542,44.57344766706228,44.74341403692961
synth_768d_hc,equal,782,46.47858440876007,45.56751810014248
synth_768d_hc,equal,516,44.59568299353123,44.76611502468586
synth_768d_hc,equal,378,44.64155063033104,44.82152871787548
synth_768d_hc,equal,886,44.631888158619404,44.80138886719942
synth_768d_hc,equal,730,44.52001303434372,44.68089900910854
synth_768d_hc,equal,381,46.40338011085987,45.65226845443249
synth_768d_hc,equal,711,44.541084207594395,44.711981900036335
synth_768d_hc,equal,566,44.580199755728245,44.75121386349201
synth_768d_hc,equal,563,44.63153891265392,44.80138886719942
synth_768d_hc,equal,895,44.57158502191305,44.75167952477932
synth_768d_hc,equal,280,44.51116546988487,45.58276850730181
synth_768d_hc,equal,424,44.61687058210373,44.79696508497
synth_768d_hc,equal,359,46.40594124794006,45.664142817258835
synth_768d_hc,equal,918,44.512562453746796,44.67368125915527
synth_768d_hc,equal,621,44.60662603378296,44.776592403650284
synth_768d_hc,equal,333,44.5367768406868,44.7023194283247
synth_768d_hc,equal,714,44.44783553481102,44.6258345618844
synth_768d_hc,equal,364,44.531538151204586,44.691492803394794
synth_768d_hc,equal,4,44.57950126379728,44.745043851435184
synth_768d_hc,equal,550,44.667976908385754,44.84131932258606
synth_768d_hc,equal,322,44.5670448243618,45.634107664227486
synth_768d_hc,equal,396,44.537242501974106,45.60686647891998
synth_768d_hc,equal,555,44.56064198166132,44.721527956426144
synth_768d_hc,equal,788,44.60138734430075,44.78159826248884
synth_768d_hc,equal,687,44.56669557839632,44.72804721444845
synth_768d_hc,equal,383,46.30046896636486,45.5883564427495
synth_768d_hc,equal,850,44.53584551811218,44.70581188797951
synth_768d_hc,equal,679,44.503831304609776,44.67752296477556
synth_768d_hc,equal,140,46.39849066734314,45.65832205116749
synth_768d_hc,equal,38,44.63992081582546,44.80185452848673
synth_768d_hc,equal,852,44.59323827177286,44.76227331906557
synth_768d_hc,equal,494,44.52606663107872,44.697895646095276
synth_768d_hc,equal,968,44.51617132872343,44.69614941626787
synth_768d_hc,equal,922,44.59242336452007,44.7623897343874
synth_768d_hc,equal,574,44.567626900970936,44.73223816603422
synth_768d_hc,equal,306,46.38789687305689,45.46658601611853
synth_768d_hc,equal,614,46.32771015167236,45.577529817819595
synth_768d_hc,equal,703,46.33550997823477,45.424443669617176
synth_768d_hc,equal,875,44.446554966270924,44.6210615336895
synth_768d_hc,equal,828,44.50790584087372,44.898828491568565
synth_768d_hc,equal,616,44.52106077224016,44.69102714210749
synth_768d_hc,equal,499,44.60662603378296,44.7775237262249
synth_768d_hc,equal,66,44.54492591321468,45.607914216816425
synth_768d_hc,equal,57,46.369852498173714,45.45890260487795
synth_768d_hc,equal,189,44.57402974367142,44.964137487113476
synth_768d_hc,equal,774,44.537242501974106,44.71791908144951
synth_768d_hc,equal,524,44.56820897758007,44.74190063774586
synth_768d_hc,equal,464,44.57542672753334,44.74585875868797
synth_768d_hc,equal,492,44.57205068320036,44.991844333708286
synth_768d_hc,equal,235,44.42769568413496,44.60860509425402
synth_768d_hc,equal,270,44.57705654203892,44.747255742549896
synth_768d_hc,equal,361,44.60057243704796,44.77601032704115
synth_768d_hc,equal,402,46.41513805836439,45.68404983729124
synth_768d_hc,equal,857,44.53223664313555,44.6919584646821
synth_768d_hc,equal,888,44.57705654203892,44.729094952344894
synth_768d_hc,equal,728,44.53759174793959,44.71756983548403
synth_768d_hc,equal,266,44.50487904250622,44.67950202524662
synth_768d_hc,equal,927,44.48660183697939,44.65668462216854
synth_768d_hc,equal,435,44.61046773940325,44.771586544811726
synth_768d_hc,equal,660,44.60848867893219,44.78800110518932
synth_768d_hc,equal,780,44.590793550014496,44.7563361376524
synth_768d_hc,equal,541,44.51512359082699,44.67600956559181
synth_768d_hc,equal,290,44.61221396923065,45.01407966017723
synth_768d_hc,equal,995,44.44317892193794,44.61314529180527
synth_768d_hc,equal,30,46.35052755475044,45.44865805655718
synth_768d_hc,equal,648,44.477987103164196,44.64574158191681
synth_768d_hc,equal,107,44.50278356671333,44.682761654257774
synth_768d_hc,equal,203,44.427462853491306,44.60569471120834
synth_768d_hc,equal,14,44.54725421965122,44.71698775887489
synth_768d_hc,equal,384,46.348548494279385,45.61839159578085
synth_768d_hc,equal,2,44.576008804142475,44.73142325878143
synth_768d_hc,equal,214,46.394066885113716,45.652035623788834
synth_768d_hc,equal,397,44.501619413495064,45.56367639452219
synth_768d_hc,equal,712,44.56599708646536,44.74492743611336
synth_768d_hc,equal,439,44.49079278856516,44.65098027139902
synth_768d_hc,equal,216,44.45842932909727,44.628395698964596
synth_768d_hc,equal,569,44.49603147804737,44.65598613023758
synth_768d_hc,equal,263,44.401269406080246,44.571817852556705
synth_768d_hc,equal,576,44.551328755915165,44.71244756132364
synth_768d_hc,equal,346,44.52455323189497,45.597436837852
synth_768d_hc,equal,575,44.46238745003939,44.63247023522854
synth_768d_hc,equal,98,44.5925397798419,44.75249443203211
synth_768d_hc,equal,20,44.5216428488493,44.70068961381912
synth_768d_hc,equal,724,44.60080526769161,44.770073145627975
synth_768d_hc,equal,630,44.580199755728245,44.74224988371134
synth_768d_hc,equal,783,46.24389111995697,45.372871682047844
synth_768d_hc,equal,73,44.69556733965874,44.86646503210068
synth_768d_hc,equal,972,44.42187491804361,44.58299372345209
synth_768d_hc,equal,720,44.39230542629957,44.552492909133434
synth_768d_hc,equal,79,44.53735891729593,44.70651037991047
synth_768d_hc,equal,588,44.648884795606136,44.81861833482981
synth_768d_hc,equal,196,44.406973756849766,44.568092562258244
synth_768d_hc,equal,197,44.296844862401485,44.45796366780996
synth_768d_hc,equal,997,44.44248043000698,44.62245851755142
synth_768d_hc,equal,121,44.4118632003665,44.58602052181959
synth_768d_hc,equal,288,44.467393308877945,44.63735967874527
synth_768d_hc,equal,318,44.556218199431896,44.72804721444845
synth_768d_hc,equal,950,46.35087680071592,45.449938625097275
synth_768d_hc,equal,160,44.57053728401661,44.75237801671028
synth_768d_hc,equal,610,44.45959348231554,44.870306737720966
synth_768d_hc,equal,65,46.33795469999313,45.60663364827633
synth_768d_hc,equal,135,44.59242336452007,44.75237801671028
synth_768d_hc,equal,96,44.526648707687855,44.683460146188736
synth_768d_hc,equal,851,44.606043957173824,44.76599860936403
synth_768d_hc,equal,911,44.55272573977709,44.713844545185566
synth_768d_hc,equal,650,44.423388317227364,44.593471102416515
synth_768d_hc,equal,88,46.28882743418217,45.53818143904209
synth_768d_hc,equal,823,46.320375986397266,45.5689150840044
synth_768d_hc,equal,636,44.562388211488724,44.7325874119997
synth_768d_hc,equal,345,46.32899072021246,45.57345528155565
synth_768d_hc,equal,916,44.5100013166666,44.65167876332998
synth_768d_hc,equal,62,44.642831198871136,44.813728891313076
synth_768d_hc,equal,21,44.59056071937084,45.00069189816713
synth_768d_hc,equal,401,44.52117718756199,44.695683754980564
synth_768d_hc,equal,899,46.29557952284813,45.534572564065456
synth_768d_hc,equal,635,46.354602091014385,45.59394437819719
synth_768d_hc,equal,195,44.463318772614,44.64329686015844
synth_768d_hc,equal,342,44.49649713933468,44.66739483177662
synth_768d_hc,equal,998,44.50604319572449,44.6859048679471
synth_768d_hc,equal,689,44.45202648639679,44.62013021111488
synth_768d_hc,equal,772,44.56902388483286,44.73922308534384
synth_768d_hc,equal,642,44.54550798982382,44.71512511372566
synth_768d_hc,equal,19,44.4827601313591,44.647371396422386
synth_768d_hc,equal,843,44.47821993380785,44.63817458599806
synth_768d_hc,equal,155,44.472748413681984,44.65295933187008
synth_768d_hc,equal,469,44.457498006522655,44.868444092571735
synth_768d_hc,equal,751,44.560874812304974,44.73235458135605
synth_768d_hc,equal,247,44.517917558550835,44.69591658562422
synth_768d_hc,equal,77,46.3058240711689,45.404769480228424
synth_768d_hc,equal,450,44.48555409908295,44.656917452812195
synth_768d_hc,equal,151,44.49684638530016,44.65796519070864
synth_768d_hc,equal,276,44.616986997425556,44.786836951971054
synth_768d_hc,equal,758,44.52688153833151,44.68683619052172
synth_768d_hc,equal,646,44.50639244168997,44.66844256967306
synth_768d_hc,equal,821,44.56599708646536,44.71780266612768
synth_768d_hc,equal,382,44.48241088539362,44.651562348008156
synth_768d_hc,equal,377,44.59242336452007,44.75738387554884
synth_768d_hc,equal,236,44.502667151391506,44.67146936804056
synth_768d_hc,equal,84,44.58834882825613,44.763204641640186
synth_768d_hc,equal,116,44.39649637788534,44.56739407032728
synth_768d_hc,equal,814,44.48241088539362,44.64259836822748
synth_768d_hc,equal,418,44.53293513506651,44.69824489206076
synth_768d_hc,equal,485,44.62560173124075,44.77787297219038
synth_768d_hc,equal,864,46.26857116818428,45.53748294711113
synth_768d_hc,equal,422,44.5670448243618,44.70732528716326
synth_768d_hc,equal,143,44.64341327548027,44.80243660509586
synth_768d_hc,equal,887,46.37299571186304,45.601511374115944
synth_768d_hc,equal,22,44.50103733688593,44.66739483177662
synth_768d_hc,equal,936,46.36857192963362,45.62735557556152
synth_768d_hc,equal,725,44.6029007434845,44.773099943995476
synth_768d_hc,equal,913,46.44447471946478,45.702443458139896
synth_768d_hc,equal,233,44.53910514712334,44.699059799313545
synth_768d_hc,equal,115,44.46750972419977,44.647022150456905
synth_768d_hc,equal,289,44.6828780695796,44.86285615712404
synth_768d_hc,equal,628,46.28102760761976,45.3899847343564
synth_768d_hc,equal,387,44.58636976778507,44.75179594010115
synth_768d_hc,equal,925,44.478452764451504,44.65214442461729
synth_768d_hc,equal,24,44.555868953466415,44.726766645908356
synth_768d_hc,equal,43,46.31897900253534,45.41699308902025
synth_768d_hc,equal,54,44.55226007848978,44.73037552088499
synth_768d_hc,equal,767,44.54993177205324,44.731772504746914
synth_768d_hc,equal,989,44.566928409039974,44.74783781915903
synth_768d_hc,equal,385,44.55656744539738,44.737011194229126
synth_768d_hc,equal,190,46.28580063581467,45.53468897938728
synth_768d_hc,equal,446,44.497428461909294,44.64760422706604
synth_768d_hc,equal,657,44.455984607338905,44.62013021111488
synth_768d_hc,equal,858,44.46110688149929,44.62758079171181
synth_768d_hc,equal,274,44.44713704288006,44.61733624339104
synth_768d_hc,equal,749,44.420245103538036,44.590444304049015
synth_768d_hc,equal,320,44.51151471585035,44.67158578336239
synth_768d_hc,equal,932,44.53316796571016,44.713146053254604
synth_768d_hc,equal,559,44.51244603842497,44.68136467039585
synth_768d_hc,equal,605,46.24505527317524,45.49452569335699
synth_768d_hc,equal,225,44.44376099854708,44.60383206605911
synth_768d_hc,equal,652,44.58148032426834,44.75237801671028
synth_768d_hc,equal,609,46.389177441596985,45.48730794340372
synth_768d_hc,equal,183,46.205357648432255,45.4694963991642
synth_768d_hc,equal,250,44.45284139364958,44.62245851755142
synth_768d_hc,equal,955,44.465065002441406,44.63049117475748
synth_768d_hc,equal,855,44.52315624803305,44.70278508961201
synth_768d_hc,equal,897,44.511049054563046,44.689979404211044
synth_768d_hc,equal,560,44.48730032891035,44.677755795419216
synth_768d_hc,equal,976,44.62176002562046,44.791726395487785
synth_768d_hc,equal,944,44.50103733688593,44.68101542443037
synth_768d_hc,equal,327,46.15006037056446,45.41408270597458
synth_768d_hc,equal,440,46.27357702702284,45.5434201285243
synth_768d_hc,equal,125,44.56168971955776,44.71628926694393
synth_768d_hc,equal,905,44.546439312398434,44.73619628697634
synth_768d_hc,equal,139,44.51780114322901,44.69312261790037
synth_768d_hc,equal,202,44.62781362235546,44.80150528252125
synth_768d_hc,equal,231,44.546439312398434,44.69731356948614
synth_768d_hc,equal,145,44.57205068320036,44.742017053067684
synth_768d_hc,equal,80,44.54609006643295,45.61711102724075
synth_768d_hc,equal,776,44.475425966084,44.654239900410175
synth_768d_hc,equal,664,44.54655572772026,44.725602492690086
synth_768d_hc,equal,845,44.61826756596565,44.783810153603554
synth_768d_hc,equal,645,44.626183807849884,44.79079507291317
synth_768d_hc,equal,410,44.54504232853651,44.72059663385153
synth_768d_hc,equal,219,44.49230618774891,44.65784877538681
synth_768d_hc,equal,205,46.353088691830635,45.61303649097681
synth_768d_hc,equal,441,46.28009628504515,45.35901825875044
synth_768d_hc,equal,952,44.50546111911535,44.67181861400604
synth_768d_hc,equal,315,44.51314453035593,44.674030505120754
synth_768d_hc,equal,285,44.48287654668093,44.638291001319885
synth_768d_hc,equal,722,46.44936416298151,45.711989514529705
synth_768d_hc,equal,820,44.52723078429699,44.708140194416046
synth_768d_hc,equal,854,44.66704558581114,44.846092350780964
synth_768d_hc,equal,438,44.51698623597622,44.67752296477556
synth_768d_hc,equal,937,44.60092168301344,45.01070361584425
synth_768d_hc,equal,671,44.64143421500921,44.81617361307144
synth_768d_hc,equal,878,44.677057303488255,44.83701195567846
synth_768d_hc,equal,142,46.29406612366438,45.40651571005583
synth_768d_hc,equal,222,46.383822336792946,45.49184814095497
synth_768d_hc,equal,910,44.60196942090988,44.776592403650284
synth_768d_hc,equal,40,44.57286559045315,44.71826832741499
synth_768d_hc,equal,152,44.446089304983616,44.60616037249565
synth_768d_hc,equal,873,44.62210927158594,44.78206392377615
synth_768d_hc,equal,360,44.47251558303833,44.642481952905655
synth_768d_hc,equal,765,44.597312808036804,44.767395593225956
synth_768d_hc,equal,91,44.576823711395264,44.98823545873165
synth_768d_hc,equal,10,44.495449401438236,44.65214442461729
synth_768d_hc,equal,933,44.61151547729969,44.776941649615765
synth_768d_hc,equal,379,44.520944356918335,44.68089900910854
synth_768d_hc,equal,824,46.35413642972708,45.603024773299694
synth_768d_hc,equal,961,44.497428461909294,44.68555562198162
synth_768d_hc,equal,527,44.509884901344776,44.68136467039585
synth_768d_hc,equal,184,44.60802301764488,44.768210500478745
synth_768d_hc,equal,461,44.4360775873065,44.59591582417488
synth_768d_hc,equal,340,44.501968659460545,44.67181861400604
synth_768d_hc,equal,50,44.51652057468891,44.69766281545162
synth_768d_hc,equal,76,44.622342102229595,44.793239794671535
synth_768d_hc,equal,330,44.55645103007555,44.73642911761999
synth_768d_hc,equal,456,46.31909541785717,45.418040826916695
synth_768d_hc,equal,662,44.557033106684685,44.71791908144951
synth_768d_hc,equal,996,44.48683466762304,44.666812755167484
synth_768d_hc,equal,272,44.62560173124075,44.79603376239538
synth_768d_hc,equal,372,44.60127092897892,44.74760498851538
synth_768d_hc,equal,240,44.525135308504105,44.67717371881008
synth_768d_hc,equal,367,44.55598536878824,44.71209831535816
synth_768d_hc,equal,832,44.50790584087372,44.672051444649696
synth_768d_hc,equal,626,44.5955665782094,44.76646427065134
synth_768d_hc,equal,600,44.5670448243618,44.72921136766672
synth_768d_hc,equal,298,46.394532546401024,45.64295522868633
synth_768d_hc,equal,185,44.55598536878824,44.735963456332684
synth_768d_hc,equal,659,44.56064198166132,44.731772504746914
synth_768d_hc,equal,452,44.51209679245949,44.6902122348547
synth_768d_hc,equal,220,44.52792927622795,44.69777923077345
synth_768d_hc,equal,746,44.5476034656167,44.70767453312874
synth_768d_hc,equal,36,44.410815462470055,44.816755689680576
synth_768d_hc,equal,993,44.49719563126564,44.668326154351234
synth_768d_hc,equal,818,44.54492591321468,44.72536966204643
synth_768d_hc,equal,504,44.561224058270454,44.746208004653454
synth_768d_hc,equal,500,44.562388211488724,44.7533093392849
synth_768d_hc,equal,473,44.54189911484718,44.751912355422974
synth_768d_hc,equal,144,44.550513848662376,44.712331146001816
synth_768d_hc,equal,95,46.384637244045734,45.493594370782375
synth_768d_hc,equal,444,44.66518294066191,44.82676740735769
synth_768d_hc,equal,133,44.49114203453064,45.572174713015556
synth_768d_hc,equal,694,44.6781050413847,44.84807141125202
synth_768d_hc,equal,902,44.663320295512676,44.83433440327644
synth_768d_hc,equal,540,44.617801904678345,44.7878846898675
synth_768d_hc,equal,649,46.2833559140563,45.527005568146706
synth_768d_hc,equal,132,44.565415009856224,44.74481102079153
synth_768d_hc,equal,992,44.585904106497765,44.756801798939705
synth_768d_hc,equal,825,44.569140300154686,44.74795423448086
synth_768d_hc,equal,287,44.47053652256727,44.6495832875371
synth_768d_hc,equal,428,44.53177098184824,44.70127169042826
synth_768d_hc,equal,570,44.517568312585354,44.67868711799383
synth_768d_hc,equal,476,46.37101665139198,45.46984564512968
synth_768d_hc,equal,719,44.67647522687912,44.846441596746445
synth_768d_hc,equal,86,44.642481952905655,44.80744246393442
synth_768d_hc,equal,468,44.57158502191305,44.73759327083826
synth_768d_hc,equal,52,44.67694088816643,44.85691897571087
synth_768d_hc,equal,651,44.52141001820564,44.701388105750084
synth_768d_hc,equal,487,44.57507748156786,44.7459751740098
synth_768d_hc,equal,533,44.60779018700123,44.76774483919144
synth_768d_hc,equal,554,44.57239992916584,44.742366299033165
synth_768d_hc,equal,988,44.49533298611641,44.66192331165075
synth_768d_hc,equal,117,44.64085213840008,44.815242290496826
synth_768d_hc,equal,808,44.591608457267284,44.7611091658473
synth_768d_hc,equal,124,46.40070255845785,45.49941513687372
synth_768d_hc,equal,889,44.58834882825613,44.7580823674798
synth_768d_hc,equal,199,44.49603147804737,44.66506652534008
synth_768d_hc,equal,876,44.452608563005924,44.63247023522854
synth_768d_hc,equal,572,44.56297028809786,44.723041355609894
synth_768d_hc,equal,26,46.35832738131285,45.45692354440689
synth_768d_hc,equal,171,46.52072675526142,45.79965025186539
synth_768d_hc,equal,745,44.538755901157856,44.698710553348064
synth_768d_hc,equal,323,46.30419425666332,45.55331543087959
synth_768d_hc,equal,498,44.612446799874306,44.77670881897211
synth_768d_hc,equal,803,44.58730109035969,44.98823545873165
synth_768d_hc,equal,984,44.530839659273624,44.692656956613064
synth_768d_hc,equal,890,44.582877308130264,44.75307650864124
synth_768d_hc,equal,970,44.531188905239105,44.69102714210749
synth_768d_hc,equal,826,44.44562364369631,44.62210927158594
synth_768d_hc,equal,156,44.57286559045315,44.73375156521797
synth_768d_hc,equal,39,44.58101466298103,44.737011194229126
synth_768d_hc,equal,595,44.47833634912968,44.65668462216854
synth_768d_hc,equal,419,44.45877857506275,44.64806988835335
synth_768d_hc,equal,677,44.57123577594757,44.74224988371134
synth_768d_hc,equal,321,46.35867662727833,45.60325760394335
synth_768d_hc,equal,48,44.4524921476841,44.61791832000017
synth_768d_hc,equal,335,44.546788558363914,44.71675492823124
synth_768d_hc,equal,518,44.52560096979141,44.68660335987806
synth_768d_hc,equal,511,46.45541775971651,45.70034798234701
synth_768d_hc,equal,655,44.53107248991728,44.71174906939268
synth_768d_hc,equal,521,44.56483293324709,44.73433364182711
synth_768d_hc,equal,999,46.39022517949343,45.478460378944874
synth_768d_hc,equal,612,46.330736950039864,45.439694076776505
synth_768d_hc,equal,252,44.585554860532284,44.76599860936403
synth_768d_hc,equal,61,44.58148032426834,45.66251300275326
synth_768d_hc,equal,175,44.700573198497295,44.881016947329044
synth_768d_hc,equal,363,46.4549520984292,45.713852159678936
synth_768d_hc,equal,284,44.67833787202835,44.8527280241251
synth_768d_hc,equal,695,44.68625411391258,44.85156387090683
synth_768d_hc,equal,307,44.665648601949215,44.84702367335558
synth_768d_hc,equal,919,46.50908522307873,45.78894004225731
synth_768d_hc,equal,466,44.5834593847394,44.75249443203211
synth_768d_hc,equal,420,44.57659088075161,44.74713932722807
synth_768d_hc,equal,963,44.555170461535454,44.73607987165451
synth_768d_hc,equal,512,44.57077011466026,44.73188892006874
synth_768d_hc,equal,775,46.362634748220444,45.63154652714729
synth_768d_hc,equal,810,46.47474270313978,45.57461943477392
synth_768d_hc,equal,478,44.61721982806921,44.779153540730476
synth_768d_hc,equal,353,44.647022150456905,44.81710493564606
synth_768d_hc,equal,191,44.56774331629276,44.74632441997528
synth_768d_hc,equal,113,44.611748307943344,45.02246156334877
synth_768d_hc,equal,920,44.59288902580738,44.74830348044634
synth_768d_hc,equal,293,44.606043957173824,44.7671627625823
synth_768d_hc,equal,475,44.42688077688217,44.59591582417488
synth_768d_hc,equal,690,44.41128112375736,44.563086703419685
synth_768d_hc,equal,432,44.47635728865862,44.65680103749037
synth_768d_hc,equal,1,46.300701797008514,45.55867053568363
synth_768d_hc,equal,245,44.62036304175854,44.78672053664923
synth_768d_hc,equal,437,44.45738159120083,44.63200457394123
synth_768d_hc,equal,251,44.42688077688217,44.605927541852
synth_768d_hc,equal,926,44.57158502191305,44.75156310945749
synth_768d_hc,equal,89,44.49556581676006,44.67600956559181
synth_768d_hc,equal,480,44.56646274775267,44.74550951272249
synth_768d_hc,equal,374,46.36996891349554,45.6393463537097
synth_768d_hc,equal,129,44.475425966084,44.637592509388924
synth_768d_hc,equal,7,44.532702304422855,44.69358827918768
synth_768d_hc,equal,513,44.43642683327198,44.606393203139305
synth_768d_hc,equal,982,44.54038571566343,44.71547435969114
synth_768d_hc,equal,215,44.4900942966342,44.6465564891696
synth_768d_hc,equal,526,44.46785897016525,44.64597441256046
synth_768d_hc,equal,18,44.55749876797199,44.73200533539057
synth_768d_hc,equal,564,44.42955832928419,44.590793550014496
synth_768d_hc,equal,436,44.50790584087372,44.66250538825989
synth_768d_hc,equal,170,46.22305277734995,45.4828841611743
synth_768d_hc,equal,980,44.53747533261776,44.94795575737953
synth_768d_hc,equal,368,44.53863948583603,44.717686250805855
synth_768d_hc,equal,334,44.45167724043131,44.621643610298634
synth_768d_hc,equal,423,44.51698623597622,44.67694088816643
synth_768d_hc,equal,672,44.50208507478237,44.68136467039585
synth_768d_hc,equal,795,44.63200457394123,44.807675294578075
synth_768d_hc,equal,792,44.67088729143143,44.841901399195194
synth_768d_hc,equal,606,46.36403173208237,45.46297714114189
synth_768d_hc,equal,528,44.76646427065134,44.9309591203928
synth_768d_hc,equal,295,44.75063178688288,44.92152947932482
synth_768d_hc,equal,670,44.64876838028431,44.80825737118721
synth_768d_hc,equal,166,44.67729013413191,44.76762842386961
synth_768d_hc,equal,587,44.62758079171181,44.778455048799515
synth_768d_hc,equal,877,44.597312808036804,44.76879257708788
synth_768d_hc,equal,386,44.546788558363914,44.72583532333374
synth_768d_hc,equal,778,44.64108496904373,44.8120990768075
synth_768d_hc,equal,929,44.613261707127094,44.77228503674269
synth_768d_hc,equal,573,44.514075852930546,44.674030505120754
synth_768d_hc,equal,313,46.315137296915054,45.57508509606123
synth_768d_hc,equal,392,44.550979509949684,44.72141154110432
synth_768d_hc,equal,354,44.556683860719204,44.727581553161144
synth_768d_hc,equal,472,44.51198037713766,44.68334373086691
synth_768d_hc,equal,211,44.61081698536873,44.77286711335182
synth_768d_hc,equal,148,46.38789687305689,45.477994717657566
synth_768d_hc,equal,743,46.34901415556669,45.59790249913931
synth_768d_hc,equal,819,44.476473703980446,44.647371396422386
synth_768d_hc,equal,209,44.532702304422855,44.692656956613064
synth_768d_hc,equal,953,44.548301957547665,45.61885725706816
synth_768d_hc,equal,262,44.55784801393747,44.72688306123018
synth_768d_hc,equal,773,44.671702198684216,44.812681153416634
synth_768d_hc,equal,755,44.61139906197786,44.790212996304035
synth_768d_hc,equal,787,44.55598536878824,44.71151623874903
synth_768d_hc,equal,259,44.55086309462786,44.71605643630028
synth_768d_hc,equal,408,46.353437937796116,45.57345528155565
synth_768d_hc,equal,639,44.54620648175478,44.70720887184143
synth_768d_hc,equal,759,44.566928409039974,44.73607987165451
synth_768d_hc,equal,589,44.63177174329758,44.79277413338423
synth_768d_hc,equal,304,46.36310040950775,45.63247784972191
synth_768d_hc,equal,126,44.550513848662376,44.73002627491951
synth_768d_hc,equal,700,44.65319216251373,44.82385702431202
synth_768d_hc,equal,692,44.642132706940174,44.822110794484615
synth_768d_hc,equal,194,44.49603147804737,44.66692917048931
synth_768d_hc,equal,622,44.547487050294876,44.72094587981701
synth_768d_hc,equal,501,46.3840551674366,45.65285053104162
synth_768d_hc,equal,701,44.64597441256046,44.81698852032423
synth_768d_hc,equal,223,44.59742922335863,44.767395593225956
synth_768d_hc,equal,571,44.6016201749444,44.78159826248884
synth_768d_hc,equal,314,44.57624163478613,44.757151044905186
synth_768d_hc,equal,536,44.59673073142767,44.76227331906557
synth_768d_hc,equal,296,44.60569471120834,45.00686191022396
synth_768d_hc,equal,975,46.36019002646208,45.61303649097681
synth_768d_hc,equal,653,44.545973651111126,44.96157635003328
synth_768d_hc,equal,658,44.660759158432484,44.81652285903692
synth_768d_hc,equal,815,44.546788558363914,44.72583532333374
synth_768d_hc,equal,489,44.672517105937004,44.84155215322971
synth_768d_hc,equal,805,44.56785973161459,45.628868974745274
synth_768d_hc,equal,973,44.626882299780846,44.79719791561365
synth_768d_hc,equal,766,44.67112012207508,44.84271630644798
synth_768d_hc,equal,449,44.580199755728245,44.74108573049307
synth_768d_hc,equal,470,44.59603223949671,45.0079096481204
synth_768d_hc,equal,305,44.65214442461729,44.82234362512827
synth_768d_hc,equal,756,46.41024861484766,45.679742470383644
synth_768d_hc,equal,872,46.39895632863045,45.65739072859287
synth_768d_hc,equal,870,44.57170143723488,44.732820242643356
synth_768d_hc,equal,956,46.40489351004362,45.64924165606499
synth_768d_hc,equal,258,44.48252730071545,44.65342499315739
synth_768d_hc,equal,6,44.64597441256046,44.80034112930298
synth_768d_hc,equal,515,44.54189911484718,44.706626795232296
synth_768d_hc,equal,164,44.53444853425026,44.70546264201403
synth_768d_hc,equal,63,44.617452658712864,44.78706978261471
synth_768d_hc,equal,967,46.309083700180054,45.583583414554596
synth_768d_hc,equal,130,44.58392504602671,44.743879698216915
synth_768d_hc,equal,909,44.661457650363445,44.821412302553654
synth_768d_hc,equal,673,44.7265338152647,44.89743150770664
synth_768d_hc,equal,861,46.52980715036392,45.789871364831924
synth_768d_hc,equal,226,44.75819878280163,44.93817687034607
synth_768d_hc,equal,101,44.72699947655201,45.78800871968269
synth_768d_hc,equal,740,44.668326154351234,44.847605749964714
synth_768d_hc,equal,210,44.62327342480421,44.80185452848673
synth_768d_hc,equal,578,44.64143421500921,44.8168721050024
synth_768d_hc,equal,675,44.58683542907238,44.75773312151432
synth_768d_hc,equal,981,44.63084042072296,44.792890548706055
synth_768d_hc,equal,853,46.47090099751949,45.71897443383932
synth_768d_hc,equal,994,46.26507870852947,45.523978769779205
synth_768d_hc,equal,180,44.5761252194643,44.746208004653454
synth_768d_hc,equal,838,44.48555409908295,44.64644007384777
synth_768d_hc,equal,930,44.62641663849354,44.78672053664923
synth_768d_hc,equal,974,44.50208507478237,44.671003706753254
synth_768d_hc,equal,591,44.42152567207813,44.59149204194546
synth_768d_hc,equal,969,44.502667151391506,44.922344386577606
synth_768d_hc,equal,244,44.4464385509491,44.62595097720623
synth_768d_hc,equal,674,44.62152719497681,44.80150528252125
synth_768d_hc,equal,693,44.702086597681046,44.87321712076664
synth_768d_hc,equal,949,44.648186303675175,44.81838550418615
synth_768d_hc,equal,644,44.73200533539057,44.89149432629347
synth_768d_hc,equal,940,44.54702138900757,44.71698775887489
synth_768d_hc,equal,763,44.74702291190624,45.80989480018616
synth_768d_hc,equal,34,44.59288902580738,44.762855395674706
synth_768d_hc,equal,978,46.47066816687584,45.74412014335394
synth_768d_hc,equal,986,44.58194598555565,44.76180765777826
synth_768d_hc,equal,127,44.73235458135605,44.91116851568222
synth_768d_hc,equal,337,44.62816286832094,44.79906056076288
synth_768d_hc,equal,388,44.615124352276325,44.7939382866025
synth_768d_hc,equal,460,44.576823711395264,45.647379010915756
synth_768d_hc,equal,907,44.560409151017666,44.7308411821723
synth_768d_hc,equal,691,44.51174754649401,44.69172563403845
synth_768d_hc,equal,343,44.64120138436556,45.69860175251961
synth_768d_hc,equal,229,44.54609006643295,44.71605643630028
synth_768d_hc,equal,581,44.70150452107191,44.87240221351385
synth_768d_hc,equal,448,44.50639244168997,44.922810047864914
synth_768d_hc,equal,99,44.56250462681055,44.74248271435499
synth_768d_hc,equal,25,46.4410986751318,45.54004408419132
synth_768d_hc,equal,520,44.59510091692209,44.755986891686916
synth_768d_hc,equal,946,44.65144593268633,44.83142402023077
synth_768d_hc,equal,154,44.59661431610584,44.748419895768166
synth_768d_hc,equal,218,44.587766751646996,44.757965952157974
synth_768d_hc,equal,882,44.6228077635169,45.69476004689932
synth_768d_hc,equal,590,46.36950325220823,45.61839159578085
synth_768d_hc,equal,535,44.5821788161993,44.973334297537804
synth_768d_hc,equal,9,44.56355236470699,45.62444519251585
synth_768d_hc,equal,375,44.737826101481915,44.901855289936066
synth_768d_hc,equal,546,44.612446799874306,44.78194750845432
synth_768d_hc,equal,917,44.60779018700123,44.77775655686855
synth_768d_hc,equal,282,44.62595097720623,44.79696508497
synth_768d_hc,equal,479,44.61139906197786,44.77228503674269
synth_768d_hc,equal,747,44.69207488000393,44.85307727009058
synth_768d_hc,equal,507,44.528162106871605,44.699059799313545
synth_768d_hc,equal,971,44.49195694178343,44.66099198907614
synth_768d_hc,equal,277,44.626882299780846,44.79789640754461
synth_768d_hc,equal,317,44.52141001820564,44.69999112188816
synth_768d_hc,equal,829,44.54131703823805,44.7157071903348
synth_768d_hc,equal,496,46.379282139241695,45.62339745461941
synth_768d_hc,equal,914,44.592306949198246,44.75272726267576
synth_768d_hc,equal,237,44.57624163478613,44.738524593412876
synth_768d_hc,equal,232,46.37870006263256,45.486376620829105
synth_768d_hc,equal,582,44.53130532056093,44.692191295325756
synth_768d_hc,equal,552,44.69556733965874,44.82641816139221
synth_768d_hc,equal,279,44.58695184439421,44.73316948860884
synth_768d_hc,equal,271,44.653075747191906,44.813030399382114
synth_768d_hc,equal,332,44.5713521912694,44.740503653883934
synth_768d_hc,equal,663,44.600339606404305,44.76495087146759
synth_768d_hc,equal,391,44.672866351902485,44.841901399195194
synth_768d_hc,equal,584,44.6452759206295,44.806161895394325
synth_768d_hc,equal,860,44.5022014901042,44.67228427529335
synth_768d_hc,equal,158,44.658780097961426,44.828979298472404
synth_768d_hc,equal,777,44.561922550201416,44.732820242643356
synth_768d_hc,equal,762,44.62781362235546,44.77775655686855
synth_768d_hc,equal,839,44.63782534003258,44.806976802647114
synth_768d_hc,equal,17,44.6374760940671,44.78811752051115
synth_768d_hc,equal,987,44.53817382454872,44.72711589187384
synth_768d_hc,equal,5,44.67694088816643,44.80592906475067
synth_768d_hc,equal,357,44.51838321983814,44.686486944556236
synth_768d_hc,equal,548,44.51198037713766,44.681946747004986
synth_768d_hc,equal,49,44.555519707500935,44.72199361771345
synth_768d_hc,equal,903,46.324566937983036,45.431661419570446
synth_768d_hc,equal,141,46.44854925572872,45.72747275233269
synth_768d_hc,equal,157,44.543296098709106,44.721877202391624
synth_768d_hc,equal,12,44.51582208275795,44.68671977519989
synth_768d_hc,equal,522,44.72199361771345,44.90104038268328
synth_768d_hc,equal,624,44.56716123968363,44.74178422242403
synth_768d_hc,equal,601,44.570304453372955,44.73165608942509
synth_768d_hc,equal,892,44.54352892935276,44.723739847540855
synth_768d_hc,equal,884,44.5774057880044,44.73724402487278
synth_768d_hc,equal,3,46.34528886526823,45.60768138617277
synth_768d_hc,equal,403,44.61640492081642,44.76727917790413
synth_768d_hc,equal,896,44.546439312398434,44.957385398447514
synth_768d_hc,equal,931,44.540734961628914,44.71174906939268
yahoo800k,and,973,54.07608114182949,55.15851080417633
yahoo800k,and,116,54.141622968018055,55.208103731274605
yahoo800k,and,955,66.95045158267021,69.07247006893158
yahoo800k,and,740,79.71364539116621,80.78454993665218
yahoo800k,and,780,56.213466450572014,57.45526868849993
yahoo800k,and,649,54.28562872111797,56.52836989611387
yahoo800k,and,310,56.188786402344704,57.42022767663002
yahoo800k,and,377,55.53336814045906,56.61323666572571
yahoo800k,and,354,54.42637484520674,55.442797020077705
yahoo800k,and,762,55.56142423301935,56.63256160914898
yahoo800k,and,41,74.37635213136673,75.46227425336838
yahoo800k,and,693,71.43151015043259,72.53687363117933
yahoo800k,and,736,70.25548256933689,71.34652696549892
yahoo800k,and,611,54.83755376189947,55.94966933131218
yahoo800k,and,289,54.696458391845226,55.75793329626322
yahoo800k,and,400,54.98318932950497,56.046294048428535
yahoo800k,and,295,73.83152842521667,74.9432947486639
yahoo800k,and,904,54.18539512902498,55.236974731087685
yahoo800k,and,474,70.57457696646452,71.6719077900052
yahoo800k,and,133,54.35151979327202,55.42335566133261
yahoo800k,and,820,54.05594129115343,55.148033425211906
yahoo800k,and,461,53.532072342932224,55.75513932853937
yahoo800k,and,432,54.422649554908276,55.533600971102715
yahoo800k,and,767,54.216012358665466,56.44990596920252
yahoo800k,and,84,79.58966307342052,80.67162707448006
yahoo800k,and,980,54.721604101359844,55.80449942499399
yahoo800k,and,467,54.41112443804741,55.50670903176069
yahoo800k,and,578,54.22055255621672,56.445482186973095
yahoo800k,and,738,54.822652600705624,55.93372043222189
yahoo800k,and,485,54.682022891938686,55.7582825422287
yahoo800k,and,227,54.35571074485779,55.397627875208855
yahoo800k,and,958,53.84907126426697,54.95164077728987
yahoo800k,and,374,54.3008791282773,55.36235403269529
yahoo800k,and,11,53.9352186024189,55.02253770828247
yahoo800k,and,645,69.82404738664627,70.9150917828083
yahoo800k,and,186,55.227428674697876,56.3089270144701
yahoo800k,and,323,54.04697731137276,55.10356277227402
yahoo800k,and,761,56.02778401225805,57.25969094783068
yahoo800k,and,422,54.817297495901585,55.873882956802845
yahoo800k,and,368,54.37014624476433,55.40205165743828
yahoo800k,and,661,56.07528146356344,57.32744466513395
yahoo800k,and,648,66.16953760385513,68.24673619121313
yahoo800k,and,55,53.81600931286812,54.886448197066784
yahoo800k,and,972,54.28108852356672,55.403681471943855
yahoo800k,and,934,55.33790681511164,56.420802138745785
yahoo800k,and,67,55.42277358472347,56.52476102113724
yahoo800k,and,172,53.42008080333471,55.62347359955311
yahoo800k,and,561,55.30356429517269,56.3841313123703
yahoo800k,and,245,54.48784213513136,55.54931703954935
yahoo800k,and,346,54.17573265731335,56.40508607029915
yahoo800k,and,297,54.36106584966183,55.442098528146744
yahoo800k,and,471,54.17095962911844,56.40857852995396
yahoo800k,and,802,56.34000990539789,57.396129705011845
yahoo800k,and,727,53.52415610104799,55.758049711585045
yahoo800k,and,387,71.23651448637247,72.31952622532845
yahoo800k,and,654,54.86141890287399,55.90380169451237
yahoo800k,and,484,74.55144077539444,75.5838118493557
yahoo800k,and,380,54.33743353933096,55.38843106478453
yahoo800k,and,415,53.96059714257717,55.0425611436367
yahoo800k,and,787,54.36234641820192,55.41834980249405
yahoo800k,and,257,70.59646304696798,71.648508310318
yahoo800k,and,476,55.017764680087566,56.079006753861904
yahoo800k,and,676,54.246047511696815,56.46946374326944
yahoo800k,and,209,56.153046898543835,57.350494898855686
yahoo800k,and,571,65.47849625349045,66.41959771513939
yahoo800k,and,199,54.236152209341526,56.49006925523281
yahoo800k,and,730,55.529410019516945,56.579941883683205
yahoo800k,and,220,53.630792535841465,55.87458144873381
yahoo800k,and,673,56.15886766463518,57.391123846173286
yahoo800k,and,528,73.97052831947803,75.0604085624218
yahoo800k,and,487,54.48679439723492,55.56957330554724
yahoo800k,and,397,64.998515881598,65.9286743029952
yahoo800k,and,97,56.328834034502506,57.40008782595396
yahoo800k,and,596,53.68574056774378,55.917887948453426
yahoo800k,and,848,54.23743277788162,56.44990596920252
yahoo800k,and,902,53.927069529891014,54.99366670846939
yahoo800k,and,296,54.225558415055275,56.46073259413242
yahoo800k,and,797,53.68643905967474,55.9341860935092
yahoo800k,and,465,54.21019159257412,56.42545875161886
yahoo800k,and,660,54.27096039056778,56.484946981072426
yahoo800k,and,449,53.675612434744835,55.90205546468496
yahoo800k,and,891,54.36083301901817,55.43278530240059
yahoo800k,and,758,56.158402003347874,57.22150672227144
yahoo800k,and,93,56.109391152858734,57.3648139834404
yahoo800k,and,985,54.10693120211363,55.168638937175274
yahoo800k,and,813,53.30122075974941,54.36316132545471
yahoo800k,and,122,69.67585068196058,70.72777952998877
yahoo800k,and,628,55.42847793549299,56.50101229548454
yahoo800k,and,192,74.4004501029849,75.47286804765463
yahoo800k,and,276,54.38691005110741,55.467826314270496
yahoo800k,and,379,54.04697731137276,55.11892959475517
yahoo800k,and,906,70.5658458173275,71.6575887054205
yahoo800k,and,968,55.01299165189266,56.09448999166489
yahoo800k,and,53,54.0510518476367,55.09809125214815
yahoo800k,and,935,56.413933634757996,57.48588591814041
yahoo800k,and,497,55.0965778529644,56.19204603135586
yahoo800k,and,895,55.14174699783325,56.222546845674515
yahoo800k,and,508,55.17294630408287,56.233955547213554
yahoo800k,and,171,54.606120102107525,55.68750202655792
yahoo800k,and,504,53.53416781872511,54.586329497396946
yahoo800k,and,121,54.06595300883055,55.15827797353268
yahoo800k,and,627,56.37342110276222,57.47540853917599
yahoo800k,and,356,56.214164942502975,57.465978898108006
yahoo800k,and,901,55.55758252739906,56.62464536726475
yahoo800k,and,311,53.94651088863611,55.01299165189266
yahoo800k,and,510,54.51100878417492,55.584125220775604
yahoo800k,and,196,78.78395263105631,79.84589319676161
yahoo800k,and,833,53.61589137464762,55.848853662610054
yahoo800k,and,251,56.249089539051056,57.442113757133484
yahoo800k,and,342,54.43720147013664,55.50822243094444
yahoo800k,and,409,69.83010098338127,70.88121492415667
yahoo800k,and,670,78.74658331274986,79.8095716163516
yahoo800k,and,260,53.72543819248676,55.96340633928776
yahoo800k,and,892,72.26248271763325,73.31906817853451
yahoo800k,and,842,56.413933634757996,57.4940349906683
yahoo800k,and,678,54.53755147755146,55.638025514781475
yahoo800k,and,805,56.26946222037077,57.36702587455511
yahoo800k,and,135,66.59969221800566,68.70180368423462
yahoo800k,and,642,74.48066025972366,75.55820047855377
yahoo800k,and,927,72.39182014018297,73.40416777879
yahoo800k,and,513,54.16152998805046,55.22393621504307
yahoo800k,and,741,71.59786764532328,72.65794556587934
yahoo800k,and,56,54.71904296427965,55.789947509765625
yahoo800k,and,823,54.396106861531734,55.4635189473629
yahoo800k,and,217,54.7521049156785,55.82277663052082
yahoo800k,and,514,54.99040707945824,56.06363993138075
yahoo800k,and,88,56.17912393063307,57.38565232604742
yahoo800k,and,692,54.4603681191802,55.526033975183964
yahoo800k,and,883,56.18249997496605,57.433382607996464
yahoo800k,and,771,54.031144827604294,55.10798655450344
yahoo800k,and,365,55.42777944356203,56.490651331841946
yahoo800k,and,507,54.86712325364351,55.919517762959
yahoo800k,and,798,54.060365073382854,55.09238690137863
yahoo800k,and,5,54.30169403553009,56.53442349284887
yahoo800k,and,372,54.02066744863987,55.08377216756344
yahoo800k,and,948,54.48167212307453,55.51369395107031
yahoo800k,and,411,56.262011639773846,57.50346463173628
yahoo800k,and,812,53.56944166123867,54.64197602123022
yahoo800k,and,583,56.24804180115461,57.45107773691416
yahoo800k,and,785,71.1255706846714,72.19647523015738
yahoo800k,and,150,54.81287371367216,55.88284693658352
yahoo800k,and,878,54.73196506500244,55.78296259045601
yahoo800k,and,704,53.86688280850649,54.93871867656708
yahoo800k,and,937,55.24849984794855,56.32499232888222
yahoo800k,and,817,54.781208746135235,55.852229706943035
yahoo800k,and,818,79.67953570187092,80.74706420302391
yahoo800k,and,42,53.651281632483006,55.88890053331852
yahoo800k,and,953,53.960829973220825,55.03289867192507
yahoo800k,and,334,54.04150579124689,55.113923735916615
yahoo800k,and,45,55.01846317201853,56.04047328233719
yahoo800k,and,546,54.91136107593775,55.966898798942566
yahoo800k,and,651,53.6646693944931,55.88855128735304
yahoo800k,and,226,55.545009672641754,56.59612361341715
yahoo800k,and,682,70.77050395309925,71.8223163858056
yahoo800k,and,610,54.72102202475071,55.77271804213524
yahoo800k,and,572,54.81787957251072,55.88890053331852
yahoo800k,and,146,55.03057036548853,56.07795901596546
yahoo800k,and,100,54.440926760435104,55.50647620111704
yahoo800k,and,392,54.882606491446495,55.9281324967742
yahoo800k,and,393,53.52147854864597,55.76387047767639
yahoo800k,and,870,78.7130557000637,79.74030449986458
yahoo800k,and,215,72.09856994450092,73.15073162317276
yahoo800k,and,807,55.46398460865021,56.52580875903368
yahoo800k,and,908,54.325442761182785,56.5587542951107
yahoo800k,and,371,54.24092523753643,56.439777836203575
yahoo800k,and,458,70.98703645169735,72.06853479146957
yahoo800k,and,232,69.90472320467234,70.99669892340899
yahoo800k,and,505,66.83019455522299,68.9174048602581
yahoo800k,and,282,70.64640522003174,71.72836922109127
yahoo800k,and,857,54.6829542145133,55.74501119554043
yahoo800k,and,247,73.98647721856833,75.05749817937613
yahoo800k,and,555,56.293560191988945,57.501718401908875
yahoo800k,and,319,66.5497500449419,68.64708848297596
yahoo800k,and,636,56.529417634010315,57.58099723607302
yahoo800k,and,862,53.98155190050602,55.05257286131382
yahoo800k,and,637,74.05097130686045,75.18741767853498
yahoo800k,and,249,54.88318856805563,55.935001000761986
yahoo800k,and,463,55.49704656004906,56.558637879788876
yahoo800k,and,301,73.95201828330755,75.01349318772554
yahoo800k,and,982,54.21019159257412,55.28237670660019
yahoo800k,and,954,53.649069741368294,55.86305633187294
yahoo800k,and,663,54.05745469033718,55.09937182068825
yahoo800k,and,794,56.42394535243511,57.44153168052435
yahoo800k,and,306,56.159100495278835,57.41196218878031
yahoo800k,and,866,73.9911338314414,75.06308611482382
yahoo800k,and,148,79.8000255599618,80.8710465207696
yahoo800k,and,803,55.49471825361252,56.53570406138897
yahoo800k,and,123,54.54092752188444,55.62289152294397
yahoo800k,and,102,54.45221904665232,55.50344940274954
yahoo800k,and,156,54.99215330928564,56.05258047580719
yahoo800k,and,299,54.18295040726662,55.25851156562567
yahoo800k,and,104,53.375144489109516,54.452684707939625
yahoo800k,and,376,54.110074415802956,55.181095376610756
yahoo800k,and,174,65.37267472594976,67.4854964017868
yahoo800k,and,826,54.429168812930584,55.47609180212021
yahoo800k,and,309,54.01158705353737,55.09238690137863
yahoo800k,and,652,54.30122837424278,56.524062529206276
yahoo800k,and,810,54.190284572541714,55.22905848920345
yahoo800k,and,566,56.29530642181635,57.52628203481436
yahoo800k,and,763,54.87212911248207,55.93907553702593
yahoo800k,and,31,54.31496538221836,56.54245615005493
yahoo800k,and,184,71.15188054740429,72.20741827040911
yahoo800k,and,541,54.92242053151131,55.994605645537376
yahoo800k,and,489,53.690047934651375,55.91847002506256
yahoo800k,and,720,66.82542152702808,68.87828931212425
yahoo800k,and,989,54.24791015684605,56.470511481165886
yahoo800k,and,942,54.781208746135235,55.83430174738169
yahoo800k,and,550,55.618234910070896,56.700664572417736
yahoo800k,and,998,66.32914301007986,68.42275615781546
yahoo800k,and,788,54.47561852633953,56.708347983658314
yahoo800k,and,527,54.56688813865185,55.61846774071455
yahoo800k,and,542,54.846517741680145,55.928947404026985
yahoo800k,and,256,56.30403757095337,57.55550228059292
yahoo800k,and,607,56.279124692082405,57.34548904001713
yahoo800k,and,264,55.578071624040604,56.65910430252552
yahoo800k,and,435,54.26444113254547,55.29192276299
yahoo800k,and,701,54.50611934065819,55.58168049901724
yahoo800k,and,863,70.80158684402704,71.86352740973234
yahoo800k,and,773,54.28108852356672,56.50823004543781
yahoo800k,and,443,53.5349827259779,54.595060646533966
yahoo800k,and,847,53.72893065214157,55.97388371825218
yahoo800k,and,78,55.311829783022404,56.384713388979435
yahoo800k,and,496,54.56642247736454,55.628479458391666
yahoo800k,and,888,54.38679363578558,56.62103649228811
yahoo800k,and,117,56.64455238729715,57.69659765064716
yahoo800k,and,361,55.709038861095905,56.7601528018713
yahoo800k,and,893,66.3491664454341,68.44208110123873
yahoo800k,and,188,54.596574045717716,55.65339233726263
yahoo800k,and,593,56.28284998238087,57.543860748410225
yahoo800k,and,230,54.98714745044708,56.060031056404114
yahoo800k,and,791,56.260148994624615,57.52232391387224
yahoo800k,and,446,66.41435902565718,68.51833313703537
yahoo800k,and,790,54.91671618074179,55.97877316176891
yahoo800k,and,58,70.81043440848589,71.8533992767334
yahoo800k,and,398,54.290867410600185,56.50380626320839
yahoo800k,and,462,55.040931329131126,56.11754022538662
yahoo800k,and,85,56.22988101094961,57.290890254080296
yahoo800k,and,624,53.72031591832638,55.90554792433977
yahoo800k,and,699,79.71585728228092,80.8079494163394
yahoo800k,and,281,54.35536149889231,56.573888286948204
yahoo800k,and,746,54.8108946532011,55.823009461164474
yahoo800k,and,503,54.49657328426838,55.5538572371006
yahoo800k,and,304,54.84663415700197,55.90380169451237
yahoo800k,and,819,79.5943196862936,80.67535236477852
yahoo800k,and,991,56.23896140605211,57.32139106839895
yahoo800k,and,193,53.56443580240011,55.8079918846488
yahoo800k,and,814,66.61424413323402,68.69807839393616
yahoo800k,and,875,72.30148185044527,73.37529677897692
yahoo800k,and,143,78.83307989686728,79.87895514816046
yahoo800k,and,744,53.74010652303696,55.9838954359293
yahoo800k,and,669,65.21341856569052,67.30633322149515
yahoo800k,and,14,54.731033742427826,55.7539751753211
yahoo800k,and,539,54.85746078193188,55.919517762959
yahoo800k,and,978,53.77375055104494,56.033022701740265
yahoo800k,and,283,54.99250255525112,56.07889033854008
yahoo800k,and,329,54.33137994259596,55.403332225978374
yahoo800k,and,391,74.3156997486949,75.36751218140125
yahoo800k,and,402,54.47724834084511,56.70927930623293
yahoo800k,and,292,54.37457002699375,55.4574653506279
yahoo800k,and,729,70.30169945210218,71.34361658245325
yahoo800k,and,27,55.023119784891605,56.08552601188421
yahoo800k,and,525,54.02928218245506,55.10647315531969
yahoo800k,and,44,56.37272261083126,57.38390609622002
yahoo800k,and,357,56.219520047307014,57.29007534682751
yahoo800k,and,516,63.56998346745968,64.63006138801575
yahoo800k,and,742,71.49646990001202,72.57761899381876
yahoo800k,and,65,73.95492866635323,74.99544881284237
yahoo800k,and,959,72.08657916635275,73.15806578844786
yahoo800k,and,351,65.53367711603642,66.48409180343151
yahoo800k,and,466,54.30029705166817,56.5388472750783
yahoo800k,and,666,78.74344009906054,79.77115456014872
yahoo800k,and,28,53.64022217690945,55.903452448546886
yahoo800k,and,941,54.0000619366765,55.051990784704685
yahoo800k,and,831,56.3811045140028,57.60148633271456
yahoo800k,and,469,54.281437769532204,56.53442349284887
yahoo800k,and,922,70.30961569398642,71.38156797736883
yahoo800k,and,168,55.65304309129715,56.71312101185322
yahoo800k,and,194,54.92218770086765,55.97365088760853
yahoo800k,and,750,78.76788731664419,79.8095716163516
yahoo800k,and,633,54.506585001945496,55.51963113248348
yahoo800k,and,974,55.06281740963459,56.13453686237335
yahoo800k,and,769,55.443146266043186,56.47516809403896
yahoo800k,and,731,54.946751333773136,55.98959978669882
yahoo800k,and,107,53.7052983418107,55.95863331109285
yahoo800k,and,884,54.56304643303156,55.58424163609743
yahoo800k,and,359,54.29156590253115,56.533608585596085
yahoo800k,and,502,71.42184767872095,72.51277565956116
yahoo800k,and,719,55.53255323320627,56.574586778879166
yahoo800k,and,920,73.99648893624544,75.05749817937613
yahoo800k,and,969,55.37644028663635,56.418473832309246
yahoo800k,and,612,56.23302422463894,57.5394369661808
yahoo800k,and,872,55.587850511074066,56.64885975420475
yahoo800k,and,777,56.15386180579662,57.22092464566231
yahoo800k,and,187,55.39448466151953,56.45642522722483
yahoo800k,and,882,54.81741391122341,55.88890053331852
yahoo800k,and,54,53.5349827259779,54.58155646920204
yahoo800k,and,269,54.72626071423292,55.76398689299822
yahoo800k,and,880,54.31997124105692,55.41031714528799
yahoo800k,and,242,66.85347761958838,68.95174738019705
yahoo800k,and,337,65.54892752319574,66.48094858974218
yahoo800k,and,139,78.84332444518805,79.90328595042229
yahoo800k,and,291,53.696101531386375,55.90892396867275
yahoo800k,and,544,71.19704969227314,72.22802378237247
yahoo800k,and,967,54.72300108522177,55.804033763706684
yahoo800k,and,383,54.12474274635315,55.19762635231018
yahoo800k,and,828,53.55454050004482,54.617528803646564
yahoo800k,and,735,54.79552783071995,55.80787546932697
yahoo800k,and,966,54.41636312752962,56.654331274330616
yahoo800k,and,696,74.0421237424016,75.07961709052324
yahoo800k,and,515,55.40740676224232,56.45782221108675
yahoo800k,and,822,55.487616918981075,56.55467975884676
yahoo800k,and,265,55.18656689673662,56.273071095347404
yahoo800k,and,747,54.3955247849226,56.629651226103306
yahoo800k,and,223,54.60740067064762,55.639538913965225
yahoo800k,and,414,54.067233577370644,55.10915070772171
yahoo800k,and,619,54.47305738925934,56.71614781022072
yahoo800k,and,834,72.26853631436825,73.30602966248989
yahoo800k,and,71,54.9565302208066,56.01963493973017
yahoo800k,and,835,54.852571338415146,55.93453533947468
yahoo800k,and,774,53.73137537389994,55.99379073828459
yahoo800k,and,403,54.432195611298084,55.51369395107031
yahoo800k,and,715,54.92242053151131,56.02859891951084
yahoo800k,and,222,54.380157962441444,56.655146181583405
yahoo800k,and,864,53.6447623744607,54.71694748848677
yahoo800k,and,373,66.41692016273737,68.53824015706778
yahoo800k,and,161,66.70597940683365,68.82008165121078
yahoo800k,and,421,53.77980414777994,55.987853556871414
yahoo800k,and,664,54.9474498257041,56.05898331850767
yahoo800k,and,768,55.59425335377455,56.63582123816013
yahoo800k,and,536,55.328477174043655,56.43046461045742
yahoo800k,and,381,65.62331691384315,66.56988989561796
yahoo800k,and,939,55.67388143390417,56.74990825355053
yahoo800k,and,821,79.75392509251833,80.83588909357786
yahoo800k,and,900,78.88732943683863,79.9685949459672
yahoo800k,and,979,71.21660746634007,72.30683695524931
yahoo800k,and,408,53.71484439820051,55.96328992396593
yahoo800k,and,433,72.32965435832739,73.46179336309433
yahoo800k,and,308,54.11647725850344,55.21753337234259
yahoo800k,and,910,53.54825407266617,54.62043918669224
yahoo800k,and,278,71.73104677349329,72.74397648870945
yahoo800k,and,253,55.46875763684511,56.540011428296566
yahoo800k,and,302,55.06596062332392,56.13802932202816
yahoo800k,and,737,74.0403775125742,75.1023180782795
yahoo800k,and,137,55.04721775650978,56.11451342701912
yahoo800k,and,205,54.92754280567169,55.9990294277668
yahoo800k,and,1,74.10498801618814,75.17251651734114
yahoo800k,and,270,54.92765922099352,55.970391258597374
yahoo800k,and,718,54.317060858011246,56.55968561768532
yahoo800k,and,69,54.3160131201148,55.36898970603943
yahoo800k,and,522,53.47596015781164,54.56781946122646
yahoo800k,and,634,53.99482324719429,55.015902034938335
yahoo800k,and,674,55.06689194589853,56.128366850316525
yahoo800k,and,827,56.313350796699524,57.55631718784571
yahoo800k,and,19,54.29703742265701,56.55013956129551
yahoo800k,and,231,79.76405322551727,80.85556328296661
yahoo800k,and,710,56.239659897983074,57.51661956310272
yahoo800k,and,554,70.04442159086466,71.10543083399534
yahoo800k,and,683,54.862815886735916,55.92370871454477
yahoo800k,and,714,71.49821612983942,72.57342804223299
yahoo800k,and,809,53.59004717320204,54.65711001306772
yahoo800k,and,667,70.77108602970839,71.86166476458311
yahoo800k,and,277,56.21020682156086,57.27179814130068
yahoo800k,and,488,54.29645534604788,56.49856757372618
yahoo800k,and,573,55.45897874981165,56.50112871080637
yahoo800k,and,924,53.685507737100124,55.92952948063612
yahoo800k,and,686,54.52730692923069,55.58738484978676
yahoo800k,and,830,53.98527719080448,55.03767170011997
yahoo800k,and,631,54.8424432054162,55.933487601578236
yahoo800k,and,524,53.55128087103367,54.61229011416435
yahoo800k,and,321,54.876552894711494,55.953976698219776
yahoo800k,and,569,54.00052759796381,55.0620025023818
yahoo800k,and,796,53.649069741368294,55.90205546468496
yahoo800k,and,928,54.27654832601547,56.47039506584406
yahoo800k,and,587,65.08594378829002,66.02681241929531
yahoo800k,and,410,65.44322241097689,67.52635817974806
yahoo800k,and,592,55.02789281308651,56.09891377389431
yahoo800k,and,679,55.57411350309849,56.666089221835136
yahoo800k,and,919,54.797506891191006,55.87039049714804
yahoo800k,and,913,55.60740828514099,56.67819641530514
yahoo800k,and,494,56.61544855684042,57.691941037774086
yahoo800k,and,739,55.00938277691603,56.10927473753691
yahoo800k,and,416,54.82661072164774,55.907643400132656
yahoo800k,and,629,55.40309939533472,56.48413207381964
yahoo800k,and,22,55.61800207942724,56.68448284268379
yahoo800k,and,363,72.30311166495085,73.32512177526951
yahoo800k,and,675,54.135569371283054,55.20216654986143
yahoo800k,and,61,78.86253297328949,79.96358908712864
yahoo800k,and,6,56.41789175570011,57.519879192113876
yahoo800k,and,681,56.6248781979084,57.70649295300245
yahoo800k,and,658,54.11170423030853,55.17830140888691
yahoo800k,and,82,54.52125333249569,55.612181313335896
yahoo800k,and,987,55.001815780997276,56.02382589131594
yahoo800k,and,214,54.95769437402487,56.01427983492613
yahoo800k,and,897,53.82951349020004,56.024640798568726
yahoo800k,and,431,54.70204632729292,55.772135965526104
yahoo800k,and,672,78.79803888499737,79.86091077327728
yahoo800k,and,480,54.471660405397415,55.53732626140118
yahoo800k,and,779,69.94081195443869,70.99693175405264
yahoo800k,and,911,54.88086026161909,55.92347588390112
yahoo800k,and,94,54.81741391122341,55.859447456896305
yahoo800k,and,755,72.22848944365978,73.29112850129604
yahoo800k,and,362,54.8588577657938,55.95374386757612
yahoo800k,and,272,70.33534348011017,71.36736530810595
yahoo800k,and,407,55.04267755895853,56.12359382212162
yahoo800k,and,157,54.75257057696581,55.8036845177412
yahoo800k,and,475,66.26802496612072,68.35220847278833
yahoo800k,and,562,66.55987817794085,68.66187322884798
yahoo800k,and,87,54.280622862279415,55.352807976305485
yahoo800k,and,965,70.32102439552546,71.38296496123075
yahoo800k,and,261,54.28725853562355,56.5012451261282
yahoo800k,and,21,54.0959881618619,55.15583325177431
yahoo800k,and,212,54.460600949823856,55.493670515716076
yahoo800k,and,48,55.59902638196945,56.65107164531946
yahoo800k,and,92,55.00612314790487,56.078541092574596
yahoo800k,and,509,54.28004078567028,55.34547381103039
yahoo800k,and,274,54.98656537383795,56.04804027825594
yahoo800k,and,154,54.862117394804955,55.934302508831024
yahoo800k,and,752,72.33466021716595,73.40032607316971
yahoo800k,and,316,72.20508996397257,73.29077925533056
yahoo800k,and,925,55.04838190972805,56.09996151179075
yahoo800k,and,170,54.50716707855463,55.55467214435339
yahoo800k,and,728,55.1523407921195,56.21311720460653
yahoo800k,and,134,55.60810677707195,56.66096694767475
yahoo800k,and,293,54.98260725289583,56.01358134299517
yahoo800k,and,347,54.811942391097546,55.88203202933073
yahoo800k,and,558,71.57237268984318,72.63291627168655
yahoo800k,and,103,54.89599425345659,55.943033657968044
yahoo800k,and,50,55.403332225978374,56.46434146910906
yahoo800k,and,952,54.950942285358906,55.993092246353626
yahoo800k,and,632,74.53653961420059,75.61733946204185
yahoo800k,and,80,54.95257209986448,56.02359306067228
yahoo800k,and,641,53.494470193982124,54.560950957238674
yahoo800k,and,197,54.85164001584053,55.90380169451237
yahoo800k,and,236,54.24697883427143,55.298442021012306
yahoo800k,and,158,56.30962550640106,57.362718507647514
yahoo800k,and,314,54.456875659525394,55.536977015435696
yahoo800k,and,36,55.04768341779709,56.12848326563835
yahoo800k,and,326,53.54557652026415,54.60216198116541
yahoo800k,and,907,72.24921137094498,73.3112683519721
yahoo800k,and,841,53.73579915612936,55.95991387963295
yahoo800k,and,946,55.053504183888435,56.145014241337776
yahoo800k,and,799,78.8629986345768,79.92389146238565
yahoo800k,and,177,54.326606914401054,55.39669655263424
yahoo800k,and,307,54.54674828797579,56.79542664438486
yahoo800k,and,923,53.76897752285004,55.98645657300949
yahoo800k,and,290,53.74941974878311,55.97295239567757
yahoo800k,and,703,66.29899144172668,68.35849490016699
yahoo800k,and,112,70.34000009298325,71.39192894101143
yahoo800k,and,437,55.59297278523445,56.67540244758129
yahoo800k,and,659,65.89898839592934,66.84905383735895
yahoo800k,and,26,55.642216466367245,56.675286032259464
yahoo800k,and,204,54.63697016239166,55.76352123171091
yahoo800k,and,454,55.03289867192507,56.1148626729846
yahoo800k,and,132,54.3834175914526,56.625460274517536
yahoo800k,and,781,69.77026350796223,70.8411680534482
yahoo800k,and,335,69.94570139795542,71.01672235876322
yahoo800k,and,706,54.9716642126441,56.06713239103556
yahoo800k,and,617,65.65242074429989,66.56453479081392
yahoo800k,and,650,56.199729442596436,57.46167153120041
yahoo800k,and,483,53.710537031292915,55.93453533947468
yahoo800k,and,233,53.68946585804224,55.90403452515602
yahoo800k,and,113,56.29332736134529,57.58088082075119
yahoo800k,and,945,71.14221807569265,72.23209831863642
yahoo800k,and,35,54.145813919603825,55.212294682860374
yahoo800k,and,399,71.20275404304266,72.2748227417469
yahoo800k,and,889,54.365373216569424,56.589371524751186
yahoo800k,and,853,54.956297390162945,56.04920443147421
yahoo800k,and,630,54.13650069385767,55.15711382031441
yahoo800k,and,486,69.85978689044714,70.92661689966917
yahoo800k,and,646,53.74453030526638,55.97877316176891
yahoo800k,and,694,54.84279245138168,55.9329055249691
yahoo800k,and,495,54.35117054730654,56.566204875707626
yahoo800k,and,424,54.33196201920509,56.56958092004061
yahoo800k,and,9,55.08761387318373,56.18960130959749
yahoo800k,and,789,70.68691775202751,71.76795043051243
yahoo800k,and,152,54.177711717784405,55.2694546058774
yahoo800k,and,705,55.52393849939108,56.58494774252176
yahoo800k,and,529,71.11113518476486,72.2021795809269
yahoo800k,and,595,54.27992437034845,56.49763625115156
yahoo800k,and,711,54.05140109360218,55.141281336545944
yahoo800k,and,115,74.06540680676699,75.12734737247229
yahoo800k,and,64,54.848031140863895,55.90834189206362
yahoo800k,and,997,53.704832680523396,55.91253284364939
yahoo800k,and,405,54.872711189091206,55.943732149899006
yahoo800k,and,200,67.14602932333946,69.24895569682121
yahoo800k,and,434,55.008684284985065,56.07993807643652
yahoo800k,and,479,54.36618812382221,56.59810267388821
yahoo800k,and,560,54.1323097422719,55.21427374333143
yahoo800k,and,766,54.79657556861639,55.84664177149534
yahoo800k,and,656,55.15245720744133,56.15898407995701
yahoo800k,and,947,53.95000334829092,55.02183921635151
yahoo800k,and,564,53.644413128495216,55.86293991655111
yahoo800k,and,367,56.3149806112051,57.39706102758646
yahoo800k,and,317,54.94663491845131,56.019751355051994
yahoo800k,and,521,55.52277434617281,56.57470319420099
yahoo800k,and,285,56.23453762382269,57.31650162488222
yahoo800k,and,62,54.872012697160244,55.93523383140564
yahoo800k,and,191,54.236967116594315,55.36747630685568
yahoo800k,and,713,53.91496233642101,54.9820251762867
yahoo800k,and,255,67.05988198518753,69.14290133863688
yahoo800k,and,757,56.648626923561096,57.68192932009697
yahoo800k,and,331,54.67247683554888,55.78447598963976
yahoo800k,and,138,54.86200097948313,55.94850517809391
yahoo800k,and,313,54.085394367575645,55.16689270734787
yahoo800k,and,169,54.3384812772274,56.55921995639801
yahoo800k,and,601,54.99343387782574,56.10566586256027
yahoo800k,and,221,67.04451516270638,69.12765093147755
yahoo800k,and,12,72.35747762024403,73.42849858105183
yahoo800k,and,327,54.13242615759373,55.22358696907759
yahoo800k,and,604,54.99762482941151,56.06957711279392
yahoo800k,and,591,54.71182521432638,55.81357982009649
yahoo800k,and,614,54.365373216569424,56.52953404933214
yahoo800k,and,2,54.70821633934975,55.77830597758293
yahoo800k,and,873,54.98714745044708,56.068296544253826
yahoo800k,and,852,65.42669143527746,67.51006003469229
yahoo800k,and,512,53.54010500013828,54.620904847979546
yahoo800k,and,413,54.54791244119406,55.62382284551859
yahoo800k,and,724,54.19598892331123,55.27841858565807
yahoo800k,and,95,54.326956160366535,55.40729034692049
yahoo800k,and,626,54.29529119282961,56.51928950101137
yahoo800k,and,366,78.72725836932659,79.81003727763891
yahoo800k,and,490,79.71841841936111,80.80597035586834
yahoo800k,and,386,54.77690137922764,55.824522860348225
yahoo800k,and,318,54.87632006406784,55.91823719441891
yahoo800k,and,185,56.56527355313301,57.616736739873886
yahoo800k,and,732,54.330681450665,55.40798883885145
yahoo800k,and,917,54.09540608525276,55.16852252185345
yahoo800k,and,126,53.71030420064926,55.91427907347679
yahoo800k,and,33,79.72866296768188,80.8096956461668
yahoo800k,and,426,54.19156514108181,55.26689346879721
yahoo800k,and,482,54.736970923841,55.80007564276457
yahoo800k,and,722,54.172356612980366,55.23837171494961
yahoo800k,and,164,53.75337786972523,55.97749259322882
yahoo800k,and,198,55.357348173856735,56.42336327582598
yahoo800k,and,874,70.75152825564146,71.82708941400051
yahoo800k,and,258,54.86805457621813,55.91998342424631
yahoo800k,and,15,54.99331746250391,56.06422200798988
yahoo800k,and,531,71.42126560211182,72.52185605466366
yahoo800k,and,916,54.332311265170574,55.424170568585396
yahoo800k,and,394,55.54221570491791,56.638848036527634
yahoo800k,and,984,54.2075140401721,55.25944288820028
yahoo800k,and,800,69.83557250350714,70.92708256095648
yahoo800k,and,734,55.54861854761839,56.60962779074907
yahoo800k,and,829,53.4852733835578,54.59727253764868
yahoo800k,and,330,54.950942285358906,55.99181167781353
yahoo800k,and,47,55.05874287337065,56.11986853182316
yahoo800k,and,348,78.80362682044506,79.87464778125286
yahoo800k,and,145,67.06209387630224,69.18457802385092
yahoo800k,and,131,54.96793892234564,56.00007716566324
yahoo800k,and,599,54.25687413662672,56.46946374326944
yahoo800k,and,992,54.35256753116846,55.42451981455088
yahoo800k,and,918,54.96642552316189,56.01835437119007
yahoo800k,and,824,54.87713497132063,55.949087254703045
yahoo800k,and,743,54.306816309690475,56.532095186412334
yahoo800k,and,921,53.98108623921871,55.04162982106209
yahoo800k,and,721,55.34873344004154,56.37167487293482
yahoo800k,and,39,54.896692745387554,55.97819108515978
yahoo800k,and,589,53.64743992686272,55.8698084205389
yahoo800k,and,280,69.85955405980349,70.89704740792513
yahoo800k,and,455,54.50181197375059,55.583310313522816
yahoo800k,and,324,53.99133078753948,55.053504183888435
yahoo800k,and,344,55.51392678171396,56.58576264977455
yahoo800k,and,644,56.595075875520706,57.64514207839966
yahoo800k,and,964,54.467120207846165,55.57853728532791
yahoo800k,and,395,55.07306195795536,56.15409463644028
yahoo800k,and,605,54.45047281682491,56.673306971788406
yahoo800k,and,333,54.521369747817516,55.53336814045906
yahoo800k,and,428,54.046628065407276,55.088079534471035
yahoo800k,and,240,54.132542572915554,55.2136916667223
yahoo800k,and,72,54.93895150721073,55.99553696811199
yahoo800k,and,582,53.476192988455296,54.51717879623175
yahoo800k,and,175,54.30553574115038,55.361539125442505
yahoo800k,and,608,54.080504924058914,55.15094380825758
yahoo800k,and,806,54.30122837424278,55.383192375302315
yahoo800k,and,609,70.55106107145548,71.61754183471203
yahoo800k,and,825,54.01088856160641,55.10798655450344
yahoo800k,and,125,71.52720354497433,72.56469689309597
yahoo800k,and,66,74.56610910594463,75.59848017990589
yahoo800k,and,353,54.905773140490055,55.94349931925535
yahoo800k,and,37,54.505886510014534,55.557116866111755
yahoo800k,and,202,53.780036978423595,56.00845906883478
yahoo800k,and,956,56.32487591356039,57.411263696849346
yahoo800k,and,815,54.807751439511776,55.85874896496534
yahoo800k,and,89,54.96549420058727,56.05863407254219
yahoo800k,and,40,63.60956467688084,64.65078331530094
yahoo800k,and,896,54.376665502786636,56.61009345203638
yahoo800k,and,786,56.28413055092096,57.370634749531746
yahoo800k,and,273,54.37247455120087,56.61556497216225
yahoo800k,and,811,56.57400470227003,57.586003094911575
yahoo800k,and,225,53.48562262952328,54.54663187265396
yahoo800k,and,206,55.403332225978374,56.48529622703791
yahoo800k,and,325,53.79493813961744,56.00438453257084
yahoo800k,and,775,54.987380281090736,56.083896197378635
yahoo800k,and,600,53.626601584255695,55.869342759251595
yahoo800k,and,401,54.860953241586685,55.95793481916189
yahoo800k,and,647,56.37342110276222,57.4309378862381
yahoo800k,and,250,54.916832596063614,55.99868018180132
yahoo800k,and,111,66.60528015345335,68.68282798677683
yahoo800k,and,30,54.70204632729292,55.79506978392601
yahoo800k,and,268,56.509627029299736,57.566212490200996
yahoo800k,and,890,54.81753032654524,55.868527851998806
yahoo800k,and,91,54.17247302830219,55.24361040443182
yahoo800k,and,4,54.791802540421486,55.86841143667698
yahoo800k,and,57,55.01089617609978,56.11858796328306
yahoo800k,and,300,54.817995987832546,55.937678553164005
yahoo800k,and,523,55.65269384533167,56.723481975495815
yahoo800k,and,440,54.677482694387436,55.77958654612303
yahoo800k,and,520,79.75357584655285,80.83460852503777
yahoo800k,and,286,54.47212606668472,56.69507663697004
yahoo800k,and,3,53.97014319896698,55.0408149138093
yahoo800k,and,930,71.20659574866295,72.25805893540382
yahoo800k,and,86,53.76047920435667,55.9929758310318
yahoo800k,and,369,74.65679664164782,75.708725489676
yahoo800k,and,903,55.70193752646446,56.783901527523994
yahoo800k,and,702,55.74338138103485,56.774355471134186
yahoo800k,and,635,54.915319196879864,55.97202107310295
yahoo800k,and,576,55.687734857201576,56.76900036633015
yahoo800k,and,709,54.98761311173439,56.048622354865074
yahoo800k,and,951,56.609977036714554,57.67215043306351
yahoo800k,and,355,56.56422581523657,57.6371094211936
yahoo800k,and,336,70.25606464594603,71.3274348527193
yahoo800k,and,623,54.52276673167944,55.60473073273897
yahoo800k,and,73,53.67572885006666,55.93337118625641
yahoo800k,and,252,53.72392479330301,54.81590051203966
yahoo800k,and,287,55.0468685105443,56.107877753674984
yahoo800k,and,438,53.58003545552492,54.642558097839355
yahoo800k,and,155,72.3020639270544,73.37494753301144
yahoo800k,and,370,54.22497633844614,55.30845373868942
yahoo800k,and,963,54.491451010107994,55.5490842089057
yahoo800k,and,68,56.32918328046799,57.586003094911575
yahoo800k,and,772,54.32253237813711,55.40309939533472
yahoo800k,and,254,69.9503580108285,71.03732787072659
yahoo800k,and,46,55.703334510326385,56.71603139489889
yahoo800k,and,338,71.12626917660236,72.19729013741016
yahoo800k,and,352,54.70344331115484,55.78447598963976
yahoo800k,and,590,54.67236042022705,55.75898103415966
yahoo800k,and,320,65.51691330969334,67.56011862307787
yahoo800k,and,616,54.69087045639753,55.752345360815525
yahoo800k,and,876,54.487958550453186,55.54466042667627
yahoo800k,and,178,54.96665835380554,56.0141634196043
yahoo800k,and,688,72.29414768517017,73.38495925068855
yahoo800k,and,559,56.60415627062321,57.696131989359856
yahoo800k,and,518,56.23500328511,57.296943850815296
yahoo800k,and,594,69.84383799135685,70.87492849677801
yahoo800k,and,243,54.28993608802557,56.494143791496754
yahoo800k,and,643,54.236967116594315,55.307988077402115
yahoo800k,and,975,66.40446372330189,68.49737837910652
yahoo800k,and,625,55.37737160921097,56.43931217491627
yahoo800k,and,655,70.0540840625763,71.11614104360342
yahoo800k,and,481,53.592026233673096,55.833952501416206
yahoo800k,and,840,54.30553574115038,56.519522331655025
yahoo800k,and,855,55.68389315158129,56.795310229063034
yahoo800k,and,345,73.9755341783166,75.03805682063103
yahoo800k,and,733,54.21577952802181,55.283308029174805
yahoo800k,and,266,54.526026360690594,55.53790833801031
yahoo800k,and,173,66.44416134804487,68.53148806840181
yahoo800k,and,854,71.45386189222336,72.54490628838539
yahoo800k,and,499,70.71532309055328,71.79251406341791
yahoo800k,and,237,54.396805353462696,55.48831541091204
yahoo800k,and,238,53.78550849854946,55.99856376647949
yahoo800k,and,420,54.28539589047432,55.36654498428106
yahoo800k,and,725,53.71950101107359,55.95316179096699
yahoo800k,and,358,54.406700655817986,56.619755923748016
yahoo800k,and,885,55.022421292960644,56.0936750844121
yahoo800k,and,470,54.18236833065748,55.26386667042971
yahoo800k,and,680,66.5856059640646,68.63416638225317
yahoo800k,and,305,53.7459272891283,55.939541198313236
yahoo800k,and,284,78.84693332016468,79.93797771632671
yahoo800k,and,745,54.32439502328634,56.529068388044834
yahoo800k,and,549,69.81438491493464,70.90542931109667
yahoo800k,and,723,54.31147292256355,56.52534309774637
yahoo800k,and,575,54.832431487739086,55.91404624283314
yahoo800k,and,13,54.342788644135,56.56445864588022
yahoo800k,and,453,54.56304643303156,55.63453305512667
yahoo800k,and,340,56.59868475049734,57.6656311750412
yahoo800k,and,110,53.81437949836254,56.022778153419495
yahoo800k,and,203,56.5855298191309,57.62767978012562
yahoo800k,and,543,54.34127524495125,56.57481960952282
yahoo800k,and,603,54.74651698023081,55.832904763519764
yahoo800k,and,577,72.24897854030132,73.35911504924297
yahoo800k,and,32,54.78295497596264,55.853743106126785
yahoo800k,and,312,54.94093056768179,56.02266173809767
yahoo800k,and,751,65.58350287377834,66.5545230731368
yahoo800k,and,136,65.93414582312107,66.84614345431328
yahoo800k,and,162,55.43208681046963,56.49356171488762
yahoo800k,and,689,66.66034460067749,68.76303814351559
yahoo800k,and,20,55.52300717681646,56.600081734359264
yahoo800k,and,294,54.53743506222963,55.56794349104166
yahoo800k,and,350,56.27842620015144,57.541183196008205
yahoo800k,and,343,65.67349191755056,66.60562939941883
yahoo800k,and,530,56.22801836580038,57.315570302307606
yahoo800k,and,597,71.19274232536554,72.28308822959661
yahoo800k,and,832,74.17146116495132,75.2484193071723
yahoo800k,and,983,56.34990520775318,57.42756184190512
yahoo800k,and,690,74.52152203768492,75.60348603874445
yahoo800k,and,977,53.721130825579166,55.95420952886343
yahoo800k,and,868,71.45758718252182,72.53861986100674
yahoo800k,and,839,56.2985660508275,57.380530051887035
yahoo800k,and,871,53.69167774915695,55.89460488408804
yahoo800k,and,793,55.06735760718584,56.13337270915508
yahoo800k,and,859,54.511125199496746,55.59308920055628
yahoo800k,and,207,55.137439630925655,56.22848402708769
yahoo800k,and,851,53.49947605282068,54.56258077174425
yahoo800k,and,429,56.33488763123751,57.415920309722424
yahoo800k,and,447,70.02893835306168,71.10112346708775
yahoo800k,and,783,54.79645915329456,55.86387123912573
yahoo800k,and,849,70.77550981193781,71.8430383130908
yahoo800k,and,765,55.00204861164093,56.074000895023346
yahoo800k,and,708,56.58541340380907,57.65759851783514
yahoo800k,and,869,54.86735608428717,55.93756213784218
yahoo800k,and,224,54.82207052409649,55.86305633187294
yahoo800k,and,459,74.01430048048496,75.13188757002354
yahoo800k,and,235,54.796808399260044,55.87865598499775
yahoo800k,and,229,55.34815136343241,56.42487667500973
yahoo800k,and,519,54.960488341748714,56.00252188742161
yahoo800k,and,165,53.61682269722223,55.86317274719477
yahoo800k,and,493,56.52324762195349,57.575409300625324
yahoo800k,and,695,67.25394632667303,69.33789700269699
yahoo800k,and,538,54.366420954465866,56.571210734546185
yahoo800k,and,976,54.48213778436184,55.55769894272089
yahoo800k,and,707,55.64966704696417,56.67062941938639
yahoo800k,and,933,55.01240957528353,56.093442253768444
yahoo800k,and,754,54.72253542393446,55.794487707316875
yahoo800k,and,687,55.49890920519829,56.59041926264763
yahoo800k,and,195,70.3419791534543,71.42883259803057
yahoo800k,and,262,70.79541683197021,71.85654249042273
yahoo800k,and,879,54.84744906425476,55.919052101671696
yahoo800k,and,163,66.18525367230177,68.28352343291044
yahoo800k,and,845,66.89585279673338,68.98806896060705
yahoo800k,and,511,56.264339946210384,57.51557182520628
yahoo800k,and,108,54.90705370903015,56.02720193564892
yahoo800k,and,574,54.54511847347021,55.6320883333683
yahoo800k,and,837,54.131029173731804,55.202050134539604
yahoo800k,and,545,54.90751937031746,55.99856376647949
yahoo800k,and,653,56.159449741244316,57.2295393794775
yahoo800k,and,698,56.32347892969847,57.41568747907877
yahoo800k,and,943,56.246062740683556,57.52267315983772
yahoo800k,and,540,72.31335621327162,73.36493581533432
yahoo800k,and,547,54.24558185040951,56.468998081982136
yahoo800k,and,124,55.45793101191521,56.53046537190676
yahoo800k,and,24,56.34536501020193,57.41638597100973
yahoo800k,and,816,54.11496385931969,55.1869161427021
yahoo800k,and,684,54.876902140676975,55.962358601391315
yahoo800k,and,442,55.55304232984781,56.644086726009846
yahoo800k,and,748,54.65559661388397,55.723125115036964
yahoo800k,and,52,56.34548142552376,57.61650390923023
yahoo800k,and,517,55.37841934710741,56.429882533848286
yahoo800k,and,7,53.723459132015705,55.91823719441891
yahoo800k,and,105,56.28413055092096,57.52698052674532
yahoo800k,and,328,66.71599112451077,68.78376007080078
yahoo800k,and,114,56.12894892692566,57.35596641898155
yahoo800k,and,38,74.52722638845444,75.63375402241945
yahoo800k,and,216,54.71683107316494,55.799842812120914
yahoo800k,and,176,53.68003621697426,55.87399937212467
yahoo800k,and,909,54.77108061313629,55.82859739661217
yahoo800k,and,478,54.73685450851917,55.808923207223415
yahoo800k,and,665,54.14115730673075,55.20146805793047
yahoo800k,and,526,55.67364860326052,56.74117710441351
yahoo800k,and,776,55.03138527274132,56.07283674180508
yahoo800k,and,716,56.27062637358904,57.530938647687435
yahoo800k,and,492,56.36049900203943,57.48088005930185
yahoo800k,and,279,54.48097363114357,55.5568840354681
yahoo800k,and,960,56.34489934891462,57.57680628448725
yahoo800k,and,938,55.006472393870354,56.06736522167921
yahoo800k,and,448,54.921722039580345,56.018936447799206
yahoo800k,and,404,74.0961404517293,75.17857011407614
yahoo800k,and,118,63.515850342810154,64.61283192038536
yahoo800k,and,389,70.0108939781785,71.06305565685034
yahoo800k,and,339,53.77200432121754,56.006014347076416
yahoo800k,and,949,54.28190343081951,56.484946981072426
yahoo800k,and,932,70.69483399391174,71.75584323704243
yahoo800k,and,141,55.53336814045906,56.60438910126686
yahoo800k,and,640,55.05629815161228,56.14757537841797
yahoo800k,and,303,56.46492354571819,57.56597965955734
yahoo800k,and,760,54.15698979049921,55.21893035620451
yahoo800k,and,535,54.827542044222355,55.89902866631746
yahoo800k,and,180,53.47933620214462,54.550706408917904
yahoo800k,and,996,66.31365977227688,68.38771514594555
yahoo800k,and,585,71.54140621423721,72.63221777975559
yahoo800k,and,412,56.58436566591263,57.66097456216812
yahoo800k,and,140,72.30904884636402,73.35655391216278
yahoo800k,and,423,56.540011428296566,57.635363191366196
yahoo800k,and,430,54.88842725753784,55.949436500668526
yahoo800k,and,850,65.46825170516968,67.55650974810123
yahoo800k,and,860,72.36364763230085,73.41988384723663
yahoo800k,and,844,54.30052988231182,56.50497041642666
yahoo800k,and,638,56.21463060379028,57.47529212385416
yahoo800k,and,142,55.44349551200867,56.514982134103775
yahoo800k,and,181,55.5884325876832,56.64839409291744
yahoo800k,and,382,74.04747884720564,75.13235323131084
yahoo800k,and,166,66.98304787278175,69.10483352839947
yahoo800k,and,390,54.96153607964516,56.021963246166706
yahoo800k,and,749,54.39086817204952,55.47178443521261
yahoo800k,and,506,66.68397691100836,68.76711267977953
yahoo800k,and,234,54.40646782517433,55.47411274164915
yahoo800k,and,726,56.26864731311798,57.36597813665867
yahoo800k,and,962,56.274235248565674,57.529425248503685
yahoo800k,and,77,56.18517752736807,57.266210205852985
yahoo800k,and,364,66.86383858323097,68.93777754157782
yahoo800k,and,579,78.63703649491072,79.73797619342804
yahoo800k,and,986,54.802047088742256,55.87399937212467
yahoo800k,and,109,65.59875328093767,66.51971489191055
yahoo800k,and,936,78.69326509535313,79.76382039487362
yahoo800k,and,621,54.912641644477844,55.96457049250603
yahoo800k,and,717,70.32440043985844,71.41195237636566
yahoo800k,and,425,54.94267679750919,56.02417513728142
yahoo800k,and,160,56.295073591172695,57.50823765993118
yahoo800k,and,263,53.98108623921871,55.044074542820454
yahoo800k,and,10,53.63998934626579,55.84361497312784
yahoo800k,and,691,55.03825377672911,56.10927473753691
yahoo800k,and,914,66.25917740166187,68.37781984359026
yahoo800k,and,657,55.53802475333214,56.573422625660896
yahoo800k,and,804,53.37991751730442,54.43091504275799
yahoo800k,and,671,54.952921345829964,56.023127399384975
yahoo800k,and,994,66.94614421576262,69.0302113071084
yahoo800k,and,858,54.48213778436184,55.55304232984781
yahoo800k,and,898,54.387375712394714,55.43348379433155
yahoo800k,and,51,71.60194218158722,72.65445310622454
yahoo800k,and,182,63.485000282526016,64.55881521105766
yahoo800k,and,584,54.421951062977314,56.664575822651386
yahoo800k,and,189,53.71100269258022,55.9450127184391
yahoo800k,and,60,54.611475206911564,55.693439207971096
yahoo800k,and,501,55.12160714715719,56.14419933408499
yahoo800k,and,98,54.57131192088127,55.6532759219408
yahoo800k,and,375,54.23184484243393,55.2845885977149
yahoo800k,and,971,74.0105751901865,75.10115392506123
yahoo800k,and,915,54.85897418111563,55.94012327492237
yahoo800k,and,119,54.297735914587975,55.377488024532795
yahoo800k,and,950,54.06083073467016,55.08225876837969
yahoo800k,and,460,54.37643267214298,56.6097442060709
yahoo800k,and,912,66.19817577302456,68.2565150782466
yahoo800k,and,43,53.75978071242571,55.973767302930355
yahoo800k,and,620,55.04698492586613,56.113931350409985
yahoo800k,and,899,53.670257329940796,55.88238127529621
yahoo800k,and,219,55.522192269563675,56.58436566591263
yahoo800k,and,349,54.061878472566605,55.11287599802017
yahoo800k,and,332,54.17643114924431,55.25385495275259
yahoo800k,and,548,54.31158933788538,55.40437996387482
yahoo800k,and,18,54.86654117703438,55.928598158061504
yahoo800k,and,877,55.0256809219718,56.09856452792883
yahoo800k,and,557,55.49250636249781,56.5436203032732
yahoo800k,and,532,53.69109567254782,55.94815593212843
yahoo800k,and,8,54.121133871376514,55.16770761460066
yahoo800k,and,63,54.121832363307476,55.143958888947964
yahoo800k,and,271,54.50262688100338,55.573880672454834
yahoo800k,and,685,53.699943237006664,55.92487286776304
yahoo800k,and,570,62.07660771906376,63.16404324024916
yahoo800k,and,981,54.832431487739086,55.88459316641092
yahoo800k,and,378,54.44069392979145,56.66469223797321
yahoo800k,and,473,54.85245492309332,55.92394154518843
yahoo800k,and,846,66.30795542150736,68.412977270782
yahoo800k,and,556,55.40391430258751,56.444667279720306
yahoo800k,and,700,72.3336124792695,73.35457485169172
yahoo800k,and,534,55.597745813429356,56.68983794748783
yahoo800k,and,388,54.37654908746481,56.57866131514311
yahoo800k,and,49,66.40481296926737,68.47700569778681
yahoo800k,and,457,66.91028829663992,68.98446008563042
yahoo800k,and,120,74.10498801618814,75.16809273511171
yahoo800k,and,183,65.79887121915817,66.7208805680275
yahoo800k,and,580,54.421951062977314,56.6248781979084
yahoo800k,and,537,74.1069670766592,75.17705671489239
yahoo800k,and,581,54.39994856715202,55.46794272959232
yahoo800k,and,957,56.480406783521175,57.71184805780649
yahoo800k,and,450,56.22918251901865,57.440134696662426
yahoo800k,and,990,62.09895946085453,63.16555663943291
yahoo800k,and,553,54.92276977747679,56.05455953627825
yahoo800k,and,246,54.83732093125582,55.86957558989525
yahoo800k,and,315,54.346281103789806,56.57470319420099
yahoo800k,and,613,53.54464519768953,54.611009545624256
yahoo800k,and,17,54.883421398699284,55.9644540771842
yahoo800k,and,59,66.23426452279091,68.33800580352545
yahoo800k,and,127,54.136733524501324,55.19390106201172
yahoo800k,and,565,54.852571338415146,55.928598158061504
yahoo800k,and,90,78.73435970395803,79.78046778589487
yahoo800k,and,25,54.41613029688597,55.453856475651264
yahoo800k,and,551,69.78015881031752,70.84093522280455
yahoo800k,and,144,54.98842801898718,56.04384932667017
yahoo800k,and,101,54.98190876096487,56.05292972177267
yahoo800k,and,210,54.94256038218737,55.9947220608592
yahoo800k,and,808,55.0874974578619,56.15502595901489
yahoo800k,and,843,54.96817175298929,56.03011231869459
yahoo800k,and,130,54.98155951499939,56.053511798381805
yahoo800k,and,452,55.45781459659338,56.5254595130682
yahoo800k,and,464,78.78313772380352,79.86510172486305
yahoo800k,and,385,54.52299956232309,55.535114370286465
yahoo800k,and,618,54.29191514849663,55.31299393624067
yahoo800k,and,795,66.59911014139652,68.68853233754635
yahoo800k,and,598,54.164440371096134,55.24745211005211
yahoo800k,and,259,53.740572184324265,55.95374386757612
yahoo800k,and,244,54.82812412083149,55.889249779284
yahoo800k,and,926,74.53246507793665,75.58474317193031
yahoo800k,and,929,55.74349779635668,56.815450079739094
yahoo800k,and,23,56.55304994434118,57.619414292275906
yahoo800k,and,468,54.2014604434371,55.27236498892307
yahoo800k,and,439,54.200063459575176,55.270036682486534
yahoo800k,and,999,54.96281664818525,56.00356962531805
yahoo800k,and,248,56.29309453070164,57.50602576881647
yahoo800k,and,856,55.72254303842783,56.7735405638814
yahoo800k,and,784,55.61346188187599,56.6849485039711
yahoo800k,and,887,54.33626938611269,55.398326367139816
yahoo800k,and,149,53.71100269258022,55.92429079115391
yahoo800k,and,931,53.68993151932955,55.92347588390112
yahoo800k,and,190,53.73195745050907,55.94058893620968
yahoo800k,and,639,55.001466535031796,56.071323342621326
yahoo800k,and,218,54.24243863672018,55.31345959752798
yahoo800k,and,213,55.61241414397955,56.684366427361965
yahoo800k,and,267,56.178891099989414,57.2308199480176
yahoo800k,and,778,56.260148994624615,57.48204421252012
yahoo800k,and,418,55.50880450755358,56.54979031533003
yahoo800k,and,322,56.38820584863424,57.4642326682806
yahoo800k,and,759,79.78850044310093,80.88047616183758
yahoo800k,and,970,55.72696682065725,56.74990825355053
yahoo800k,and,74,78.75834126025438,79.80060763657093
yahoo800k,and,451,53.74441388994455,55.97330164164305
yahoo800k,and,275,53.70995495468378,55.92394154518843
yahoo800k,and,995,74.50173143297434,75.56250784546137
yahoo800k,and,456,55.04849832504988,56.11940287053585
yahoo800k,and,993,54.903444834053516,55.98424468189478
yahoo800k,and,0,54.87294401973486,55.90973887592554
yahoo800k,and,498,54.36199717223644,55.42859435081482
yahoo800k,and,360,54.63638808578253,55.717420764267445
yahoo800k,and,241,54.21240348368883,55.264332331717014
yahoo800k,and,99,74.45225492119789,75.51733870059252
yahoo800k,and,753,54.36141509562731,56.586344726383686
yahoo800k,and,491,54.020434617996216,55.09157199412584
yahoo800k,and,76,70.13988215476274,71.20112422853708
yahoo800k,and,34,56.620570831000805,57.67249967902899
yahoo800k,and,472,53.6538427695632,55.86293991655111
yahoo800k,and,96,54.917880333960056,55.98983261734247
yahoo800k,and,533,54.82311826199293,55.839656852185726
yahoo800k,and,865,53.67887206375599,55.89192733168602
yahoo800k,and,79,72.12674245238304,73.19787982851267
yahoo800k,and,894,55.55700045078993,56.608463637530804
yahoo800k,and,477,54.3276546522975,56.56236317008734
yahoo800k,and,764,54.83301356434822,55.89495413005352
yahoo800k,and,29,78.74704897403717,79.80898953974247
yahoo800k,and,940,55.723474361002445,56.785414926707745
yahoo800k,and,588,54.93778735399246,56.009856052696705
yahoo800k,and,792,72.33803626149893,73.39904550462961
yahoo800k,and,861,54.97748497873545,56.03407043963671
yahoo800k,and,801,54.50716707855463,55.5581646040082
yahoo800k,and,129,53.530093282461166,54.60111424326897
yahoo800k,and,867,54.30728197097778,56.54105916619301
yahoo800k,and,288,54.290518164634705,55.341050028800964
yahoo800k,and,298,55.65339233726263,56.71533290296793
yahoo800k,and,341,54.67643495649099,55.722426623106
yahoo800k,and,384,54.8830721527338,55.95467519015074
yahoo800k,and,838,54.911128245294094,55.992393754422665
yahoo800k,and,782,54.83347922563553,55.89448846876621
yahoo800k,and,886,54.041389375925064,55.112410336732864
yahoo800k,and,500,54.86235022544861,55.913347750902176
yahoo800k,and,167,56.29041697829962,57.51184653490782
yahoo800k,and,444,56.23442120850086,57.30998236685991
yahoo800k,and,988,54.892501793801785,55.96363916993141
yahoo800k,and,16,56.265038438141346,57.30695556849241
yahoo800k,and,239,53.74196916818619,55.963872000575066
yahoo800k,and,128,53.6871375516057,55.9147447347641
yahoo800k,and,417,55.43732549995184,56.52930121868849
yahoo800k,and,228,54.37107756733894,55.43243605643511
yahoo800k,and,567,54.04581315815449,55.106705985963345
yahoo800k,and,153,54.65792492032051,55.69984205067158
yahoo800k,and,70,54.79156970977783,55.868178606033325
yahoo800k,and,83,56.48820661008358,57.52139259129763
yahoo800k,and,697,56.225573644042015,57.45736416429281
yahoo800k,and,445,54.45093847811222,55.523356422781944
yahoo800k,and,179,70.96689660102129,72.04781286418438
yahoo800k,and,668,55.00786937773228,56.06433842331171
yahoo800k,and,552,56.280288845300674,57.532452046871185
yahoo800k,and,441,56.228251196444035,57.43128713220358
yahoo800k,and,606,69.87492088228464,70.95583714544773
yahoo800k,and,836,56.16201087832451,57.4248842895031
yahoo800k,and,563,54.946751333773136,55.999611504375935
yahoo800k,and,905,54.02136594057083,55.073294788599014
yahoo800k,and,201,53.702620789408684,55.93558307737112
yahoo800k,and,211,54.031494073569775,55.08738104254007
yahoo800k,and,615,56.28552753478289,57.52767901867628
yahoo800k,and,568,78.85764352977276,79.93949111551046
yahoo800k,and,622,56.625925935804844,57.69648123532534
yahoo800k,and,712,54.21519745141268,55.266194976866245
yahoo800k,and,677,56.28343205899,57.322089560329914
yahoo800k,and,436,54.35303319245577,55.44500891119242
yahoo800k,and,208,54.307165555655956,55.328127928078175
yahoo800k,and,406,71.4980997145176,72.55934178829193
yahoo800k,and,961,55.60903809964657,56.69891834259033
yahoo800k,and,756,55.75409159064293,56.81568291038275
yahoo800k,and,106,56.23896140605211,57.47179966419935
yahoo800k,and,602,53.609954193234444,55.82394078373909
yahoo800k,and,75,54.77201193571091,55.834418162703514
yahoo800k,and,770,54.105534218251705,55.17282988876104
yahoo800k,and,159,66.33531302213669,68.41844879090786
yahoo800k,and,147,55.4332509636879,56.51544779539108
yahoo800k,and,81,55.403681471943855,56.46515637636185
yahoo800k,and,662,54.421485401690006,56.6054368391633
yahoo800k,and,586,54.6721275895834,55.718584917485714
yahoo800k,and,419,54.67236042022705,55.763404816389084
yahoo800k,and,881,54.020434617996216,55.11031486093998
yahoo800k,and,151,54.216478019952774,55.27841858565807
yahoo800k,and,944,65.97850006073713,66.90993905067444
yahoo800k,and,427,53.590862080454826,55.811950005590916
yahoo800k,and,396,54.366420954465866,55.448152124881744
yahoo800k,or,248,58.20137448608875,60.54982077330351
yahoo800k,or,305,60.466816648840904,62.84983828663826
yahoo800k,or,433,58.622448705136776,61.01641338318586
yahoo800k,or,851,55.73011003434658,58.10300353914499
yahoo800k,or,514,58.52803587913513,60.92048715800047
yahoo800k,or,685,53.85919939726591,56.204269640147686
yahoo800k,or,500,53.09050902724266,55.473996326327324
yahoo800k,or,137,53.916824981570244,56.31009116768837
yahoo800k,or,245,63.95019590854645,66.31948053836823
yahoo800k,or,763,63.88092879205942,66.24497473239899
yahoo800k,or,69,60.99685560911894,63.36974911391735
yahoo800k,or,280,57.47785326093435,59.84120070934296
yahoo800k,or,274,63.41456901282072,65.7886266708374
yahoo800k,or,954,55.6696904823184,58.06318949908018
yahoo800k,or,761,60.35983096808195,62.743318267166615
yahoo800k,or,432,57.45096132159233,59.81419235467911
yahoo800k,or,192,55.552576668560505,57.92116280645132
yahoo800k,or,774,55.77842239290476,58.131059631705284
yahoo800k,or,538,60.38125138729811,62.764622271060944
yahoo800k,or,793,58.352830819785595,60.74679549783468
yahoo800k,or,298,53.89645230025053,56.25037010759115
yahoo800k,or,256,62.50385195016861,64.86731581389904
yahoo800k,or,355,53.34184970706701,55.71835208684206
yahoo800k,or,344,63.441344536840916,65.81749767065048
yahoo800k,or,822,67.9319491609931,70.35548333078623
yahoo800k,or,272,55.51299545913935,57.871569879353046
yahoo800k,or,795,53.06920502334833,55.4319703951478
yahoo800k,or,7,68.08759644627571,70.45152597129345
yahoo800k,or,33,56.39507435262203,58.76971408724785
yahoo800k,or,744,58.31627640873194,60.76053250581026
yahoo800k,or,205,58.61895624548197,60.99103484302759
yahoo800k,or,184,62.559498474001884,64.9626599624753
yahoo800k,or,386,57.33070429414511,59.71489008516073
yahoo800k,or,121,65.15835411846638,67.50307511538267
yahoo800k,or,880,56.721619330346584,59.110112488269806
yahoo800k,or,31,57.827215641736984,60.18893327564001
yahoo800k,or,541,57.822209782898426,60.186139307916164
yahoo800k,or,704,59.67007018625736,62.03795783221722
yahoo800k,or,837,60.00522989779711,62.378356233239174
yahoo800k,or,242,62.11258005350828,64.47196938097477
yahoo800k,or,420,64.48174826800823,66.86558481305838
yahoo800k,or,465,58.37343633174896,60.7464462518692
yahoo800k,or,687,59.97740663588047,62.34704051166773
yahoo800k,or,151,56.240009143948555,58.61395038664341
yahoo800k,or,135,66.93997420370579,69.33847907930613
yahoo800k,or,127,53.429859690368176,55.79472053796053
yahoo800k,or,307,56.16922862827778,58.54293704032898
yahoo800k,or,340,57.75492172688246,60.17996929585934
yahoo800k,or,415,59.64352749288082,61.998493038117886
yahoo800k,or,267,66.20585918426514,68.56885738670826
yahoo800k,or,85,58.48670843988657,60.86565554141998
yahoo800k,or,156,55.55327516049147,57.927099987864494
yahoo800k,or,547,62.559498474001884,64.96242713183165
yahoo800k,or,949,62.74890620261431,65.12191612273455
yahoo800k,or,94,56.309159845113754,58.70428867638111
yahoo800k,or,146,50.47593731433153,52.84894723445177
yahoo800k,or,940,57.67063703387976,60.0544735789299
yahoo800k,or,199,58.682519011199474,61.05680949985981
yahoo800k,or,434,58.30638110637665,60.68509537726641
yahoo800k,or,268,53.21332719177008,55.578420870006084
yahoo800k,or,794,60.966238379478455,63.34926001727581
yahoo800k,or,598,57.039433158934116,59.428042732179165
yahoo800k,or,821,58.32233000546694,60.685561038553715
yahoo800k,or,918,59.05458237975836,61.437604017555714
yahoo800k,or,524,60.53503602743149,62.90804594755173
yahoo800k,or,971,65.72867278009653,68.10703780502081
yahoo800k,or,644,63.505605794489384,65.89957047253847
yahoo800k,or,456,59.399171732366085,61.74866575747728
yahoo800k,or,297,60.48171781003475,62.873936258256435
yahoo800k,or,737,62.724342569708824,65.03832992166281
yahoo800k,or,662,53.05442027747631,55.424170568585396
yahoo800k,or,494,60.996972024440765,63.35088983178139
yahoo800k,or,211,53.50494757294655,55.89798092842102
yahoo800k,or,220,63.43016866594553,65.80248009413481
yahoo800k,or,200,55.62417209148407,58.03711246699095
yahoo800k,or,936,57.706842198967934,60.09009666740894
yahoo800k,or,343,62.314909882843494,64.7067790850997
yahoo800k,or,29,60.90500392019749,63.268933445215225
yahoo800k,or,398,60.3358494117856,62.700011767446995
yahoo800k,or,236,62.19209171831608,64.57534618675709
yahoo800k,or,758,55.57248368859291,57.9755287617445
yahoo800k,or,449,60.860649682581425,63.25519643723965
yahoo800k,or,40,53.28981205821037,55.69285713136196
yahoo800k,or,440,57.185301557183266,59.54294465482235
yahoo800k,or,281,60.55471021682024,62.918406911194324
yahoo800k,or,337,55.74291571974754,58.11708979308605
yahoo800k,or,646,55.04372529685497,57.41720087826252
yahoo800k,or,261,66.84998515993357,69.20855958014727
yahoo800k,or,462,65.7825730741024,68.17537359893322
yahoo800k,or,457,55.907294154167175,58.30172449350357
yahoo800k,or,839,57.680532336235046,60.04550959914923
yahoo800k,or,158,57.2762219235301,59.639569371938705
yahoo800k,or,49,61.1466821283102,63.52062337100506
yahoo800k,or,956,62.25192919373512,64.61655721068382
yahoo800k,or,481,58.115459978580475,60.490332543849945
yahoo800k,or,942,61.04644853621721,63.41037806123495
yahoo800k,or,25,58.24165418744087,60.63561886548996
yahoo800k,or,410,57.74653982371092,60.110236518085
yahoo800k,or,957,63.074054196476936,65.4527684673667
yahoo800k,or,770,55.67213520407677,58.03711246699095
yahoo800k,or,703,66.86488632112741,69.22346074134111
yahoo800k,or,613,58.52896720170975,60.881488025188446
yahoo800k,or,675,58.662379160523415,61.03748455643654
yahoo800k,or,266,60.16530096530914,62.54378240555525
yahoo800k,or,589,55.612996220588684,57.98693746328354
yahoo800k,or,431,60.811638832092285,63.164858147501945
yahoo800k,or,990,59.94865205138922,62.323641031980515
yahoo800k,or,659,64.74158726632595,67.11494643241167
yahoo800k,or,581,58.808596804738045,61.20721809566021
yahoo800k,or,42,57.76539910584688,60.16285624355078
yahoo800k,or,882,60.68986840546131,63.069513998925686
yahoo800k,or,390,60.99720485508442,63.365790992975235
yahoo800k,or,619,57.37133324146271,59.76541433483362
yahoo800k,or,408,59.23409480601549,61.6173492744565
yahoo800k,or,899,58.50871093571186,60.892547480762005
yahoo800k,or,767,55.498210713267326,57.87191912531853
yahoo800k,or,832,58.60684905201197,60.99080201238394
yahoo800k,or,374,50.09607411921024,52.478862926363945
yahoo800k,or,961,61.042956076562405,63.42947017401457
yahoo800k,or,421,58.86692088097334,61.211991123855114
yahoo800k,or,564,59.44829899817705,61.84226367622614
yahoo800k,or,683,54.00576628744602,56.36969581246376
yahoo800k,or,930,60.74609700590372,63.135637901723385
yahoo800k,or,279,50.266156904399395,52.63998173177242
yahoo800k,or,77,59.77926775813103,62.154605984687805
yahoo800k,or,369,57.43629299104214,59.81023423373699
yahoo800k,or,574,60.98696030676365,63.38965613394976
yahoo800k,or,629,60.33934187144041,62.743318267166615
yahoo800k,or,79,61.44377402961254,63.831452280282974
yahoo800k,or,965,55.73290400207043,58.10684524476528
yahoo800k,or,906,61.56240124255419,63.96602839231491
yahoo800k,or,775,62.67859134823084,65.03192707896233
yahoo800k,or,160,59.14329085499048,61.56053859740496
yahoo800k,or,926,59.47367753833532,61.845872551202774
yahoo800k,or,667,61.30791734904051,63.68209142237902
yahoo800k,or,198,54.897041991353035,57.2610879316926
yahoo800k,or,553,59.79579873383045,62.199775129556656
yahoo800k,or,72,58.52046888321638,60.88544614613056
yahoo800k,or,406,54.49086893349886,56.86457734555006
yahoo800k,or,624,64.62738383561373,67.00132507830858
yahoo800k,or,567,52.44801286607981,54.83557470142841
yahoo800k,or,113,56.187971495091915,58.62198304384947
yahoo800k,or,679,60.24132017046213,62.62038368731737
yahoo800k,or,88,61.09150126576424,63.474406488239765
yahoo800k,or,87,55.02335261553526,57.39566404372454
yahoo800k,or,601,56.57935980707407,58.962730690836906
yahoo800k,or,174,50.17942748963833,52.523682825267315
yahoo800k,or,549,53.19446790963411,55.558630265295506
yahoo800k,or,933,59.61919669061899,61.997328884899616
yahoo800k,or,783,65.86324889212847,68.2029640302062
yahoo800k,or,977,55.73930684477091,58.1259373575449
yahoo800k,or,99,55.3282443434,57.710916735231876
yahoo800k,or,907,53.51542495191097,55.88505882769823
yahoo800k,or,735,50.296192057430744,52.67269443720579
yahoo800k,or,747,54.943026043474674,57.326280511915684
yahoo800k,or,92,53.19982301443815,55.56328687816858
yahoo800k,or,536,54.552569054067135,56.91475234925747
yahoo800k,or,165,59.92548540234566,62.279170379042625
yahoo800k,or,169,50.150672905147076,52.54440475255251
yahoo800k,or,739,57.59263876825571,59.95610263198614
yahoo800k,or,254,57.74572491645813,60.119316913187504
yahoo800k,or,991,56.48902151733637,58.843172155320644
yahoo800k,or,227,63.666608184576035,66.04054942727089
yahoo800k,or,306,63.665094785392284,66.03251677006483
yahoo800k,or,250,60.83131302148104,63.204788602888584
yahoo800k,or,112,58.50254092365503,60.866703279316425
yahoo800k,or,860,57.20136687159538,59.56948734819889
yahoo800k,or,292,54.00541704148054,56.36888090521097
yahoo800k,or,294,58.495672419667244,60.88032387197018
yahoo800k,or,608,60.31629163771868,62.670325860381126
yahoo800k,or,178,54.357340559363365,56.75153806805611
yahoo800k,or,361,53.896219469606876,56.280288845300674
yahoo800k,or,863,66.16988684982061,68.5439445078373
yahoo800k,or,987,63.07440344244242,65.41842594742775
yahoo800k,or,791,52.99912299960852,55.393087677657604
yahoo800k,or,984,59.58462134003639,61.947968788444996
yahoo800k,or,95,58.13268944621086,60.506630688905716
yahoo800k,or,972,56.32825195789337,58.70324093848467
yahoo800k,or,510,63.8103811070323,66.19351916015148
yahoo800k,or,736,57.63699300587177,60.00895518809557
yahoo800k,or,219,57.290890254080296,59.663900174200535
yahoo800k,or,321,54.951757192611694,57.32639692723751
yahoo800k,or,573,62.372419051826,64.76056296378374
yahoo800k,or,270,53.460244089365005,55.84873724728823
yahoo800k,or,271,53.53940650820732,55.93243986368179
yahoo800k,or,647,57.98193160444498,60.364953242242336
yahoo800k,or,760,60.31047087162733,62.692794017493725
yahoo800k,or,932,58.55876952409744,60.95203571021557
yahoo800k,or,914,55.63371814787388,58.007193729281425
yahoo800k,or,129,58.60812962055206,60.977647081017494
yahoo800k,or,996,60.42059976607561,62.805251218378544
yahoo800k,or,89,57.19158798456192,59.58403926342726
yahoo800k,or,544,59.785787016153336,62.17788904905319
yahoo800k,or,517,59.725367464125156,62.08883132785559
yahoo800k,or,144,62.44494579732418,64.82843309640884
yahoo800k,or,207,57.43734072893858,59.80150308459997
yahoo800k,or,4,58.546895161271095,60.930848121643066
yahoo800k,or,389,58.99439565837383,61.368453316390514
yahoo800k,or,230,50.25533027946949,52.64836363494396
yahoo800k,or,508,50.2696493640542,52.65744403004646
yahoo800k,or,867,57.07563832402229,59.459591284394264
yahoo800k,or,718,53.27514372766018,55.67155312746763
yahoo800k,or,264,64.53669629991055,66.91634189337492
yahoo800k,or,173,50.21051038056612,52.59260069578886
yahoo800k,or,640,57.73664452135563,60.10173819959164
yahoo800k,or,570,55.76480180025101,58.147008530795574
yahoo800k,or,943,63.5052565485239,65.90306293219328
yahoo800k,or,632,55.773998610675335,58.15748590976
yahoo800k,or,262,66.40853825956583,68.78690328449011
yahoo800k,or,875,62.57300265133381,64.94601257145405
yahoo800k,or,78,66.31482392549515,68.69726348668337
yahoo800k,or,505,55.741751566529274,58.10381844639778
yahoo800k,or,152,62.67940625548363,65.07209036499262
yahoo800k,or,164,55.6817976757884,58.06621629744768
yahoo800k,or,516,55.732554756104946,58.11674054712057
yahoo800k,or,842,67.72193592041731,70.10402623564005
yahoo800k,or,995,59.62909199297428,61.99837662279606
yahoo800k,or,244,57.380879297852516,59.734913520514965
yahoo800k,or,393,53.450348787009716,55.813463404774666
yahoo800k,or,741,53.175841458141804,55.54943345487118
yahoo800k,or,911,53.17456088960171,55.55769894272089
yahoo800k,or,843,62.61433009058237,64.99188020825386
yahoo800k,or,44,53.929281421005726,56.314398534595966
yahoo800k,or,720,65.43181370943785,67.80598778277636
yahoo800k,or,725,56.46469071507454,58.862147852778435
yahoo800k,or,251,53.30971907824278,55.68843334913254
yahoo800k,or,11,59.15260408073664,61.53644062578678
yahoo800k,or,886,66.06895476579666,68.45185998827219
yahoo800k,or,733,60.92188414186239,63.27603477984667
yahoo800k,or,627,63.43098357319832,65.78490138053894
yahoo800k,or,732,50.15998613089323,52.528572268784046
yahoo800k,or,686,59.67472679913044,62.03819066286087
yahoo800k,or,571,50.15044007450342,52.52298433333635
yahoo800k,or,191,62.57346831262112,64.91760723292828
yahoo800k,or,148,57.60591011494398,59.99940913170576
yahoo800k,or,887,54.28690928965807,56.65107164531946
yahoo800k,or,311,59.92909427732229,62.31211591511965
yahoo800k,or,108,58.00335202366114,60.34481339156628
yahoo800k,or,688,65.86755625903606,68.24242882430553
yahoo800k,or,530,57.75038152933121,60.098362155258656
yahoo800k,or,916,53.75908222049475,56.15351255983114
yahoo800k,or,746,58.32198075950146,60.71606185287237
yahoo800k,or,797,52.953604608774185,55.34756928682327
yahoo800k,or,658,61.48742977529764,63.860323280096054
yahoo800k,or,23,59.692421928048134,62.07730621099472
yahoo800k,or,366,55.85199687629938,58.20649676024914
yahoo800k,or,486,58.48368164151907,60.86763460189104
yahoo800k,or,66,54.973410442471504,57.307188399136066
yahoo800k,or,600,57.676807045936584,60.071004554629326
yahoo800k,or,136,59.808953665196896,62.16310430318117
yahoo800k,or,345,57.01009649783373,59.393118135631084
yahoo800k,or,788,61.00093014538288,63.384068198502064
yahoo800k,or,83,57.85631947219372,60.229795053601265
yahoo800k,or,556,54.02474198490381,56.389253586530685
yahoo800k,or,327,58.041769079864025,60.39545405656099
yahoo800k,or,436,59.630139730870724,61.98452319949865
yahoo800k,or,119,54.98237442225218,57.379831559956074
yahoo800k,or,921,63.4659081697464,65.82005880773067
yahoo800k,or,614,59.744808822870255,62.13888991624117
yahoo800k,or,128,55.22184073925018,57.58588667958975
yahoo800k,or,400,59.17786620557308,61.56298331916332
yahoo800k,or,176,62.569743022322655,64.92284592241049
yahoo800k,or,367,58.64782724529505,61.02211773395538
yahoo800k,or,181,59.194047935307026,61.54703442007303
yahoo800k,or,579,55.357697419822216,57.74537567049265
yahoo800k,or,923,60.24597678333521,62.614562921226025
yahoo800k,or,461,50.165457651019096,52.54056304693222
yahoo800k,or,73,59.913843870162964,62.26787809282541
yahoo800k,or,455,54.21997047960758,56.59344606101513
yahoo800k,or,986,66.8838620185852,69.28283255547285
yahoo800k,or,856,55.43383304029703,57.836296036839485
yahoo800k,or,197,63.43447603285313,65.77745079994202
yahoo800k,or,650,53.55477333068848,55.93779496848583
yahoo800k,or,973,58.87739825993776,61.240862123668194
yahoo800k,or,946,55.04302680492401,57.43082147091627
yahoo800k,or,116,58.297417126595974,60.63573528081179
yahoo800k,or,695,55.64361345022917,57.99788050353527
yahoo800k,or,392,60.05004979670048,62.413979321718216
yahoo800k,or,328,66.2199454382062,68.60343273729086
yahoo800k,or,992,59.54888183623552,61.88289262354374
yahoo800k,or,296,57.221041060984135,59.57856774330139
yahoo800k,or,618,55.15280645340681,57.49589763581753
yahoo800k,or,469,62.585342675447464,64.96720016002655
yahoo800k,or,15,62.54413165152073,64.91714157164097
yahoo800k,or,470,60.616410337388515,62.96986248344183
yahoo800k,or,605,55.84396421909332,58.18251520395279
yahoo800k,or,193,52.48293746262789,54.85687870532274
yahoo800k,or,472,62.88487929850817,65.22343028336763
yahoo800k,or,454,58.51360037922859,60.8968548476696
yahoo800k,or,62,65.42331539094448,67.8052892908454
yahoo800k,or,668,64.701191149652,67.06616841256618
yahoo800k,or,651,53.155235946178436,55.53767550736666
yahoo800k,or,226,59.84783638268709,62.20303475856781
yahoo800k,or,819,59.69533231109381,62.07835394889116
yahoo800k,or,37,54.908101446926594,57.28006362915039
yahoo800k,or,673,60.4093074798584,62.76334170252085
yahoo800k,or,820,62.6853434368968,65.05893543362617
yahoo800k,or,582,55.87865598499775,58.25806874781847
yahoo800k,or,75,64.37231786549091,66.76616612821817
yahoo800k,or,217,53.489464335143566,55.853393860161304
yahoo800k,or,284,60.009886510670185,62.38394416868687
yahoo800k,or,958,55.792974308133125,58.16691555082798
yahoo800k,or,263,55.76317198574543,58.13816096633673
yahoo800k,or,951,59.619080275297165,61.972183175385
yahoo800k,or,428,59.987884014844894,62.33295425772667
yahoo800k,or,105,60.38066931068897,62.734587118029594
yahoo800k,or,290,55.83721213042736,58.21941886097193
yahoo800k,or,829,62.75286432355642,65.10666571557522
yahoo800k,or,26,54.01065573096275,56.36923015117645
yahoo800k,or,411,55.80531433224678,58.16761404275894
yahoo800k,or,855,58.691599406301975,61.049358919262886
yahoo800k,or,715,53.40494681149721,55.78296259045601
yahoo800k,or,665,50.09060259908438,52.44917701929808
yahoo800k,or,98,59.58403926342726,61.93260196596384
yahoo800k,or,895,66.26418326050043,68.60808935016394
yahoo800k,or,352,62.39872891455889,64.74042311310768
yahoo800k,or,649,58.4825174883008,60.87170913815498
yahoo800k,or,974,55.70345092564821,58.06749686598778
yahoo800k,or,719,62.15204484760761,64.53099194914103
yahoo800k,or,138,60.01361180096865,62.3572850599885
yahoo800k,or,532,65.45858923345804,67.84719880670309
yahoo800k,or,698,54.38702646642923,56.73500709235668
yahoo800k,or,412,55.74291571974754,58.12477320432663
yahoo800k,or,529,65.71423728018999,68.06687451899052
yahoo800k,or,922,62.67824210226536,65.05311466753483
yahoo800k,or,634,55.478187277913094,57.81289655715227
yahoo800k,or,817,62.67859134823084,65.02808537334204
yahoo800k,or,212,59.61291026324034,61.97637412697077
yahoo800k,or,980,67.32717156410217,69.70111280679703
yahoo800k,or,488,61.613041907548904,63.94705269485712
yahoo800k,or,246,59.45400334894657,61.818165704607964
yahoo800k,or,909,57.8220933675766,60.1854408159852
yahoo800k,or,368,59.5699530094862,61.962404288351536
yahoo800k,or,61,58.56330972164869,60.91140676289797
yahoo800k,or,915,62.49849684536457,64.84263576567173
yahoo800k,or,596,53.59912756830454,55.987038649618626
yahoo800k,or,769,57.32639692723751,59.688580222427845
yahoo800k,or,395,68.02089046686888,70.37341129034758
yahoo800k,or,776,57.74188321083784,60.104881413280964
yahoo800k,or,120,53.16559690982103,55.524054914712906
yahoo800k,or,240,58.61988756805658,60.98172161728144
yahoo800k,or,531,57.916389778256416,60.24935282766819
yahoo800k,or,702,62.072998844087124,64.43611346185207
yahoo800k,or,518,61.61711644381285,63.99455014616251
yahoo800k,or,5,67.93683860450983,70.31101267784834
yahoo800k,or,692,55.272714234888554,57.617551647126675
yahoo800k,or,223,56.44001066684723,58.804056607186794
yahoo800k,or,24,67.00388621538877,69.3474430590868
yahoo800k,or,901,59.023150242865086,61.40046752989292
yahoo800k,or,35,60.184625908732414,62.563223764300346
yahoo800k,or,232,56.53500556945801,58.87914448976517
yahoo800k,or,807,57.34630394726992,59.715122915804386
yahoo800k,or,493,54.817297495901585,57.181576266884804
yahoo800k,or,900,61.4505261182785,63.79012484103441
yahoo800k,or,948,62.122358940541744,64.50572982430458
yahoo800k,or,208,60.93189585953951,63.29047027975321
yahoo800k,or,953,60.56565325707197,62.909675762057304
yahoo800k,or,754,57.250261306762695,59.5941673964262
yahoo800k,or,237,57.49613046646118,59.879617765545845
yahoo800k,or,336,55.027659982442856,57.39100743085146
yahoo800k,or,444,54.04581315815449,56.429533287882805
yahoo800k,or,82,58.7383983656764,61.11152470111847
yahoo800k,or,967,59.54375956207514,61.94750312715769
yahoo800k,or,588,62.74459883570671,65.09292870759964
yahoo800k,or,637,58.56796633452177,60.922116972506046
yahoo800k,or,660,68.08689795434475,70.45932579785585
yahoo800k,or,8,62.63854447752237,65.01202005892992
yahoo800k,or,215,59.92315709590912,62.25821562111378
yahoo800k,or,543,49.94415212422609,52.30808164924383
yahoo800k,or,592,59.30999759584665,61.67253013700247
yahoo800k,or,849,54.907635785639286,57.28949327021837
yahoo800k,or,22,58.76633804291487,61.10582035034895
yahoo800k,or,54,61.576953157782555,63.94111551344395
yahoo800k,or,853,56.17516580969095,58.548059314489365
yahoo800k,or,846,60.56041456758976,62.915380112826824
yahoo800k,or,537,59.273093938827515,61.62608042359352
yahoo800k,or,302,54.94267679750919,57.34153091907501
yahoo800k,or,38,58.712437748909,61.077531427145004
yahoo800k,or,21,57.86714609712362,60.23107562214136
yahoo800k,or,566,53.54895256459713,55.883196182549
yahoo800k,or,655,57.191005907952785,59.57519169896841
yahoo800k,or,359,61.04074418544769,63.403043895959854
yahoo800k,or,569,58.57180804014206,60.93538831919432
yahoo800k,or,117,56.47900979965925,58.854115195572376
yahoo800k,or,812,61.042141169309616,63.37522063404322
yahoo800k,or,399,53.54033783078194,55.91253284364939
yahoo800k,or,539,66.44497625529766,68.8093714416027
yahoo800k,or,699,58.84398706257343,61.20256148278713
yahoo800k,or,427,62.69256118685007,65.06103090941906
yahoo800k,or,57,57.17040039598942,59.513491578400135
yahoo800k,or,56,55.35827949643135,57.71184805780649
yahoo800k,or,394,53.96560300141573,56.328484788537025
yahoo800k,or,802,60.75063720345497,63.10921162366867
yahoo800k,or,808,54.03649993240833,56.38948641717434
yahoo800k,or,559,55.5521110072732,57.93524906039238
yahoo800k,or,323,56.214514188468456,58.60778037458658
yahoo800k,or,110,49.934955313801765,52.30901297181845
yahoo800k,or,373,55.71485962718725,58.08821879327297
yahoo800k,or,584,60.4650704190135,62.833656556904316
yahoo800k,or,70,62.59488873183727,65.00212475657463
yahoo800k,or,966,63.53296339511871,65.91691635549068
yahoo800k,or,12,50.13518966734409,52.516814321279526
yahoo800k,or,28,62.68848665058613,65.07162470370531
yahoo800k,or,803,55.25222513824701,57.62139335274696
yahoo800k,or,871,58.23757965117693,60.61093881726265
yahoo800k,or,299,60.97217556089163,63.328538089990616
yahoo800k,or,291,59.116980992257595,61.472062952816486
yahoo800k,or,354,61.0424904152751,63.40991239994764
yahoo800k,or,540,56.42371252179146,58.80661774426699
yahoo800k,or,834,54.00693044066429,56.380871683359146
yahoo800k,or,382,62.735285609960556,65.1282025501132
yahoo800k,or,102,61.07729859650135,63.43086715787649
yahoo800k,or,670,59.09299943596125,61.47159729152918
yahoo800k,or,107,54.841977544128895,57.20485933125019
yahoo800k,or,247,54.68656308948994,57.07959644496441
yahoo800k,or,771,60.87112706154585,63.22353146970272
yahoo800k,or,325,54.98109385371208,57.385070249438286
yahoo800k,or,572,55.047101341187954,57.4158038944006
yahoo800k,or,356,57.26178642362356,59.67926699668169
yahoo800k,or,203,59.141311794519424,61.46542727947235
yahoo800k,or,657,55.59867713600397,57.96249024569988
yahoo800k,or,498,66.92111492156982,69.28970105946064
yahoo800k,or,167,55.69250788539648,58.04758984595537
yahoo800k,or,202,53.52054722607136,55.902404710650444
yahoo800k,or,43,60.49463991075754,62.85856943577528
yahoo800k,or,377,56.558288633823395,58.94177593290806
yahoo800k,or,330,59.068319387733936,61.44086364656687
yahoo800k,or,893,64.68698848038912,67.0494046062231
yahoo800k,or,32,63.867075368762016,66.25009700655937
yahoo800k,or,885,62.34436295926571,64.68768697232008
yahoo800k,or,313,56.121498346328735,58.51336754858494
yahoo800k,or,697,60.21594163030386,62.57451605051756
yahoo800k,or,622,53.319032303988934,55.67201878875494
yahoo800k,or,818,62.899431213736534,65.24333730340004
yahoo800k,or,872,57.495199143886566,59.84934978187084
yahoo800k,or,931,53.04464139044285,55.40833808481693
yahoo800k,or,195,55.48412445932627,57.856435887515545
yahoo800k,or,502,55.64955063164234,58.01802035421133
yahoo800k,or,453,57.60835483670235,59.981015510857105
yahoo800k,or,859,57.40206688642502,59.75610110908747
yahoo800k,or,68,57.20555782318115,59.57926623523235
yahoo800k,or,844,58.64875856786966,61.00162863731384
yahoo800k,or,257,60.746679082512856,63.109793700277805
yahoo800k,or,645,59.22350101172924,61.57183088362217
yahoo800k,or,228,54.055824875831604,56.39996379613876
yahoo800k,or,801,60.52141543477774,62.88557779043913
yahoo800k,or,554,59.21779666095972,61.57252937555313
yahoo800k,or,917,55.66340405493975,58.04153624922037
yahoo800k,or,707,53.46955731511116,55.87749183177948
yahoo800k,or,988,64.61539305746555,66.99387449771166
yahoo800k,or,779,67.6255440339446,69.99995093792677
yahoo800k,or,372,59.388927184045315,61.74203008413315
yahoo800k,or,496,56.09891377389431,58.467499911785126
yahoo800k,or,551,58.337231166660786,60.70139352232218
yahoo800k,or,175,59.404061175882816,61.77800241857767
yahoo800k,or,708,64.70223888754845,67.06127896904945
yahoo800k,or,577,64.53553214669228,66.90528243780136
yahoo800k,or,471,60.59580482542515,62.96043284237385
yahoo800k,or,278,54.91613410413265,57.30998236685991
yahoo800k,or,805,53.94627805799246,56.304619647562504
yahoo800k,or,150,53.314375691115856,55.688549764454365
yahoo800k,or,836,59.70476195216179,62.06869147717953
yahoo800k,or,309,58.89055319130421,61.264378018677235
yahoo800k,or,745,60.481601394712925,62.839011661708355
yahoo800k,or,334,62.22887896001339,64.60293661803007
yahoo800k,or,495,58.28274879604578,60.62688771635294
yahoo800k,or,258,58.446312323212624,60.815014876425266
yahoo800k,or,218,60.48532668501139,62.82387766987085
yahoo800k,or,485,61.42677739262581,63.77534009516239
yahoo800k,or,905,57.7680766582489,60.13084203004837
yahoo800k,or,396,54.91136107593775,57.30579141527414
yahoo800k,or,84,59.183454141020775,61.56205199658871
yahoo800k,or,260,53.064897656440735,55.47003820538521
yahoo800k,or,607,63.28953895717859,65.75370207428932
yahoo800k,or,474,59.922924265265465,62.30711005628109
yahoo800k,or,939,55.71986548602581,58.083212934434414
yahoo800k,or,114,57.17575550079346,59.545389376580715
yahoo800k,or,535,60.03945600241423,62.40175571292639
yahoo800k,or,594,59.494748711586,61.90384738147259
yahoo800k,or,76,66.34811870753765,68.7306746840477
yahoo800k,or,186,64.78233262896538,67.14696064591408
yahoo800k,or,204,58.75818897038698,61.1376017332077
yahoo800k,or,375,55.57865370064974,57.96249024569988
yahoo800k,or,696,63.655199483036995,66.02739449590445
yahoo800k,or,757,58.739446103572845,61.15366704761982
yahoo800k,or,565,55.908458307385445,58.25248081237078
yahoo800k,or,884,58.38717333972454,60.781254433095455
yahoo800k,or,800,55.718584917485714,58.082398027181625
yahoo800k,or,482,57.76423495262861,60.13957317918539
yahoo800k,or,525,62.54750769585371,64.89257793873549
yahoo800k,or,813,68.1782839819789,70.56118920445442
yahoo800k,or,927,62.65274714678526,64.99688606709242
yahoo800k,or,997,57.405442930758,59.788464568555355
yahoo800k,or,13,50.16033537685871,52.50377580523491
yahoo800k,or,857,64.62144665420055,67.00470112264156
yahoo800k,or,391,62.628183513879776,65.00119343400002
yahoo800k,or,459,60.39475556463003,62.798731960356236
yahoo800k,or,623,64.54612594097853,66.92856550216675
yahoo800k,or,314,59.49893966317177,61.873928643763065
yahoo800k,or,189,59.5760066062212,61.959028244018555
yahoo800k,or,714,65.42925257235765,67.80202966183424
yahoo800k,or,561,55.813463404774666,58.16854536533356
yahoo800k,or,14,58.69136657565832,61.07648368924856
yahoo800k,or,780,59.527927078306675,61.89313717186451
yahoo800k,or,749,57.690427638590336,60.085090808570385
yahoo800k,or,182,56.4398942515254,58.807781897485256
yahoo800k,or,201,62.4778913334012,64.84193727374077
yahoo800k,or,235,54.31985482573509,56.673306971788406
yahoo800k,or,243,59.10452455282211,61.48358806967735
yahoo800k,or,131,59.81873255223036,62.16694600880146
yahoo800k,or,841,66.49910937994719,68.86408664286137
yahoo800k,or,753,55.79774733632803,58.16202610731125
yahoo800k,or,492,63.26998118311167,65.67360833287239
yahoo800k,or,364,53.19016054272652,55.54337985813618
yahoo800k,or,159,56.19868170469999,58.56272764503956
yahoo800k,or,533,54.159900173544884,56.48506339639425
yahoo800k,or,295,53.069088608026505,55.452343076467514
yahoo800k,or,938,64.53623063862324,66.91343151032925
yahoo800k,or,249,54.050469771027565,56.43046461045742
yahoo800k,or,466,64.59641736000776,66.9499859213829
yahoo800k,or,546,55.65001629292965,58.01359657198191
yahoo800k,or,405,60.74539851397276,63.12050390988588
yahoo800k,or,170,54.286327213048935,56.68483208864927
yahoo800k,or,320,57.17447493225336,59.5595920458436
yahoo800k,or,39,68.11902858316898,70.49203850328922
yahoo800k,or,378,57.445140555500984,59.79440174996853
yahoo800k,or,10,57.23023787140846,59.60359703749418
yahoo800k,or,925,53.181080147624016,55.545009672641754
yahoo800k,or,705,63.745188526809216,66.13926962018013
yahoo800k,or,522,57.8869367018342,60.26111077517271
yahoo800k,or,848,63.2705632597208,65.62413182109594
yahoo800k,or,664,59.29858889430761,61.65297236293554
yahoo800k,or,473,60.41559390723705,62.79023364186287
yahoo800k,or,18,59.724319726228714,62.07718979567289
yahoo800k,or,548,61.607337556779385,63.9759236946702
yahoo800k,or,674,55.74407987296581,58.11802111566067
yahoo800k,or,656,53.76688204705715,56.16340786218643
yahoo800k,or,93,52.64428909868002,55.01916166394949
yahoo800k,or,612,56.33861292153597,58.72722249478102
yahoo800k,or,878,57.18204192817211,59.5505116507411
yahoo800k,or,209,53.00063639879227,55.388547480106354
yahoo800k,or,9,66.71599112451077,69.08772047609091
yahoo800k,or,1,59.71838254481554,62.093487940728664
yahoo800k,or,417,60.61198655515909,62.96485662460327
yahoo800k,or,964,53.89610305428505,56.27889186143875
yahoo800k,or,277,61.90105341374874,64.27965126931667
yahoo800k,or,64,60.03433372825384,62.389299273490906
yahoo800k,or,947,65.88432006537914,68.2673417031765
yahoo800k,or,766,60.065765865147114,62.468345277011395
yahoo800k,or,815,60.5644891038537,62.898616306483746
yahoo800k,or,874,60.61710882931948,63.00106178969145
yahoo800k,or,97,55.10775372385979,57.440949603915215
yahoo800k,or,452,59.58590190857649,61.95961032062769
yahoo800k,or,585,63.25391586869955,65.60806650668383
yahoo800k,or,827,63.38127423077822,65.7008495181799
yahoo800k,or,241,57.870871387422085,60.20499859005213
yahoo800k,or,479,55.08598405867815,57.44106601923704
yahoo800k,or,950,55.418116971850395,57.791476137936115
yahoo800k,or,109,59.59998816251755,61.982893384993076
yahoo800k,or,379,63.44576831907034,65.8227363601327
yahoo800k,or,253,62.71759048104286,65.09153172373772
yahoo800k,or,654,55.641867220401764,57.9815823584795
yahoo800k,or,924,62.71875463426113,65.08268415927887
yahoo800k,or,620,61.23783532530069,63.601997680962086
yahoo800k,or,999,60.695805586874485,63.06858267635107
yahoo800k,or,555,53.23835648596287,55.59227429330349
yahoo800k,or,329,64.8818677291274,67.24102422595024
yahoo800k,or,318,59.32420026510954,61.707920394837856
yahoo800k,or,680,62.829465605318546,65.19246380776167
yahoo800k,or,103,59.77903492748737,62.13213782757521
yahoo800k,or,413,55.20752165466547,57.571916840970516
yahoo800k,or,998,53.09970583766699,55.45502062886953
yahoo800k,or,854,53.180730901658535,55.57399708777666
yahoo800k,or,963,62.81828973442316,65.17767906188965
yahoo800k,or,161,59.830606915056705,62.22270894795656
yahoo800k,or,234,60.79208105802536,63.1560105830431
yahoo800k,or,709,59.28962491452694,61.733066104352474
yahoo800k,or,441,57.12045822292566,59.47460886090994
yahoo800k,or,3,58.56843199580908,60.93690171837807
yahoo800k,or,677,63.26462607830763,65.59095345437527
yahoo800k,or,67,61.52689456939697,63.88139445334673
yahoo800k,or,615,59.72024518996477,62.07393016666174
yahoo800k,or,722,58.95807407796383,61.30663678050041
yahoo800k,or,738,60.390098951756954,62.72457540035248
yahoo800k,or,2,55.60717545449734,57.96179175376892
yahoo800k,or,275,65.58734457939863,67.9168151691556
yahoo800k,or,293,62.849256210029125,65.21772593259811
yahoo800k,or,825,57.186465710401535,59.52967330813408
yahoo800k,or,847,57.22534842789173,59.59987174719572
yahoo800k,or,799,55.27841858565807,57.63757508248091
yahoo800k,or,48,55.36247044801712,57.72663280367851
yahoo800k,or,132,61.588361859321594,63.946470618247986
yahoo800k,or,604,58.43304097652435,60.82106847316027
yahoo800k,or,41,60.21209992468357,62.56310734897852
yahoo800k,or,20,57.8761100769043,60.27857307344675
yahoo800k,or,304,59.274956583976746,61.61886267364025
yahoo800k,or,809,60.431077145040035,62.79523950070143
yahoo800k,or,523,60.589867644011974,62.94285412877798
yahoo800k,or,716,66.48409180343151,68.87142080813646
yahoo800k,or,591,53.952098824083805,56.30066152662039
yahoo800k,or,866,59.649115428328514,62.023987993597984
yahoo800k,or,289,58.75830538570881,61.10244430601597
yahoo800k,or,422,57.90591239929199,60.259830206632614
yahoo800k,or,527,54.85664587467909,57.20951594412327
yahoo800k,or,419,53.37048787623644,55.74349779635668
yahoo800k,or,501,59.34853106737137,61.69185508042574
yahoo800k,or,124,60.9556445851922,63.308863900601864
yahoo800k,or,322,57.24583752453327,59.61884744465351
yahoo800k,or,962,61.737257055938244,64.12004586309195
yahoo800k,or,425,60.776714235544205,63.15950304269791
yahoo800k,or,759,60.5299137532711,62.935054302215576
yahoo800k,or,519,59.1896241530776,61.58323958516121
yahoo800k,or,542,59.884507209062576,62.2475054115057
yahoo800k,or,968,57.439086958765984,59.823039919137955
yahoo800k,or,319,59.70313213765621,62.087434343993664
yahoo800k,or,511,62.71339952945709,65.08105434477329
yahoo800k,or,630,53.06082312017679,55.448152124881744
yahoo800k,or,308,53.500523790717125,55.85351027548313
yahoo800k,or,416,54.57783117890358,56.94618448615074
yahoo800k,or,265,63.66451270878315,66.02867506444454
yahoo800k,or,310,57.830591686069965,60.18567364662886
yahoo800k,or,60,50.08326843380928,52.438583225011826
yahoo800k,or,376,53.9516331627965,56.31998647004366
yahoo800k,or,879,58.73211193829775,61.08672823756933
yahoo800k,or,0,60.524907894432545,62.89989687502384
yahoo800k,or,928,59.81407593935728,62.17823829501867
yahoo800k,or,642,57.32651334255934,59.72455255687237
yahoo800k,or,360,63.895597122609615,66.25871174037457
yahoo800k,or,717,57.18693137168884,59.57926623523235
yahoo800k,or,762,55.20705599337816,57.56202153861523
yahoo800k,or,994,57.76213947683573,60.14364771544933
yahoo800k,or,478,60.61280146241188,62.97591608017683
yahoo800k,or,47,53.58527414500713,55.95886614173651
yahoo800k,or,185,55.14826625585556,57.52150900661945
yahoo800k,or,557,59.69335325062275,62.09849379956722
yahoo800k,or,506,67.00109224766493,69.374218583107
yahoo800k,or,835,60.51105447113514,62.9049027338624
yahoo800k,or,125,61.51327397674322,63.86544555425644
yahoo800k,or,509,59.265061281621456,61.64808291941881
yahoo800k,or,65,54.400996305048466,56.74583371728659
yahoo800k,or,418,60.35575643181801,62.750885263085365
yahoo800k,or,806,54.96246740221977,57.32639692723751
yahoo800k,or,74,57.206605561077595,59.59009286016226
yahoo800k,or,19,63.790357671678066,66.15335587412119
yahoo800k,or,777,67.51576438546181,69.8890071362257
yahoo800k,or,190,57.15503357350826,59.51861385256052
yahoo800k,or,970,57.55689926445484,59.931306168437004
yahoo800k,or,403,53.225550800561905,55.584125220775604
yahoo800k,or,764,53.08340769261122,55.486452765762806
yahoo800k,or,145,62.01188080012798,64.39047865569592
yahoo800k,or,276,61.08148954808712,63.49547766149044
yahoo800k,or,507,55.25315646082163,57.63152148574591
yahoo800k,or,141,56.48506339639425,58.85364953428507
yahoo800k,or,981,60.67613139748573,63.039944507181644
yahoo800k,or,729,56.4908841624856,58.86412691324949
yahoo800k,or,892,66.24974776059389,68.63265298306942
yahoo800k,or,869,65.86231756955385,68.21693386882544
yahoo800k,or,752,59.72420331090689,62.07916885614395
yahoo800k,or,401,64.78768773376942,67.1816524118185
yahoo800k,or,913,62.17195186764002,64.53145761042833
yahoo800k,or,969,59.814308770000935,62.19325587153435
yahoo800k,or,790,53.540803492069244,55.90473301708698
yahoo800k,or,477,56.39891605824232,58.777397498488426
yahoo800k,or,504,54.99622784554958,57.379831559956074
yahoo800k,or,952,63.68989124894142,66.09398405998945
yahoo800k,or,464,54.97690290212631,57.34653677791357
yahoo800k,or,937,55.091921240091324,57.47610703110695
yahoo800k,or,785,55.85851613432169,58.236648328602314
yahoo800k,or,578,62.62992974370718,65.01760799437761
yahoo800k,or,840,63.24483547359705,65.61342161148787
yahoo800k,or,409,55.76957482844591,58.153062127530575
yahoo800k,or,96,61.531784012913704,63.92120849341154
yahoo800k,or,929,62.05798126757145,64.44309838116169
yahoo800k,or,550,59.154932387173176,61.55902519822121
yahoo800k,or,796,60.60104351490736,62.96520587056875
yahoo800k,or,300,57.32045974582434,59.71384234726429
yahoo800k,or,682,62.12200969457626,64.49583452194929
yahoo800k,or,491,53.0945835635066,55.49739580601454
yahoo800k,or,347,57.024648413062096,59.40801929682493
yahoo800k,or,934,63.22481203824282,65.59898611158133
yahoo800k,or,740,57.29554686695337,59.689744375646114
yahoo800k,or,180,60.671125538647175,63.04425187408924
yahoo800k,or,896,59.713609516620636,62.07718979567289
yahoo800k,or,558,55.3822610527277,57.76179023087025
yahoo800k,or,350,62.594073824584484,64.98757284134626
yahoo800k,or,826,55.32335489988327,57.72628355771303
yahoo800k,or,621,53.99179644882679,56.39600567519665
yahoo800k,or,221,63.194544054567814,65.56196603924036
yahoo800k,or,130,58.637699112296104,61.00162863731384
yahoo800k,or,439,50.12576002627611,52.48922389000654
yahoo800k,or,959,62.46287375688553,64.8360000923276
yahoo800k,or,773,55.14384247362614,57.52139259129763
yahoo800k,or,407,55.6273153051734,58.00637882202864
yahoo800k,or,897,54.48982119560242,56.82394839823246
yahoo800k,or,609,59.58392284810543,61.9678758084774
yahoo800k,or,580,64.03587758541107,66.41994696110487
yahoo800k,or,404,58.33827890455723,60.75587589293718
yahoo800k,or,487,59.61710121482611,61.95658352226019
yahoo800k,or,726,63.780113123357296,66.1542871966958
yahoo800k,or,889,57.71673750132322,60.08078344166279
yahoo800k,or,631,62.61595990508795,64.98896982520819
yahoo800k,or,384,66.66942499577999,69.02357563376427
yahoo800k,or,593,52.56931763142347,54.98237442225218
yahoo800k,or,628,60.04434544593096,62.43784446269274
yahoo800k,or,862,59.23828575760126,61.60244811326265
yahoo800k,or,983,55.933836847543716,58.31685848534107
yahoo800k,or,475,63.444836996495724,65.8287899568677
yahoo800k,or,51,53.6404550075531,55.983662605285645
yahoo800k,or,312,60.014775954186916,62.39861249923706
yahoo800k,or,711,56.81533366441727,59.173908084630966
yahoo800k,or,30,60.586840845644474,62.97905929386616
yahoo800k,or,451,59.36471279710531,61.74761801958084
yahoo800k,or,171,55.71229849010706,58.06668195873499
yahoo800k,or,706,54.2511697858572,56.61509931087494
yahoo800k,or,562,54.42742258310318,56.82092159986496
yahoo800k,or,213,59.738755226135254,62.10303399711847
yahoo800k,or,989,55.06246816366911,57.4460718780756
yahoo800k,or,118,65.13157859444618,67.51134060323238
yahoo800k,or,446,55.607990361750126,58.00009239464998
yahoo800k,or,734,55.0438417121768,57.397293858230114
yahoo800k,or,445,57.80649371445179,60.20045839250088
yahoo800k,or,756,54.34697959572077,56.72452971339226
yahoo800k,or,231,65.05218334496021,67.42589175701141
yahoo800k,or,46,55.44256418943405,57.821511290967464
yahoo800k,or,528,58.84829442948103,61.202445067465305
yahoo800k,or,778,67.82007403671741,70.18411997705698
yahoo800k,or,743,54.381322115659714,56.77877925336361
yahoo800k,or,497,61.547267250716686,63.911895267665386
yahoo800k,or,126,55.689713917672634,58.03327076137066
yahoo800k,or,362,55.77050615102053,58.142468333244324
yahoo800k,or,721,61.48684769868851,63.88965994119644
yahoo800k,or,423,53.62986121326685,55.97400013357401
yahoo800k,or,838,60.449354350566864,62.83342372626066
yahoo800k,or,666,60.87683141231537,63.24925925582647
yahoo800k,or,437,57.862489484250546,60.2364307269454
yahoo800k,or,824,62.45938129723072,64.81679156422615
yahoo800k,or,515,55.67434709519148,58.04852116852999
yahoo800k,or,787,60.99115125834942,63.3440213277936
yahoo800k,or,786,68.05837620049715,70.45164238661528
yahoo800k,or,575,67.08630826324224,69.44872438907623
yahoo800k,or,6,57.78227932751179,60.16588304191828
yahoo800k,or,712,57.81208164989948,60.17554551362991
yahoo800k,or,351,59.38403774052858,61.76857277750969
yahoo800k,or,868,63.50979674607515,65.87349344044924
yahoo800k,or,134,64.68768697232008,67.08013825118542
yahoo800k,or,225,63.96579556167126,66.32960867136717
yahoo800k,or,168,55.38878031075001,57.7620230615139
yahoo800k,or,282,60.64143963158131,63.02341353148222
yahoo800k,or,34,55.80869037657976,58.20172373205423
yahoo800k,or,438,58.94247442483902,61.33189890533686
yahoo800k,or,383,58.591016568243504,60.97555160522461
yahoo800k,or,106,62.70501762628555,65.09711965918541
yahoo800k,or,86,60.460763052105904,62.83377297222614
yahoo800k,or,663,59.42897405475378,61.7889454588294
yahoo800k,or,870,57.41033237427473,59.80534479022026
yahoo800k,or,845,58.91441833227873,61.2819567322731
yahoo800k,or,617,58.75795613974333,61.14644929766655
yahoo800k,or,154,58.448873460292816,60.81303581595421
yahoo800k,or,450,57.88612179458141,60.2800864726305
yahoo800k,or,583,63.51119372993708,65.88513497263193
yahoo800k,or,742,61.49744149297476,63.88605106621981
yahoo800k,or,723,60.18183194100857,62.543898820877075
yahoo800k,or,597,50.140777602791786,52.542658522725105
yahoo800k,or,816,54.100644774734974,56.464807130396366
yahoo800k,or,730,62.72969767451286,65.08815567940474
yahoo800k,or,285,53.57048939913511,55.96363916993141
yahoo800k,or,380,62.48906720429659,64.88210055977106
yahoo800k,or,91,58.43699909746647,60.79545710235834
yahoo800k,or,512,60.74609700590372,63.11468314379454
yahoo800k,or,332,60.61885505914688,62.98301741480827
yahoo800k,or,641,61.58847827464342,63.94635420292616
yahoo800k,or,611,57.883444242179394,60.2364307269454
yahoo800k,or,286,57.412777096033096,59.78485569357872
yahoo800k,or,676,54.45175338536501,56.85572978109121
yahoo800k,or,255,55.50752393901348,57.89613351225853
yahoo800k,or,590,62.168692238628864,64.52167872339487
yahoo800k,or,814,55.62836304306984,58.02116356790066
yahoo800k,or,568,57.440949603915215,59.81035064905882
yahoo800k,or,908,55.71253132075071,58.10195580124855
yahoo800k,or,700,57.99485370516777,60.35983096808195
yahoo800k,or,904,57.930825278162956,60.34458056092262
yahoo800k,or,55,58.73804911971092,61.112106777727604
yahoo800k,or,945,57.84700624644756,60.21594163030386
yahoo800k,or,370,55.65304309129715,58.026984333992004
yahoo800k,or,238,61.46240048110485,63.840532675385475
yahoo800k,or,179,55.69739732891321,58.04654210805893
yahoo800k,or,672,60.98044104874134,63.3755698800087
yahoo800k,or,358,62.93389014899731,65.2980525046587
yahoo800k,or,52,64.87860810011625,67.27210711687803
yahoo800k,or,633,65.77698513865471,68.16012319177389
yahoo800k,or,301,61.622471548616886,63.97662218660116
yahoo800k,or,985,65.10107778012753,67.4794428050518
yahoo800k,or,782,60.63038017600775,63.00292443484068
yahoo800k,or,489,67.78177339583635,70.16037125140429
yahoo800k,or,371,66.9719884172082,69.37445141375065
yahoo800k,or,643,55.09925540536642,57.492987252771854
yahoo800k,or,149,62.52841558307409,64.90154191851616
yahoo800k,or,975,64.87686187028885,67.24556442350149
yahoo800k,or,484,58.66179708391428,61.04586645960808
yahoo800k,or,458,60.10499782860279,62.48906720429659
yahoo800k,or,768,64.01608698070049,66.39084313064814
yahoo800k,or,111,67.03019607812166,69.4183399900794
yahoo800k,or,960,54.1111221536994,56.48506339639425
yahoo800k,or,781,64.5265681669116,66.89911242574453
yahoo800k,or,104,50.27558654546738,52.69935354590416
yahoo800k,or,881,62.28836718946695,64.66242484748363
yahoo800k,or,115,57.551427744328976,59.9490012973547
yahoo800k,or,552,56.23989272862673,58.61290264874697
yahoo800k,or,206,61.10197864472866,63.50921466946602
yahoo800k,or,349,57.491473853588104,59.84609015285969
yahoo800k,or,140,64.670923165977,67.05592386424541
yahoo800k,or,381,61.32049020379782,63.683721236884594
yahoo800k,or,626,55.693904869258404,58.08589048683643
yahoo800k,or,414,61.198254115879536,63.58011160045862
yahoo800k,or,331,59.61931310594082,61.98394112288952
yahoo800k,or,338,60.7148976996541,63.06811701506376
yahoo800k,or,713,60.54074037820101,62.95414641499519
yahoo800k,or,635,60.89033558964729,63.25519643723965
yahoo800k,or,183,59.77950058877468,62.163220718503
yahoo800k,or,71,60.285674408078194,62.670791521668434
yahoo800k,or,606,65.97349420189857,68.32717917859554
yahoo800k,or,214,59.75447129458189,62.11793515831232
yahoo800k,or,45,63.86544555425644,66.24858360737562
yahoo800k,or,346,63.91550414264202,66.30399730056524
yahoo800k,or,324,59.68986079096794,62.0837090536952
yahoo800k,or,639,55.206939578056335,57.56632890552282
yahoo800k,or,865,59.73502993583679,62.14901804924011
yahoo800k,or,941,59.71419159322977,62.09907587617636
yahoo800k,or,460,60.91827526688576,63.310377299785614
yahoo800k,or,678,63.56008816510439,65.93321450054646
yahoo800k,or,545,60.39149593561888,62.75007035583258
yahoo800k,or,333,64.81003947556019,67.16512143611908
yahoo800k,or,993,63.529121689498425,65.93763828277588
yahoo800k,or,353,57.85690154880285,60.205464251339436
yahoo800k,or,521,50.28035957366228,52.674091421067715
yahoo800k,or,430,50.13530608266592,52.49492824077606
yahoo800k,or,429,60.8108239248395,63.18476516753435
yahoo800k,or,476,60.731079429388046,63.105253502726555
yahoo800k,or,388,58.96983202546835,61.38754542917013
yahoo800k,or,784,56.5388472750783,58.917561545968056
yahoo800k,or,910,56.50334060192108,58.87856241315603
yahoo800k,or,273,55.20344711840153,57.59100895375013
yahoo800k,or,982,62.61840462684631,64.99257870018482
yahoo800k,or,903,57.881465181708336,60.24504546076059
yahoo800k,or,852,59.78497210890055,62.18242924660444
yahoo800k,or,147,57.95166362076998,60.32525561749935
yahoo800k,or,710,60.876947827637196,63.27067967504263
yahoo800k,or,365,58.49171429872513,60.86437497287989
yahoo800k,or,233,53.09632979333401,55.49425259232521
yahoo800k,or,534,60.07985211908817,62.44389805942774
yahoo800k,or,576,54.35594357550144,56.7298848181963
yahoo800k,or,163,58.76237992197275,61.12561095505953
yahoo800k,or,610,59.344456531107426,61.737606301903725
yahoo800k,or,691,54.86642476171255,57.24583752453327
yahoo800k,or,194,60.154241509735584,62.53912579268217
yahoo800k,or,443,57.42092616856098,59.796031564474106
yahoo800k,or,810,54.020434617996216,56.404038332402706
yahoo800k,or,288,58.75737406313419,61.12142000347376
yahoo800k,or,385,53.53614687919617,55.939191952347755
yahoo800k,or,724,60.74144039303064,63.11037577688694
yahoo800k,or,123,53.43987140804529,55.84850441664457
yahoo800k,or,693,53.140800446271896,55.51252979785204
yahoo800k,or,792,60.79161539673805,63.17533552646637
yahoo800k,or,902,60.60488522052765,62.973471358418465
yahoo800k,or,480,59.65947639197111,62.06333637237549
yahoo800k,or,341,66.40341598540545,68.77793930470943
yahoo800k,or,978,55.633136071264744,58.01639053970575
yahoo800k,or,798,58.002304285764694,60.365418903529644
yahoo800k,or,503,61.73260044306517,64.08547051250935
yahoo800k,or,669,60.80151069909334,63.14541678875685
yahoo800k,or,139,65.17732981592417,67.57921073585749
yahoo800k,or,27,62.463805079460144,64.84740879386663
yahoo800k,or,80,53.55163011699915,55.93558307737112
yahoo800k,or,877,50.21435208618641,52.5785144418478
yahoo800k,or,188,53.184921853244305,55.57888653129339
yahoo800k,or,187,59.76087413728237,62.12445441633463
yahoo800k,or,172,58.383564464747906,60.76216232031584
yahoo800k,or,811,56.331162340939045,58.69416054338217
yahoo800k,or,595,58.01650695502758,60.39859727025032
yahoo800k,or,898,62.69407458603382,65.06801582872868
yahoo800k,or,483,58.61802492290735,61.020487919449806
yahoo800k,or,490,59.772515669465065,62.14762106537819
yahoo800k,or,133,62.714796513319016,65.09898230433464
yahoo800k,or,348,57.84549284726381,60.23352034389973
yahoo800k,or,53,66.96383934468031,69.36315912753344
yahoo800k,or,520,56.18925206363201,58.5473608225584
yahoo800k,or,259,59.9744962528348,62.377192080020905
yahoo800k,or,955,55.12859206646681,57.50276613980532
yahoo800k,or,727,62.4130479991436,64.81143645942211
yahoo800k,or,216,58.73816553503275,61.1315481364727
yahoo800k,or,603,55.934302508831024,58.34735929965973
yahoo800k,or,689,57.95084871351719,60.310354456305504
yahoo800k,or,828,58.66703577339649,61.07112858444452
yahoo800k,or,143,53.04429214447737,55.42184226214886
yahoo800k,or,728,53.09062544256449,55.509270168840885
yahoo800k,or,424,58.12349263578653,60.487654991447926
yahoo800k,or,222,63.47533781081438,65.85870869457722
yahoo800k,or,830,58.74619819223881,61.121187172830105
yahoo800k,or,919,54.292031563818455,56.688557378947735
yahoo800k,or,861,64.0779035165906,66.4399703964591
yahoo800k,or,912,57.70090501755476,60.076010413467884
yahoo800k,or,467,63.28010931611061,65.64811337739229
yahoo800k,or,63,55.76480180025101,58.17669443786144
yahoo800k,or,935,59.09823812544346,61.46158557385206
yahoo800k,or,196,61.7284094914794,64.11259528249502
yahoo800k,or,625,66.48467388004065,68.8477884978056
yahoo800k,or,153,55.08761387318373,57.45224189013243
yahoo800k,or,316,59.739453718066216,62.09814455360174
yahoo800k,or,876,63.65962326526642,66.02471694350243
yahoo800k,or,142,60.39626896381378,62.77044303715229
yahoo800k,or,224,57.480414398014545,59.87437907606363
yahoo800k,or,653,59.34853106737137,61.72212306410074
yahoo800k,or,363,53.6914449185133,56.07458297163248
yahoo800k,or,315,56.879944168031216,59.243873693048954
yahoo800k,or,979,60.536316595971584,62.929349951446056
yahoo800k,or,59,60.901278629899025,63.259853050112724
yahoo800k,or,864,53.92672028392553,56.340708397328854
yahoo800k,or,920,65.61016198247671,68.01856216043234
yahoo800k,or,122,60.041435062885284,62.44389805942774
yahoo800k,or,468,59.74574014544487,62.10932042449713
yahoo800k,or,638,59.704529121518135,62.10850551724434
yahoo800k,or,100,58.634672313928604,60.9975541010499
yahoo800k,or,101,59.72490180283785,62.148901633918285
yahoo800k,or,602,61.18661258369684,63.546234741806984
yahoo800k,or,831,56.361546739935875,58.673787862062454
yahoo800k,or,890,53.276075050234795,55.59937562793493
yahoo800k,or,671,61.10453978180885,63.368817791342735
yahoo800k,or,402,65.6576594337821,68.02065763622522
yahoo800k,or,303,60.52863318473101,62.90082819759846
yahoo800k,or,833,63.61049599945545,65.99340122193098
yahoo800k,or,287,60.39091385900974,62.80455272644758
yahoo800k,or,447,66.97000935673714,69.34418343007565
yahoo800k,or,681,55.04791624844074,57.44141526520252
yahoo800k,or,17,58.42221435159445,60.7961555942893
yahoo800k,or,157,62.43924144655466,64.83762990683317
yahoo800k,or,701,53.94592881202698,56.30450323224068
yahoo800k,or,586,62.62422539293766,65.0365836918354
yahoo800k,or,850,57.17563908547163,59.55039523541927
yahoo800k,or,269,53.49994171410799,55.89344073086977
yahoo800k,or,894,61.157625168561935,63.53494245558977
yahoo800k,or,426,55.64955063164234,58.06144326925278
yahoo800k,or,560,57.95317701995373,60.356222093105316
yahoo800k,or,239,58.015924878418446,60.39941217750311
yahoo800k,or,616,60.086254961788654,62.460312619805336
yahoo800k,or,326,58.348523452878,60.7524998486042
yahoo800k,or,58,55.23755680769682,57.61615466326475
yahoo800k,or,661,59.320591390132904,61.7180485278368
yahoo800k,or,162,54.12136670202017,56.49542436003685
yahoo800k,or,442,54.48178853839636,56.85584619641304
yahoo800k,or,873,59.18543320149183,61.563216149806976
yahoo800k,or,463,58.77343937754631,61.16589065641165
yahoo800k,or,387,64.47592750191689,66.84905383735895
yahoo800k,or,90,53.61891817301512,56.01195152848959
yahoo800k,or,155,62.70804442465305,65.12179970741272
yahoo800k,or,210,61.67695391923189,64.09094203263521
yahoo800k,or,748,56.28576036542654,58.63874685019255
yahoo800k,or,397,54.30658347904682,56.6849485039711
yahoo800k,or,526,67.75255315005779,70.09145338088274
yahoo800k,or,36,61.508617363870144,63.89233749359846
yahoo800k,or,750,59.71977952867746,62.083592638373375
yahoo800k,or,513,57.43058864027262,59.80010610073805
yahoo800k,or,16,54.161762818694115,56.53570406138897
yahoo800k,or,342,61.84855010360479,64.23809099942446
yahoo800k,or,81,55.80962169915438,58.17704368382692
yahoo800k,or,883,61.67637184262276,64.04996383935213
yahoo800k,or,563,55.17818499356508,57.552242651581764
yahoo800k,or,335,56.24443292617798,58.60859528183937
yahoo800k,or,731,58.86354483664036,61.246915720403194
yahoo800k,or,499,63.43016866594553,65.80911576747894
yahoo800k,or,751,64.88733924925327,67.23473779857159
yahoo800k,or,823,63.58639802783728,65.97035098820925
yahoo800k,or,599,55.241514928638935,57.60521162301302
yahoo800k,or,765,59.197889640927315,61.667291447520256
yahoo800k,or,166,50.26441067457199,52.63846833258867
yahoo800k,or,888,53.11891436576843,55.49273919314146
yahoo800k,or,50,60.49475632607937,62.859850004315376
yahoo800k,or,690,57.465978898108006,59.86925680190325
yahoo800k,or,357,57.788100093603134,60.1508654654026
yahoo800k,or,177,50.050090067088604,52.43811756372452
yahoo800k,or,755,67.62659177184105,70.0096134096384
yahoo800k,or,587,53.66920959204435,56.03430327028036
yahoo800k,or,648,55.514974519610405,57.878787629306316
yahoo800k,or,789,60.83224434405565,63.28593008220196
yahoo800k,or,684,50.436356104910374,52.79970355331898
yahoo800k,or,229,60.54097320884466,62.92399484664202
yahoo800k,or,339,60.646794736385345,63.04099224507809
yahoo800k,or,317,54.04104012995958,56.46038334816694
yahoo800k,or,858,58.5080124437809,60.88055670261383
yahoo800k,or,772,61.226426623761654,63.62423300743103
yahoo800k,or,891,57.79252387583256,60.165650211274624
yahoo800k,or,804,55.642914958298206,58.00591316074133
yahoo800k,or,435,50.44532008469105,52.830204367637634
yahoo800k,or,652,55.737909860908985,58.13187453895807
yahoo800k,or,944,64.1876831650734,66.551030613482
yahoo800k,or,283,57.230470702052116,59.654819779098034
yahoo800k,or,448,60.59533916413784,62.96904757618904
yahoo800k,or,694,58.63700062036514,61.02072075009346
yahoo800k,or,252,54.716248996555805,57.08017852157354
yahoo800k,or,976,58.112083934247494,60.495687648653984
yahoo800k,or,636,57.310331612825394,59.68904588371515
yahoo800k,equal,324,45.974040403962135,47.046225517988205
yahoo800k,equal,769,46.15390207618475,47.094887122511864
yahoo800k,equal,411,46.21583502739668,47.146924771368504
yahoo800k,equal,214,46.325265429914,47.24017344415188
yahoo800k,equal,307,46.06845322996378,47.14110400527716
yahoo800k,equal,890,46.22898995876312,47.1300445497036
yahoo800k,equal,593,46.110013499855995,47.16217517852783
yahoo800k,equal,607,46.17392551153898,47.22608719021082
yahoo800k,equal,503,45.113381929695606,47.16648254543543
yahoo800k,equal,351,46.239583753049374,47.30094224214554
yahoo800k,equal,158,45.04213575273752,47.095934860408306
yahoo800k,equal,543,46.258093789219856,47.31025546789169
yahoo800k,equal,400,46.1541349068284,47.23505116999149
yahoo800k,equal,724,44.977059587836266,47.03016020357609
yahoo800k,equal,941,44.54096779227257,45.51350139081478
yahoo800k,equal,466,46.19942046701908,47.25612234324217
yahoo800k,equal,697,46.163913793861866,47.21956793218851
yahoo800k,equal,813,45.17391789704561,47.251349315047264
yahoo800k,equal,737,44.48194522410631,44.64143421500921
yahoo800k,equal,770,45.114196836948395,47.18173295259476
yahoo800k,equal,434,45.05238030105829,47.10641223937273
yahoo800k,equal,413,46.31944466382265,47.211418859660625
yahoo800k,equal,599,46.320375986397266,47.40047734230757
yahoo800k,equal,595,46.26845475286245,47.320383600890636
yahoo800k,equal,387,45.106164179742336,47.165085561573505
yahoo800k,equal,62,46.35087680071592,47.2519313916564
yahoo800k,equal,88,46.20442632585764,47.13749513030052
yahoo800k,equal,796,45.19650246948004,47.250883653759956
yahoo800k,equal,798,45.118038542568684,47.19570279121399
yahoo800k,equal,693,46.35099321603775,47.41188604384661
yahoo800k,equal,110,46.27893213182688,47.35530819743872
yahoo800k,equal,810,46.25762812793255,47.29093052446842
yahoo800k,equal,431,46.24505527317524,47.26659972220659
yahoo800k,equal,561,45.03270611166954,47.08021879196167
yahoo800k,equal,797,46.148430556058884,47.20850847661495
yahoo800k,equal,55,46.26903682947159,47.32015077024698
yahoo800k,equal,712,46.150293201208115,47.041336074471474
yahoo800k,equal,440,46.320026740431786,47.23062738776207
yahoo800k,equal,327,46.26053851097822,47.3513500764966
yahoo800k,equal,562,46.21956031769514,47.11106885224581
yahoo800k,equal,205,46.13993223756552,47.05146420747042
yahoo800k,equal,138,45.131309889256954,47.175330109894276
yahoo800k,equal,38,46.20489198714495,47.27684427052736
yahoo800k,equal,548,46.25995643436909,47.28999920189381
yahoo800k,equal,558,46.16798833012581,47.0760278403759
yahoo800k,equal,672,45.08788697421551,47.14098758995533
yahoo800k,equal,728,46.20931576937437,47.290814109146595
yahoo800k,equal,217,45.08276470005512,47.141220420598984
yahoo800k,equal,72,46.09953612089157,47.195469960570335
yahoo800k,equal,397,45.04260141402483,47.110836021602154
yahoo800k,equal,767,44.976361095905304,47.05996252596378
yahoo800k,equal,171,46.25297151505947,47.33912646770477
yahoo800k,equal,694,46.07939627021551,47.14052192866802
yahoo800k,equal,987,46.25401925295591,47.31409717351198
yahoo800k,equal,615,46.18498496711254,47.1149105578661
yahoo800k,equal,154,45.068562030792236,47.130510210990906
yahoo800k,equal,490,45.00302020460367,47.076959162950516
yahoo800k,equal,12,46.24819848686457,47.155655920505524
yahoo800k,equal,514,45.053428038954735,47.11549263447523
yahoo800k,equal,913,45.04749085754156,47.129346057772636
yahoo800k,equal,83,44.406624510884285,47.24040627479553
yahoo800k,equal,633,46.214088797569275,47.09698259830475
yahoo800k,equal,644,46.21886182576418,47.300360165536404
yahoo800k,equal,123,46.27951420843601,47.34506364911795
yahoo800k,equal,992,46.133180148899555,47.19605203717947
yahoo800k,equal,684,46.164495870471,47.205714508891106
yahoo800k,equal,703,46.139233745634556,47.22154699265957
yahoo800k,equal,57,46.24458961188793,47.11619112640619
yahoo800k,equal,780,44.4179167971015,45.37904169410467
yahoo800k,equal,386,46.333763748407364,47.37148992717266
yahoo800k,equal,451,46.07799928635359,46.971021220088005
yahoo800k,equal,439,45.11524457484484,47.15949762612581
yahoo800k,equal,887,44.99789793044329,47.059846110641956
yahoo800k,equal,84,45.097433030605316,47.17137198895216
yahoo800k,equal,704,46.208035200834274,47.270325012505054
yahoo800k,equal,244,46.09569441527128,47.1512321382761
yahoo800k,equal,931,45.02141382545233,47.05996252596378
yahoo800k,equal,739,46.208733692765236,47.12014924734831
yahoo800k,equal,39,46.209548600018024,47.28708881884813
yahoo800k,equal,106,46.14982753992081,47.22026642411947
yahoo800k,equal,227,45.00383511185646,47.04692400991917
yahoo800k,equal,375,46.359142288565636,47.28033673018217
yahoo800k,equal,720,45.063323341310024,47.12620284408331
yahoo800k,equal,998,46.34412471204996,47.35589027404785
yahoo800k,equal,86,46.20896652340889,47.280453145504
yahoo800k,equal,962,45.04900425672531,47.15088289231062
yahoo800k,equal,430,46.12875636667013,47.21956793218851
yahoo800k,equal,613,46.25995643436909,47.31153603643179
yahoo800k,equal,631,46.17520608007908,47.10175562649965
yahoo800k,equal,554,46.29441536962986,47.22538869827986
yahoo800k,equal,766,45.06739787757397,47.12992813438177
yahoo800k,equal,708,45.1129162684083,47.19570279121399
yahoo800k,equal,952,46.2094321846962,47.11048677563667
yahoo800k,equal,382,46.22945562005043,47.3059481009841
yahoo800k,equal,61,46.24796565622091,47.150999307632446
yahoo800k,equal,156,46.178000047802925,47.22457379102707
yahoo800k,equal,20,46.103610657155514,47.01386205852032
yahoo800k,equal,923,45.121763832867146,47.20024298876524
yahoo800k,equal,790,46.169618144631386,47.072069719433784
yahoo800k,equal,35,46.31339106708765,47.193258069455624
yahoo800k,equal,429,46.109664253890514,47.02666774392128
yahoo800k,equal,537,46.267989091575146,47.30990622192621
yahoo800k,equal,665,46.18475213646889,47.21118602901697
yahoo800k,equal,666,45.08171696215868,47.1646199002862
yahoo800k,equal,415,46.13446071743965,47.1858074888587
yahoo800k,equal,845,46.253204345703125,47.30513319373131
yahoo800k,equal,958,46.17520608007908,47.241454012691975
yahoo800k,equal,620,45.04842218011618,47.111534513533115
yahoo800k,equal,226,46.193948946893215,47.100940719246864
yahoo800k,equal,759,46.15553189069033,47.08173219114542
yahoo800k,equal,781,46.14447243511677,47.06007894128561
yahoo800k,equal,657,44.97298505157232,47.03609738498926
yahoo800k,equal,623,46.069035306572914,47.16601688414812
yahoo800k,equal,567,46.1778836324811,47.21991717815399
yahoo800k,equal,32,44.910586439073086,46.999077312648296
yahoo800k,equal,210,46.10919859260321,47.17207048088312
yahoo800k,equal,213,46.11921031028032,47.201174311339855
yahoo800k,equal,985,46.275206841528416,47.16124385595322
yahoo800k,equal,977,44.34224683791399,44.511049054563046
yahoo800k,equal,254,46.13981582224369,47.17172123491764
yahoo800k,equal,356,44.94201857596636,46.996050514280796
yahoo800k,equal,540,45.09848076850176,47.15239629149437
yahoo800k,equal,653,46.233064495027065,47.29593638330698
yahoo800k,equal,779,46.18929233402014,47.221314162015915
yahoo800k,equal,374,46.18463572114706,47.27568011730909
yahoo800k,equal,43,46.189408749341965,47.11048677563667
yahoo800k,equal,843,44.462038204073906,45.43294198811054
yahoo800k,equal,972,46.18894308805466,47.25100006908178
yahoo800k,equal,143,46.124798245728016,47.195819206535816
yahoo800k,equal,738,46.26903682947159,47.337147407233715
yahoo800k,equal,685,46.169618144631386,47.090696170926094
yahoo800k,equal,784,46.239932999014854,47.280918806791306
yahoo800k,equal,338,46.11467011272907,47.166598960757256
yahoo800k,equal,679,46.332948841154575,47.39593714475632
yahoo800k,equal,690,46.195462346076965,47.13563248515129
yahoo800k,equal,329,46.13830242305994,47.18627315014601
yahoo800k,equal,999,46.12049087882042,47.19151183962822
yahoo800k,equal,635,44.41593773663044,44.585904106497765
yahoo800k,equal,281,46.15995567291975,47.22201265394688
yahoo800k,equal,516,46.19348328560591,47.08999767899513
yahoo800k,equal,353,46.144938096404076,47.22632002085447
yahoo800k,equal,94,46.203495003283024,47.125970013439655
yahoo800k,equal,678,46.329922042787075,47.39686846733093
yahoo800k,equal,432,46.37334495782852,47.42504097521305
yahoo800k,equal,332,46.055298298597336,46.987319365143776
yahoo800k,equal,119,46.1796298623085,47.24168684333563
yahoo800k,equal,943,46.269153244793415,47.339010052382946
yahoo800k,equal,711,46.29360046237707,47.2009414806962
yahoo800k,equal,323,46.21921107172966,47.29069769382477
yahoo800k,equal,528,46.254368498921394,47.16985858976841
yahoo800k,equal,794,44.95668690651655,47.009787522256374
yahoo800k,equal,204,46.26938607543707,47.28767089545727
yahoo800k,equal,234,46.094413846731186,46.98592238128185
yahoo800k,equal,426,46.20896652340889,47.29139618575573
yahoo800k,equal,340,46.22829146683216,47.125271521508694
yahoo800k,equal,462,46.164495870471,47.20594733953476
yahoo800k,equal,170,45.02292722463608,47.080451622605324
yahoo800k,equal,655,45.02653609961271,47.109671868383884
yahoo800k,equal,229,46.20465915650129,47.29756619781256
yahoo800k,equal,782,46.30966577678919,47.21723962575197
yahoo800k,equal,925,46.20465915650129,47.296518459916115
yahoo800k,equal,330,46.280911192297935,47.351932153105736
yahoo800k,equal,178,46.2185125797987,47.30047658085823
yahoo800k,equal,101,45.073218643665314,47.14541137218475
yahoo800k,equal,36,45.00045906752348,47.069042921066284
yahoo800k,equal,605,46.300701797008514,47.351233661174774
yahoo800k,equal,482,46.233879402279854,47.149485908448696
yahoo800k,equal,539,45.078457333147526,47.17626143246889
yahoo800k,equal,167,46.25064320862293,47.32212983071804
yahoo800k,equal,47,45.14865577220917,47.205714508891106
yahoo800k,equal,523,45.03247328102589,47.105830162763596
yahoo800k,equal,416,46.26868758350611,47.17486444860697
yahoo800k,equal,305,46.18056118488312,47.232722863554955
yahoo800k,equal,472,46.272529289126396,47.32562229037285
yahoo800k,equal,122,45.112334191799164,47.17451520264149
yahoo800k,equal,17,46.24458961188793,47.31491208076477
yahoo800k,equal,721,46.098255552351475,47.14401438832283
yahoo800k,equal,347,46.1856834590435,47.11677320301533
yahoo800k,equal,421,45.02804949879646,47.09651693701744
yahoo800k,equal,533,46.13492637872696,47.056470066308975
yahoo800k,equal,842,46.06309812515974,47.00419958680868
yahoo800k,equal,46,46.213273890316486,47.12503869086504
yahoo800k,equal,956,46.09313327819109,47.14506212621927
yahoo800k,equal,379,46.19406536221504,47.23924212157726
yahoo800k,equal,313,46.078464947640896,46.994187869131565
yahoo800k,equal,982,46.20011895895004,47.24087193608284
yahoo800k,equal,904,46.149478293955326,47.239591367542744
yahoo800k,equal,6,46.18498496711254,47.06496838480234
yahoo800k,equal,964,46.21909465640783,47.286506742239
yahoo800k,equal,447,45.09266000241041,47.13644739240408
yahoo800k,equal,622,45.023043639957905,47.07567859441042
yahoo800k,equal,967,44.490559957921505,44.65517122298479
yahoo800k,equal,519,46.0996525362134,47.021196223795414
yahoo800k,equal,29,46.12398333847523,47.045061364769936
yahoo800k,equal,25,44.98753696680069,47.06496838480234
yahoo800k,equal,688,45.005930587649345,47.0790546387434
yahoo800k,equal,702,46.01944237947464,46.90955393016338
yahoo800k,equal,476,46.170549467206,47.220499254763126
yahoo800k,equal,864,46.15494981408119,47.08487540483475
yahoo800k,equal,208,45.007443986833096,47.08126652985811
yahoo800k,equal,239,46.12549673765898,47.01782017946243
yahoo800k,equal,662,46.22444976121187,47.135516069829464
yahoo800k,equal,978,46.16042133420706,47.08138294517994
yahoo800k,equal,716,46.16496153175831,47.216424718499184
yahoo800k,equal,566,46.01955879479647,46.93062510341406
yahoo800k,equal,370,46.22002597898245,47.27113991975784
yahoo800k,equal,290,46.170433051884174,47.27113991975784
yahoo800k,equal,65,46.2530879303813,47.16368857771158
yahoo800k,equal,478,46.16077058017254,47.202687710523605
yahoo800k,equal,318,45.10872531682253,47.161709517240524
yahoo800k,equal,121,46.149478293955326,47.240639105439186
yahoo800k,equal,971,45.22991366684437,47.30396904051304
yahoo800k,equal,707,46.26810550689697,47.31956869363785
yahoo800k,equal,934,45.125954784452915,47.19977732747793
yahoo800k,equal,873,46.249828301370144,47.31188528239727
yahoo800k,equal,127,46.264613047242165,47.35658876597881
yahoo800k,equal,715,46.224333345890045,47.286273911595345
yahoo800k,equal,625,45.16763146966696,47.239591367542744
yahoo800k,equal,289,46.26438021659851,47.32143133878708
yahoo800k,equal,418,46.23259883373976,47.25460894405842
yahoo800k,equal,276,44.45656668394804,44.62443757802248
yahoo800k,equal,612,46.289991587400436,47.35111724585295
yahoo800k,equal,611,46.26030568033457,47.17137198895216
yahoo800k,equal,177,46.23946733772755,47.26252518594265
yahoo800k,equal,354,46.239932999014854,47.29279316961765
yahoo800k,equal,676,46.34447395801544,47.23144229501486
yahoo800k,equal,115,44.43037323653698,45.41175439953804
yahoo800k,equal,366,45.20791117101908,47.246343456208706
yahoo800k,equal,700,46.2142052128911,47.12014924734831
yahoo800k,equal,946,46.273693442344666,47.34005779027939
yahoo800k,equal,346,46.23353015631437,47.28150088340044
yahoo800k,equal,636,46.27951420843601,47.335634008049965
yahoo800k,equal,126,45.16821354627609,47.24005702883005
yahoo800k,equal,245,46.29406612366438,47.20070865005255
yahoo800k,equal,551,46.238768845796585,47.310721129179
yahoo800k,equal,9,46.26973532140255,47.34122194349766
yahoo800k,equal,557,45.105814933776855,47.17789124697447
yahoo800k,equal,762,45.10802682489157,47.17556294053793
yahoo800k,equal,206,46.295346692204475,47.206878662109375
yahoo800k,equal,41,46.36019002646208,47.270325012505054
yahoo800k,equal,200,46.269502490758896,47.19523712992668
yahoo800k,equal,189,46.26403097063303,47.29058127850294
yahoo800k,equal,499,46.2876632809639,47.33051173388958
yahoo800k,equal,265,44.52257417142391,45.494409278035164
yahoo800k,equal,368,46.177650801837444,47.24052269011736
yahoo800k,equal,920,46.3360920548439,47.38266579806805
yahoo800k,equal,619,46.189059503376484,47.24098835140467
yahoo800k,equal,858,46.323868446052074,47.375098802149296
yahoo800k,equal,186,46.184053644537926,47.09616769105196
yahoo800k,equal,763,46.3537871837616,47.384295612573624
yahoo800k,equal,841,45.03806121647358,47.12003283202648
yahoo800k,equal,335,46.4095501229167,47.3319087177515
yahoo800k,equal,297,44.50150299817324,47.30920772999525
yahoo800k,equal,471,45.22805102169514,47.28639032691717
yahoo800k,equal,345,46.34540528059006,47.39733412861824
yahoo800k,equal,879,46.29441536962986,47.32748493552208
yahoo800k,equal,882,46.208733692765236,47.30536602437496
yahoo800k,equal,538,46.32445052266121,47.2052488476038
yahoo800k,equal,774,45.10907456278801,47.176145017147064
yahoo800k,equal,547,45.09312566369772,47.16531839221716
yahoo800k,equal,99,46.26403097063303,47.310604713857174
yahoo800k,equal,501,46.34505603462458,47.39162977784872
yahoo800k,equal,105,46.29441536962986,47.36438859254122
yahoo800k,equal,321,46.34843207895756,47.40082658827305
yahoo800k,equal,643,46.28195893019438,47.298031859099865
yahoo800k,equal,85,45.09848076850176,47.166948206722736
yahoo800k,equal,924,46.182540245354176,47.11560904979706
yahoo800k,equal,64,46.244473196566105,47.15530667454004
yahoo800k,equal,535,44.462853111326694,47.25612234324217
yahoo800k,equal,906,46.25797737389803,47.290464863181114
yahoo800k,equal,194,45.152963139116764,47.225155867636204
yahoo800k,equal,786,45.10232247412205,47.14541137218475
yahoo800k,equal,871,46.21036350727081,47.292327508330345
yahoo800k,equal,541,46.243658289313316,47.29453939944506
yahoo800k,equal,936,46.323868446052074,47.39570431411266
yahoo800k,equal,812,46.35890945792198,47.42003511637449
yahoo800k,equal,236,46.254717744886875,47.325738705694675
yahoo800k,equal,945,46.28452006727457,47.21095319837332
yahoo800k,equal,102,45.076245442032814,47.140405513346195
yahoo800k,equal,49,46.24621942639351,47.31176886707544
yahoo800k,equal,683,46.18312232196331,47.24506288766861
yahoo800k,equal,670,46.19464743882418,47.25565668195486
yahoo800k,equal,773,46.14470526576042,47.24541213363409
yahoo800k,equal,897,46.15401849150658,47.084991820156574
yahoo800k,equal,235,46.079978346824646,47.02014848589897
yahoo800k,equal,674,46.25425208359957,47.320849262177944
yahoo800k,equal,149,46.28987517207861,47.20140714198351
yahoo800k,equal,891,46.24994471669197,47.31188528239727
yahoo800k,equal,591,46.23469430953264,47.15018440037966
yahoo800k,equal,589,45.08637357503176,47.14017268270254
yahoo800k,equal,600,45.06204277276993,47.144247218966484
yahoo800k,equal,846,46.31071351468563,47.36625123769045
yahoo800k,equal,734,46.11397162079811,47.15658724308014
yahoo800k,equal,542,46.26181907951832,47.28487692773342
yahoo800k,equal,79,46.113389544188976,47.046574763953686
yahoo800k,equal,689,46.239583753049374,47.146109864115715
yahoo800k,equal,417,46.15949001163244,47.07556217908859
yahoo800k,equal,410,46.3391188532114,47.36008122563362
yahoo800k,equal,994,46.27741873264313,47.33935929834843
yahoo800k,equal,190,45.088003389537334,47.15111572295427
yahoo800k,equal,536,46.140048652887344,47.05809988081455
yahoo800k,equal,758,45.22653762251139,47.27893974632025
yahoo800k,equal,811,46.49918992072344,47.55111876875162
yahoo800k,equal,159,46.36438097804785,47.4053667858243
yahoo800k,equal,269,44.96704787015915,47.021196223795414
yahoo800k,equal,263,46.249362640082836,47.149951569736004
yahoo800k,equal,507,46.114902943372726,47.15658724308014
yahoo800k,equal,82,45.12572195380926,47.175330109894276
yahoo800k,equal,479,46.06775473803282,47.130160965025425
yahoo800k,equal,136,46.23923450708389,47.140056267380714
yahoo800k,equal,525,45.06309051066637,47.16566763818264
yahoo800k,equal,181,46.249828301370144,47.320849262177944
yahoo800k,equal,823,46.209897845983505,47.150999307632446
yahoo800k,equal,449,46.26065492630005,47.33272362500429
yahoo800k,equal,296,46.36577796190977,47.41677548736334
yahoo800k,equal,40,46.22538108378649,47.28196654468775
yahoo800k,equal,929,46.16344813257456,47.04459570348263
yahoo800k,equal,28,46.2984899058938,47.3496038466692
yahoo800k,equal,199,45.07740959525108,47.120265662670135
yahoo800k,equal,632,46.13993223756552,47.18231502920389
yahoo800k,equal,628,46.19988612830639,47.257402911782265
yahoo800k,equal,58,46.16985097527504,47.22073208540678
yahoo800k,equal,453,46.179513446986675,47.25647158920765
yahoo800k,equal,152,45.147957280278206,47.18988202512264
yahoo800k,equal,997,45.18299829214811,47.24075552076101
yahoo800k,equal,668,45.202672481536865,47.256238758563995
yahoo800k,equal,446,46.193948946893215,47.25484177470207
yahoo800k,equal,228,44.615124352276325,44.77519541978836
yahoo800k,equal,568,45.12700252234936,47.16985858976841
yahoo800k,equal,939,44.54317968338728,45.5131521448493
yahoo800k,equal,131,45.12362647801638,47.1646199002862
yahoo800k,equal,872,46.24086432158947,47.332607209682465
yahoo800k,equal,80,46.211061999201775,47.27207124233246
yahoo800k,equal,741,46.28859460353851,47.190580517053604
yahoo800k,equal,339,46.22526466846466,47.14680835604668
yahoo800k,equal,264,45.09231075644493,47.165434807538986
yahoo800k,equal,388,46.13003693521023,47.09046334028244
yahoo800k,equal,865,46.2742755189538,47.32678644359112
yahoo800k,equal,326,45.110820792615414,47.15390969067812
yahoo800k,equal,937,46.263448894023895,47.33575042337179
yahoo800k,equal,809,46.209548600018024,47.27544728666544
yahoo800k,equal,81,45.09300924837589,47.14564420282841
yahoo800k,equal,572,46.15075886249542,47.21165169030428
yahoo800k,equal,221,46.174973249435425,47.23097663372755
yahoo800k,equal,92,44.98334601521492,47.03132435679436
yahoo800k,equal,743,46.195811592042446,47.267298214137554
yahoo800k,equal,325,46.21490370482206,47.266832552850246
yahoo800k,equal,169,46.17439117282629,47.095469199121
yahoo800k,equal,1,46.1135059595108,47.07463085651398
yahoo800k,equal,746,45.133521780371666,47.18615673482418
yahoo800k,equal,477,46.2500611320138,47.34541289508343
yahoo800k,equal,787,45.054126530885696,47.10687790066004
yahoo800k,equal,546,45.01943476498127,47.08243068307638
yahoo800k,equal,165,46.35972436517477,47.411187551915646
yahoo800k,equal,304,46.17439117282629,47.22655285149813
yahoo800k,equal,899,46.13329656422138,47.215260565280914
yahoo800k,equal,192,46.147964894771576,47.079985961318016
yahoo800k,equal,301,46.2591415271163,47.32550587505102
yahoo800k,equal,282,46.23353015631437,47.31595981866121
yahoo800k,equal,71,45.127468183636665,47.169625759124756
yahoo800k,equal,256,45.03910895437002,47.11700603365898
yahoo800k,equal,383,46.23946733772755,47.14960232377052
yahoo800k,equal,37,46.23259883373976,47.304667532444
yahoo800k,equal,663,46.26018926501274,47.18010313808918
yahoo800k,equal,630,46.128989197313786,47.061010263860226
yahoo800k,equal,889,46.27893213182688,47.369045205414295
yahoo800k,equal,949,46.260072849690914,47.32632078230381
yahoo800k,equal,248,46.19034007191658,47.21665754914284
yahoo800k,equal,203,46.0590235888958,47.12655209004879
yahoo800k,equal,273,45.12246232479811,47.171139158308506
yahoo800k,equal,866,46.118046157062054,47.015491873025894
yahoo800k,equal,261,46.27113230526447,47.2022220492363
yahoo800k,equal,581,46.15122452378273,47.227717004716396
yahoo800k,equal,153,46.317814849317074,47.34995309263468
yahoo800k,equal,390,45.01151852309704,47.07043990492821
yahoo800k,equal,484,46.20931576937437,47.29139618575573
yahoo800k,equal,836,44.97775807976723,47.030625864863396
yahoo800k,equal,648,45.23131065070629,47.26555198431015
yahoo800k,equal,182,46.238419599831104,47.19069693237543
yahoo800k,equal,63,46.2336465716362,47.083478420972824
yahoo800k,equal,903,45.08858546614647,47.137029469013214
yahoo800k,equal,847,46.18498496711254,47.0863888040185
yahoo800k,equal,42,46.14703357219696,47.22992889583111
yahoo800k,equal,793,46.154484152793884,47.04634193331003
yahoo800k,equal,806,45.018852688372135,47.10082430392504
yahoo800k,equal,284,46.15949001163244,47.22084850072861
yahoo800k,equal,778,46.13329656422138,47.24541213363409
yahoo800k,equal,942,46.24051507562399,47.32701927423477
yahoo800k,equal,926,46.1238669231534,47.200475819408894
yahoo800k,equal,692,46.288478188216686,47.190580517053604
yahoo800k,equal,331,46.15460056811571,47.0911618322134
yahoo800k,equal,596,46.15797661244869,47.070905566215515
yahoo800k,equal,669,44.95750181376934,47.0159575343132
yahoo800k,equal,246,46.10943142324686,47.05996252596378
yahoo800k,equal,393,46.13841883838177,47.09046334028244
yahoo800k,equal,283,45.122578740119934,47.16042894870043
yahoo800k,equal,179,46.200002543628216,47.118053771555424
yahoo800k,equal,74,46.185567043721676,47.28115163743496
yahoo800k,equal,509,46.27415910363197,47.33633249998093
yahoo800k,equal,309,45.117572881281376,47.15647082775831
yahoo800k,equal,652,44.49265543371439,47.291163355112076
yahoo800k,equal,129,46.244822442531586,47.14599344879389
yahoo800k,equal,815,46.18801176548004,47.230394557118416
yahoo800k,equal,764,46.14400677382946,47.22678568214178
yahoo800k,equal,7,46.029919758439064,46.94995004683733
yahoo800k,equal,504,46.16403020918369,47.23505116999149
yahoo800k,equal,838,45.058783143758774,47.121779061853886
yahoo800k,equal,775,46.25495057553053,47.17509727925062
yahoo800k,equal,801,44.95400935411453,47.0263184979558
yahoo800k,equal,996,44.454820454120636,45.42246460914612
yahoo800k,equal,515,46.16030491888523,47.235749661922455
yahoo800k,equal,722,46.19045648723841,47.086505219340324
yahoo800k,equal,988,44.40767224878073,44.56716123968363
yahoo800k,equal,909,45.1129162684083,47.13563248515129
yahoo800k,equal,917,46.08358722180128,47.18091804534197
yahoo800k,equal,18,46.094064600765705,47.20606375485659
yahoo800k,equal,319,46.13818600773811,47.21118602901697
yahoo800k,equal,526,46.20023537427187,47.25216422230005
yahoo800k,equal,425,46.15343641489744,47.23528400063515
yahoo800k,equal,723,45.09661812335253,47.17567935585976
yahoo800k,equal,302,46.084169298410416,47.13411908596754
yahoo800k,equal,859,45.182183384895325,47.25600592792034
yahoo800k,equal,295,46.23073618859053,47.30734508484602
yahoo800k,equal,0,46.21874541044235,47.29977808892727
yahoo800k,equal,851,46.075787395238876,47.13272210210562
yahoo800k,equal,10,45.119086280465126,47.17148840427399
yahoo800k,equal,742,46.17439117282629,47.2355168312788
yahoo800k,equal,701,46.24947905540466,47.331093810498714
yahoo800k,equal,511,46.14866338670254,47.23598249256611
yahoo800k,equal,279,45.12909799814224,47.182198613882065
yahoo800k,equal,671,45.08672282099724,47.14017268270254
yahoo800k,equal,147,46.26298323273659,47.32969682663679
yahoo800k,equal,912,46.189408749341965,47.27160558104515
yahoo800k,equal,905,46.28789611160755,47.34913818538189
yahoo800k,equal,87,46.20465915650129,47.306413762271404
yahoo800k,equal,494,46.370900236070156,47.27195482701063
yahoo800k,equal,320,46.27543967217207,47.37637937068939
yahoo800k,equal,458,46.290806494653225,47.347391955554485
yahoo800k,equal,271,46.30850162357092,47.40140866488218
yahoo800k,equal,5,46.2639145553112,47.179870307445526
yahoo800k,equal,294,46.26857116818428,47.30117507278919
yahoo800k,equal,456,45.134685933589935,47.17789124697447
yahoo800k,equal,4,45.19382491707802,47.24541213363409
yahoo800k,equal,696,45.243301428854465,47.296867705881596
yahoo800k,equal,560,46.18917591869831,47.26555198431015
yahoo800k,equal,553,46.21490370482206,47.27591294795275
yahoo800k,equal,232,45.20313814282417,47.274515964090824
yahoo800k,equal,817,45.23771349340677,47.29058127850294
yahoo800k,equal,717,46.35902587324381,47.39651922136545
yahoo800k,equal,66,46.30477633327246,47.385809011757374
yahoo800k,equal,492,46.234927140176296,47.14506212621927
yahoo800k,equal,31,44.65645179152489,45.6380657851696
yahoo800k,equal,211,46.19441460818052,47.25100006908178
yahoo800k,equal,868,46.30850162357092,47.36997652798891
yahoo800k,equal,419,46.21758125722408,47.254026867449284
yahoo800k,equal,468,46.25541623681784,47.17579577118158
yahoo800k,equal,333,46.1493618786335,47.21037112176418
yahoo800k,equal,577,46.280212700366974,47.35065158456564
yahoo800k,equal,486,45.14853935688734,47.176145017147064
yahoo800k,equal,137,45.087654143571854,47.12643567472696
yahoo800k,equal,530,45.008258894085884,47.04075399786234
yahoo800k,equal,950,45.149121433496475,47.19523712992668
yahoo800k,equal,918,46.23446147888899,47.15460818260908
yahoo800k,equal,445,46.23073618859053,47.17172123491764
yahoo800k,equal,172,46.23353015631437,47.26636689156294
yahoo800k,equal,647,46.18742968887091,47.249835915863514
yahoo800k,equal,837,46.13935016095638,47.22632002085447
yahoo800k,equal,312,46.293833293020725,47.20548167824745
yahoo800k,equal,195,45.00197246670723,47.056470066308975
yahoo800k,equal,718,46.31001502275467,47.24552854895592
yahoo800k,equal,460,46.18323873728514,47.255889512598515
yahoo800k,equal,532,46.240631490945816,47.30152431875467
yahoo800k,equal,342,46.12887278199196,47.04995080828667
yahoo800k,equal,911,46.22538108378649,47.15286195278168
yahoo800k,equal,13,46.19441460818052,47.135516069829464
yahoo800k,equal,409,46.21967673301697,47.28976637125015
yahoo800k,equal,757,46.14889621734619,47.211069613695145
yahoo800k,equal,731,46.334462240338326,47.430978156626225
yahoo800k,equal,805,44.9849758297205,47.069042921066284
yahoo800k,equal,901,46.24377470463514,47.33505193144083
yahoo800k,equal,900,46.19220271706581,47.266134060919285
yahoo800k,equal,73,46.27997986972332,47.37148992717266
yahoo800k,equal,76,46.30547482520342,47.255540266633034
yahoo800k,equal,139,46.254368498921394,47.31176886707544
yahoo800k,equal,732,46.21467087417841,47.15111572295427
yahoo800k,equal,660,46.385335735976696,47.44750913232565
yahoo800k,equal,869,46.26321606338024,47.335284762084484
yahoo800k,equal,201,46.22794222086668,47.160894609987736
yahoo800k,equal,642,44.51745189726353,44.67298276722431
yahoo800k,equal,827,46.24389111995697,47.286972403526306
yahoo800k,equal,197,45.16006447374821,47.1979146823287
yahoo800k,equal,804,46.393717639148235,47.47486673295498
yahoo800k,equal,407,44.51081622391939,45.49266304820776
yahoo800k,equal,209,46.33120261132717,47.42213059216738
yahoo800k,equal,164,46.30605690181255,47.388020902872086
yahoo800k,equal,287,45.22909875959158,47.30175714939833
yahoo800k,equal,34,46.24552093446255,47.35658876597881
yahoo800k,equal,590,46.34063225239515,47.4071130156517
yahoo800k,equal,736,46.357978135347366,47.45461046695709
yahoo800k,equal,609,46.33807111531496,47.388370148837566
yahoo800k,equal,441,45.093707740306854,47.154841013252735
yahoo800k,equal,730,45.222812332212925,47.260429710149765
yahoo800k,equal,959,46.22829146683216,47.318870201706886
yahoo800k,equal,414,46.32794298231602,47.39896394312382
yahoo800k,equal,976,46.21013067662716,47.27230407297611
yahoo800k,equal,459,46.41490522772074,47.467066906392574
yahoo800k,equal,455,46.31467163562775,47.23563324660063
yahoo800k,equal,424,46.264962293207645,47.34599497169256
yahoo800k,equal,114,46.19953688234091,47.13097587227821
yahoo800k,equal,518,46.24843131750822,47.200475819408894
yahoo800k,equal,288,46.25692963600159,47.30001091957092
yahoo800k,equal,493,46.37870006263256,47.44145553559065
yahoo800k,equal,145,46.26926966011524,47.34506364911795
yahoo800k,equal,822,46.36496305465698,47.43505269289017
yahoo800k,equal,422,44.528162106871605,44.70348358154297
yahoo800k,equal,442,45.10150756686926,47.170091420412064
yahoo800k,equal,257,46.1493618786335,47.21048753708601
yahoo800k,equal,93,46.28044553101063,47.37125709652901
yahoo800k,equal,824,46.35355435311794,47.40641452372074
yahoo800k,equal,574,46.26368172466755,47.34867252409458
yahoo800k,equal,727,46.244822442531586,47.30233922600746
yahoo800k,equal,361,45.174616388976574,47.23714664578438
yahoo800k,equal,938,46.274857595562935,47.34576214104891
yahoo800k,equal,580,46.205357648432255,47.27207124233246
yahoo800k,equal,350,46.14435601979494,47.22538869827986
yahoo800k,equal,820,46.28486931324005,47.19686694443226
yahoo800k,equal,396,46.183704398572445,47.05996252596378
yahoo800k,equal,24,46.42456769943237,47.40117583423853
yahoo800k,equal,220,46.129338443279266,47.08138294517994
yahoo800k,equal,163,46.23283166438341,47.163921408355236
yahoo800k,equal,128,46.215602196753025,47.290814109146595
yahoo800k,equal,315,46.26507870852947,47.310139052569866
yahoo800k,equal,650,46.12375050783157,47.19675052911043
yahoo800k,equal,639,46.269502490758896,47.16101102530956
yahoo800k,equal,16,46.23935092240572,47.331093810498714
yahoo800k,equal,50,46.29290197044611,47.36497066915035
yahoo800k,equal,969,46.27893213182688,47.22632002085447
yahoo800k,equal,789,46.21490370482206,47.32143133878708
yahoo800k,equal,744,45.06285768002272,47.11584188044071
yahoo800k,equal,311,45.03235686570406,47.06496838480234
yahoo800k,equal,91,44.446904212236404,47.21991717815399
yahoo800k,equal,389,46.30500916391611,47.17137198895216
yahoo800k,equal,649,46.244123950600624,47.345878556370735
yahoo800k,equal,989,46.27089947462082,47.35216498374939
yahoo800k,equal,444,46.219443902373314,47.30152431875467
yahoo800k,equal,474,45.126304030418396,47.17148840427399
yahoo800k,equal,465,46.24435678124428,47.3543768748641
yahoo800k,equal,461,45.233406126499176,47.27696068584919
yahoo800k,equal,401,46.130502596497536,47.06170875579119
yahoo800k,equal,193,46.35413642972708,47.39651922136545
yahoo800k,equal,343,45.189051888883114,47.24122118204832
yahoo800k,equal,52,46.27497401088476,47.36101254820824
yahoo800k,equal,545,46.288128942251205,47.17032425105572
yahoo800k,equal,874,46.370550990104675,47.29069769382477
yahoo800k,equal,500,46.259607188403606,47.34157118946314
yahoo800k,equal,848,46.27846647053957,47.20943979918957
yahoo800k,equal,908,46.2578609585762,47.33889363706112
yahoo800k,equal,363,46.24039866030216,47.31141962110996
yahoo800k,equal,436,45.15645559877157,47.20862489193678
yahoo800k,equal,955,46.31828051060438,47.354609705507755
yahoo800k,equal,651,44.446089304983616,44.619315303862095
yahoo800k,equal,893,46.28859460353851,47.2143292427063
yahoo800k,equal,337,45.12351006269455,47.18126729130745
yahoo800k,equal,957,46.29360046237707,47.18627315014601
yahoo800k,equal,829,46.309432946145535,47.26147744804621
yahoo800k,equal,241,46.32340278476477,47.253561206161976
yahoo800k,equal,412,46.2785828858614,47.360663302242756
yahoo800k,equal,67,45.23771349340677,47.2761457785964
yahoo800k,equal,23,46.354951336979866,47.425972297787666
yahoo800k,equal,286,46.32514901459217,47.25530743598938
yahoo800k,equal,549,46.22596316039562,47.29279316961765
yahoo800k,equal,875,46.353437937796116,47.4010594189167
yahoo800k,equal,877,46.2937168776989,47.34564572572708
yahoo800k,equal,448,45.2633248642087,47.315494157373905
yahoo800k,equal,364,45.19184585660696,47.24494647234678
yahoo800k,equal,224,46.30850162357092,47.405483201146126
yahoo800k,equal,898,46.23923450708389,47.150300815701485
yahoo800k,equal,944,46.393019147217274,47.45519254356623
yahoo800k,equal,175,46.273344196379185,47.35554102808237
yahoo800k,equal,475,46.474626287817955,47.32550587505102
yahoo800k,equal,803,46.19034007191658,47.27684427052736
yahoo800k,equal,308,45.22863309830427,47.27113991975784
yahoo800k,equal,524,45.141554437577724,47.19558637589216
yahoo800k,equal,637,45.06262484937906,47.1166567876935
yahoo800k,equal,885,46.26903682947159,47.330744564533234
yahoo800k,equal,495,46.28882743418217,47.23132587969303
yahoo800k,equal,881,45.037479139864445,47.08056803792715
yahoo800k,equal,821,46.266126446425915,47.15623799711466
yahoo800k,equal,111,45.08811980485916,47.17125557363033
yahoo800k,equal,155,45.25273106992245,47.316774725914
yahoo800k,equal,673,46.23434506356716,47.30629734694958
yahoo800k,equal,118,46.343193389475346,47.39512223750353
yahoo800k,equal,107,46.155648306012154,47.22760058939457
yahoo800k,equal,443,46.315486542880535,47.33691457659006
yahoo800k,equal,993,44.57193426787853,44.732820242643356
yahoo800k,equal,603,45.118387788534164,47.22154699265957
yahoo800k,equal,402,46.14971112459898,47.24657628685236
yahoo800k,equal,392,44.630724005401134,47.475798055529594
yahoo800k,equal,247,46.214438043534756,47.315494157373905
yahoo800k,equal,357,46.22992128133774,47.28534258902073
yahoo800k,equal,183,46.283937990665436,47.3604304715991
yahoo800k,equal,752,45.19533831626177,47.26974293589592
yahoo800k,equal,223,45.206863433122635,47.28999920189381
yahoo800k,equal,120,46.36973608285189,47.41281736642122
yahoo800k,equal,614,46.268803998827934,47.36019764095545
yahoo800k,equal,510,46.354951336979866,47.24576137959957
yahoo800k,equal,640,45.07007542997599,47.163572162389755
yahoo800k,equal,513,46.434346586465836,47.47684579342604
yahoo800k,equal,75,46.18300590664148,47.274515964090824
yahoo800k,equal,587,46.24039866030216,47.272536903619766
yahoo800k,equal,527,45.06227560341358,47.139707021415234
yahoo800k,equal,531,46.31944466382265,47.350418753921986
yahoo800k,equal,8,45.09848076850176,47.17695992439985
yahoo800k,equal,277,45.169610530138016,47.25123289972544
yahoo800k,equal,582,45.137712731957436,47.220499254763126
yahoo800k,equal,249,44.471933506429195,47.26415500044823
yahoo800k,equal,578,46.24994471669197,47.33656533062458
yahoo800k,equal,878,46.27497401088476,47.16578405350447
yahoo800k,equal,512,46.199653297662735,47.28185012936592
yahoo800k,equal,314,46.350411139428616,47.22154699265957
yahoo800k,equal,157,45.042834244668484,47.14133683592081
yahoo800k,equal,664,46.367524191737175,47.389534302055836
yahoo800k,equal,995,46.22526466846466,47.287438064813614
yahoo800k,equal,184,45.121065340936184,47.204201109707355
yahoo800k,equal,960,45.11792212724686,47.17090632766485
yahoo800k,equal,135,45.222463086247444,47.28557541966438
yahoo800k,equal,317,46.2293392047286,47.31572698801756
yahoo800k,equal,961,46.408968046307564,47.31002263724804
yahoo800k,equal,761,45.154476538300514,47.20548167824745
yahoo800k,equal,768,45.19301000982523,47.24622704088688
yahoo800k,equal,258,45.233406126499176,47.28685598820448
yahoo800k,equal,300,45.09149584919214,47.16555122286081
yahoo800k,equal,78,46.30931653082371,47.38138522952795
yahoo800k,equal,404,46.42549902200699,47.28604108095169
yahoo800k,equal,104,46.34901415556669,47.26182669401169
yahoo800k,equal,691,45.167398639023304,47.22957964986563
yahoo800k,equal,303,46.25343717634678,47.36008122563362
yahoo800k,equal,427,45.203254558146,47.27591294795275
yahoo800k,equal,359,45.13608291745186,47.20012657344341
yahoo800k,equal,954,45.14434840530157,47.20711149275303
yahoo800k,equal,207,45.00197246670723,47.07556217908859
yahoo800k,equal,570,46.31478805094957,47.19174467027187
yahoo800k,equal,408,46.25064320862293,47.18056879937649
yahoo800k,equal,818,45.03759555518627,47.11549263447523
yahoo800k,equal,521,46.11071199178696,47.05169703811407
yahoo800k,equal,423,46.374392695724964,47.41549491882324
yahoo800k,equal,729,46.20314575731754,47.19104617834091
yahoo800k,equal,467,46.329922042787075,47.3556574434042
yahoo800k,equal,109,45.103137381374836,47.16601688414812
yahoo800k,equal,252,46.262750402092934,47.27428313344717
yahoo800k,equal,563,46.267989091575146,47.350069507956505
yahoo800k,equal,196,46.249362640082836,47.30198998004198
yahoo800k,equal,33,46.17893137037754,47.24098835140467
yahoo800k,equal,682,46.313623897731304,47.376612201333046
yahoo800k,equal,983,46.2094321846962,47.30094224214554
yahoo800k,equal,986,46.2245661765337,47.294655814766884
yahoo800k,equal,749,46.22561391443014,47.29663487523794
yahoo800k,equal,654,46.30314651876688,47.326087951660156
yahoo800k,equal,862,46.279048547148705,47.342036850750446
yahoo800k,equal,96,46.2906900793314,47.33167588710785
yahoo800k,equal,438,44.93282176554203,46.99581768363714
yahoo800k,equal,927,46.40489351004362,47.326902858912945
yahoo800k,equal,795,46.23434506356716,47.31642547994852
yahoo800k,equal,222,46.28382157534361,47.3604304715991
yahoo800k,equal,832,46.19895480573177,47.119101509451866
yahoo800k,equal,399,46.229222789406776,47.2713727504015
yahoo800k,equal,840,46.325381845235825,47.362991608679295
yahoo800k,equal,142,46.309083700180054,47.34005779027939
yahoo800k,equal,517,44.50569394975901,44.66553218662739
yahoo800k,equal,377,46.360306441783905,47.390349209308624
yahoo800k,equal,144,45.14737520366907,47.206878662109375
yahoo800k,equal,935,46.334462240338326,47.37544804811478
yahoo800k,equal,807,46.19313403964043,47.274515964090824
yahoo800k,equal,355,46.34994547814131,47.26252518594265
yahoo800k,equal,505,46.25984001904726,47.19989374279976
yahoo800k,equal,285,46.275206841528416,47.35286347568035
yahoo800k,equal,940,46.19534593075514,47.306413762271404
yahoo800k,equal,565,44.612097553908825,47.40769509226084
yahoo800k,equal,274,46.23935092240572,47.28103522211313
yahoo800k,equal,719,44.557731598615646,47.34215326607227
yahoo800k,equal,231,46.18417005985975,47.10978828370571
yahoo800k,equal,238,46.24587018042803,47.27777559310198
yahoo800k,equal,272,45.09242717176676,47.205016016960144
yahoo800k,equal,398,46.24994471669197,47.31118679046631
yahoo800k,equal,947,46.127825044095516,47.200010158121586
yahoo800k,equal,124,46.20326217263937,47.10385110229254
yahoo800k,equal,855,46.208035200834274,47.29977808892727
yahoo800k,equal,406,45.08811980485916,47.15076647698879
yahoo800k,equal,907,46.18894308805466,47.09057975560427
yahoo800k,equal,420,46.35436926037073,47.41642624139786
yahoo800k,equal,133,45.10779399424791,47.18510899692774
yahoo800k,equal,280,46.31991032510996,47.39698488265276
yahoo800k,equal,68,46.23783752322197,47.138892114162445
yahoo800k,equal,53,46.32468335330486,47.24273458123207
yahoo800k,equal,348,46.182656660676,47.24576137959957
yahoo800k,equal,973,46.36321682482958,47.399778850376606
yahoo800k,equal,262,46.20430991053581,47.30455111712217
yahoo800k,equal,677,46.21350672096014,47.140056267380714
yahoo800k,equal,198,46.17846570909023,47.234585508704185
yahoo800k,equal,638,46.1074523627758,47.169625759124756
yahoo800k,equal,141,45.017688535153866,47.09966015070677
yahoo800k,equal,808,46.22840788215399,47.288951463997364
yahoo800k,equal,831,46.193948946893215,47.11048677563667
yahoo800k,equal,896,46.28300666809082,47.34506364911795
yahoo800k,equal,113,46.14470526576042,47.055771574378014
yahoo800k,equal,360,46.29336763173342,47.32643719762564
yahoo800k,equal,883,44.43747457116842,44.58846524357796
yahoo800k,equal,344,45.13689782470465,47.19907883554697
yahoo800k,equal,714,46.07450682669878,47.14750684797764
yahoo800k,equal,100,46.330271288752556,47.422247007489204
yahoo800k,equal,550,46.22689448297024,47.28918429464102
yahoo800k,equal,162,46.23946733772755,47.27509804069996
yahoo800k,equal,150,46.14435601979494,47.22445737570524
yahoo800k,equal,850,46.22607957571745,47.28708881884813
yahoo800k,equal,22,46.008965000510216,47.04610910266638
yahoo800k,equal,485,45.007094740867615,47.051114961504936
yahoo800k,equal,428,46.17101512849331,47.07195330411196
yahoo800k,equal,916,45.0528459623456,47.10571374744177
yahoo800k,equal,266,44.503831304609776,47.30734508484602
yahoo800k,equal,230,45.15319596976042,47.21153527498245
yahoo800k,equal,112,46.19453102350235,47.25693725049496
yahoo800k,equal,854,46.31036426872015,47.39139694720507
yahoo800k,equal,681,46.18160892277956,47.24517930299044
yahoo800k,equal,151,46.218279749155045,47.26473707705736
yahoo800k,equal,316,46.10535688698292,47.15542308986187
yahoo800k,equal,218,46.31991032510996,47.361478209495544
yahoo800k,equal,140,46.11012991517782,47.01304715126753
yahoo800k,equal,598,46.18056118488312,47.23062738776207
yahoo800k,equal,19,46.16950172930956,47.234934754669666
yahoo800k,equal,491,46.29755858331919,47.37789276987314
yahoo800k,equal,826,46.21397238224745,47.28604108095169
yahoo800k,equal,362,46.294648200273514,47.192093916237354
yahoo800k,equal,480,46.14866338670254,47.230045311152935
yahoo800k,equal,792,46.270317398011684,47.31107037514448
yahoo800k,equal,369,46.178814955055714,47.256238758563995
yahoo800k,equal,579,46.324217692017555,47.37416747957468
yahoo800k,equal,659,46.20850086212158,47.1300445497036
yahoo800k,equal,863,46.293484047055244,47.34506364911795
yahoo800k,equal,437,46.12945485860109,47.19651769846678
yahoo800k,equal,895,44.99731585383415,47.08091728389263
yahoo800k,equal,656,46.15285433828831,47.230045311152935
yahoo800k,equal,745,46.217930503189564,47.28988278657198
yahoo800k,equal,242,44.92222797125578,46.97346594184637
yahoo800k,equal,250,46.16717342287302,47.233887016773224
yahoo800k,equal,675,46.11257463693619,47.18464333564043
yahoo800k,equal,108,46.263448894023895,47.149951569736004
yahoo800k,equal,349,45.08590791374445,47.14471288025379
yahoo800k,equal,641,45.082648284733295,47.116540372371674
yahoo800k,equal,60,46.14354111254215,47.19651769846678
yahoo800k,equal,894,46.179862692952156,47.09081258624792
yahoo800k,equal,627,46.20850086212158,47.13458474725485
yahoo800k,equal,173,45.09231075644493,47.156703658401966
yahoo800k,equal,830,46.09988536685705,47.16007970273495
yahoo800k,equal,394,45.12665327638388,47.18091804534197
yahoo800k,equal,922,46.129338443279266,47.04040475189686
yahoo800k,equal,59,45.17706111073494,47.23109304904938
yahoo800k,equal,498,45.02804949879646,47.1002422273159
yahoo800k,equal,2,46.299188397824764,47.21549339592457
yahoo800k,equal,278,46.24086432158947,47.133187763392925
yahoo800k,equal,777,46.2894095107913,47.33237437903881
yahoo800k,equal,606,46.18952516466379,47.25100006908178
yahoo800k,equal,299,46.31327465176582,47.34122194349766
yahoo800k,equal,933,46.27346061170101,47.34541289508343
yahoo800k,equal,487,46.31001502275467,47.22003359347582
yahoo800k,equal,856,46.24552093446255,47.30571527034044
yahoo800k,equal,77,46.274508349597454,47.155655920505524
yahoo800k,equal,604,45.05238030105829,47.11549263447523
yahoo800k,equal,146,46.357978135347366,47.42993041872978
yahoo800k,equal,489,46.26961890608072,47.32178058475256
yahoo800k,equal,765,45.10721191763878,47.1555395051837
yahoo800k,equal,755,46.193948946893215,47.08592314273119
yahoo800k,equal,202,44.55226007848978,47.33726382255554
yahoo800k,equal,886,45.097898691892624,47.15088289231062
yahoo800k,equal,852,46.41455598175526,47.43505269289017
yahoo800k,equal,760,46.15006037056446,47.22655285149813
yahoo800k,equal,658,45.13643216341734,47.16520197689533
yahoo800k,equal,125,44.94807217270136,47.01211582869291
yahoo800k,equal,69,45.12362647801638,47.14657552540302
yahoo800k,equal,597,45.0874213129282,47.15239629149437
yahoo800k,equal,953,44.58799958229065,47.380453906953335
yahoo800k,equal,584,46.2185125797987,47.27952182292938
yahoo800k,equal,372,46.299188397824764,47.342036850750446
yahoo800k,equal,267,46.320026740431786,47.377077862620354
yahoo800k,equal,892,44.561922550201416,44.73642911761999
yahoo800k,equal,740,46.24994471669197,47.316309064626694
yahoo800k,equal,816,46.37555684894323,47.44669422507286
yahoo800k,equal,919,45.11815495789051,47.20129072666168
yahoo800k,equal,328,45.07892299443483,47.14285023510456
yahoo800k,equal,496,46.19406536221504,47.250534407794476
yahoo800k,equal,948,46.34389188140631,47.41677548736334
yahoo800k,equal,608,46.179513446986675,47.2415704280138
yahoo800k,equal,713,45.17671186476946,47.2307438030839
yahoo800k,equal,253,46.34424112737179,47.416193410754204
yahoo800k,equal,187,45.09929567575455,47.17183765023947
yahoo800k,equal,188,46.2894095107913,47.36997652798891
yahoo800k,equal,876,46.27392627298832,47.32550587505102
yahoo800k,equal,626,45.08730489760637,47.14936949312687
yahoo800k,equal,834,46.348897740244865,47.4205007776618
yahoo800k,equal,646,45.25156691670418,47.315144911408424
yahoo800k,equal,90,46.35402001440525,47.404784709215164
yahoo800k,equal,870,46.21502012014389,47.29698412120342
yahoo800k,equal,174,45.17287015914917,47.22597077488899
yahoo800k,equal,853,46.24493885785341,47.301407903432846
yahoo800k,equal,624,46.38358950614929,47.28557541966438
yahoo800k,equal,488,46.22479900717735,47.312118113040924
yahoo800k,equal,783,45.15238106250763,47.22084850072861
yahoo800k,equal,132,45.05855031311512,47.14063834398985
yahoo800k,equal,699,46.24854773283005,47.32492379844189
yahoo800k,equal,756,46.2202588096261,47.2713727504015
yahoo800k,equal,310,46.330271288752556,47.37148992717266
yahoo800k,equal,914,45.12618761509657,47.20024298876524
yahoo800k,equal,270,46.31443880498409,47.36089613288641
yahoo800k,equal,800,45.053777284920216,47.14599344879389
yahoo800k,equal,621,45.17787601798773,47.22003359347582
yahoo800k,equal,785,46.27800080925226,47.339475713670254
yahoo800k,equal,403,46.28917668014765,47.35065158456564
yahoo800k,equal,215,46.25879228115082,47.14971873909235
yahoo800k,equal,454,46.23562563210726,47.31654189527035
yahoo800k,equal,452,46.30989860743284,47.370907850563526
yahoo800k,equal,544,46.40012048184872,47.4416883662343
yahoo800k,equal,991,46.19103856384754,47.2519313916564
yahoo800k,equal,180,46.353903599083424,47.425623051822186
yahoo800k,equal,747,46.26985173672438,47.34087269753218
yahoo800k,equal,275,46.26484587788582,47.30583168566227
yahoo800k,equal,564,46.21804691851139,47.271023504436016
yahoo800k,equal,56,46.38906102627516,47.42119926959276
yahoo800k,equal,687,45.15773616731167,47.21083678305149
yahoo800k,equal,921,45.17252091318369,47.22562152892351
yahoo800k,equal,433,46.214438043534756,47.267298214137554
yahoo800k,equal,748,46.40454426407814,47.4550761282444
yahoo800k,equal,849,46.2639145553112,47.36054688692093
yahoo800k,equal,980,45.15424370765686,47.21689037978649
yahoo800k,equal,588,46.10302858054638,46.99616692960262
yahoo800k,equal,861,46.25425208359957,47.16124385595322
yahoo800k,equal,166,46.18056118488312,47.2367973998189
yahoo800k,equal,974,45.13910971581936,47.21549339592457
yahoo800k,equal,185,46.2487805634737,47.15076647698879
yahoo800k,equal,497,46.34237848222256,47.26450424641371
yahoo800k,equal,629,46.20966501533985,47.1421517431736
yahoo800k,equal,371,46.36391531676054,47.426437959074974
yahoo800k,equal,134,46.238419599831104,47.16485273092985
yahoo800k,equal,844,46.36251833289862,47.26450424641371
yahoo800k,equal,601,46.29441536962986,47.245994210243225
yahoo800k,equal,384,46.320026740431786,47.22154699265957
yahoo800k,equal,617,45.08730489760637,47.15041723102331
yahoo800k,equal,365,46.37951496988535,47.410489059984684
yahoo800k,equal,586,46.24854773283005,47.32492379844189
yahoo800k,equal,130,46.233879402279854,47.31002263724804
yahoo800k,equal,341,45.04795651882887,47.11013752967119
yahoo800k,equal,161,46.27020098268986,47.212233766913414
yahoo800k,equal,367,45.11245060712099,47.195120714604855
yahoo800k,equal,376,45.13794556260109,47.201523557305336
yahoo800k,equal,98,45.01605872064829,47.07067273557186
yahoo800k,equal,464,46.340515837073326,47.42038436233997
yahoo800k,equal,884,46.124798245728016,47.2100218757987
yahoo800k,equal,726,46.2530879303813,47.1754465252161
yahoo800k,equal,255,46.17846570909023,47.25903272628784
yahoo800k,equal,508,46.29488103091717,47.362176701426506
yahoo800k,equal,799,44.47740502655506,47.265784814953804
yahoo800k,equal,618,46.17858212441206,47.09057975560427
yahoo800k,equal,237,46.242959797382355,47.326087951660156
yahoo800k,equal,828,44.656917452812195,45.65902054309845
yahoo800k,equal,260,46.32445052266121,47.195469960570335
yahoo800k,equal,176,46.36927042156458,47.41910379379988
yahoo800k,equal,867,46.18894308805466,47.159031964838505
yahoo800k,equal,373,45.23829557001591,47.30664659291506
yahoo800k,equal,555,46.214438043534756,47.29151260107756
yahoo800k,equal,610,45.143417082726955,47.205365262925625
yahoo800k,equal,814,46.20058462023735,47.26718179881573
yahoo800k,equal,97,45.20744550973177,47.29104693979025
yahoo800k,equal,788,46.17893137037754,47.22084850072861
yahoo800k,equal,502,45.235734432935715,47.30885848402977
yahoo800k,equal,380,44.5264158770442,45.48835568130016
yahoo800k,equal,751,46.30314651876688,47.234585508704185
yahoo800k,equal,30,46.234927140176296,47.3465770483017
yahoo800k,equal,117,46.28254100680351,47.34913818538189
yahoo800k,equal,336,46.419911086559296,47.476496547460556
yahoo800k,equal,573,46.4592594653368,47.38126881420612
yahoo800k,equal,225,45.244116336107254,47.31607623398304
yahoo800k,equal,243,46.510249376297,47.560431994497776
yahoo800k,equal,352,45.08590791374445,47.13947419077158
yahoo800k,equal,306,46.438886784017086,47.34063986688852
yahoo800k,equal,571,46.32445052266121,47.38674033433199
yahoo800k,equal,520,46.36438097804785,47.4308617413044
yahoo800k,equal,706,46.1688032373786,47.2398241981864
yahoo800k,equal,616,46.278699301183224,47.35100083053112
yahoo800k,equal,698,46.16903606802225,47.2160754725337
yahoo800k,equal,902,46.288943849503994,47.361128963530064
yahoo800k,equal,569,46.17997910827398,47.26147744804621
yahoo800k,equal,753,46.20256368070841,47.263456508517265
yahoo800k,equal,634,46.189757995307446,47.241803258657455
yahoo800k,equal,381,46.24738357961178,47.32981324195862
yahoo800k,equal,298,45.227468945086,47.314330004155636
yahoo800k,equal,44,45.2481908723712,47.330744564533234
yahoo800k,equal,583,46.269153244793415,47.20105789601803
yahoo800k,equal,754,45.197783038020134,47.24133759737015
yahoo800k,equal,819,45.011634938418865,47.09511995315552
yahoo800k,equal,932,46.2457537651062,47.31607623398304
yahoo800k,equal,575,45.08707206696272,47.1542589366436
yahoo800k,equal,710,46.3300384581089,47.23097663372755
yahoo800k,equal,585,46.149478293955326,47.211069613695145
yahoo800k,equal,148,46.25949077308178,47.31945227831602
yahoo800k,equal,322,46.2142052128911,47.12620284408331
yahoo800k,equal,450,46.234927140176296,47.15577233582735
yahoo800k,equal,470,46.09848838299513,47.030276618897915
yahoo800k,equal,990,46.25949077308178,47.32143133878708
yahoo800k,equal,240,44.9564540758729,47.01979923993349
yahoo800k,equal,95,46.07439041137695,46.98499105870724
yahoo800k,equal,48,46.10896576195955,47.160894609987736
yahoo800k,equal,661,46.22596316039562,47.26252518594265
yahoo800k,equal,725,45.021879486739635,47.06496838480234
yahoo800k,equal,54,46.173809096217155,47.23481833934784
yahoo800k,equal,191,44.97834015637636,47.06147592514753
yahoo800k,equal,45,45.1323576271534,47.200010158121586
yahoo800k,equal,705,45.078457333147526,47.14599344879389
yahoo800k,equal,529,44.47146784514189,44.622342102229595
yahoo800k,equal,928,46.12398333847523,47.17090632766485
yahoo800k,equal,552,46.23318091034889,47.144596464931965
yahoo800k,equal,483,46.162051148712635,47.222827561199665
yahoo800k,equal,709,46.18579987436533,47.24611062556505
yahoo800k,equal,839,44.88695412874222,46.94191738963127
yahoo800k,equal,667,46.15960642695427,47.20757715404034
yahoo800k,equal,212,44.966815039515495,47.03458398580551
yahoo800k,equal,70,45.03247328102589,47.07649350166321
yahoo800k,equal,968,44.98346243053675,47.085341066122055
yahoo800k,equal,733,45.08753772825003,47.150999307632446
yahoo800k,equal,21,46.20861727744341,47.26066254079342
yahoo800k,equal,833,45.196968130767345,47.24611062556505
yahoo800k,equal,481,46.14365752786398,47.054956667125225
yahoo800k,equal,14,46.17450758814812,47.236098907887936
yahoo800k,equal,592,46.110013499855995,47.17567935585976
yahoo800k,equal,802,46.260072849690914,47.171604819595814
yahoo800k,equal,910,46.203844249248505,47.274865210056305
yahoo800k,equal,51,46.25110886991024,47.291978262364864
yahoo800k,equal,602,46.18812818080187,47.25996404886246
yahoo800k,equal,378,45.075430534780025,47.1300445497036
yahoo800k,equal,89,45.04725802689791,47.10082430392504
yahoo800k,equal,534,45.131659135222435,47.17567935585976
yahoo800k,equal,979,46.138535253703594,47.2100218757987
yahoo800k,equal,216,46.24971188604832,47.26985935121775
yahoo800k,equal,391,46.16857040673494,47.09057975560427
yahoo800k,equal,405,46.15949001163244,47.211069613695145
yahoo800k,equal,559,45.00092472881079,47.064037062227726
yahoo800k,equal,930,46.218978241086006,47.140056267380714
yahoo800k,equal,963,46.17776721715927,47.08883352577686
yahoo800k,equal,334,46.364846639335155,47.44587931782007
yahoo800k,equal,645,46.45506851375103,47.38662391901016
yahoo800k,equal,251,46.45402077585459,47.510373406112194
yahoo800k,equal,915,46.330736950039864,47.28569183498621
yahoo800k,equal,116,46.4998884126544,47.41188604384661
yahoo800k,equal,160,46.44924774765968,47.36077971756458
yahoo800k,equal,556,46.4289914816618,47.49163053929806
yahoo800k,equal,880,46.357978135347366,47.410489059984684
yahoo800k,equal,951,45.20732909440994,47.280220314860344
yahoo800k,equal,292,46.40873521566391,47.471607103943825
yahoo800k,equal,259,46.51013296097517,47.58569411933422
yahoo800k,equal,791,46.42875865101814,47.483714297413826
yahoo800k,equal,293,46.54389340430498,47.59558942168951
yahoo800k,equal,576,46.38021346181631,47.45100159198046
yahoo800k,equal,825,46.404311433434486,47.33586683869362
yahoo800k,equal,860,46.38999234884977,47.456007450819016
yahoo800k,equal,3,45.33701576292515,47.369045205414295
yahoo800k,equal,473,45.28346471488476,47.36008122563362
yahoo800k,equal,469,46.46566230803728,47.4969856441021
yahoo800k,equal,984,46.40733823180199,47.32946399599314
yahoo800k,equal,291,45.34993786364794,47.451816499233246
yahoo800k,equal,219,45.17810884863138,47.24995233118534
yahoo800k,equal,857,45.35331390798092,47.41700831800699
yahoo800k,equal,776,46.36577796190977,47.42725286632776
yahoo800k,equal,594,46.46996967494488,47.37102426588535
yahoo800k,equal,772,46.35937511920929,47.44145553559065
yahoo800k,equal,457,46.38929385691881,47.411187551915646
yahoo800k,equal,981,46.490225940942764,47.56136331707239
yahoo800k,equal,975,46.49942275136709,47.54960536956787
yahoo800k,equal,695,45.27880810201168,47.3647378385067
yahoo800k,equal,506,46.44948057830334,47.36054688692093
yahoo800k,equal,750,46.305241994559765,47.36671689897776
yahoo800k,equal,385,46.399421989917755,47.30955697596073
yahoo800k,equal,435,46.43108695745468,47.33202513307333
yahoo800k,equal,522,45.31769081950188,47.39616997539997
yahoo800k,equal,268,46.350760385394096,47.42085002362728
yahoo800k,equal,970,46.49499896913767,47.55111876875162
yahoo800k,equal,463,46.41909617930651,47.51025699079037
yahoo800k,equal,15,46.465545892715454,47.36543633043766
yahoo800k,equal,965,45.2590174973011,47.30664659291506
yahoo800k,equal,358,46.39581311494112,47.44704347103834
yahoo800k,equal,835,45.061809942126274,47.11619112640619
yahoo800k,equal,686,46.214438043534756,47.24133759737015
yahoo800k,equal,395,46.203495003283024,47.244480811059475
yahoo800k,equal,168,46.224333345890045,47.14168608188629
yahoo800k,equal,966,45.09266000241041,47.1555395051837
yahoo800k,equal,27,45.192078687250614,47.25542385131121
yahoo800k,equal,771,46.15832585841417,47.230860218405724
yahoo800k,equal,26,46.29394970834255,47.38604184240103
yahoo800k,equal,680,46.2984899058938,47.381618060171604
yahoo800k,equal,103,46.28614988178015,47.3725376650691
yahoo800k,equal,888,45.007793232798576,47.070905566215515
yahoo800k,equal,735,46.27346061170101,47.32096567749977
yahoo800k,equal,11,46.22305277734995,47.124107368290424
yahoo800k,equal,233,46.28405440598726,47.3556574434042
dbpedia560k,and,786,54.952106438577175,56.19425792247057
dbpedia560k,and,93,54.200063459575176,58.006844483315945
dbpedia560k,and,277,51.912618800997734,55.68866617977619
dbpedia560k,and,449,65.46208169311285,69.22311149537563
dbpedia560k,and,731,70.71124855428934,71.99682295322418
dbpedia560k,and,388,52.64626815915108,56.40345625579357
dbpedia560k,and,673,53.64534445106983,57.42069333791733
dbpedia560k,and,493,54.702977649867535,58.458419516682625
dbpedia560k,and,789,54.230913519859314,57.816971093416214
dbpedia560k,and,871,50.9058590978384,54.680975154042244
dbpedia560k,and,240,53.12939174473286,54.37643267214298
dbpedia560k,and,138,54.85815927386284,58.62419493496418
dbpedia560k,and,958,55.56340329349041,59.14038047194481
dbpedia560k,and,408,51.913317292928696,55.66887557506561
dbpedia560k,and,330,55.49925845116377,59.07437298446894
dbpedia560k,and,401,54.91240881383419,56.227901950478554
dbpedia560k,and,679,59.404061175882816,60.68567745387554
dbpedia560k,and,30,52.58235614746809,56.32953252643347
dbpedia560k,and,155,54.7084491699934,58.48216824233532
dbpedia560k,and,185,51.96698475629091,55.72300869971514
dbpedia560k,and,651,54.81264088302851,58.391946367919445
dbpedia560k,and,250,54.631149396300316,58.39718505740166
dbpedia560k,and,131,53.450348787009716,54.72253542393446
dbpedia560k,and,835,55.37248216569424,56.595541536808014
dbpedia560k,and,343,51.84242036193609,55.608456023037434
dbpedia560k,and,570,50.99782720208168,54.78248931467533
dbpedia560k,and,182,54.27654832601547,57.852594181895256
dbpedia560k,and,685,50.9296078234911,54.69552706927061
dbpedia560k,and,153,53.57549525797367,57.37075116485357
dbpedia560k,and,34,51.6669824719429,55.41299469769001
dbpedia560k,and,476,58.05271212011576,59.47484169155359
dbpedia560k,and,110,54.21554669737816,57.991594076156616
dbpedia560k,and,355,54.285512305796146,57.89042916148901
dbpedia560k,and,57,56.63558840751648,60.23072637617588
dbpedia560k,and,46,54.775155149400234,58.562145568430424
dbpedia560k,and,806,53.665367886424065,57.500554248690605
dbpedia560k,and,989,53.8855092599988,57.65142850577831
dbpedia560k,and,172,55.649783462285995,59.263547882437706
dbpedia560k,and,396,52.97933239489794,54.21251989901066
dbpedia560k,and,321,52.54370626062155,56.28960207104683
dbpedia560k,and,671,65.7540513202548,69.52008698135614
dbpedia560k,and,317,53.789932280778885,57.56539758294821
dbpedia560k,and,305,51.598530262708664,55.37457764148712
dbpedia560k,and,643,65.70923142135143,69.48504596948624
dbpedia560k,and,301,54.582138545811176,58.37820935994387
dbpedia560k,and,912,56.63372576236725,60.23980677127838
dbpedia560k,and,360,54.84290886670351,58.642588555812836
dbpedia560k,and,863,54.65804133564234,58.46819840371609
dbpedia560k,and,390,54.20634988695383,58.02267696708441
dbpedia560k,and,230,51.48234777152538,55.271899327635765
dbpedia560k,and,244,58.952951803803444,60.222926549613476
dbpedia560k,and,899,54.30728197097778,57.94176831841469
dbpedia560k,and,270,54.61135879158974,58.42733662575483
dbpedia560k,and,968,52.62985359877348,56.42487667500973
dbpedia560k,and,951,54.298085160553455,57.93420132249594
dbpedia560k,and,650,64.79129660874605,66.08699914067984
dbpedia560k,and,455,63.21456748992205,64.44635801017284
dbpedia560k,and,459,59.27856545895338,60.55098492652178
dbpedia560k,and,452,62.9649730399251,66.7991116642952
dbpedia560k,and,749,51.506212912499905,55.31695205718279
dbpedia560k,and,721,53.63556556403637,57.46155511587858
dbpedia560k,and,630,54.4301001355052,58.22617094963789
dbpedia560k,and,827,53.92194725573063,57.7978789806366
dbpedia560k,and,479,59.644924476742744,60.921418480575085
dbpedia560k,and,53,55.01275882124901,58.63816477358341
dbpedia560k,and,249,53.76129411160946,57.57599137723446
dbpedia560k,and,14,54.745934903621674,58.55085328221321
dbpedia560k,and,190,52.22239997237921,53.43311931937933
dbpedia560k,and,443,55.131036788225174,58.94806236028671
dbpedia560k,and,577,63.012936152517796,66.8336870148778
dbpedia560k,and,346,55.643380619585514,56.8699324503541
dbpedia560k,and,421,57.43117071688175,58.672972954809666
dbpedia560k,and,898,54.388074204325676,58.03292151540518
dbpedia560k,and,934,55.792974308133125,59.42909047007561
dbpedia560k,and,765,65.79898763448,69.62497718632221
dbpedia560k,and,111,59.81058347970247,61.07240915298462
dbpedia560k,and,168,51.88735667616129,55.69925997406244
dbpedia560k,and,90,54.98179234564304,56.21789023280144
dbpedia560k,and,17,52.072107791900635,55.88331259787083
dbpedia560k,and,534,54.290518164634705,57.937344536185265
dbpedia560k,and,528,66.07943214476109,67.33613554388285
dbpedia560k,and,383,52.71867848932743,56.52022082358599
dbpedia560k,and,494,53.79004869610071,57.62604996562004
dbpedia560k,and,147,55.628945119678974,56.83873314410448
dbpedia560k,and,154,56.474469602108,57.74642340838909
dbpedia560k,and,159,53.57922054827213,54.84221037477255
dbpedia560k,and,638,53.82043309509754,57.66621325165033
dbpedia560k,and,581,70.63092198222876,71.8927476555109
dbpedia560k,and,419,54.81718108057976,58.6208188906312
dbpedia560k,and,553,58.14642645418644,59.608835726976395
dbpedia560k,and,656,55.709038861095905,59.333862736821175
dbpedia560k,and,741,54.78248931467533,58.58857184648514
dbpedia560k,and,853,55.78401032835245,59.429905377328396
dbpedia560k,and,63,55.64885213971138,56.921388022601604
dbpedia560k,and,645,65.85521623492241,69.65582724660635
dbpedia560k,and,678,65.78874308615923,68.91379598528147
dbpedia560k,and,649,54.23685070127249,58.03769454360008
dbpedia560k,and,988,54.46118302643299,58.092642575502396
dbpedia560k,and,290,51.96756683290005,55.783893913030624
dbpedia560k,and,167,54.001458920538425,57.827215641736984
dbpedia560k,and,854,52.021932788193226,55.82801532000303
dbpedia560k,and,32,53.73999010771513,57.54106678068638
dbpedia560k,and,35,58.227451518177986,59.499405324459076
dbpedia560k,and,28,50.97081884741783,54.800999350845814
dbpedia560k,and,696,50.87582394480705,54.71124313771725
dbpedia560k,and,179,62.794191762804985,66.6305422782898
dbpedia560k,and,729,53.86990960687399,57.69508425146341
dbpedia560k,and,80,58.10905713587999,59.541198424994946
dbpedia560k,and,604,50.954753533005714,54.75175566971302
dbpedia560k,and,839,59.61465649306774,60.86693610996008
dbpedia560k,and,969,59.619429521262646,60.88253576308489
dbpedia560k,and,351,57.171680964529514,58.43269173055887
dbpedia560k,and,963,54.106698371469975,57.91254807263613
dbpedia560k,and,62,55.59937562793493,56.87016528099775
dbpedia560k,and,59,54.39994856715202,57.999975979328156
dbpedia560k,and,547,55.04756700247526,58.6735550314188
dbpedia560k,and,217,65.83868525922298,69.64465137571096
dbpedia560k,and,688,55.75886461883783,57.07121454179287
dbpedia560k,and,718,54.781208746135235,58.57821088284254
dbpedia560k,and,7,52.05301567912102,53.276075050234795
dbpedia560k,and,356,54.656993597745895,58.44805855304003
dbpedia560k,and,646,51.986658945679665,55.79367280006409
dbpedia560k,and,109,52.77921445667744,56.58459849655628
dbpedia560k,and,610,55.05792796611786,58.853416703641415
dbpedia560k,and,55,52.60820034891367,56.41521420329809
dbpedia560k,and,540,53.7199666723609,57.51592107117176
dbpedia560k,and,252,54.27689757198095,57.91208241134882
dbpedia560k,and,785,54.79203537106514,58.60242526978254
dbpedia560k,and,165,54.67620212584734,58.48228465765715
dbpedia560k,and,23,52.782357670366764,54.04429975897074
dbpedia560k,and,453,65.93496073037386,69.75105497986078
dbpedia560k,and,781,53.5458093509078,54.807751439511776
dbpedia560k,and,683,59.188343584537506,60.45680493116379
dbpedia560k,and,955,53.715077228844166,57.506607845425606
dbpedia560k,and,468,51.53554957360029,55.34698721021414
dbpedia560k,and,429,55.34186493605375,58.43688268214464
dbpedia560k,and,943,52.021583542227745,55.827898904681206
dbpedia560k,and,552,53.8509339094162,57.64700472354889
dbpedia560k,and,852,58.183097280561924,61.824219301342964
dbpedia560k,and,663,65.82890637218952,69.63394116610289
dbpedia560k,and,700,59.2332798987627,60.505932196974754
dbpedia560k,and,967,58.05818364024162,59.53002255409956
dbpedia560k,and,993,54.88086026161909,58.6869427934289
dbpedia560k,and,949,54.871547035872936,58.672972954809666
dbpedia560k,and,29,52.63928323984146,56.458055041730404
dbpedia560k,and,927,55.453856475651264,56.75596185028553
dbpedia560k,and,686,58.11150185763836,59.42338611930609
dbpedia560k,and,608,52.01238673180342,55.778538808226585
dbpedia560k,and,134,54.716248996555805,58.512319810688496
dbpedia560k,and,850,54.5805087313056,58.366451412439346
dbpedia560k,and,470,54.62637636810541,58.43245889991522
dbpedia560k,and,706,53.601223044097424,57.375174947082996
dbpedia560k,and,246,53.350464440882206,54.62800618261099
dbpedia560k,and,450,51.9314780831337,55.7133462280035
dbpedia560k,and,573,55.148033425211906,58.772973716259
dbpedia560k,and,188,54.72020711749792,58.50696470588446
dbpedia560k,and,224,58.04200191050768,59.494166634976864
dbpedia560k,and,378,58.24898835271597,61.864033341407776
dbpedia560k,and,772,54.98190876096487,56.23442120850086
dbpedia560k,and,495,50.935312174260616,54.71229087561369
dbpedia560k,and,792,53.33859007805586,54.600415751338005
dbpedia560k,and,123,53.97165659815073,57.74735473096371
dbpedia560k,and,549,54.97271195054054,58.777863159775734
dbpedia560k,and,675,55.40205165743828,56.71917460858822
dbpedia560k,and,714,55.18237594515085,58.30742884427309
dbpedia560k,and,890,50.89992191642523,54.71648182719946
dbpedia560k,and,961,65.61807822436094,69.43393964320421
dbpedia560k,and,399,52.73055285215378,56.549906730651855
dbpedia560k,and,95,54.3458154425025,58.161793276667595
dbpedia560k,and,373,55.683194659650326,56.93442653864622
dbpedia560k,and,744,58.21557715535164,59.53304935246706
dbpedia560k,and,942,52.75791045278311,56.58925510942936
dbpedia560k,and,796,55.67632615566254,59.28694736212492
dbpedia560k,and,315,54.97364327311516,56.225573644042015
dbpedia560k,and,953,54.922886192798615,58.737932704389095
dbpedia560k,and,788,53.2492995262146,54.52055484056473
dbpedia560k,and,500,53.65442484617233,57.4702862650156
dbpedia560k,and,543,54.85047586262226,58.667268604040146
dbpedia560k,and,25,51.88211798667908,55.692740716040134
dbpedia560k,and,105,53.58387716114521,54.8108946532011
dbpedia560k,and,379,70.66689431667328,71.91905751824379
dbpedia560k,and,442,54.95257209986448,58.78868978470564
dbpedia560k,and,228,55.594020523130894,56.850491091609
dbpedia560k,and,461,55.00460974872112,58.810110203921795
dbpedia560k,and,274,54.07491698861122,57.88670387119055
dbpedia560k,and,431,51.69131327420473,55.47842010855675
dbpedia560k,and,574,58.192526921629906,59.63444709777832
dbpedia560k,and,837,55.07166497409344,56.33861292153597
dbpedia560k,and,3,54.391101002693176,58.20707883685827
dbpedia560k,and,254,52.70587280392647,56.530931033194065
dbpedia560k,and,668,70.65059617161751,71.91160693764687
dbpedia560k,and,158,53.70494909584522,57.53105506300926
dbpedia560k,and,824,55.04046566784382,56.293210946023464
dbpedia560k,and,948,52.087707445025444,55.92266097664833
dbpedia560k,and,831,54.97247911989689,56.269578635692596
dbpedia560k,and,815,54.92765922099352,56.21020682156086
dbpedia560k,and,112,54.72113844007254,58.54817572981119
dbpedia560k,and,817,58.21709055453539,61.88207771629095
dbpedia560k,and,463,59.19882096350193,60.48660725355148
dbpedia560k,and,637,54.26036659628153,57.92640149593353
dbpedia560k,and,85,52.62286867946386,56.45339842885733
dbpedia560k,and,267,52.87432577461004,54.146163165569305
dbpedia560k,and,8,52.718911319971085,56.52476102113724
dbpedia560k,and,633,54.265488870441914,58.07110574096441
dbpedia560k,and,349,51.98200233280659,55.79809658229351
dbpedia560k,and,935,58.19112993776798,59.62920840829611
dbpedia560k,and,234,58.1683125346899,61.83283403515816
dbpedia560k,and,180,54.76747173815966,58.60358942300081
dbpedia560k,and,887,65.80480840057135,69.64977364987135
dbpedia560k,and,723,56.500546634197235,57.771685533225536
dbpedia560k,and,586,50.87663885205984,54.69250027090311
dbpedia560k,and,451,52.654300816357136,56.48890510201454
dbpedia560k,and,937,53.87107376009226,57.68728442490101
dbpedia560k,and,423,54.796342737972736,58.58694203197956
dbpedia560k,and,384,54.57701627165079,58.3830988034606
dbpedia560k,and,67,51.937997341156006,55.76806142926216
dbpedia560k,and,503,62.84425035119057,66.64125248789787
dbpedia560k,and,278,54.59494423121214,58.391946367919445
dbpedia560k,and,745,51.969895139336586,55.75479008257389
dbpedia560k,and,247,70.74885070323944,72.0517709851265
dbpedia560k,and,365,55.04279397428036,56.293560191988945
dbpedia560k,and,599,62.61933594942093,66.42518565058708
dbpedia560k,and,628,53.68445999920368,57.500205002725124
dbpedia560k,and,308,51.839626394212246,55.64349703490734
dbpedia560k,and,559,50.80527625977993,54.62567787617445
dbpedia560k,and,81,54.31158933788538,58.10603033751249
dbpedia560k,and,91,51.90330557525158,55.70845678448677
dbpedia560k,and,176,52.70796827971935,53.990865126252174
dbpedia560k,and,517,51.53263919055462,55.3295249119401
dbpedia560k,and,986,55.12242205440998,56.4143992960453
dbpedia560k,and,860,51.90749652683735,55.72359077632427
dbpedia560k,and,615,54.80728577822447,58.67204163223505
dbpedia560k,and,45,50.88199395686388,54.67806477099657
dbpedia560k,and,793,56.8414106965065,60.477061197161674
dbpedia560k,and,125,58.212666772305965,59.64573938399553
dbpedia560k,and,584,55.22184073925018,56.494143791496754
dbpedia560k,and,318,53.73090971261263,57.538156397640705
dbpedia560k,and,624,53.5548897460103,54.78598177433014
dbpedia560k,and,430,54.30181045085192,57.9379266127944
dbpedia560k,and,316,52.73381248116493,56.5042719244957
dbpedia560k,and,879,54.97736856341362,58.60335659235716
dbpedia560k,and,917,55.74291571974754,57.01067857444286
dbpedia560k,and,779,65.54287392646074,69.3388283252716
dbpedia560k,and,215,59.3430595472455,60.5899840593338
dbpedia560k,and,350,53.86467091739178,57.66609683632851
dbpedia560k,and,150,54.28644362837076,57.901255786418915
dbpedia560k,and,31,58.17611236125231,59.62455179542303
dbpedia560k,and,851,59.3430595472455,60.553778894245625
dbpedia560k,and,256,53.74220199882984,57.55806341767311
dbpedia560k,and,338,54.416246712207794,58.023142628371716
dbpedia560k,and,209,54.930802434682846,58.72698966413736
dbpedia560k,and,836,50.94765219837427,54.763746447861195
dbpedia560k,and,977,54.37829531729221,58.01720544695854
dbpedia560k,and,439,52.61774640530348,56.44455086439848
dbpedia560k,and,52,52.683521062135696,56.4896035939455
dbpedia560k,and,655,52.63357888907194,56.44909106194973
dbpedia560k,and,272,58.22582170367241,59.659010730683804
dbpedia560k,and,717,52.026472985744476,55.84268365055323
dbpedia560k,and,636,55.04966247826815,58.663892559707165
dbpedia560k,and,20,53.22997458279133,54.472824558615685
dbpedia560k,and,938,55.04116415977478,56.30403757095337
dbpedia560k,and,730,53.68981510400772,57.505094446241856
dbpedia560k,and,691,53.6586157977581,57.4806472286582
dbpedia560k,and,293,65.80294575542212,69.60995960980654
dbpedia560k,and,70,51.53717938810587,55.36177195608616
dbpedia560k,and,667,62.90338933467865,66.70970469713211
dbpedia560k,and,258,54.953619837760925,58.75853821635246
dbpedia560k,and,523,51.553710363805294,55.36980461329222
dbpedia560k,and,391,65.73845166713,69.5445341989398
dbpedia560k,and,842,51.137758418917656,54.94861397892237
dbpedia560k,and,268,58.03524982184172,59.46913734078407
dbpedia560k,and,752,65.87803363800049,69.68993693590164
dbpedia560k,and,441,55.53290247917175,56.845834478735924
dbpedia560k,and,477,52.87886597216129,54.146163165569305
dbpedia560k,and,869,55.03825377672911,56.309858337044716
dbpedia560k,and,170,54.78644743561745,58.5922971367836
dbpedia560k,and,754,52.038347348570824,55.83418533205986
dbpedia560k,and,794,54.2766647413373,58.08298010379076
dbpedia560k,and,324,54.67189475893974,58.46796557307243
dbpedia560k,and,298,57.87564441561699,58.97704977542162
dbpedia560k,and,122,55.657001212239265,59.28287282586098
dbpedia560k,and,291,55.55700045078993,56.81987386196852
dbpedia560k,and,420,56.58587906509638,57.82779771834612
dbpedia560k,and,892,55.001466535031796,58.61744284629822
dbpedia560k,and,992,54.37189247459173,57.98717029392719
dbpedia560k,and,415,52.71949339658022,56.50450475513935
dbpedia560k,and,751,59.479731135070324,60.630496591329575
dbpedia560k,and,333,54.39145024865866,58.17750934511423
dbpedia560k,and,377,52.02146712690592,55.8274332433939
dbpedia560k,and,536,52.56419535726309,56.340242736041546
dbpedia560k,and,558,50.96779204905033,54.7533854842186
dbpedia560k,and,897,56.74408748745918,60.371123254299164
dbpedia560k,and,600,55.04698492586613,56.288670748472214
dbpedia560k,and,538,53.140101954340935,54.421951062977314
dbpedia560k,and,276,52.56873555481434,56.3737703487277
dbpedia560k,and,294,65.6637130305171,69.48073860257864
dbpedia560k,and,563,52.10901144891977,53.38643677532673
dbpedia560k,and,915,53.789932280778885,57.59601481258869
dbpedia560k,and,733,51.9435852766037,55.72964437305927
dbpedia560k,and,607,62.774051912128925,66.5899133309722
dbpedia560k,and,775,52.5633804500103,56.37842696160078
dbpedia560k,and,541,58.08251444250345,61.72759458422661
dbpedia560k,and,582,54.91252522915602,56.20461888611317
dbpedia560k,and,795,58.051315136253834,59.51337516307831
dbpedia560k,and,389,53.870026022195816,57.7862374484539
dbpedia560k,and,742,57.31696728616953,58.59811790287495
dbpedia560k,and,703,51.76302511245012,55.54757080972195
dbpedia560k,and,48,57.255616411566734,58.503239415585995
dbpedia560k,and,629,54.622418247163296,58.42628888785839
dbpedia560k,and,15,57.35794547945261,58.598932810127735
dbpedia560k,and,755,53.68993151932955,57.496363297104836
dbpedia560k,and,160,52.0235626026988,55.82952871918678
dbpedia560k,and,231,52.62915510684252,56.42522592097521
dbpedia560k,and,984,59.79998968541622,61.016995459795
dbpedia560k,and,848,55.01811392605305,58.82326513528824
dbpedia560k,and,42,54.4119393453002,58.04153624922037
dbpedia560k,and,163,53.21961361914873,54.526026360690594
dbpedia560k,and,849,62.795355916023254,66.6910782456398
dbpedia560k,and,770,51.66640039533377,55.48249464482069
dbpedia560k,and,51,51.15556996315718,52.398303523659706
dbpedia560k,and,875,54.80903200805187,58.60324017703533
dbpedia560k,and,946,53.63055970519781,57.42732901126146
dbpedia560k,and,555,51.966519095003605,55.75339309871197
dbpedia560k,and,271,52.83881910145283,54.091913625597954
dbpedia560k,and,981,55.033364333212376,56.28494545817375
dbpedia560k,and,537,58.902776800096035,60.194870457053185
dbpedia560k,and,497,52.32915282249451,55.407872423529625
dbpedia560k,and,210,56.61475006490946,60.250284150242805
dbpedia560k,and,208,51.88817158341408,55.72289228439331
dbpedia560k,and,609,59.734564274549484,61.00558675825596
dbpedia560k,and,644,58.11196751892567,59.545040130615234
dbpedia560k,and,821,52.146962843835354,55.95281254500151
dbpedia560k,and,883,54.83999848365784,58.65190178155899
dbpedia560k,and,64,54.39599044620991,58.18204954266548
dbpedia560k,and,418,54.91252522915602,58.70324093848467
dbpedia560k,and,593,50.972565077245235,54.77864760905504
dbpedia560k,and,575,62.77509965002537,66.59014616161585
dbpedia560k,and,933,55.05571607500315,56.347926147282124
dbpedia560k,and,896,62.87312135100365,66.68013520538807
dbpedia560k,and,287,55.13918586075306,56.38075526803732
dbpedia560k,and,516,58.183446526527405,61.803730204701424
dbpedia560k,and,632,59.01814438402653,60.30965596437454
dbpedia560k,and,809,53.639523684978485,57.45550151914358
dbpedia560k,and,551,53.73859312385321,57.54560697823763
dbpedia560k,and,186,53.64301614463329,57.43000656366348
dbpedia560k,and,864,57.96668119728565,59.088924899697304
dbpedia560k,and,303,50.911097787320614,54.71718031913042
dbpedia560k,and,918,51.55801773071289,55.36363460123539
dbpedia560k,and,732,57.901954278349876,59.01302210986614
dbpedia560k,and,907,53.53591404855251,54.771662689745426
dbpedia560k,and,412,62.91503086686134,66.71994924545288
dbpedia560k,and,233,52.01192107051611,55.81812001764774
dbpedia560k,and,27,55.13126961886883,56.414748542010784
dbpedia560k,and,253,58.09590220451355,59.538986533880234
dbpedia560k,and,697,53.541501984000206,54.79343235492706
dbpedia560k,and,104,65.68687967956066,69.49389353394508
dbpedia560k,and,392,52.783056162297726,56.59915041178465
dbpedia560k,and,339,50.980946980416775,54.80635445564985
dbpedia560k,and,880,54.377131164073944,58.036413975059986
dbpedia560k,and,823,51.73659883439541,55.557466112077236
dbpedia560k,and,858,62.97847721725702,66.79457146674395
dbpedia560k,and,336,62.908162362873554,66.71517621725798
dbpedia560k,and,107,55.12847565114498,56.3901849091053
dbpedia560k,and,971,53.906114771962166,57.721976190805435
dbpedia560k,and,26,54.68714516609907,58.48822183907032
dbpedia560k,and,873,55.69891072809696,57.0099800825119
dbpedia560k,and,764,52.0533649250865,55.869342759251595
dbpedia560k,and,54,55.68354390561581,56.91591650247574
dbpedia560k,and,689,65.67314267158508,69.47922520339489
dbpedia560k,and,941,54.355477914214134,58.18239878863096
dbpedia560k,and,983,56.76096770912409,60.3959197178483
dbpedia560k,and,856,54.84418943524361,58.659352362155914
dbpedia560k,and,66,65.37791341543198,68.49272176623344
dbpedia560k,and,348,54.797157645225525,58.612204156816006
dbpedia560k,and,99,52.05406341701746,55.87015766650438
dbpedia560k,and,409,54.71252370625734,58.533507399261
dbpedia560k,and,98,53.4900464117527,54.78528328239918
dbpedia560k,and,902,54.7654926776886,58.55248309671879
dbpedia560k,and,181,54.46001887321472,58.0567866563797
dbpedia560k,and,18,50.99095869809389,54.79797255247831
dbpedia560k,and,924,53.900061175227165,57.68612027168274
dbpedia560k,and,753,55.12731149792671,56.409044191241264
dbpedia560k,and,544,52.65383515506983,56.43570329993963
dbpedia560k,and,434,56.805904023349285,60.410238802433014
dbpedia560k,and,103,52.697607316076756,56.494143791496754
dbpedia560k,and,648,55.55350799113512,56.87552038580179
dbpedia560k,and,591,51.973736844956875,55.774347856640816
dbpedia560k,and,664,54.83045242726803,58.63746628165245
dbpedia560k,and,799,65.66382944583893,69.47421934455633
dbpedia560k,and,782,54.92754280567169,58.76354407519102
dbpedia560k,and,75,58.175064623355865,61.810947954654694
dbpedia560k,and,579,54.75361831486225,55.9947220608592
dbpedia560k,and,845,54.402160458266735,58.0252381041646
dbpedia560k,and,626,54.15664054453373,57.962723076343536
dbpedia560k,and,96,59.67402830719948,60.95506250858307
dbpedia560k,and,428,65.70015102624893,69.51647810637951
dbpedia560k,and,735,54.53266203403473,58.34817420691252
dbpedia560k,and,309,55.0001859664917,58.80161188542843
dbpedia560k,and,507,54.38597872853279,58.00183862447739
dbpedia560k,and,769,58.93909838050604,60.20022556185722
dbpedia560k,and,344,52.064075134694576,55.83383608609438
dbpedia560k,and,285,54.009025916457176,57.79613275080919
dbpedia560k,and,719,55.14291115105152,58.76889917999506
dbpedia560k,and,556,55.66747859120369,56.93931598216295
dbpedia560k,and,808,52.27839574217796,53.510419093072414
dbpedia560k,and,243,55.8486208319664,57.13943392038345
dbpedia560k,and,771,54.1202025488019,57.90719296783209
dbpedia560k,and,868,55.04698492586613,58.83187986910343
dbpedia560k,and,207,53.6914449185133,54.94360812008381
dbpedia560k,and,458,51.941489800810814,55.73651287704706
dbpedia560k,and,901,52.85849329084158,56.64385389536619
dbpedia560k,and,302,55.023119784891605,58.83793346583843
dbpedia560k,and,475,53.85151598602533,57.65690002590418
dbpedia560k,and,464,52.65441723167896,56.463759392499924
dbpedia560k,and,565,51.992363296449184,55.789598263800144
dbpedia560k,and,319,52.63451021164656,56.45060446113348
dbpedia560k,and,926,51.15778185427189,52.43835039436817
dbpedia560k,and,196,59.28007885813713,60.5329405516386
dbpedia560k,and,532,54.87212911248207,58.66819992661476
dbpedia560k,and,701,54.35675848275423,58.18251520395279
dbpedia560k,and,617,65.96068851649761,69.76502481848001
dbpedia560k,and,139,53.70890721678734,57.50602576881647
dbpedia560k,and,478,62.88907025009394,66.70423317700624
dbpedia560k,and,22,53.720432333648205,57.51138087362051
dbpedia560k,and,722,52.7799129486084,53.99179644882679
dbpedia560k,and,910,56.769466027617455,60.37997081875801
dbpedia560k,and,653,54.74674981087446,58.56237839907408
dbpedia560k,and,12,51.98258440941572,55.778538808226585
dbpedia560k,and,554,54.742093198001385,58.53758193552494
dbpedia560k,and,299,53.734867833554745,57.52989090979099
dbpedia560k,and,102,53.51169966161251,54.76758815348148
dbpedia560k,and,876,53.885974921286106,57.691591791808605
dbpedia560k,and,60,54.3367350474,57.94817116111517
dbpedia560k,and,833,51.7179723829031,55.513810366392136
dbpedia560k,and,774,57.96062760055065,59.023499488830566
dbpedia560k,and,698,55.66340405493975,56.934310123324394
dbpedia560k,and,944,55.761891417205334,57.05479998141527
dbpedia560k,and,572,55.74338138103485,56.98530003428459
dbpedia560k,and,126,52.70820111036301,56.52999971061945
dbpedia560k,and,143,54.35990169644356,58.156088925898075
dbpedia560k,and,603,54.90647163242102,58.71255416423082
dbpedia560k,and,801,53.98446228355169,57.80044011771679
dbpedia560k,and,49,55.79425487667322,59.44119766354561
dbpedia560k,and,816,66.01784843951464,69.82509512454271
dbpedia560k,and,248,54.050819016993046,57.87669215351343
dbpedia560k,and,204,53.91205195337534,57.71720316261053
dbpedia560k,and,505,55.649084970355034,56.92616105079651
dbpedia560k,and,746,63.05903661996126,66.87501445412636
dbpedia560k,and,369,54.69180177897215,58.49206354469061
dbpedia560k,and,870,55.19238766282797,56.43884651362896
dbpedia560k,and,363,50.979433581233025,54.816482588648796
dbpedia560k,and,790,53.81135269999504,57.6371094211936
dbpedia560k,and,568,57.749683037400246,59.072510339319706
dbpedia560k,and,371,54.75140642374754,58.56179632246494
dbpedia560k,and,201,52.764895372092724,56.56993016600609
dbpedia560k,and,184,52.031828090548515,55.83686288446188
dbpedia560k,and,280,55.25234155356884,56.5042719244957
dbpedia560k,and,174,59.339567087590694,60.60174200683832
dbpedia560k,and,710,70.81613875925541,72.09810428321362
dbpedia560k,and,674,55.387034080922604,56.66015204042196
dbpedia560k,and,414,65.92401769012213,69.74011193960905
dbpedia560k,and,954,56.844670325517654,60.47612987458706
dbpedia560k,and,526,53.761061280965805,57.57203325629234
dbpedia560k,and,370,59.0798445045948,60.365768149495125
dbpedia560k,and,41,63.00339009612799,66.81436207145452
dbpedia560k,and,473,70.65548561513424,71.90217729657888
dbpedia560k,and,232,65.80259650945663,69.59959864616394
dbpedia560k,and,768,52.09306254982948,55.89914508163929
dbpedia560k,and,263,65.81831257790327,69.61438339203596
dbpedia560k,and,269,54.59669046103954,58.40277299284935
dbpedia560k,and,273,51.937298849225044,55.723823606967926
dbpedia560k,and,982,52.62985359877348,56.445482186973095
dbpedia560k,and,524,55.39937410503626,56.70462269335985
dbpedia560k,and,891,57.74619057774544,59.03863348066807
dbpedia560k,and,119,50.936127081513405,54.7218369320035
dbpedia560k,and,161,65.86767267435789,69.66909859329462
dbpedia560k,and,666,51.05719901621342,54.85734436661005
dbpedia560k,and,580,54.42742258310318,58.25795233249664
dbpedia560k,and,980,54.36770152300596,57.97354970127344
dbpedia560k,and,514,54.37678191810846,58.166333474218845
dbpedia560k,and,499,64.44205064326525,65.70480763912201
dbpedia560k,and,702,53.641386330127716,54.92696072906256
dbpedia560k,and,914,55.663520470261574,56.89531099051237
dbpedia560k,and,720,55.82650192081928,59.46238525211811
dbpedia560k,and,882,50.86103919893503,54.67573646456003
dbpedia560k,and,906,55.81416189670563,59.47030149400234
dbpedia560k,and,417,54.718810133636,58.522564359009266
dbpedia560k,and,283,52.10842937231064,55.90356886386871
dbpedia560k,and,306,65.66895171999931,69.4749178364873
dbpedia560k,and,100,50.89386831969023,54.70577161759138
dbpedia560k,and,545,54.72137127071619,58.52838512510061
dbpedia560k,and,84,51.9223976880312,55.709388107061386
dbpedia560k,and,725,50.93205254524946,54.73592318594456
dbpedia560k,and,436,65.84334187209606,69.6391798555851
dbpedia560k,and,400,54.88214083015919,58.688223361968994
dbpedia560k,and,996,55.10752089321613,58.74258931726217
dbpedia560k,and,364,65.75894076377153,69.56339348107576
dbpedia560k,and,587,53.3141428604722,54.60588727146387
dbpedia560k,and,205,54.611475206911564,58.4285007789731
dbpedia560k,and,472,58.045145124197006,59.45819430053234
dbpedia560k,and,578,52.79085598886013,54.05209958553314
dbpedia560k,and,533,54.73161581903696,58.5365341976285
dbpedia560k,and,802,55.09750917553902,56.344084441661835
dbpedia560k,and,825,53.30098792910576,54.552569054067135
dbpedia560k,and,712,59.443991631269455,60.595921240746975
dbpedia560k,and,539,65.79270120710135,69.58981975913048
dbpedia560k,and,19,54.857577197253704,58.64247214049101
dbpedia560k,and,672,52.67956294119358,56.55549466609955
dbpedia560k,and,327,65.87943062186241,69.6949427947402
dbpedia560k,and,535,55.81264849752188,59.45912562310696
dbpedia560k,and,200,55.08982576429844,58.72687324881554
dbpedia560k,and,952,62.95880302786827,66.74602627754211
dbpedia560k,and,297,53.690746426582336,57.516852393746376
dbpedia560k,and,761,62.6429682597518,66.48397538810968
dbpedia560k,and,843,54.90647163242102,58.73350892215967
dbpedia560k,and,334,52.80424375087023,54.0661858394742
dbpedia560k,and,784,54.221018217504025,58.05690307170153
dbpedia560k,and,225,51.92263051867485,55.758049711585045
dbpedia560k,and,812,54.97201345860958,58.777863159775734
dbpedia560k,and,345,54.74674981087446,58.56715142726898
dbpedia560k,and,708,54.89715840667486,58.72256588190794
dbpedia560k,and,647,65.74776489287615,69.57363802939653
dbpedia560k,and,213,58.11266601085663,59.564365074038506
dbpedia560k,and,65,62.80932575464249,66.63496606051922
dbpedia560k,and,490,50.92273931950331,54.7581585124135
dbpedia560k,and,763,53.568161092698574,54.8363896086812
dbpedia560k,and,621,58.078207075595856,59.525249525904655
dbpedia560k,and,931,51.261624321341515,52.52298433333635
dbpedia560k,and,426,56.56038410961628,57.81243089586496
dbpedia560k,and,13,54.38597872853279,58.031175285577774
dbpedia560k,and,884,55.08784670382738,56.329998187720776
dbpedia560k,and,50,58.21743980050087,59.66867320239544
dbpedia560k,and,966,55.83302117884159,59.49742626398802
dbpedia560k,and,157,54.80111576616764,58.63793194293976
dbpedia560k,and,762,52.0672183483839,55.87330088019371
dbpedia560k,and,594,54.86141890287399,58.67739673703909
dbpedia560k,and,874,51.07151810079813,54.88668102771044
dbpedia560k,and,936,59.364247135818005,60.616410337388515
dbpedia560k,and,166,52.892486564815044,56.69950041919947
dbpedia560k,and,693,53.84511314332485,57.67052061855793
dbpedia560k,and,474,54.435571655631065,58.101024478673935
dbpedia560k,and,282,62.86811549216509,66.70516449958086
dbpedia560k,and,16,54.42334804683924,58.257486671209335
dbpedia560k,and,923,54.04104012995958,57.86621477454901
dbpedia560k,and,440,54.0571054443717,57.86772817373276
dbpedia560k,and,83,53.906580433249474,57.73245356976986
dbpedia560k,and,358,59.09730680286884,60.37019193172455
dbpedia560k,and,738,51.05091258883476,54.8558309674263
dbpedia560k,and,221,52.116578444838524,55.91358058154583
dbpedia560k,and,361,66.06208626180887,69.8691001161933
dbpedia560k,and,659,54.48213778436184,58.12919698655605
dbpedia560k,and,932,54.12090104073286,57.9470070078969
dbpedia560k,and,266,51.02681461721659,52.178860642015934
dbpedia560k,and,367,55.0122931599617,58.83281119167805
dbpedia560k,and,106,58.207777328789234,59.639918617904186
dbpedia560k,and,743,53.850351832807064,57.6613238081336
dbpedia560k,and,135,58.29799920320511,61.90408021211624
dbpedia560k,and,625,52.12367977946997,55.94815593212843
dbpedia560k,and,805,52.173156291246414,56.00403528660536
dbpedia560k,and,597,54.83848508447409,58.66342689841986
dbpedia560k,and,713,54.09575533121824,57.911500334739685
dbpedia560k,and,661,54.82137203216553,58.63187834620476
dbpedia560k,and,38,54.116128012537956,57.93222226202488
dbpedia560k,and,467,53.69831342250109,54.96141966432333
dbpedia560k,and,121,58.459118008613586,62.139006331562996
dbpedia560k,and,216,52.287476137280464,53.62904630601406
dbpedia560k,and,238,52.915303967893124,56.72138649970293
dbpedia560k,and,640,59.44352596998215,60.72106771171093
dbpedia560k,and,251,56.82546179741621,60.470192693173885
dbpedia560k,and,397,54.75734360516071,58.598583564162254
dbpedia560k,and,928,65.92809222638607,69.74989082664251
dbpedia560k,and,411,54.892152547836304,58.72338078916073
dbpedia560k,and,814,58.21697413921356,59.64888259768486
dbpedia560k,and,939,54.37014624476433,58.20707883685827
dbpedia560k,and,37,53.89121361076832,57.691591791808605
dbpedia560k,and,310,54.872012697160244,58.68787411600351
dbpedia560k,and,531,53.89994475990534,57.72593431174755
dbpedia560k,and,639,52.80273035168648,56.624412536621094
dbpedia560k,and,520,70.65653335303068,71.91800978034735
dbpedia560k,and,435,52.83881910145283,56.68378435075283
dbpedia560k,and,194,53.955474868416786,57.77203477919102
dbpedia560k,and,847,52.10377275943756,55.94966933131218
dbpedia560k,and,654,62.8975685685873,66.70900620520115
dbpedia560k,and,930,56.9468829780817,60.64062472432852
dbpedia560k,and,40,54.21217065304518,58.012199588119984
dbpedia560k,and,300,51.106675527989864,54.92265336215496
dbpedia560k,and,619,66.25906098634005,70.09005639702082
dbpedia560k,and,171,54.40192762762308,58.22780076414347
dbpedia560k,and,116,54.182019084692,58.01231600344181
dbpedia560k,and,699,52.1285692229867,55.93989044427872
dbpedia560k,and,141,58.36295895278454,59.61849819868803
dbpedia560k,and,695,52.05837078392506,55.863289162516594
dbpedia560k,and,548,55.78261334449053,57.05479998141527
dbpedia560k,and,776,54.585980251431465,58.41080565005541
dbpedia560k,and,124,55.560143664479256,56.86201620846987
dbpedia560k,and,627,54.82102278620005,58.472505770623684
dbpedia560k,and,974,53.64615935832262,54.93208300322294
dbpedia560k,and,87,53.81403025239706,57.630822993814945
dbpedia560k,and,79,52.838120609521866,56.64536729454994
dbpedia560k,and,177,54.4106587767601,58.21674130856991
dbpedia560k,and,9,58.291712775826454,59.723155573010445
dbpedia560k,and,694,70.65606769174337,71.96201477199793
dbpedia560k,and,386,54.93743810802698,58.77262447029352
dbpedia560k,and,905,55.11450581252575,58.94864443689585
dbpedia560k,and,889,52.099116146564484,55.924756452441216
dbpedia560k,and,72,52.884919568896294,56.6910021007061
dbpedia560k,and,780,62.882667407393456,66.70842412859201
dbpedia560k,and,86,55.19762635231018,59.003010392189026
dbpedia560k,and,783,70.58668415993452,71.85293361544609
dbpedia560k,and,620,51.148002967238426,54.9431424587965
dbpedia560k,and,962,55.26305176317692,58.89905150979757
dbpedia560k,and,759,51.015173085033894,54.8212556168437
dbpedia560k,and,542,58.22733510285616,59.537473134696484
dbpedia560k,and,601,70.67597471177578,71.91789336502552
dbpedia560k,and,410,56.609162129461765,57.901954278349876
dbpedia560k,and,739,54.830918088555336,58.65772254765034
dbpedia560k,and,916,53.79645153880119,57.601602748036385
dbpedia560k,and,865,59.473561123013496,60.76449062675238
dbpedia560k,and,510,55.117649026215076,58.783567510545254
dbpedia560k,and,866,54.01961971074343,57.836645282804966
dbpedia560k,and,21,55.07864989340305,56.34548142552376
dbpedia560k,and,58,54.83266431838274,58.668432757258415
dbpedia560k,and,257,58.36109630763531,62.0279461145401
dbpedia560k,and,662,55.173179134726524,58.97902883589268
dbpedia560k,and,834,52.78550088405609,56.614866480231285
dbpedia560k,and,192,54.81636617332697,58.63176193088293
dbpedia560k,and,622,55.153039284050465,58.97216033190489
dbpedia560k,and,791,54.846517741680145,58.68240259587765
dbpedia560k,and,187,58.281468227505684,59.68951154500246
dbpedia560k,and,828,54.82707638293505,58.67308937013149
dbpedia560k,and,218,65.64892828464508,69.46432404220104
dbpedia560k,and,822,54.817297495901585,58.63711703568697
dbpedia560k,and,325,55.01811392605305,58.843521401286125
dbpedia560k,and,173,54.287840612232685,58.092991821467876
dbpedia560k,and,502,53.28981205821037,54.57561928778887
dbpedia560k,and,567,53.81111986935139,57.65119567513466
dbpedia560k,and,726,51.29107739776373,52.51937545835972
dbpedia560k,and,265,50.89002661406994,54.69704046845436
dbpedia560k,and,129,51.99853330850601,55.80449942499399
dbpedia560k,and,734,51.84137262403965,55.65769970417023
dbpedia560k,and,736,52.74824798107147,56.5903028473258
dbpedia560k,and,43,56.46073259413242,57.74223245680332
dbpedia560k,and,142,58.17704368382692,59.60906855762005
dbpedia560k,and,957,55.64000457525253,56.93151615560055
dbpedia560k,and,460,55.865035392344,59.53072104603052
dbpedia560k,and,128,51.96325946599245,55.78796844929457
dbpedia560k,and,77,59.33013744652271,60.59231236577034
dbpedia560k,and,680,55.61287980526686,56.92488048225641
dbpedia560k,and,660,55.05874287337065,58.89381282031536
dbpedia560k,and,362,51.37152038514614,52.603427320718765
dbpedia560k,and,727,58.37157368659973,59.783575125038624
dbpedia560k,and,975,54.325792007148266,57.9409534111619
dbpedia560k,and,385,50.77570676803589,54.59610838443041
dbpedia560k,and,840,51.85650661587715,55.66328763961792
dbpedia560k,and,133,64.6259868517518,65.87349344044924
dbpedia560k,and,145,50.99223926663399,54.80193067342043
dbpedia560k,and,859,62.91503086686134,66.72006566077471
dbpedia560k,and,623,54.38632797449827,58.0118503421545
dbpedia560k,and,862,52.06291098147631,55.87830673903227
dbpedia560k,and,945,65.81982597708702,69.63987834751606
dbpedia560k,and,74,66.03891961276531,69.84442006796598
dbpedia560k,and,132,59.323618188500404,60.58660801500082
dbpedia560k,and,113,54.369447752833366,57.99112841486931
dbpedia560k,and,313,59.38345566391945,60.62560714781284
dbpedia560k,and,1,55.044423788785934,58.84026177227497
dbpedia560k,and,178,55.84361497312784,59.46040619164705
dbpedia560k,and,810,55.09669426828623,58.89835301786661
dbpedia560k,and,444,66.00294727832079,69.7787618264556
dbpedia560k,and,757,52.70459223538637,56.49460945278406
dbpedia560k,and,69,62.97242362052202,66.78968202322721
dbpedia560k,and,978,54.45594433695078,58.277277275919914
dbpedia560k,and,511,53.43987140804529,54.68341987580061
dbpedia560k,and,778,58.21208469569683,59.64329466223717
dbpedia560k,and,89,62.90862802416086,66.71424489468336
dbpedia560k,and,136,64.55241236835718,65.80445915460587
dbpedia560k,and,830,55.02824205905199,58.823032304644585
dbpedia560k,and,709,51.75848491489887,55.542681366205215
dbpedia560k,and,813,53.596566431224346,54.81869447976351
dbpedia560k,and,33,54.50134631246328,58.106728829443455
dbpedia560k,and,220,54.43627014756203,58.203237131237984
dbpedia560k,and,454,53.56676410883665,54.81892731040716
dbpedia560k,and,92,54.4404610991478,58.04130341857672
dbpedia560k,and,432,51.04637239128351,54.82649430632591
dbpedia560k,and,612,54.86118607223034,58.6372334510088
dbpedia560k,and,994,55.687734857201576,56.969933211803436
dbpedia560k,and,284,55.028474889695644,58.77448711544275
dbpedia560k,and,337,54.775504395365715,58.54747723788023
dbpedia560k,and,193,54.5174116268754,58.27250424772501
dbpedia560k,and,416,55.09750917553902,56.35945126414299
dbpedia560k,and,223,54.98190876096487,58.78799129277468
dbpedia560k,and,381,59.348298236727715,60.60150917619467
dbpedia560k,and,357,55.743614211678505,57.075521908700466
dbpedia560k,and,398,54.852571338415146,58.648642152547836
dbpedia560k,and,395,54.33196201920509,57.932338677346706
dbpedia560k,and,844,55.046635679900646,56.323595345020294
dbpedia560k,and,340,52.073621191084385,55.86317274719477
dbpedia560k,and,919,56.474469602108,57.7019527554512
dbpedia560k,and,366,54.75606303662062,58.557488955557346
dbpedia560k,and,777,62.83528637140989,66.65498949587345
dbpedia560k,and,550,55.06444722414017,58.85446444153786
dbpedia560k,and,491,58.26645065099001,61.88161205500364
dbpedia560k,and,6,54.38865628093481,58.003468438982964
dbpedia560k,and,485,55.48284389078617,56.79496098309755
dbpedia560k,and,469,53.890980780124664,57.69706331193447
dbpedia560k,and,404,50.97093526273966,54.72148768603802
dbpedia560k,and,960,53.77025809139013,57.55084566771984
dbpedia560k,and,162,51.9435852766037,55.70950452238321
dbpedia560k,and,311,59.73398219794035,60.96612196415663
dbpedia560k,and,740,54.763397201895714,58.54712799191475
dbpedia560k,and,676,58.156438171863556,59.58357360213995
dbpedia560k,and,560,52.843126468360424,56.6201051697135
dbpedia560k,and,518,55.668759159743786,56.950957514345646
dbpedia560k,and,462,54.952222853899,56.244549341499805
dbpedia560k,and,728,54.733012802898884,58.529083617031574
dbpedia560k,and,506,53.761876188218594,57.561323046684265
dbpedia560k,and,527,55.134063586592674,56.41591269522905
dbpedia560k,and,101,52.12367977946997,55.879587307572365
dbpedia560k,and,202,59.60371345281601,60.72456017136574
dbpedia560k,and,832,65.66860247403383,69.44406777620316
dbpedia560k,and,197,53.900061175227165,57.68542177975178
dbpedia560k,and,562,50.98606925457716,54.77119702845812
dbpedia560k,and,375,54.77690137922764,58.54293704032898
dbpedia560k,and,326,55.692391470074654,56.983320973813534
dbpedia560k,and,422,54.98423706740141,56.24501500278711
dbpedia560k,and,529,52.08328366279602,53.37607581168413
dbpedia560k,and,682,58.132573030889034,59.570884332060814
dbpedia560k,and,855,53.75663749873638,57.4957812204957
dbpedia560k,and,425,52.08095535635948,55.82836456596851
dbpedia560k,and,239,54.99762482941151,58.75341594219208
dbpedia560k,and,561,54.07235585153103,57.82744847238064
dbpedia560k,and,886,54.75129000842571,58.51138848811388
dbpedia560k,and,569,53.81403025239706,57.579949498176575
dbpedia560k,and,773,56.935008615255356,60.50197407603264
dbpedia560k,and,530,53.73090971261263,57.46656097471714
dbpedia560k,and,446,59.49847400188446,60.73992699384689
dbpedia560k,and,750,58.378325775265694,62.01420910656452
dbpedia560k,and,380,52.05709021538496,55.882963351905346
dbpedia560k,and,203,51.89236253499985,55.657816119492054
dbpedia560k,and,281,58.16703196614981,59.67961624264717
dbpedia560k,and,352,58.160978369414806,59.63852163404226
dbpedia560k,and,605,54.37096115201712,58.216857723891735
dbpedia560k,and,413,54.97783422470093,58.73688496649265
dbpedia560k,and,82,55.76352123171091,59.36401430517435
dbpedia560k,and,590,53.263502195477486,54.49505988508463
dbpedia560k,and,715,65.88350515812635,69.63952910155058
dbpedia560k,and,758,52.15615965425968,55.97248673439026
dbpedia560k,and,925,53.39202471077442,56.99717439711094
dbpedia560k,and,525,52.743591368198395,56.50997627526522
dbpedia560k,and,564,55.10298069566488,56.405202485620975
dbpedia560k,and,94,52.23904736340046,53.51996514946222
dbpedia560k,and,724,52.048126235604286,55.87458144873381
dbpedia560k,and,940,53.68725396692753,54.93813659995794
dbpedia560k,and,692,53.73056046664715,57.53152072429657
dbpedia560k,and,515,54.7564122825861,58.5983507335186
dbpedia560k,and,407,57.44071677327156,58.672623708844185
dbpedia560k,and,641,50.86592864245176,54.62195258587599
dbpedia560k,and,151,56.821503676474094,60.401041992008686
dbpedia560k,and,237,54.244534112513065,57.84980021417141
dbpedia560k,and,118,51.94696132093668,55.8122992515564
dbpedia560k,and,687,62.7138651907444,66.53997115790844
dbpedia560k,and,314,50.825998187065125,54.60251122713089
dbpedia560k,and,480,52.77327727526426,56.56376015394926
dbpedia560k,and,998,53.90529986470938,57.71161522716284
dbpedia560k,and,576,55.76747935265303,59.362384490668774
dbpedia560k,and,711,62.90304008871317,66.73007737845182
dbpedia560k,and,156,50.76045636087656,54.617528803646564
dbpedia560k,and,5,70.6609571352601,71.97295781224966
dbpedia560k,and,120,52.82880738377571,54.101343266665936
dbpedia560k,and,807,55.52463699132204,56.81556649506092
dbpedia560k,and,707,54.311822168529034,57.93711170554161
dbpedia560k,and,114,50.75731314718723,54.582138545811176
dbpedia560k,and,704,54.35105413198471,57.92686715722084
dbpedia560k,and,737,54.60588727146387,58.37227217853069
dbpedia560k,and,571,54.97178062796593,56.203221902251244
dbpedia560k,and,242,54.015545174479485,57.77145270258188
dbpedia560k,and,304,52.81961057335138,54.052798077464104
dbpedia560k,and,947,55.01485429704189,58.776349760591984
dbpedia560k,and,504,54.582254961133,58.3532964810729
dbpedia560k,and,999,50.78501999378204,54.521835409104824
dbpedia560k,and,329,51.91704258322716,55.692158639431
dbpedia560k,and,669,65.79863838851452,69.58353333175182
dbpedia560k,and,748,51.75359547138214,55.49425259232521
dbpedia560k,and,611,62.649138271808624,66.39468483626842
dbpedia560k,and,585,65.76767191290855,69.53906267881393
dbpedia560k,and,589,53.751165978610516,57.52046126872301
dbpedia560k,and,496,56.76131695508957,60.36029662936926
dbpedia560k,and,684,66.1330996081233,69.88912355154753
dbpedia560k,and,893,55.10845221579075,56.415097787976265
dbpedia560k,and,631,54.541160352528095,58.341422118246555
dbpedia560k,and,990,58.287521824240685,61.85355596244335
dbpedia560k,and,991,64.86091297119856,66.14299491047859
dbpedia560k,and,690,51.16534885019064,52.45732609182596
dbpedia560k,and,973,56.885997764766216,60.4905653744936
dbpedia560k,and,508,55.71753717958927,56.98564928025007
dbpedia560k,and,11,53.3111160621047,54.59308158606291
dbpedia560k,and,613,62.808976508677006,66.58502388745546
dbpedia560k,and,635,53.33463195711374,54.60751708596945
dbpedia560k,and,402,54.76083606481552,58.52687172591686
dbpedia560k,and,838,51.66663322597742,55.443611927330494
dbpedia560k,and,376,52.81937774270773,56.57400470227003
dbpedia560k,and,964,59.33863576501608,60.60965824872255
dbpedia560k,and,908,55.037206038832664,58.80370736122131
dbpedia560k,and,332,55.06863817572594,58.84375423192978
dbpedia560k,and,264,51.730661652982235,55.48715125769377
dbpedia560k,and,903,53.8721214979887,57.62721411883831
dbpedia560k,and,512,53.289346396923065,54.54209167510271
dbpedia560k,and,323,52.863615565001965,56.620570831000805
dbpedia560k,and,606,54.477015510201454,58.27215500175953
dbpedia560k,and,241,52.06861533224583,55.80461584031582
dbpedia560k,and,488,51.727285608649254,55.488781072199345
dbpedia560k,and,76,55.15245720744133,56.39554001390934
dbpedia560k,and,144,54.78679668158293,58.525591157376766
dbpedia560k,and,198,52.844989113509655,56.6201051697135
dbpedia560k,and,130,54.43079862743616,58.187288232147694
dbpedia560k,and,819,55.882963351905346,59.51395723968744
dbpedia560k,and,885,55.90415094047785,59.49928890913725
dbpedia560k,and,56,59.05365105718374,60.3207154199481
dbpedia560k,and,227,55.69262430071831,56.95561412721872
dbpedia560k,and,286,54.25233393907547,58.0265186727047
dbpedia560k,and,803,52.85930819809437,56.635355576872826
dbpedia560k,and,127,55.62312435358763,56.82616028934717
dbpedia560k,and,347,56.900898925960064,60.49650255590677
dbpedia560k,and,583,54.3263740837574,58.07238630950451
dbpedia560k,and,331,58.379373513162136,61.95390596985817
dbpedia560k,and,359,52.849180065095425,56.64955824613571
dbpedia560k,and,501,52.846153266727924,54.206931963562965
dbpedia560k,and,592,54.890988394618034,58.697653003036976
dbpedia560k,and,206,55.07294554263353,56.29484076052904
dbpedia560k,and,88,51.01156421005726,54.76747173815966
dbpedia560k,and,522,55.06584420800209,58.82652476429939
dbpedia560k,and,787,62.919105403125286,66.70912262052298
dbpedia560k,and,760,52.15429700911045,55.91521039605141
dbpedia560k,and,895,58.448873460292816,61.963917687535286
dbpedia560k,and,976,54.937321692705154,58.64247214049101
dbpedia560k,and,36,52.2383488714695,55.89425563812256
dbpedia560k,and,387,52.08398215472698,55.81893492490053
dbpedia560k,and,826,53.974916227161884,57.75073077529669
dbpedia560k,and,829,52.162911742925644,55.94687536358833
dbpedia560k,and,322,53.981319069862366,57.727331295609474
dbpedia560k,and,295,62.77917418628931,66.52949377894402
dbpedia560k,and,657,53.93486935645342,57.690893299877644
dbpedia560k,and,997,54.79156970977783,58.56761708855629
dbpedia560k,and,39,52.77036689221859,56.53081461787224
dbpedia560k,and,913,58.075529523193836,59.563200920820236
dbpedia560k,and,448,51.707495003938675,55.47306500375271
dbpedia560k,and,296,51.62716843187809,55.41229620575905
dbpedia560k,and,965,52.05115303397179,55.81264849752188
dbpedia560k,and,797,65.75917359441519,69.53498814254999
dbpedia560k,and,970,65.62704220414162,69.38714068382978
dbpedia560k,and,985,65.62343332916498,69.40704770386219
dbpedia560k,and,756,53.552212193608284,54.81927655637264
dbpedia560k,and,289,55.694603361189365,56.92581180483103
dbpedia560k,and,424,64.37301635742188,65.66965021193027
dbpedia560k,and,229,53.79004869610071,57.56609607487917
dbpedia560k,and,433,52.75779403746128,56.52382969856262
dbpedia560k,and,219,56.856079027056694,60.46006456017494
dbpedia560k,and,405,66.02297071367502,69.77899465709925
dbpedia560k,and,519,54.391566663980484,58.15213080495596
dbpedia560k,and,598,52.115763537585735,55.89297506958246
dbpedia560k,and,259,65.9736106172204,69.7532668709755
dbpedia560k,and,275,53.571886382997036,54.843840189278126
dbpedia560k,and,929,53.545343689620495,54.87643647938967
dbpedia560k,and,798,54.836622439324856,58.61162208020687
dbpedia560k,and,353,62.897452153265476,66.66406989097595
dbpedia560k,and,804,50.961971282958984,54.718926548957825
dbpedia560k,and,987,51.792594604194164,55.54792005568743
dbpedia560k,and,920,54.83278073370457,58.5728557780385
dbpedia560k,and,438,52.80517507344484,56.531280279159546
dbpedia560k,and,498,56.54036067426205,57.740951888263226
dbpedia560k,and,546,58.17797500640154,59.66064054518938
dbpedia560k,and,846,55.67853804677725,56.9239491596818
dbpedia560k,and,328,54.10145968198776,57.87750706076622
dbpedia560k,and,877,52.15359851717949,53.4506980329752
dbpedia560k,and,466,58.26109554618597,59.73398219794035
dbpedia560k,and,320,59.764133766293526,61.015598475933075
dbpedia560k,and,342,51.734503358602524,55.489130318164825
dbpedia560k,and,588,56.89391400665045,60.47985516488552
dbpedia560k,and,71,54.86805457621813,58.62407851964235
dbpedia560k,and,354,51.81145388633013,55.567012168467045
dbpedia560k,and,175,52.77921445667744,56.53465632349253
dbpedia560k,and,191,52.11250390857458,55.87760824710131
dbpedia560k,and,747,51.086884923279285,54.841977544128895
dbpedia560k,and,394,54.00122608989477,57.766796089708805
dbpedia560k,and,670,54.13184408098459,57.8972976654768
dbpedia560k,and,368,54.01682574301958,57.76272155344486
dbpedia560k,and,979,53.8327731192112,57.60719068348408
dbpedia560k,and,292,54.78819366544485,58.54410119354725
dbpedia560k,and,484,53.80343645811081,57.55503661930561
dbpedia560k,and,445,52.8132077306509,56.568882428109646
dbpedia560k,and,73,52.91274283081293,54.1742192581296
dbpedia560k,and,24,55.141979828476906,56.43395707011223
dbpedia560k,and,492,70.59075869619846,71.89263124018908
dbpedia560k,and,152,50.9507954120636,54.69773896038532
dbpedia560k,and,288,70.5718994140625,71.83942943811417
dbpedia560k,and,169,65.84031507372856,69.59540769457817
dbpedia560k,and,595,56.40392191708088,57.68495611846447
dbpedia560k,and,260,56.475051678717136,57.696946896612644
dbpedia560k,and,767,55.50310015678406,58.55807103216648
dbpedia560k,and,183,54.06199488788843,57.818018831312656
dbpedia560k,and,487,55.078999139368534,58.84480196982622
dbpedia560k,and,108,55.52393849939108,56.82592745870352
dbpedia560k,and,262,54.81636617332697,58.59334487468004
dbpedia560k,and,211,55.15292286872864,58.93257912248373
dbpedia560k,and,861,54.16548810899258,57.916389778256416
dbpedia560k,and,959,53.204712457954884,54.49110176414251
dbpedia560k,and,279,52.7125084772706,56.46946374326944
dbpedia560k,and,614,62.9485584795475,66.69457070529461
dbpedia560k,and,427,52.113085985183716,55.8788888156414
dbpedia560k,and,47,52.02589090913534,55.762939155101776
dbpedia560k,and,341,52.09853406995535,55.88307976722717
dbpedia560k,and,199,54.7909876331687,58.53793118149042
dbpedia560k,and,509,53.655472584068775,54.91205956786871
dbpedia560k,and,521,53.89493890106678,57.66097456216812
dbpedia560k,and,164,52.658491767942905,56.443968787789345
dbpedia560k,and,800,58.367266319692135,61.953323893249035
dbpedia560k,and,149,55.12370262295008,56.33966065943241
dbpedia560k,and,921,53.281430155038834,54.55361679196358
dbpedia560k,and,602,54.71124313771725,58.456091210246086
dbpedia560k,and,681,51.79608706384897,55.55280949920416
dbpedia560k,and,10,55.112992413342,58.869016356766224
dbpedia560k,and,406,52.69364919513464,56.45060446113348
dbpedia560k,and,658,55.116950534284115,56.38261791318655
dbpedia560k,and,68,51.747774705290794,55.52382208406925
dbpedia560k,and,140,59.78916306048632,61.01233884692192
dbpedia560k,and,2,52.32857074588537,55.93372043222189
dbpedia560k,and,616,54.44535054266453,58.039440773427486
dbpedia560k,and,261,55.5296428501606,56.83163180947304
dbpedia560k,and,222,54.3955247849226,58.15061740577221
dbpedia560k,and,642,65.86965173482895,69.63475607335567
dbpedia560k,and,872,55.16840610653162,56.423828937113285
dbpedia560k,and,471,71.02161180227995,72.31382187455893
dbpedia560k,and,513,70.59075869619846,71.84362038969994
dbpedia560k,and,820,51.78316496312618,55.558281019330025
dbpedia560k,and,374,57.68460687249899,59.01698023080826
dbpedia560k,and,909,54.37154322862625,57.96190816909075
dbpedia560k,and,189,55.72405643761158,56.95607978850603
dbpedia560k,and,995,58.132922276854515,59.59498230367899
dbpedia560k,and,97,58.18670615553856,59.62525028735399
dbpedia560k,and,465,55.02603016793728,56.27353675663471
dbpedia560k,and,307,53.67014091461897,54.87317685037851
dbpedia560k,and,146,55.34838419407606,56.63582123816013
dbpedia560k,and,483,54.52113691717386,58.30719601362944
dbpedia560k,and,911,54.98237442225218,58.76750219613314
dbpedia560k,and,705,53.48480772227049,54.74558565765619
dbpedia560k,and,950,51.74754187464714,55.504380725324154
dbpedia560k,and,481,53.69563587009907,57.451194152235985
dbpedia560k,and,456,55.42754661291838,56.684366427361965
dbpedia560k,and,665,59.03397686779499,60.21512672305107
dbpedia560k,and,137,53.89272700995207,57.58774932473898
dbpedia560k,and,245,70.71543950587511,72.04583380371332
dbpedia560k,and,457,52.10144445300102,55.8486208319664
dbpedia560k,and,195,54.94733341038227,58.728852309286594
dbpedia560k,and,881,53.88015415519476,57.64502566307783
dbpedia560k,and,4,54.60251122713089,58.3576038479805
dbpedia560k,and,900,54.88237366080284,56.129880249500275
dbpedia560k,and,652,59.81442518532276,61.09173409640789
dbpedia560k,and,236,53.86199336498976,57.65201058238745
dbpedia560k,and,818,52.126822993159294,55.892858654260635
dbpedia560k,and,312,56.78448360413313,60.429563745856285
dbpedia560k,and,486,51.717739552259445,55.4937869310379
dbpedia560k,and,922,63.17102815955877,64.46696352213621
dbpedia560k,and,677,54.62160333991051,58.38682409375906
dbpedia560k,and,596,52.06349305808544,55.85956387221813
dbpedia560k,and,44,52.038230933249,55.80415017902851
dbpedia560k,and,335,60.766120441257954,62.00908683240414
dbpedia560k,and,557,52.037881687283516,55.823358707129955
dbpedia560k,and,115,53.72054874897003,57.48658441007137
dbpedia560k,and,857,62.6537948846817,66.41983054578304
dbpedia560k,and,393,54.58341911435127,58.359233662486076
dbpedia560k,and,235,56.87493830919266,60.50034426152706
dbpedia560k,and,148,62.658218666911125,66.43449887633324
dbpedia560k,and,78,53.71146835386753,57.48751573264599
dbpedia560k,and,403,65.92227146029472,69.69831883907318
dbpedia560k,and,716,63.1050206720829,64.39140997827053
dbpedia560k,and,888,66.0725636407733,69.84954234212637
dbpedia560k,and,212,66.07978139072657,69.87527012825012
dbpedia560k,and,566,52.78922617435455,56.57447036355734
dbpedia560k,and,226,58.32291208207607,61.92794535309076
dbpedia560k,and,956,52.862917073071,56.64897616952658
dbpedia560k,and,382,52.15290002524853,55.948272347450256
dbpedia560k,and,372,52.1030742675066,55.89914508163929
dbpedia560k,and,447,54.36106584966183,58.1471249461174
dbpedia560k,and,61,58.259000070393085,59.75074600428343
dbpedia560k,and,904,54.4979702681303,58.122328482568264
dbpedia560k,and,117,59.434445574879646,60.73201075196266
dbpedia560k,and,634,65.90457633137703,69.72067058086395
dbpedia560k,and,766,58.192177675664425,59.65505260974169
dbpedia560k,and,811,54.47177682071924,58.2927605137229
dbpedia560k,and,894,50.9568490087986,54.762582294642925
dbpedia560k,and,482,50.95649976283312,54.753501899540424
dbpedia560k,and,618,65.92972204089165,69.7355717420578
dbpedia560k,and,255,58.237346820533276,59.65982563793659
dbpedia560k,and,972,52.040559239685535,55.83977326750755
dbpedia560k,and,0,54.78225648403168,58.578792959451675
dbpedia560k,and,489,53.7247397005558,54.94779907166958
dbpedia560k,and,214,55.313692428171635,56.5946102142334
dbpedia560k,and,841,58.4224471822381,62.07858677953482
dbpedia560k,and,878,57.61696957051754,58.88938903808594
dbpedia560k,and,867,58.22803359478712,61.85320671647787
dbpedia560k,and,437,56.57353904098272,57.85620305687189
dbpedia560k,or,119,60.18055137246847,63.28022573143244
dbpedia560k,or,73,66.83997344225645,69.95606236159801
dbpedia560k,or,799,98.45744352787733,99.75431021302938
dbpedia560k,or,561,60.57100836187601,63.69990296661854
dbpedia560k,or,21,65.41225593537092,68.47630720585585
dbpedia560k,or,145,99.8334726318717,102.93396189808846
dbpedia560k,or,28,52.72298585623503,55.808923207223415
dbpedia560k,or,183,69.21857129782438,72.34362419694662
dbpedia560k,or,695,62.999315559864044,64.2603263258934
dbpedia560k,or,513,83.40680506080389,86.52114775031805
dbpedia560k,or,724,68.89959331601858,71.99856918305159
dbpedia560k,or,7,64.53250534832478,67.65674334019423
dbpedia560k,or,372,72.30346091091633,75.41256491094828
dbpedia560k,or,855,59.52536594122648,60.82106847316027
dbpedia560k,or,425,68.26280150562525,71.34804036468267
dbpedia560k,or,284,56.63023330271244,57.92127922177315
dbpedia560k,or,598,55.35304080694914,58.45748819410801
dbpedia560k,or,112,60.425372794270515,63.51899355649948
dbpedia560k,or,682,72.14758079499006,75.2423657104373
dbpedia560k,or,500,73.00893776118755,76.09289605170488
dbpedia560k,or,264,63.61433770507574,66.69992581009865
dbpedia560k,or,618,65.28501398861408,68.37910041213036
dbpedia560k,or,766,55.70950452238321,58.80359094589949
dbpedia560k,or,635,53.60366776585579,56.7031092941761
dbpedia560k,or,575,51.510403864085674,54.59540989249945
dbpedia560k,or,713,100.26909876614809,103.34455873817205
dbpedia560k,or,950,55.84780592471361,58.963545598089695
dbpedia560k,or,134,76.68137550354004,79.74437903612852
dbpedia560k,or,823,75.6486551836133,78.74355651438236
dbpedia560k,or,462,69.98376920819283,73.06900806725025
dbpedia560k,or,961,59.84911695122719,61.13201379776001
dbpedia560k,or,717,75.96448995172977,79.1085185483098
dbpedia560k,or,546,54.83417771756649,57.93757736682892
dbpedia560k,or,44,59.74224768579006,62.86613643169403
dbpedia560k,or,123,58.78787487745285,62.44273390620947
dbpedia560k,or,239,79.09897249192,82.23345503211021
dbpedia560k,or,654,70.57143375277519,73.64607881754637
dbpedia560k,or,26,53.59097849577665,56.70555401593447
dbpedia560k,or,689,74.34131111949682,77.43609603494406
dbpedia560k,or,607,58.61232057213783,61.73737347126007
dbpedia560k,or,335,71.11742161214352,74.23164788633585
dbpedia560k,or,498,70.63592784106731,73.75632412731647
dbpedia560k,or,995,63.979881815612316,67.09969602525234
dbpedia560k,or,614,55.74442911893129,58.889505453407764
dbpedia560k,or,634,79.62749805301428,82.722632214427
dbpedia560k,or,265,69.81566548347473,72.91499059647322
dbpedia560k,or,419,69.20797750353813,72.32162170112133
dbpedia560k,or,160,62.993261963129044,66.12844299525023
dbpedia560k,or,504,69.23952605575323,72.35351949930191
dbpedia560k,or,10,63.41456901282072,66.49934221059084
dbpedia560k,or,816,65.35311695188284,68.46233736723661
dbpedia560k,or,662,52.919378504157066,56.02359306067228
dbpedia560k,or,333,60.74155680835247,63.85543383657932
dbpedia560k,or,236,60.25400944054127,63.35903890430927
dbpedia560k,or,829,69.2631583660841,72.36807141453028
dbpedia560k,or,199,69.85454820096493,72.97948468476534
dbpedia560k,or,20,82.83404167741537,85.9689898788929
dbpedia560k,or,256,56.38005677610636,59.50371269136667
dbpedia560k,or,306,73.74538108706474,76.85052696615458
dbpedia560k,or,655,57.47599061578512,60.601974837481976
dbpedia560k,or,868,75.98870433866978,79.08954285085201
dbpedia560k,or,571,65.36743603646755,68.50261706858873
dbpedia560k,or,547,72.94409442692995,76.06798317283392
dbpedia560k,or,859,60.14574319124222,63.26939910650253
dbpedia560k,or,842,61.52293644845486,62.80490197241306
dbpedia560k,or,538,65.77931344509125,68.89342330396175
dbpedia560k,or,559,60.83166226744652,63.934363424777985
dbpedia560k,or,392,67.11622700095177,70.241279900074
dbpedia560k,or,505,87.75165770202875,90.84760677069426
dbpedia560k,or,992,69.62497718632221,72.74129893630743
dbpedia560k,or,931,63.944258727133274,67.04952102154493
dbpedia560k,or,118,64.07138425856829,67.23648402839899
dbpedia560k,or,268,83.52065924555063,86.6155605763197
dbpedia560k,or,712,89.24852591007948,92.36426558345556
dbpedia560k,or,475,75.73224138468504,78.82749196141958
dbpedia560k,or,579,79.2226055637002,82.33310654759407
dbpedia560k,or,967,60.38451101630926,63.480110839009285
dbpedia560k,or,358,56.734075769782066,59.850048273801804
dbpedia560k,or,834,53.60436625778675,56.720105931162834
dbpedia560k,or,837,56.619406677782536,59.7190810367465
dbpedia560k,or,63,73.19042924791574,76.30244363099337
dbpedia560k,or,375,64.29781205952168,67.41704419255257
dbpedia560k,or,802,63.73180076479912,66.8596476316452
dbpedia560k,or,501,55.48284389078617,58.60300734639168
dbpedia560k,or,843,76.55390072613955,79.67918645590544
dbpedia560k,or,17,56.12289533019066,59.23793651163578
dbpedia560k,or,161,64.4811661913991,67.58712697774172
dbpedia560k,or,617,54.39086817204952,57.50684067606926
dbpedia560k,or,431,86.48529183119535,89.61011189967394
dbpedia560k,or,664,55.67353218793869,58.78647789359093
dbpedia560k,or,657,73.93094711005688,77.04971358180046
dbpedia560k,or,786,65.68327080458403,68.80809087306261
dbpedia560k,or,349,58.90836473554373,62.558334320783615
dbpedia560k,or,197,77.06042379140854,80.19059896469116
dbpedia560k,or,208,82.60959293693304,85.66188625991344
dbpedia560k,or,415,66.40946958214045,69.50355600565672
dbpedia560k,or,585,96.06359526515007,97.34113700687885
dbpedia560k,or,296,73.25166370719671,76.34575013071299
dbpedia560k,or,626,78.77231109887362,81.8673288449645
dbpedia560k,or,646,56.54548294842243,59.63491275906563
dbpedia560k,or,814,81.12727664411068,84.22043174505234
dbpedia560k,or,449,66.36325269937515,69.46339271962643
dbpedia560k,or,537,63.86043969541788,66.94660987704992
dbpedia560k,or,680,66.09002593904734,69.18434519320726
dbpedia560k,or,755,67.88247264921665,70.98703645169735
dbpedia560k,or,50,53.719617426395416,56.88541568815708
dbpedia560k,or,863,60.54260302335024,63.65659646689892
dbpedia560k,or,942,54.773176088929176,57.868193835020065
dbpedia560k,or,5,60.22548768669367,63.33028431981802
dbpedia560k,or,570,76.63003634661436,79.73448373377323
dbpedia560k,or,528,52.63031926006079,55.74442911893129
dbpedia560k,or,215,75.2579653635621,78.36229633539915
dbpedia560k,or,707,60.23980677127838,63.33482451736927
dbpedia560k,or,473,75.85226558148861,78.97836621850729
dbpedia560k,or,495,67.16896314173937,70.29343396425247
dbpedia560k,or,132,54.54616621136665,57.680183090269566
dbpedia560k,or,928,63.54029756039381,66.67431443929672
dbpedia560k,or,436,61.64133083075285,64.73727989941835
dbpedia560k,or,819,65.23879710584879,68.4073893353343
dbpedia560k,or,232,62.72795144468546,65.81749767065048
dbpedia560k,or,881,83.66047404706478,86.77016012370586
dbpedia560k,or,62,75.96227806061506,79.06241808086634
dbpedia560k,or,1,69.16886195540428,72.26329762488604
dbpedia560k,or,476,64.77662827819586,67.87106394767761
dbpedia560k,or,289,77.24505849182606,80.3446164354682
dbpedia560k,or,485,67.92682688683271,71.04210089892149
dbpedia560k,or,270,76.8117606639862,79.89490404725075
dbpedia560k,or,574,70.65082900226116,73.77564907073975
dbpedia560k,or,704,53.01507189869881,56.12848326563835
dbpedia560k,or,758,61.46321538835764,64.58675488829613
dbpedia560k,or,990,62.53505125641823,65.62983617186546
dbpedia560k,or,249,67.0956214889884,70.20041812211275
dbpedia560k,or,674,54.58085797727108,57.66586400568485
dbpedia560k,or,127,60.06401963531971,63.15927021205425
dbpedia560k,or,286,70.89378777891397,73.96878208965063
dbpedia560k,or,244,64.09059278666973,67.1885209158063
dbpedia560k,or,75,63.019804656505585,66.10830314457417
dbpedia560k,or,77,59.16284862905741,62.2669467702508
dbpedia560k,or,41,78.47871165722609,81.5829262137413
dbpedia560k,or,790,78.43913044780493,81.49840869009495
dbpedia560k,or,754,80.39595559239388,83.47118273377419
dbpedia560k,or,185,67.44451820850372,70.55047899484634
dbpedia560k,or,773,66.98549259454012,70.09052205830812
dbpedia560k,or,402,76.69476326555014,79.8000255599618
dbpedia560k,or,278,68.00796836614609,71.11311424523592
dbpedia560k,or,14,76.58533286303282,79.67930287122726
dbpedia560k,or,53,59.158424846827984,62.26229015737772
dbpedia560k,or,507,75.78369695693254,78.86858657002449
dbpedia560k,or,779,52.688876166939735,55.792974308133125
dbpedia560k,or,753,90.41931480169296,93.49302854388952
dbpedia560k,or,739,68.78736894577742,71.84268906712532
dbpedia560k,or,342,84.26536805927753,87.4195247888565
dbpedia560k,or,849,66.41738582402468,69.52346302568913
dbpedia560k,or,666,72.5695863366127,75.67449938505888
dbpedia560k,or,943,58.838981203734875,61.918399296700954
dbpedia560k,or,683,64.83797915279865,67.94254295527935
dbpedia560k,or,793,90.51943197846413,93.61468255519867
dbpedia560k,or,71,56.736054830253124,57.97704216092825
dbpedia560k,or,910,71.14186882972717,74.24666546285152
dbpedia560k,or,587,84.19039659202099,87.29950059205294
dbpedia560k,or,191,72.43885193020105,75.54295007139444
dbpedia560k,or,616,59.98509004712105,63.08918818831444
dbpedia560k,or,592,71.92313205450773,75.03724191337824
dbpedia560k,or,361,61.67194806039333,63.0220165476203
dbpedia560k,or,156,67.65557918697596,70.75048051774502
dbpedia560k,or,458,66.00434426218271,69.11775562912226
dbpedia560k,or,811,63.26497532427311,64.5460095256567
dbpedia560k,or,469,56.49949889630079,59.60988346487284
dbpedia560k,or,604,78.20723112672567,81.29316847771406
dbpedia560k,or,991,66.47966802120209,69.56350989639759
dbpedia560k,or,527,77.63109169900417,78.90397682785988
dbpedia560k,or,277,56.584831327199936,59.698824770748615
dbpedia560k,or,551,52.618677727878094,55.742799304425716
dbpedia560k,or,229,64.41655568778515,67.52531044185162
dbpedia560k,or,821,61.17578595876694,64.28128108382225
dbpedia560k,or,427,100.14581494033337,103.26527990400791
dbpedia560k,or,989,98.38805999606848,101.48307774215937
dbpedia560k,or,663,64.20048885047436,67.31576286256313
dbpedia560k,or,860,56.5993832424283,59.70383062958717
dbpedia560k,or,531,64.60188888013363,67.69690662622452
dbpedia560k,or,84,80.88699541985989,83.97665806114674
dbpedia560k,or,137,56.72511179000139,59.8694896325469
dbpedia560k,or,471,59.71081554889679,62.774866819381714
dbpedia560k,or,747,72.21696432679892,73.50498344749212
dbpedia560k,or,613,75.26250556111336,78.35752330720425
dbpedia560k,or,89,53.895520977675915,57.000317610800266
dbpedia560k,or,478,61.465310864150524,64.58442658185959
dbpedia560k,or,166,64.45602048188448,67.560700699687
dbpedia560k,or,608,59.449695982038975,62.53423634916544
dbpedia560k,or,429,59.79998968541622,62.90944293141365
dbpedia560k,or,987,61.9423808529973,65.02110045403242
dbpedia560k,or,748,70.20414341241121,73.2991611585021
dbpedia560k,or,939,91.10663086175919,94.18115951120853
dbpedia560k,or,29,81.26185275614262,84.37747601419687
dbpedia560k,or,175,77.94122211635113,81.04124572128057
dbpedia560k,or,428,72.24793080240488,75.35249460488558
dbpedia560k,or,68,60.24050526320934,63.324812799692154
dbpedia560k,or,446,56.884484365582466,60.671474784612656
dbpedia560k,or,312,72.48262409120798,75.58602374047041
dbpedia560k,or,198,53.15535236150026,56.20985757559538
dbpedia560k,or,251,74.35097359120846,77.4414511397481
dbpedia560k,or,115,90.72595275938511,93.81503332406282
dbpedia560k,or,290,58.177392929792404,61.27741653472185
dbpedia560k,or,544,58.963545598089695,62.067992985248566
dbpedia560k,or,576,81.3386868685484,84.472238086164
dbpedia560k,or,483,58.982870541512966,62.08790000528097
dbpedia560k,or,974,60.9102426096797,64.02935832738876
dbpedia560k,or,327,76.54284127056599,79.62808012962341
dbpedia560k,or,441,75.87438449263573,79.01294156908989
dbpedia560k,or,320,73.09496868401766,76.21978875249624
dbpedia560k,or,783,61.56193558126688,64.65602200478315
dbpedia560k,or,945,65.63263013958931,68.73148959130049
dbpedia560k,or,367,55.57714030146599,58.67192521691322
dbpedia560k,or,563,60.24108733981848,63.346000388264656
dbpedia560k,or,857,74.25760850310326,77.32945960015059
dbpedia560k,or,962,76.68521720916033,79.78850044310093
dbpedia560k,or,258,63.64390719681978,66.74893666058779
dbpedia560k,or,460,55.267708376049995,58.362726122140884
dbpedia560k,or,850,89.36855010688305,92.46752597391605
dbpedia560k,or,650,81.08571637421846,84.19074583798647
dbpedia560k,or,129,76.14272180944681,77.43551395833492
dbpedia560k,or,61,66.43938831984997,69.54371929168701
dbpedia560k,or,23,106.92898649722338,110.0543886423111
dbpedia560k,or,784,70.06980013102293,73.17506242543459
dbpedia560k,or,332,56.14792462438345,59.22350101172924
dbpedia560k,or,202,59.042591601610184,62.15809844434261
dbpedia560k,or,417,59.645273722708225,62.75437772274017
dbpedia560k,or,899,75.16180630773306,78.26648652553558
dbpedia560k,or,401,85.44744923710823,88.56167551130056
dbpedia560k,or,889,53.02298814058304,56.13802932202816
dbpedia560k,or,91,58.88822488486767,61.99721246957779
dbpedia560k,or,588,68.2314857840538,71.32661994546652
dbpedia560k,or,984,53.00482735037804,56.11870437860489
dbpedia560k,or,422,73.59578739851713,76.71990897506475
dbpedia560k,or,580,56.64967466145754,59.775193221867085
dbpedia560k,or,351,59.614540077745914,62.71491292864084
dbpedia560k,or,163,53.04953083395958,56.14839028567076
dbpedia560k,or,647,55.023934692144394,58.137811720371246
dbpedia560k,or,983,61.60710472613573,64.71143569797277
dbpedia560k,or,325,73.95038846880198,77.05518510192633
dbpedia560k,or,883,82.67350494861603,85.76840627938509
dbpedia560k,or,934,79.65939585119486,82.77455344796181
dbpedia560k,or,435,78.80141492933035,81.88770152628422
dbpedia560k,or,935,50.46639125794172,53.60145587474108
dbpedia560k,or,927,67.24183913320303,70.31520362943411
dbpedia560k,or,280,56.97505548596382,60.09906064718962
dbpedia560k,or,205,67.57047958672047,70.65548561513424
dbpedia560k,or,297,67.75755900889635,71.43255788832903
dbpedia560k,or,573,76.82025898247957,79.9059635028243
dbpedia560k,or,287,68.70762445032597,71.80345710366964
dbpedia560k,or,533,72.76551332324743,75.869495049119
dbpedia560k,or,316,78.39698810130358,81.49666246026754
dbpedia560k,or,314,62.973820604383945,66.04345981031656
dbpedia560k,or,321,56.90031684935093,60.01396104693413
dbpedia560k,or,555,56.3944922760129,59.47425961494446
dbpedia560k,or,511,61.95204332470894,63.229468651115894
dbpedia560k,or,74,96.47943079471588,99.58446025848389
dbpedia560k,or,642,55.27329631149769,58.377510868012905
dbpedia560k,or,248,67.30156019330025,70.42533252388239
dbpedia560k,or,237,56.28017242997885,59.34585351496935
dbpedia560k,or,36,67.40936078131199,70.52789442241192
dbpedia560k,or,489,60.02956070005894,63.11468314379454
dbpedia560k,or,981,75.33456664532423,78.44879291951656
dbpedia560k,or,48,61.782426200807095,64.90643136203289
dbpedia560k,or,138,59.50429476797581,62.62795068323612
dbpedia560k,or,714,67.24987179040909,70.36596070975065
dbpedia560k,or,457,53.18899638950825,56.2847126275301
dbpedia560k,or,558,63.59571125358343,66.71377923339605
dbpedia560k,or,162,59.60406269878149,62.73959297686815
dbpedia560k,or,492,59.328507632017136,62.43365351110697
dbpedia560k,or,158,74.95249155908823,78.06182838976383
dbpedia560k,or,918,67.40086246281862,70.51683496683836
dbpedia560k,or,227,74.24422074109316,77.33539678156376
dbpedia560k,or,652,70.45094389468431,73.5454959794879
dbpedia560k,or,865,54.67736627906561,57.74607416242361
dbpedia560k,or,915,65.953703597188,69.058733060956
dbpedia560k,or,693,71.01777009665966,74.09206591546535
dbpedia560k,or,692,97.6015580818057,100.70553980767727
dbpedia560k,or,822,63.76998499035835,66.87454879283905
dbpedia560k,or,213,66.41517393290997,69.51019167900085
dbpedia560k,or,386,79.70293518155813,82.79341273009777
dbpedia560k,or,378,66.14485755562782,67.45592691004276
dbpedia560k,or,409,80.40585089474916,83.50086864084005
dbpedia560k,or,589,76.03398989886045,79.13901936262846
dbpedia560k,or,144,57.55305755883455,60.6318935751915
dbpedia560k,or,569,61.49208638817072,64.57720883190632
dbpedia560k,or,0,56.58506415784359,59.674493968486786
dbpedia560k,or,560,56.064571253955364,59.15400106459856
dbpedia560k,or,309,56.22813478112221,59.31360647082329
dbpedia560k,or,798,58.84445272386074,61.91851571202278
dbpedia560k,or,262,59.124547988176346,62.19849456101656
dbpedia560k,or,723,72.26888556033373,73.53106047958136
dbpedia560k,or,665,64.68209903687239,67.78666283935308
dbpedia560k,or,565,60.53538527339697,63.63063585013151
dbpedia560k,or,426,74.18601308017969,77.27195043116808
dbpedia560k,or,149,62.77952343225479,65.9027136862278
dbpedia560k,or,32,76.3073330745101,79.4313382357359
dbpedia560k,or,357,77.25437171757221,80.36941289901733
dbpedia560k,or,217,87.34175935387611,90.42699821293354
dbpedia560k,or,732,73.73932749032974,76.84552110731602
dbpedia560k,or,828,53.2553531229496,56.323944590985775
dbpedia560k,or,376,66.03391375392675,69.15803533047438
dbpedia560k,or,387,70.0904056429863,73.18053394556046
dbpedia560k,or,550,61.567407101392746,62.894076108932495
dbpedia560k,or,107,73.54526314884424,76.5995355322957
dbpedia560k,or,694,58.88333544135094,61.986385844647884
dbpedia560k,or,526,85.57247929275036,88.63757830113173
dbpedia560k,or,839,85.90379729866982,89.01883848011494
dbpedia560k,or,512,53.85582335293293,56.95619620382786
dbpedia560k,or,494,64.20060526579618,67.32612382620573
dbpedia560k,or,288,54.481555707752705,57.58763290941715
dbpedia560k,or,72,74.71605204045773,77.82084867358208
dbpedia560k,or,302,64.25264291465282,67.3558097332716
dbpedia560k,or,637,68.07746831327677,71.18226494640112
dbpedia560k,or,356,75.42746607214212,78.48837412893772
dbpedia560k,or,368,86.18016727268696,89.27867747843266
dbpedia560k,or,114,57.03594069927931,60.13503298163414
dbpedia560k,or,408,54.591684602200985,57.69741255789995
dbpedia560k,or,212,73.82140029221773,76.92968938499689
dbpedia560k,or,522,92.58021600544453,95.66964581608772
dbpedia560k,or,684,56.97621963918209,58.26819688081741
dbpedia560k,or,746,68.01297422498465,71.10252045094967
dbpedia560k,or,761,72.94071838259697,76.01967081427574
dbpedia560k,or,584,63.07545118033886,64.36719559133053
dbpedia560k,or,38,61.82247307151556,64.91667591035366
dbpedia560k,or,702,68.7700230628252,71.87400478869677
dbpedia560k,or,474,58.927456848323345,62.04249802976847
dbpedia560k,or,99,65.94904698431492,69.02858149260283
dbpedia560k,or,809,58.91500040888786,61.965081840753555
dbpedia560k,or,300,61.84878293424845,64.95323032140732
dbpedia560k,or,11,66.54590833932161,69.61531471461058
dbpedia560k,or,776,61.46810483187437,64.56160917878151
dbpedia560k,or,78,65.78024476766586,68.8750296831131
dbpedia560k,or,269,55.03848660737276,58.122677728533745
dbpedia560k,or,3,81.77792187780142,84.83324199914932
dbpedia560k,or,631,62.03795783221722,65.11330138891935
dbpedia560k,or,521,54.41566463559866,57.520344853401184
dbpedia560k,or,283,83.11902638524771,86.20903827250004
dbpedia560k,or,750,89.08368181437254,92.19290222972631
dbpedia560k,or,765,55.48784974962473,58.588688261806965
dbpedia560k,or,979,71.87307346612215,74.99789353460073
dbpedia560k,or,549,72.43838626891375,75.54155308753252
dbpedia560k,or,272,72.33396172523499,75.4126813262701
dbpedia560k,or,177,55.30286580324173,58.3878718316555
dbpedia560k,or,831,64.99758455902338,68.08293983340263
dbpedia560k,or,231,74.82245564460754,77.90734525769949
dbpedia560k,or,467,63.22609260678291,66.33135490119457
dbpedia560k,or,923,61.31746340543032,64.40142169594765
dbpedia560k,or,602,67.03101098537445,70.12602873146534
dbpedia560k,or,578,57.63699300587177,60.69103255867958
dbpedia560k,or,525,75.89894812554121,78.98418698459864
dbpedia560k,or,728,67.69667379558086,70.79052738845348
dbpedia560k,or,808,60.156104154884815,63.23540583252907
dbpedia560k,or,882,59.99021232128143,63.10478784143925
dbpedia560k,or,131,66.1088852211833,69.19505540281534
dbpedia560k,or,363,67.73089990019798,70.84198296070099
dbpedia560k,or,25,58.89905150979757,61.992090195417404
dbpedia560k,or,384,62.70851008594036,65.81400521099567
dbpedia560k,or,605,57.66248796135187,60.78078877180815
dbpedia560k,or,668,54.55617792904377,57.64130037277937
dbpedia560k,or,764,62.61246744543314,65.68862590938807
dbpedia560k,or,486,56.0050830245018,59.11942571401596
dbpedia560k,or,147,55.747455917298794,58.812787756323814
dbpedia560k,or,690,55.128009989857674,58.22314415127039
dbpedia560k,or,253,50.424481742084026,53.5094877704978
dbpedia560k,or,203,56.92546255886555,58.21185186505318
dbpedia560k,or,919,55.52300717681646,58.606965467333794
dbpedia560k,or,936,75.41780360043049,78.51177360862494
dbpedia560k,or,414,57.59601481258869,60.695456340909004
dbpedia560k,or,452,64.19059354811907,67.29655433446169
dbpedia560k,or,645,58.919889852404594,62.00931966304779
dbpedia560k,or,374,64.42680023610592,67.52088665962219
dbpedia560k,or,438,51.76267586648464,54.82695996761322
dbpedia560k,or,382,51.64719186723232,54.73231431096792
dbpedia560k,or,394,70.72591688483953,73.80452007055283
dbpedia560k,or,841,60.03014277666807,63.113984651863575
dbpedia560k,or,737,53.12892608344555,56.22953176498413
dbpedia560k,or,997,65.80387707799673,68.8888831064105
dbpedia560k,or,439,55.63290324062109,58.737932704389095
dbpedia560k,or,18,61.026192270219326,64.10107016563416
dbpedia560k,or,741,107.67136700451374,110.79595424234867
dbpedia560k,or,873,63.88069596141577,67.02181417495012
dbpedia560k,or,874,64.78698924183846,67.89190229028463
dbpedia560k,or,479,70.91590669006109,74.01115726679564
dbpedia560k,or,110,61.91863212734461,65.02156611531973
dbpedia560k,or,552,91.9870799407363,95.07988579571247
dbpedia560k,or,611,53.16606257110834,56.25002086162567
dbpedia560k,or,480,92.28324051946402,95.36894503980875
dbpedia560k,or,263,66.3945684209466,69.48935333639383
dbpedia560k,or,336,56.69507663697004,60.480204410851
dbpedia560k,or,885,55.40740676224232,58.5019588470459
dbpedia560k,or,172,53.90017759054899,56.99635948985815
dbpedia560k,or,364,87.57633622735739,90.67123755812645
dbpedia560k,or,464,63.20490501821041,64.51690569519997
dbpedia560k,or,998,70.60682401061058,73.6764632165432
dbpedia560k,or,59,78.40199396014214,81.50748908519745
dbpedia560k,or,785,84.34150367975235,87.44699880480766
dbpedia560k,or,975,54.52195182442665,57.622091844677925
dbpedia560k,or,230,64.54018875956535,67.61506665498018
dbpedia560k,or,836,74.36145097017288,77.46671326458454
dbpedia560k,or,305,94.85299233347178,97.94812649488449
dbpedia560k,or,282,72.8284940123558,75.93340706080198
dbpedia560k,or,451,67.27036088705063,70.38575131446123
dbpedia560k,or,872,53.0491815879941,56.18436262011528
dbpedia560k,or,106,61.01198960095644,64.12586662918329
dbpedia560k,or,815,74.30545520037413,77.41060107946396
dbpedia560k,or,771,76.05808787047863,79.15729656815529
dbpedia560k,or,294,91.17100853472948,94.30700447410345
dbpedia560k,or,209,74.37728345394135,77.47591007500887
dbpedia560k,or,404,76.62444841116667,79.69839498400688
dbpedia560k,or,472,72.61394057422876,75.69917943328619
dbpedia560k,or,164,68.78655403852463,71.87598384916782
dbpedia560k,or,725,59.158424846827984,62.244595028460026
dbpedia560k,or,246,61.711412854492664,64.79618605226278
dbpedia560k,or,795,80.43949492275715,83.53299926966429
dbpedia560k,or,675,78.38336750864983,81.48234337568283
dbpedia560k,or,556,56.85060750693083,59.92513615638018
dbpedia560k,or,543,71.0274325683713,74.10021498799324
dbpedia560k,or,644,57.98810161650181,61.07159424573183
dbpedia560k,or,182,67.154411226511,70.25862578302622
dbpedia560k,or,105,66.57012272626162,69.68376692384481
dbpedia560k,or,155,84.37735959887505,87.49205153435469
dbpedia560k,or,787,64.17394615709782,67.27897562086582
dbpedia560k,or,371,74.53211583197117,77.62806490063667
dbpedia560k,or,490,63.832965679466724,66.92809984087944
dbpedia560k,or,222,60.84633059799671,63.97999823093414
dbpedia560k,or,348,83.9349813759327,87.03838102519512
dbpedia560k,or,557,100.48493277281523,103.61440945416689
dbpedia560k,or,136,67.62729026377201,71.28668949007988
dbpedia560k,or,169,66.0246005281806,69.13940887898207
dbpedia560k,or,391,78.6724267527461,81.77745621651411
dbpedia560k,or,410,73.940958827734,77.06938777118921
dbpedia560k,or,660,59.55761298537254,62.67242133617401
dbpedia560k,or,763,93.38348172605038,94.6966465562582
dbpedia560k,or,621,58.156903833150864,61.22700870037079
dbpedia560k,or,542,76.59406401216984,79.67790588736534
dbpedia560k,or,381,75.53398609161377,78.62807251513004
dbpedia560k,or,442,68.20168346166611,71.29181176424026
dbpedia560k,or,830,58.97786468267441,62.623992562294006
dbpedia560k,or,721,66.38921331614256,69.47387009859085
dbpedia560k,or,759,56.13488610833883,59.2393334954977
dbpedia560k,or,274,62.77021020650864,65.8638309687376
dbpedia560k,or,165,82.73881394416094,85.83790622651577
dbpedia560k,or,291,72.42895662784576,75.5129149183631
dbpedia560k,or,627,61.61804776638746,64.72284439951181
dbpedia560k,or,139,80.55637590587139,83.63148663192987
dbpedia560k,or,752,64.59187716245651,67.71623156964779
dbpedia560k,or,797,57.6565507799387,60.741789638996124
dbpedia560k,or,820,59.10266190767288,62.15320900082588
dbpedia560k,or,233,68.61274596303701,71.67237345129251
dbpedia560k,or,904,82.16826245188713,85.27352474629879
dbpedia560k,or,206,64.09629713743925,67.1915477141738
dbpedia560k,or,875,74.44282528012991,77.50710938125849
dbpedia560k,or,190,55.02102430909872,58.11708979308605
dbpedia560k,or,964,56.86038639396429,59.944926761090755
dbpedia560k,or,87,72.30241317301989,75.40755905210972
dbpedia560k,or,355,58.77274088561535,62.409089878201485
dbpedia560k,or,929,68.05302109569311,71.17202039808035
dbpedia560k,or,710,72.57726974785328,75.69242734462023
dbpedia560k,or,432,59.509649872779846,62.604667618870735
dbpedia560k,or,993,63.79478145390749,66.89934525638819
dbpedia560k,or,719,79.55485489219427,82.65429642051458
dbpedia560k,or,534,72.42860738188028,75.52769966423512
dbpedia560k,or,133,75.6746158003807,78.77952884882689
dbpedia560k,or,470,72.25770968943834,75.3271160647273
dbpedia560k,or,514,65.52226841449738,68.6075072735548
dbpedia560k,or,366,74.90545976907015,78.00955791026354
dbpedia560k,or,977,64.18302655220032,67.28689186275005
dbpedia560k,or,877,67.03101098537445,70.1103126630187
dbpedia560k,or,844,64.18453995138407,67.22018588334322
dbpedia560k,or,640,58.68298467248678,61.77229806780815
dbpedia560k,or,292,64.3004896119237,67.38619413226843
dbpedia560k,or,782,72.41556886583567,75.50744339823723
dbpedia560k,or,273,70.10065019130707,73.21534212678671
dbpedia560k,or,670,70.08970715105534,73.19450378417969
dbpedia560k,or,80,61.67392712086439,62.946113757789135
dbpedia560k,or,369,92.36286859959364,95.45835200697184
dbpedia560k,or,706,76.33527275174856,79.43063974380493
dbpedia560k,or,671,60.76635327190161,63.89606278389692
dbpedia560k,or,484,76.45541336387396,79.56544868648052
dbpedia560k,or,601,72.59356789290905,75.68765431642532
dbpedia560k,or,620,83.03008507937193,86.16445120424032
dbpedia560k,or,373,67.06558633595705,70.15070877969265
dbpedia560k,or,491,64.62179590016603,67.73590575903654
dbpedia560k,or,718,60.410588048398495,63.48523311316967
dbpedia560k,or,932,66.55475590378046,69.64441854506731
dbpedia560k,or,440,74.3156997486949,77.39546708762646
dbpedia560k,or,599,66.9058645144105,70.02102211117744
dbpedia560k,or,247,67.35057104378939,70.46596147119999
dbpedia560k,or,980,70.78656926751137,73.92046973109245
dbpedia560k,or,493,75.27286652475595,78.35240103304386
dbpedia560k,or,267,57.286350056529045,60.40593143552542
dbpedia560k,or,487,54.21589594334364,57.32104182243347
dbpedia560k,or,313,63.11328615993261,66.21400825679302
dbpedia560k,or,13,54.336502216756344,57.441298849880695
dbpedia560k,or,468,80.03064431250095,83.14009755849838
dbpedia560k,or,806,64.93821274489164,68.02321877330542
dbpedia560k,or,907,70.204958319664,73.30975495278835
dbpedia560k,or,970,76.45320147275925,79.55706678330898
dbpedia560k,or,255,70.80193608999252,73.89578968286514
dbpedia560k,or,590,77.69674994051456,80.79642429947853
dbpedia560k,or,405,79.9759291112423,83.08468386530876
dbpedia560k,or,45,64.05683234333992,67.13694892823696
dbpedia560k,or,803,60.379039496183395,63.483952544629574
dbpedia560k,or,596,72.38297257572412,75.50197187811136
dbpedia560k,or,383,54.6060036867857,57.740951888263226
dbpedia560k,or,845,80.33332414925098,83.43858644366264
dbpedia560k,or,220,58.823032304644585,62.4791719019413
dbpedia560k,or,577,64.34624083340168,67.46919825673103
dbpedia560k,or,722,60.94563286751509,64.05985914170742
dbpedia560k,or,827,75.17344783991575,78.24739441275597
dbpedia560k,or,315,72.63908628374338,75.75750350952148
dbpedia560k,or,400,61.3960437476635,64.48221392929554
dbpedia560k,or,465,65.90771954506636,69.00844164192677
dbpedia560k,or,43,59.79358684271574,62.88744043558836
dbpedia560k,or,825,60.84574852138758,63.95985838025808
dbpedia560k,or,399,63.56497760862112,66.66465196758509
dbpedia560k,or,999,70.1660756021738,73.2645858079195
dbpedia560k,or,407,67.34649650752544,70.47096733003855
dbpedia560k,or,238,61.45297084003687,62.75495979934931
dbpedia560k,or,454,56.885997764766216,58.173551224172115
dbpedia560k,or,518,66.58502388745546,69.70018148422241
dbpedia560k,or,109,56.50415550917387,59.58369001746178
dbpedia560k,or,444,64.41434379667044,67.50517059117556
dbpedia560k,or,878,56.10845983028412,59.23351272940636
dbpedia560k,or,393,68.8378931954503,71.942456997931
dbpedia560k,or,949,69.98027674853802,73.08484055101871
dbpedia560k,or,359,58.818492107093334,61.90291605889797
dbpedia560k,or,104,85.11717896908522,88.22197560220957
dbpedia560k,or,125,56.00845906883478,59.06284786760807
dbpedia560k,or,15,63.03447298705578,64.32132795453072
dbpedia560k,or,687,81.13030344247818,84.21600796282291
dbpedia560k,or,339,71.98448292911053,75.08182898163795
dbpedia560k,or,47,64.93693217635155,68.0356752127409
dbpedia560k,or,582,79.80933878570795,82.90424011647701
dbpedia560k,or,328,66.15347228944302,67.45662540197372
dbpedia560k,or,116,53.2990088686347,56.39274604618549
dbpedia560k,or,796,58.16726479679346,61.261700466275215
dbpedia560k,or,496,52.81809717416763,55.918353609740734
dbpedia560k,or,656,56.459102779626846,59.55388769507408
dbpedia560k,or,898,52.75546573102474,55.849901400506496
dbpedia560k,or,82,74.93759039789438,78.02213076502085
dbpedia560k,or,887,75.39184298366308,78.4882577136159
dbpedia560k,or,352,61.28253880888224,64.40759170800447
dbpedia560k,or,861,65.64962677657604,68.72275844216347
dbpedia560k,or,906,60.62223110347986,63.78628313541412
dbpedia560k,or,281,68.87235213071108,71.93745113909245
dbpedia560k,or,933,60.801045037806034,63.92505019903183
dbpedia560k,or,194,65.66487718373537,66.93566683679819
dbpedia560k,or,615,66.12471770495176,67.42484401911497
dbpedia560k,or,461,61.43271457403898,64.54216782003641
dbpedia560k,or,659,84.40215606242418,87.56585884839296
dbpedia560k,or,413,67.46186409145594,70.58586925268173
dbpedia560k,or,88,75.84970444440842,78.96346505731344
dbpedia560k,or,299,55.97888957709074,59.083220548927784
dbpedia560k,or,524,100.82579683512449,103.94013952463865
dbpedia560k,or,703,58.77448711544275,61.918399296700954
dbpedia560k,or,986,67.66209844499826,70.77655754983425
dbpedia560k,or,311,66.16441532969475,67.44649726897478
dbpedia560k,or,973,68.5431296005845,71.61602843552828
dbpedia560k,or,658,72.05945439636707,75.17333142459393
dbpedia560k,or,888,83.47025141119957,86.5650363266468
dbpedia560k,or,9,61.56566087156534,64.68058563768864
dbpedia560k,or,757,67.39201489835978,70.52591536194086
dbpedia560k,or,730,71.17155473679304,74.27576929330826
dbpedia560k,or,738,59.29009057581425,62.40443326532841
dbpedia560k,or,340,63.84402513504028,66.963373683393
dbpedia560k,or,54,58.963894844055176,62.05297540873289
dbpedia560k,or,329,65.59398025274277,68.73789243400097
dbpedia560k,or,174,60.16052793711424,63.27440496534109
dbpedia560k,or,701,59.198238886892796,62.28347774595022
dbpedia560k,or,497,68.77165287733078,71.90648466348648
dbpedia560k,or,30,66.10446143895388,67.39539094269276
dbpedia560k,or,35,61.86880636960268,64.97371941804886
dbpedia560k,or,55,71.49111479520798,74.57647006958723
dbpedia560k,or,900,65.13344123959541,68.23823787271976
dbpedia560k,or,304,60.000806115567684,63.10583557933569
dbpedia560k,or,200,73.0700558051467,76.17403753101826
dbpedia560k,or,385,56.84827920049429,58.15026815980673
dbpedia560k,or,912,77.21595466136932,80.31993638724089
dbpedia560k,or,581,56.41905590891838,59.51337516307831
dbpedia560k,or,192,66.11470598727465,69.21787280589342
dbpedia560k,or,676,77.1756749600172,80.2651047706604
dbpedia560k,or,111,73.3488705009222,76.45413279533386
dbpedia560k,or,727,64.3355306237936,67.43997801095247
dbpedia560k,or,853,61.30721885710955,64.4120154902339
dbpedia560k,or,767,61.11594848334789,64.22190926969051
dbpedia560k,or,65,75.89207962155342,78.98802869021893
dbpedia560k,or,83,72.59973790496588,75.71233436465263
dbpedia560k,or,956,63.095008954405785,64.37709089368582
dbpedia560k,or,948,81.05125743895769,84.14627518504858
dbpedia560k,or,2,71.57155778259039,72.85841275006533
dbpedia560k,or,530,56.56108260154724,59.67274773865938
dbpedia560k,or,187,52.99469921737909,56.10904190689325
dbpedia560k,or,76,66.2048114463687,69.30448580533266
dbpedia560k,or,848,90.22990707308054,93.30990724265575
dbpedia560k,or,597,68.47851909697056,71.58040534704924
dbpedia560k,or,193,62.989071011543274,66.09410047531128
dbpedia560k,or,433,60.789985582232475,63.90037015080452
dbpedia560k,or,686,65.68979006260633,68.79435386508703
dbpedia560k,or,593,81.0219207778573,84.08143185079098
dbpedia560k,or,869,61.39068864285946,64.48675412684679
dbpedia560k,or,586,60.721300542354584,63.80723789334297
dbpedia560k,or,196,72.75806274265051,75.85773710161448
dbpedia560k,or,832,60.24492904543877,61.53807044029236
dbpedia560k,or,437,66.33473094552755,69.43964399397373
dbpedia560k,or,211,65.68408571183681,68.7669962644577
dbpedia560k,or,16,67.36523937433958,70.45373786240816
dbpedia560k,or,653,74.24945943057537,77.31444202363491
dbpedia560k,or,751,56.64443597197533,59.74504165351391
dbpedia560k,or,959,62.71852180361748,65.79211913049221
dbpedia560k,or,108,72.72395305335522,75.83864498883486
dbpedia560k,or,909,64.41341247409582,67.49224849045277
dbpedia560k,or,818,69.98074240982533,73.08484055101871
dbpedia560k,or,508,77.40105502307415,78.69361434131861
dbpedia560k,or,736,60.30139047652483,63.40502295643091
dbpedia560k,or,151,61.312224715948105,64.38721902668476
dbpedia560k,or,204,65.41889160871506,68.52392107248306
dbpedia560k,or,379,76.38474926352501,79.4888474047184
dbpedia560k,or,303,85.93930397182703,89.01441469788551
dbpedia560k,or,846,79.46917321532965,82.56419096142054
dbpedia560k,or,619,67.62100383639336,70.69646380841732
dbpedia560k,or,540,79.2770879343152,82.3816517367959
dbpedia560k,or,953,84.28061846643686,87.38657925277948
dbpedia560k,or,833,57.586352340877056,60.69138180464506
dbpedia560k,or,661,60.51559466868639,63.61957639455795
dbpedia560k,or,100,64.96533751487732,68.07083263993263
dbpedia560k,or,130,71.16689812391996,74.27134551107883
dbpedia560k,or,362,56.4398942515254,59.51488856226206
dbpedia560k,or,583,50.920876674354076,54.02602255344391
dbpedia560k,or,696,53.76036278903484,56.84478674083948
dbpedia560k,or,938,59.30452607572079,62.3979140073061
dbpedia560k,or,800,72.19985127449036,75.28869900852442
dbpedia560k,or,450,73.08495696634054,76.17892697453499
dbpedia560k,or,27,108.11479296535254,111.20096314698458
dbpedia560k,or,651,72.11219053715467,75.19102655351162
dbpedia560k,or,240,61.7314362898469,64.79700095951557
dbpedia560k,or,591,66.08432158827782,69.19889710843563
dbpedia560k,or,908,64.85660560429096,66.15906022489071
dbpedia560k,or,370,58.418139815330505,61.52316927909851
dbpedia560k,or,488,59.48834586888552,62.57870700210333
dbpedia560k,or,195,85.54267697036266,88.65748532116413
dbpedia560k,or,649,81.15952368825674,84.22555401921272
dbpedia560k,or,503,73.88531230390072,76.98987610638142
dbpedia560k,or,636,72.10299372673035,73.38437717407942
dbpedia560k,or,775,74.80278145521879,77.91828829795122
dbpedia560k,or,880,83.49376730620861,86.59856393933296
dbpedia560k,or,740,57.140132412314415,60.24504546076059
dbpedia560k,or,944,60.37915591150522,63.47300950437784
dbpedia560k,or,360,55.84908649325371,58.95260255783796
dbpedia560k,or,37,60.74120756238699,63.83575964719057
dbpedia560k,or,397,64.89572115242481,66.19363557547331
dbpedia560k,or,612,60.11896766722202,63.20420652627945
dbpedia560k,or,79,61.97625771164894,65.07989019155502
dbpedia560k,or,879,60.29079668223858,63.37522063404322
dbpedia560k,or,398,60.07589399814606,63.170911744236946
dbpedia560k,or,632,60.455757193267345,63.55054210871458
dbpedia560k,or,317,62.94960621744394,66.0639489069581
dbpedia560k,or,896,62.22305819392204,65.30724931508303
dbpedia560k,or,629,71.10112346708775,74.20044858008623
dbpedia560k,or,390,60.55133417248726,63.64576984196901
dbpedia560k,or,963,80.18978405743837,83.29527918249369
dbpedia560k,or,396,56.769466027617455,59.84457675367594
dbpedia560k,or,854,61.206286773085594,64.32388909161091
dbpedia560k,or,903,63.37813101708889,64.65078331530094
dbpedia560k,or,254,59.26599260419607,62.921084463596344
dbpedia560k,or,56,64.96778223663568,68.05162411183119
dbpedia560k,or,916,64.53611422330141,67.65010766685009
dbpedia560k,or,12,64.3653329461813,67.45965220034122
dbpedia560k,or,178,82.28328078985214,85.36630775779486
dbpedia560k,or,331,66.6396226733923,69.73440758883953
dbpedia560k,or,535,61.903963796794415,64.99385926872492
dbpedia560k,or,772,61.7089681327343,64.80305455625057
dbpedia560k,or,308,56.52999971061945,59.62501745671034
dbpedia560k,or,847,56.47516809403896,59.56925451755524
dbpedia560k,or,66,57.1901910007,60.29009819030762
dbpedia560k,or,594,66.69608410447836,69.81915794312954
dbpedia560k,or,678,65.89258555322886,68.9883017912507
dbpedia560k,or,817,72.84898310899734,75.94330236315727
dbpedia560k,or,788,79.77860514074564,82.83474016934633
dbpedia560k,or,982,84.16594937443733,87.28005923330784
dbpedia560k,or,541,59.505109675228596,62.56962660700083
dbpedia560k,or,103,74.32757411152124,77.42154411971569
dbpedia560k,or,157,76.72468200325966,79.82004899531603
dbpedia560k,or,922,71.9929812476039,75.07787086069584
dbpedia560k,or,101,66.00841879844666,69.11286618560553
dbpedia560k,or,307,50.29933527112007,53.40541247278452
dbpedia560k,or,940,68.79912689328194,71.9230156391859
dbpedia560k,or,34,56.85584619641304,58.13874304294586
dbpedia560k,or,509,92.28812996298075,95.39234451949596
dbpedia560k,or,216,73.75061977654696,76.84447336941957
dbpedia560k,or,852,74.47635289281607,77.58080027997494
dbpedia560k,or,57,68.55360697954893,71.64326962083578
dbpedia560k,or,917,56.52382969856262,59.61768329143524
dbpedia560k,or,353,68.49667988717556,71.57051004469395
dbpedia560k,or,762,58.13129246234894,61.22537888586521
dbpedia560k,or,210,64.53704554587603,67.64102727174759
dbpedia560k,or,181,57.2684220969677,60.354359447956085
dbpedia560k,or,124,56.73116538673639,59.810467064380646
dbpedia560k,or,4,67.59085226804018,70.67550905048847
dbpedia560k,or,31,74.4630815461278,75.75494237244129
dbpedia560k,or,150,67.93590728193521,71.0309250280261
dbpedia560k,or,344,70.85676770657301,73.9396782591939
dbpedia560k,or,529,68.53207014501095,71.63058035075665
dbpedia560k,or,322,64.87802602350712,67.93637294322252
dbpedia560k,or,70,87.79158815741539,90.88648948818445
dbpedia560k,or,709,61.96415051817894,65.04717748612165
dbpedia560k,or,667,67.12554022669792,70.24046499282122
dbpedia560k,or,201,64.82237949967384,67.91739724576473
dbpedia560k,or,884,63.03354166448116,66.1374069750309
dbpedia560k,or,180,64.28605411201715,67.38083902746439
dbpedia560k,or,117,60.66146306693554,63.766492530703545
dbpedia560k,or,756,52.854884415864944,55.96852861344814
dbpedia560k,or,326,60.293939895927906,63.41910921037197
dbpedia560k,or,958,60.74120756238699,63.875108025968075
dbpedia560k,or,639,56.42406176775694,59.53351501375437
dbpedia560k,or,69,68.08631587773561,71.16224151104689
dbpedia560k,or,219,81.07197936624289,84.15605407208204
dbpedia560k,or,924,56.794844567775726,59.870071709156036
dbpedia560k,or,856,60.78043952584267,63.8298224657774
dbpedia560k,or,968,58.70242603123188,62.333070673048496
dbpedia560k,or,443,67.7015632390976,71.35712075978518
dbpedia560k,or,214,72.24804721772671,75.31314622610807
dbpedia560k,or,791,66.32029544562101,69.41554602235556
dbpedia560k,or,697,64.88757207989693,67.94149521738291
dbpedia560k,or,720,74.52722638845444,77.62562017887831
dbpedia560k,or,188,81.08606562018394,84.18085053563118
dbpedia560k,or,572,65.15812128782272,68.27246397733688
dbpedia560k,or,700,84.72648914903402,87.78192568570375
dbpedia560k,or,403,71.27225399017334,74.401730671525
dbpedia560k,or,744,53.10121923685074,56.21439777314663
dbpedia560k,or,976,60.126069001853466,63.19594103842974
dbpedia560k,or,242,91.83341171592474,94.90735828876495
dbpedia560k,or,862,92.42631494998932,95.49153037369251
dbpedia560k,or,911,67.876186221838,70.95478940755129
dbpedia560k,or,902,73.98112211376429,77.07474287599325
dbpedia560k,or,330,85.08213795721531,88.15608453005552
dbpedia560k,or,733,79.96498607099056,83.04882794618607
dbpedia560k,or,295,71.65246643126011,74.73770529031754
dbpedia560k,or,60,65.56103471666574,68.6062267050147
dbpedia560k,or,603,61.565893702208996,62.85740528255701
dbpedia560k,or,891,64.17662370949984,67.22065154463053
dbpedia560k,or,871,75.36914199590683,78.45403160899878
dbpedia560k,or,648,72.45864253491163,75.56157652288675
dbpedia560k,or,731,56.21882155537605,59.274607338011265
dbpedia560k,or,914,70.11066190898418,73.18495772778988
dbpedia560k,or,218,73.77099245786667,76.82631257921457
dbpedia560k,or,459,52.5590730831027,55.62277510762215
dbpedia560k,or,176,74.13642015308142,77.17148400843143
dbpedia560k,or,781,84.38760414719582,87.47109677642584
dbpedia560k,or,167,76.72340143471956,79.77779023349285
dbpedia560k,or,691,66.0038786008954,69.09796502441168
dbpedia560k,or,669,68.37700493633747,71.44245319068432
dbpedia560k,or,225,61.24621722847223,64.32074587792158
dbpedia560k,or,453,51.56104452908039,54.61543332785368
dbpedia560k,or,969,56.213815696537495,59.299287386238575
dbpedia560k,or,698,64.39152639359236,65.68362005054951
dbpedia560k,or,734,75.82001853734255,78.88837717473507
dbpedia560k,or,978,56.474003940820694,59.55935921519995
dbpedia560k,or,8,65.39793685078621,68.46233736723661
dbpedia560k,or,456,67.10633169859648,70.1915705576539
dbpedia560k,or,499,58.88321902602911,62.5137472525239
dbpedia560k,or,595,64.33587986975908,67.381770350039
dbpedia560k,or,152,62.813516706228256,65.88944233953953
dbpedia560k,or,81,53.191324695944786,56.253280490636826
dbpedia560k,or,170,64.32656664401293,67.40167737007141
dbpedia560k,or,154,69.37386933714151,72.45293818414211
dbpedia560k,or,324,71.02813106030226,74.0966061130166
dbpedia560k,or,743,79.57417983561754,82.65033829957247
dbpedia560k,or,40,75.46786218881607,78.5475131124258
dbpedia560k,or,142,58.69590677320957,62.332022935152054
dbpedia560k,or,477,65.47244265675545,68.52811202406883
dbpedia560k,or,957,56.40462040901184,59.49358455836773
dbpedia560k,or,481,55.99367432296276,59.06843580305576
dbpedia560k,or,430,85.40228009223938,88.4567853063345
dbpedia560k,or,266,67.22635589540005,70.31136192381382
dbpedia560k,or,341,61.600119806826115,64.68023639172316
dbpedia560k,or,641,62.69861478358507,65.74380677193403
dbpedia560k,or,343,106.51419870555401,109.58907660096884
dbpedia560k,or,252,74.24969226121902,77.31490768492222
dbpedia560k,or,778,64.3726671114564,67.42740515619516
dbpedia560k,or,365,56.649092584848404,60.46053022146225
dbpedia560k,or,643,67.26151332259178,70.31543646007776
dbpedia560k,or,623,60.746329836547375,63.83575964719057
dbpedia560k,or,448,65.89805707335472,67.17490032315254
dbpedia560k,or,876,83.04452057927847,86.09460201114416
dbpedia560k,or,705,70.00507321208715,73.0432802811265
dbpedia560k,or,926,64.36742842197418,67.43217818439007
dbpedia560k,or,423,74.53490979969501,77.59011350572109
dbpedia560k,or,519,60.98696030676365,64.08058106899261
dbpedia560k,or,466,62.117818742990494,65.19630551338196
dbpedia560k,or,33,67.53695197403431,70.60193456709385
dbpedia560k,or,630,60.65645720809698,63.729588873684406
dbpedia560k,or,411,59.954472817480564,63.03831469267607
dbpedia560k,or,159,59.0768177062273,62.1273647993803
dbpedia560k,or,523,61.017461121082306,64.1124788671732
dbpedia560k,or,742,59.068319387733936,62.13353481143713
dbpedia560k,or,625,61.77183240652084,64.84589539468288
dbpedia560k,or,173,82.3544105514884,85.42696014046669
dbpedia560k,or,377,70.63581142574549,73.67541547864676
dbpedia560k,or,346,75.77287033200264,78.83715443313122
dbpedia560k,or,774,62.73784674704075,65.79281762242317
dbpedia560k,or,890,66.98048673570156,70.05478255450726
dbpedia560k,or,420,63.21026012301445,66.31994619965553
dbpedia560k,or,567,75.25284308940172,78.33715062588453
dbpedia560k,or,988,72.03291170299053,75.11698640882969
dbpedia560k,or,179,57.70241841673851,60.747028328478336
dbpedia560k,or,532,70.44128142297268,73.51534441113472
dbpedia560k,or,768,67.33601912856102,70.41019853204489
dbpedia560k,or,223,59.557962231338024,60.834456235170364
dbpedia560k,or,954,68.91658995300531,71.99263200163841
dbpedia560k,or,840,63.03528789430857,64.307008869946
dbpedia560k,or,141,64.12446964532137,67.15056952089071
dbpedia560k,or,228,52.9199605807662,56.01963493973017
dbpedia560k,or,388,76.75448432564735,79.80945520102978
dbpedia560k,or,699,70.09587716311216,73.16563278436661
dbpedia560k,or,812,60.85133645683527,63.9097997918725
dbpedia560k,or,966,61.22782360762358,64.28791675716639
dbpedia560k,or,39,67.66105070710182,70.71031723171473
dbpedia560k,or,337,66.92088209092617,69.99634206295013
dbpedia560k,or,679,72.71463982760906,75.79941302537918
dbpedia560k,or,681,62.61386442929506,65.70224650204182
dbpedia560k,or,715,62.553794123232365,65.62413182109594
dbpedia560k,or,445,68.64778697490692,71.72743789851665
dbpedia560k,or,835,67.51623004674911,70.59122435748577
dbpedia560k,or,562,70.11974230408669,73.19031283259392
dbpedia560k,or,153,74.6268779039383,77.70059164613485
dbpedia560k,or,794,64.32144436985254,67.3765316605568
dbpedia560k,or,946,69.30797826498747,72.36271630972624
dbpedia560k,or,51,64.5667314529419,67.61285476386547
dbpedia560k,or,46,87.3201061040163,90.41500743478537
dbpedia560k,or,275,67.61553231626749,70.70426363497972
dbpedia560k,or,94,70.34640293568373,73.44584446400404
dbpedia560k,or,864,85.62160655856133,88.70731107890606
dbpedia560k,or,826,79.46975529193878,82.54498243331909
dbpedia560k,or,323,69.9344091117382,73.02849553525448
dbpedia560k,or,965,70.26921957731247,73.35550617426634
dbpedia560k,or,120,84.05977860093117,87.14536670595407
dbpedia560k,or,86,74.86704271286726,77.97183934599161
dbpedia560k,or,354,66.53496529906988,69.61904000490904
dbpedia560k,or,301,67.13485345244408,70.20053453743458
dbpedia560k,or,622,69.72486153244972,72.83012382686138
dbpedia560k,or,804,59.89428609609604,62.998151406645775
dbpedia560k,or,564,67.16628558933735,70.26654202491045
dbpedia560k,or,245,66.4053950458765,69.45442873984575
dbpedia560k,or,318,63.85520100593567,66.95091724395752
dbpedia560k,or,421,66.88002031296492,69.94884461164474
dbpedia560k,or,673,73.01394362002611,76.10360626131296
dbpedia560k,or,234,75.90337190777063,78.97743489593267
dbpedia560k,or,58,60.19079592078924,63.285697251558304
dbpedia560k,or,913,62.703853473067284,65.76883606612682
dbpedia560k,or,19,87.10077963769436,90.19044227898121
dbpedia560k,or,90,75.07216650992632,78.14622949808836
dbpedia560k,or,610,67.07548163831234,70.14151196926832
dbpedia560k,or,221,73.3302440494299,76.38498209416866
dbpedia560k,or,729,54.322066716849804,57.39089101552963
dbpedia560k,or,516,60.254824347794056,63.320971094071865
dbpedia560k,or,851,67.19166412949562,70.2663091942668
dbpedia560k,or,143,76.83434523642063,79.92400787770748
dbpedia560k,or,455,54.40227687358856,57.428027503192425
dbpedia560k,or,345,60.19358988851309,63.27405571937561
dbpedia560k,or,996,60.27962081134319,63.34437057375908
dbpedia560k,or,745,81.3931692391634,84.47724394500256
dbpedia560k,or,930,76.0519178584218,79.14705201983452
dbpedia560k,or,726,68.58282722532749,71.66690193116665
dbpedia560k,or,838,54.490985348820686,57.555967941880226
dbpedia560k,or,261,68.31623613834381,71.94257341325283
dbpedia560k,or,52,70.65455429255962,73.72989784926176
dbpedia560k,or,49,80.54985664784908,83.6394028738141
dbpedia560k,or,685,66.28385744988918,69.35792043805122
dbpedia560k,or,276,71.6174254193902,74.66261740773916
dbpedia560k,or,886,92.49069262295961,95.57406883686781
dbpedia560k,or,807,78.18709127604961,81.26150351017714
dbpedia560k,or,243,59.33758802711964,62.43702955543995
dbpedia560k,or,226,61.33108399808407,64.37627598643303
dbpedia560k,or,285,73.44374898821115,76.52910426259041
dbpedia560k,or,98,64.81108721345663,67.88619793951511
dbpedia560k,or,260,100.12974962592125,103.19449938833714
dbpedia560k,or,867,64.25322499126196,67.33264308422804
dbpedia560k,or,866,66.31866563111544,69.39785089343786
dbpedia560k,or,126,55.74373062700033,58.789621107280254
dbpedia560k,or,708,64.8766290396452,67.96128582209349
dbpedia560k,or,566,80.9855991974473,84.03102401643991
dbpedia560k,or,892,82.91390258818865,86.01776789873838
dbpedia560k,or,606,53.78446076065302,56.8595714867115
dbpedia560k,or,895,60.32956298440695,63.41387052088976
dbpedia560k,or,135,75.6426015868783,78.7277240306139
dbpedia560k,or,146,63.81561979651451,66.89049769192934
dbpedia560k,or,434,60.10953802615404,63.159153796732426
dbpedia560k,or,870,79.42866068333387,82.49306119978428
dbpedia560k,or,760,64.84240293502808,67.88549944758415
dbpedia560k,or,937,64.27697371691465,67.31180474162102
dbpedia560k,or,85,91.02642070502043,94.10956408828497
dbpedia560k,or,971,61.20163016021252,64.27569314837456
dbpedia560k,or,792,55.947923101484776,59.02291741222143
dbpedia560k,or,235,98.4374200925231,101.50251910090446
dbpedia560k,or,925,54.368400014936924,57.4624864384532
dbpedia560k,or,810,55.264332331717014,58.328150771558285
dbpedia560k,or,64,52.86978557705879,55.96899427473545
dbpedia560k,or,672,60.83108019083738,63.89932241290808
dbpedia560k,or,960,68.6360290274024,71.68098818510771
dbpedia560k,or,952,77.34564132988453,78.61852645874023
dbpedia560k,or,6,67.51192267984152,70.57597395032644
dbpedia560k,or,517,56.73081614077091,58.02139639854431
dbpedia560k,or,95,59.92094520479441,62.92993202805519
dbpedia560k,or,824,57.15619772672653,60.23235619068146
dbpedia560k,or,972,62.82806862145662,65.88862743228674
dbpedia560k,or,184,53.74196916818619,56.83687049895525
dbpedia560k,or,334,62.662409618496895,65.7285563647747
dbpedia560k,or,67,61.071477830410004,64.15159441530704
dbpedia560k,or,418,83.99435319006443,87.128602899611
dbpedia560k,or,716,65.28850644826889,68.40145215392113
dbpedia560k,or,921,74.31604899466038,77.38580461591482
dbpedia560k,or,545,67.96745583415031,71.05688564479351
dbpedia560k,or,789,98.20226114243269,101.28668509423733
dbpedia560k,or,920,75.7731031626463,78.86765524744987
dbpedia560k,or,113,71.45223207771778,74.52745921909809
dbpedia560k,or,97,66.79561920464039,69.8708463460207
dbpedia560k,or,463,88.63816037774086,91.71734564006329
dbpedia560k,or,677,97.89620526134968,99.18259456753731
dbpedia560k,or,554,56.52499385178089,60.30092481523752
dbpedia560k,or,92,65.02761971205473,68.10203194618225
dbpedia560k,or,769,66.75033364444971,69.82649210840464
dbpedia560k,or,241,64.04041778296232,67.160464823246
dbpedia560k,or,901,58.774370700120926,61.83830555528402
dbpedia560k,or,207,75.19545033574104,78.26578803360462
dbpedia560k,or,506,59.945741668343544,62.9995483905077
dbpedia560k,or,502,53.64208482205868,56.70695099979639
dbpedia560k,or,22,59.14154462516308,62.21607327461243
dbpedia560k,or,777,66.53391756117344,69.60856262594461
dbpedia560k,or,941,63.060084357857704,64.34263195842505
dbpedia560k,or,568,52.83975042402744,55.91893568634987
dbpedia560k,or,539,62.47905548661947,65.53309503942728
dbpedia560k,or,536,66.69980939477682,69.76944860070944
dbpedia560k,or,905,56.95049185305834,60.005695559084415
dbpedia560k,or,389,72.4118435755372,75.54690819233656
dbpedia560k,or,42,60.170539654791355,61.43818609416485
dbpedia560k,or,96,75.88253356516361,78.98709736764431
dbpedia560k,or,553,75.64236875623465,78.72749119997025
dbpedia560k,or,319,59.20382682234049,62.28929851204157
dbpedia560k,or,279,97.93660137802362,99.21297896653414
dbpedia560k,or,801,70.78202906996012,73.86703509837389
dbpedia560k,or,121,69.72975097596645,72.80486170202494
dbpedia560k,or,189,59.55889355391264,62.65833508223295
dbpedia560k,or,628,66.67128764092922,69.73592098802328
dbpedia560k,or,482,79.71981540322304,82.79900066554546
dbpedia560k,or,310,62.69931327551603,65.79351611435413
dbpedia560k,or,711,65.51307160407305,68.60797293484211
dbpedia560k,or,338,82.60959293693304,85.71415673941374
dbpedia560k,or,951,72.9378079995513,75.99382661283016
dbpedia560k,or,735,72.07796443253756,73.38018622249365
dbpedia560k,or,350,52.92543210089207,56.0093903914094
dbpedia560k,or,412,74.40487388521433,77.4898799136281
dbpedia560k,or,780,75.69871377199888,78.80257908254862
dbpedia560k,or,271,98.1469638645649,101.24128311872482
dbpedia560k,or,259,70.05827501416206,73.13396781682968
dbpedia560k,or,406,67.81693082302809,70.92638406902552
dbpedia560k,or,749,80.91505151242018,82.20260497182608
dbpedia560k,or,380,61.20558828115463,64.32132795453072
dbpedia560k,or,128,62.85449489951134,65.98769687116146
dbpedia560k,or,140,65.58396853506565,66.86593405902386
dbpedia560k,or,638,64.30188659578562,67.41704419255257
dbpedia560k,or,168,64.8018904030323,67.91017949581146
dbpedia560k,or,122,66.1694211885333,67.43194535374641
dbpedia560k,or,994,71.37702777981758,74.42163769155741
dbpedia560k,or,224,60.48602517694235,63.581508584320545
dbpedia560k,or,893,63.431099988520145,66.51587318629026
dbpedia560k,or,548,80.86627349257469,83.96105840802193
dbpedia560k,or,633,61.23073399066925,64.32388909161091
dbpedia560k,or,298,107.02898725867271,110.15520431101322
dbpedia560k,or,600,61.623635701835155,62.905484810471535
dbpedia560k,or,805,68.5724662616849,71.69647142291069
dbpedia560k,or,894,68.74080281704664,71.83500565588474
dbpedia560k,or,688,100.10076221078634,103.22581510990858
dbpedia560k,or,858,62.08301056176424,65.17732981592417
dbpedia560k,or,93,76.07345469295979,79.19198833405972
dbpedia560k,or,447,55.55362440645695,58.6584210395813
dbpedia560k,or,416,58.74258931726217,61.83795630931854
dbpedia560k,or,510,65.79502951353788,68.90995427966118
dbpedia560k,or,257,64.72994573414326,67.80482362955809
dbpedia560k,or,293,73.14910180866718,76.2580893933773
dbpedia560k,or,424,58.72827023267746,61.83679215610027
dbpedia560k,or,624,61.892555095255375,63.13459016382694
dbpedia560k,or,609,93.4903509914875,96.59596253186464
dbpedia560k,or,250,66.90993905067444,70.02439815551043
dbpedia560k,or,395,76.84133015573025,79.96964268386364
dbpedia560k,or,955,61.733415350317955,63.015613704919815
dbpedia560k,or,813,70.03068458288908,73.09566717594862
dbpedia560k,or,515,59.01919212192297,62.082777731120586
dbpedia560k,or,770,80.2923459559679,83.36093742400408
dbpedia560k,or,171,68.69831122457981,71.76201324909925
dbpedia560k,or,186,79.60491348057985,82.67431985586882
dbpedia560k,or,897,68.64476017653942,71.70741446316242
dbpedia560k,or,985,64.41120058298111,67.47606676071882
dbpedia560k,or,24,73.92046973109245,76.96531247347593
dbpedia560k,or,520,75.62281098216772,78.68779357522726
dbpedia560k,or,102,66.8064458295703,69.86013613641262
dbpedia560k,or,148,60.144695453345776,63.2299343124032
dbpedia560k,or,947,79.529476352036,82.59282913058996
dbpedia560k,or,347,64.95090201497078,68.05593147873878
dbpedia560k,equal,741,44.37798634171486,48.2040923088789
dbpedia560k,equal,932,44.52711436897516,48.162066377699375
dbpedia560k,equal,849,44.56739407032728,48.20316098630428
dbpedia560k,equal,142,44.56355236470699,48.19408059120178
dbpedia560k,equal,531,46.93504888564348,48.15240390598774
dbpedia560k,equal,76,46.8413345515728,48.10350947082043
dbpedia560k,equal,467,46.75018135458231,48.033311031758785
dbpedia560k,equal,133,44.536544010043144,48.18243905901909
dbpedia560k,equal,923,44.43235229700804,48.05286880582571
dbpedia560k,equal,417,46.960427425801754,48.21701440960169
dbpedia560k,equal,550,46.8158395960927,48.04693162441254
dbpedia560k,equal,674,44.70651037991047,48.332614824175835
dbpedia560k,equal,716,44.65342499315739,48.27277734875679
dbpedia560k,equal,243,44.78613846004009,48.597343266010284
dbpedia560k,equal,264,47.65181802213192,48.878719098865986
dbpedia560k,equal,683,47.072069719433784,48.324232921004295
dbpedia560k,equal,434,44.50813867151737,48.318179324269295
dbpedia560k,equal,578,44.79219205677509,48.42202179133892
dbpedia560k,equal,745,44.60685886442661,48.25182259082794
dbpedia560k,equal,646,44.69812847673893,48.31422120332718
dbpedia560k,equal,463,44.54667214304209,48.37254527956247
dbpedia560k,equal,626,44.39125768840313,48.196292482316494
dbpedia560k,equal,915,45.058783143758774,48.1621827930212
dbpedia560k,equal,240,44.47263199836016,48.278714530169964
dbpedia560k,equal,314,44.3760072812438,48.01596514880657
dbpedia560k,equal,507,44.406973756849766,48.20316098630428
dbpedia560k,equal,831,44.35819573700428,48.00339229404926
dbpedia560k,equal,588,46.87486216425896,48.12644328922033
dbpedia560k,equal,754,44.276705011725426,48.096757382154465
dbpedia560k,equal,946,46.956934966146946,48.27394150197506
dbpedia560k,equal,761,46.8110665678978,48.132496885955334
dbpedia560k,equal,200,47.42736928164959,48.68931137025356
dbpedia560k,equal,448,44.461688958108425,48.08662924915552
dbpedia560k,equal,481,44.626882299780846,48.26206713914871
dbpedia560k,equal,363,44.457498006522655,48.07254299521446
dbpedia560k,equal,781,46.84028681367636,48.15228749066591
dbpedia560k,equal,456,46.79046105593443,48.023415729403496
dbpedia560k,equal,935,47.54576366394758,48.776972107589245
dbpedia560k,equal,364,44.37717143446207,48.178015276789665
dbpedia560k,equal,288,46.901521272957325,48.152171075344086
dbpedia560k,equal,283,46.86636384576559,48.13831765204668
dbpedia560k,equal,207,46.94529343396425,48.2028117403388
dbpedia560k,equal,212,44.508371502161026,48.113404773175716
dbpedia560k,equal,509,46.96939140558243,48.27242810279131
dbpedia560k,equal,539,44.452608563005924,44.76262256503105
dbpedia560k,equal,642,46.99709825217724,48.25915675610304
dbpedia560k,equal,41,44.47565879672766,48.07300865650177
dbpedia560k,equal,6,44.51232962310314,48.34262654185295
dbpedia560k,equal,374,46.85425665229559,48.1064198538661
dbpedia560k,equal,11,44.49149128049612,48.29629324376583
dbpedia560k,equal,880,44.51209679245949,48.298039473593235
dbpedia560k,equal,621,44.50138658285141,48.15193824470043
dbpedia560k,equal,79,44.49149128049612,48.137386329472065
dbpedia560k,equal,348,46.93435039371252,48.1725437566638
dbpedia560k,equal,922,46.850647777318954,48.15252032130957
dbpedia560k,equal,205,44.525484554469585,48.141577281057835
dbpedia560k,equal,498,44.42152567207813,48.187561333179474
dbpedia560k,equal,721,46.84657324105501,48.10804966837168
dbpedia560k,equal,764,44.42245699465275,48.027257435023785
dbpedia560k,equal,22,47.602574340999126,48.82470238953829
dbpedia560k,equal,416,44.8466744273901,48.62295463681221
dbpedia560k,equal,496,47.33062814921141,48.5831405967474
dbpedia560k,equal,391,44.76995673030615,48.54693543165922
dbpedia560k,equal,771,44.956919737160206,48.59303589910269
dbpedia560k,equal,853,48.04192576557398,49.28500857204199
dbpedia560k,equal,313,45.067048631608486,48.693036660552025
dbpedia560k,equal,776,47.19954449683428,48.52120764553547
dbpedia560k,equal,222,47.34599497169256,48.618181608617306
dbpedia560k,equal,680,47.21991717815399,48.48255775868893
dbpedia560k,equal,615,44.98683847486973,48.781861551105976
dbpedia560k,equal,195,44.937944039702415,46.07858136296272
dbpedia560k,equal,558,44.837361201643944,48.633781261742115
dbpedia560k,equal,327,47.33470268547535,48.596994020044804
dbpedia560k,equal,703,44.93887536227703,48.54809958487749
dbpedia560k,equal,335,44.84201781451702,48.42784255743027
dbpedia560k,equal,692,44.95703615248203,48.57254680246115
dbpedia560k,equal,34,47.31595981866121,48.53785503655672
dbpedia560k,equal,323,44.99207716435194,48.75811282545328
dbpedia560k,equal,888,44.86856050789356,48.46311639994383
dbpedia560k,equal,637,47.262758016586304,48.51468838751316
dbpedia560k,equal,480,44.84294913709164,48.43808710575104
dbpedia560k,equal,65,47.31107037514448,48.591638915240765
dbpedia560k,equal,620,45.29941361397505,48.39419852942228
dbpedia560k,equal,616,44.921995140612125,48.538087867200375
dbpedia560k,equal,208,44.807326048612595,48.42248745262623
dbpedia560k,equal,117,44.89289131015539,48.50781988352537
dbpedia560k,equal,382,47.926558181643486,49.16952457278967
dbpedia560k,equal,793,44.96285691857338,48.57254680246115
dbpedia560k,equal,862,47.24040627479553,48.55298902839422
dbpedia560k,equal,50,47.255889512598515,48.51806443184614
dbpedia560k,equal,326,44.75214518606663,48.54821600019932
dbpedia560k,equal,175,44.87857222557068,48.49350079894066
dbpedia560k,equal,449,44.817919842898846,48.62213972955942
dbpedia560k,equal,605,47.982786782085896,49.234251491725445
dbpedia560k,equal,184,44.75214518606663,48.397923819720745
dbpedia560k,equal,5,45.00849172472954,48.61410707235336
dbpedia560k,equal,956,44.82164513319731,48.61317574977875
dbpedia560k,equal,678,44.915941543877125,48.71306009590626
dbpedia560k,equal,733,44.7204802185297,48.51748235523701
dbpedia560k,equal,349,48.04786294698715,49.33495074510574
dbpedia560k,equal,600,44.4015022367239,48.06136712431908
dbpedia560k,equal,475,46.80489655584097,48.07801451534033
dbpedia560k,equal,62,44.43712532520294,44.72816362977028
dbpedia560k,equal,563,46.965316869318485,48.21736365556717
dbpedia560k,equal,485,44.3474855273962,48.151821829378605
dbpedia560k,equal,334,46.89453635364771,48.118061386048794
dbpedia560k,equal,784,46.74610681831837,48.02807234227657
dbpedia560k,equal,970,44.486019760370255,48.091402277350426
dbpedia560k,equal,490,46.811182983219624,48.11224061995745
dbpedia560k,equal,276,46.84447776526213,48.085697926580906
dbpedia560k,equal,846,44.40185148268938,44.66634709388018
dbpedia560k,equal,927,47.606066800653934,48.82703069597483
dbpedia560k,equal,659,44.433167204260826,48.0415765196085
dbpedia560k,equal,144,44.50755659490824,48.121786676347256
dbpedia560k,equal,798,44.36227027326822,48.17813169211149
dbpedia560k,equal,690,46.865432523190975,48.12702536582947
dbpedia560k,equal,921,44.35633309185505,48.13272971659899
dbpedia560k,equal,943,46.91130015999079,48.163230530917645
dbpedia560k,equal,125,44.980901293456554,48.06043580174446
dbpedia560k,equal,684,46.971370466053486,48.26777148991823
dbpedia560k,equal,865,46.79546691477299,48.05752541869879
dbpedia560k,equal,611,44.516054913401604,48.3125913888216
dbpedia560k,equal,209,44.53817382454872,48.137735575437546
dbpedia560k,equal,29,46.94575909525156,48.21328911930323
dbpedia560k,equal,3,44.511049054563046,48.11212420463562
dbpedia560k,equal,156,44.620479457080364,48.39245229959488
dbpedia560k,equal,152,46.87637556344271,48.138550482690334
dbpedia560k,equal,549,44.50627602636814,48.29326644539833
dbpedia560k,equal,816,47.5454144179821,48.81585482507944
dbpedia560k,equal,993,47.69675433635712,48.978603444993496
dbpedia560k,equal,197,46.84121813625097,48.112706281244755
dbpedia560k,equal,670,44.526997953653336,48.16194996237755
dbpedia560k,equal,829,46.9001242890954,48.15659485757351
dbpedia560k,equal,109,46.86904139816761,48.12655970454216
dbpedia560k,equal,55,46.72084469348192,47.96276334673166
dbpedia560k,equal,672,44.57100294530392,48.186397179961205
dbpedia560k,equal,203,44.40522752702236,48.04122727364302
dbpedia560k,equal,107,44.45156082510948,48.087676987051964
dbpedia560k,equal,542,44.30057015269995,48.10083191841841
dbpedia560k,equal,723,44.423388317227364,48.2386676594615
dbpedia560k,equal,409,46.82049620896578,48.07265941053629
dbpedia560k,equal,254,45.077758841216564,48.20316098630428
dbpedia560k,equal,894,46.74983210861683,48.01631439477205
dbpedia560k,equal,928,44.62245851755142,48.438552767038345
dbpedia560k,equal,713,44.4226898252964,48.23855124413967
dbpedia560k,equal,469,46.87241744250059,48.135523684322834
dbpedia560k,equal,590,46.78999539464712,48.09151869267225
dbpedia560k,equal,446,44.46215461939573,44.77100446820259
dbpedia560k,equal,359,44.47705578058958,48.10141399502754
dbpedia560k,equal,575,46.88650369644165,48.13808482140303
dbpedia560k,equal,910,44.35132723301649,48.13761916011572
dbpedia560k,equal,295,44.39591430127621,48.20292815566063
dbpedia560k,equal,136,44.466229155659676,48.071262426674366
dbpedia560k,equal,955,44.41605415195227,48.04565105587244
dbpedia560k,equal,1,47.44587931782007,48.703281208872795
dbpedia560k,equal,536,44.4615725427866,48.25263749808073
dbpedia560k,equal,972,44.34725269675255,45.49277946352959
dbpedia560k,equal,477,46.860543079674244,48.12248516827822
dbpedia560k,equal,808,44.508371502161026,48.11177495867014
dbpedia560k,equal,792,44.486369006335735,48.08139055967331
dbpedia560k,equal,586,46.78056575357914,48.02248440682888
dbpedia560k,equal,210,47.6188724860549,48.87208342552185
dbpedia560k,equal,146,44.4961478933692,48.08628000319004
dbpedia560k,equal,885,47.525856643915176,48.757996410131454
dbpedia560k,equal,147,47.44646139442921,48.704096116125584
dbpedia560k,equal,893,44.516054913401604,48.312125727534294
dbpedia560k,equal,38,44.40604243427515,48.16299770027399
dbpedia560k,equal,187,44.61687058210373,48.21282345801592
dbpedia560k,equal,426,44.350745156407356,48.12271799892187
dbpedia560k,equal,310,44.436659663915634,48.241810873150826
dbpedia560k,equal,639,44.477637857198715,48.07265941053629
dbpedia560k,equal,365,44.63572986423969,44.926186092197895
dbpedia560k,equal,515,44.43153738975525,48.008630983531475
dbpedia560k,equal,7,47.617824748158455,48.873480409383774
dbpedia560k,equal,560,44.3760072812438,48.16299770027399
dbpedia560k,equal,312,44.420943595469,48.18697925657034
dbpedia560k,equal,12,46.77986726164818,48.002228140830994
dbpedia560k,equal,693,44.44713704288006,48.212241381406784
dbpedia560k,equal,241,46.729808673262596,48.026442527770996
dbpedia560k,equal,655,44.51291169971228,48.13179839402437
dbpedia560k,equal,358,46.67963366955519,47.94122651219368
dbpedia560k,equal,738,47.536916099488735,48.80025517195463
dbpedia560k,equal,962,44.40254997462034,48.00758324563503
dbpedia560k,equal,729,44.56029273569584,48.14134445041418
dbpedia560k,equal,840,44.30615808814764,47.875684686005116
dbpedia560k,equal,686,44.46180537343025,48.22690971195698
dbpedia560k,equal,206,44.652028009295464,44.96332257986069
dbpedia560k,equal,938,47.02480509877205,48.33668936043978
dbpedia560k,equal,86,44.59114279597998,48.36590960621834
dbpedia560k,equal,901,46.97602707892656,48.2870964333415
dbpedia560k,equal,412,47.0159575343132,48.2823234051466
dbpedia560k,equal,907,47.10676148533821,48.35892468690872
dbpedia560k,equal,108,47.02410660684109,48.326561227440834
dbpedia560k,equal,638,47.86648787558079,49.13308657705784
dbpedia560k,equal,421,47.08103369921446,48.31200931221247
dbpedia560k,equal,160,46.93621303886175,48.222485929727554
dbpedia560k,equal,53,44.47717219591141,48.253219574689865
dbpedia560k,equal,561,46.96904215961695,48.23110066354275
dbpedia560k,equal,535,47.62108437716961,48.85264206677675
dbpedia560k,equal,238,46.882894821465015,48.14472049474716
dbpedia560k,equal,502,46.73993680626154,47.99210000783205
dbpedia560k,equal,157,44.618151150643826,48.25415089726448
dbpedia560k,equal,952,46.82084545493126,48.076268285512924
dbpedia560k,equal,795,44.64597441256046,48.29559475183487
dbpedia560k,equal,859,44.42199133336544,48.1980387121439
dbpedia560k,equal,17,47.63784818351269,48.889778554439545
dbpedia560k,equal,548,44.4767065346241,44.77775655686855
dbpedia560k,equal,964,44.5609912276268,48.34798164665699
dbpedia560k,equal,519,44.467742554843426,48.06381184607744
dbpedia560k,equal,395,44.513377360999584,48.30851685255766
dbpedia560k,equal,752,44.43712532520294,48.25100768357515
dbpedia560k,equal,444,44.5579644292593,48.213754780590534
dbpedia560k,equal,143,46.859378926455975,48.10758400708437
dbpedia560k,equal,459,44.61524076759815,48.39699249714613
dbpedia560k,equal,929,46.83074075728655,48.08779340237379
dbpedia560k,equal,418,47.61607851833105,48.88733383268118
dbpedia560k,equal,141,44.36844028532505,48.15356805920601
dbpedia560k,equal,647,44.69160921871662,45.83364352583885
dbpedia560k,equal,622,44.40743941813707,48.182555474340916
dbpedia560k,equal,339,46.955421566963196,48.222835175693035
dbpedia560k,equal,281,46.79604899138212,48.05659409612417
dbpedia560k,equal,991,44.626533053815365,48.4314514324069
dbpedia560k,equal,47,44.50255073606968,45.64423579722643
dbpedia560k,equal,491,47.022243961691856,48.30281250178814
dbpedia560k,equal,361,46.82689905166626,48.122601583600044
dbpedia560k,equal,996,44.750748202204704,48.551708459854126
dbpedia560k,equal,91,44.993008486926556,48.082671128213406
dbpedia560k,equal,213,44.55447196960449,48.14146086573601
dbpedia560k,equal,730,44.511863961815834,45.652035623788834
dbpedia560k,equal,370,46.95903044193983,48.21538459509611
dbpedia560k,equal,266,44.58799958229065,48.18197339773178
dbpedia560k,equal,505,44.582877308130264,48.186397179961205
dbpedia560k,equal,56,44.420943595469,48.21096081286669
dbpedia560k,equal,423,44.55645103007555,48.32784179598093
dbpedia560k,equal,643,44.51698623597622,48.33238199353218
dbpedia560k,equal,980,44.59824413061142,45.74516788125038
dbpedia560k,equal,651,46.92177753895521,48.137735575437546
dbpedia560k,equal,919,47.05216269940138,48.297690227627754
dbpedia560k,equal,499,47.17032425105572,48.46218507736921
dbpedia560k,equal,30,47.21095319837332,48.48279058933258
dbpedia560k,equal,362,47.0851082354784,48.35776053369045
dbpedia560k,equal,436,44.91768777370453,48.68372343480587
dbpedia560k,equal,340,44.90430001169443,48.513058573007584
dbpedia560k,equal,271,44.557382352650166,48.33785351365805
dbpedia560k,equal,319,44.462038204073906,48.081972636282444
dbpedia560k,equal,873,46.92596849054098,48.25193900614977
dbpedia560k,equal,42,47.62283060699701,48.91399294137955
dbpedia560k,equal,170,44.63060759007931,48.38756285607815
dbpedia560k,equal,897,44.46809180080891,48.063695430755615
dbpedia560k,equal,59,46.98557313531637,48.26707299798727
dbpedia560k,equal,155,44.49719563126564,48.28302189707756
dbpedia560k,equal,623,44.60546188056469,45.76693754643202
dbpedia560k,equal,997,46.79348785430193,48.03074989467859
dbpedia560k,equal,594,46.85507155954838,48.14786370843649
dbpedia560k,equal,258,44.59742922335863,48.17603621631861
dbpedia560k,equal,619,44.61279604583979,44.92397420108318
dbpedia560k,equal,763,44.576358050107956,45.708147808909416
dbpedia560k,equal,260,44.67309918254614,48.26148506253958
dbpedia560k,equal,624,44.63270306587219,48.39850589632988
dbpedia560k,equal,159,47.121429815888405,48.441928811371326
dbpedia560k,equal,328,47.72783722728491,48.9894300699234
dbpedia560k,equal,497,44.63689401745796,48.26206713914871
dbpedia560k,equal,714,44.65295933187008,48.272544518113136
dbpedia560k,equal,633,47.656940296292305,48.91841672360897
dbpedia560k,equal,743,46.81467544287443,48.067537136375904
dbpedia560k,equal,872,44.60057243704796,48.22597838938236
dbpedia560k,equal,984,44.538755901157856,48.122950829565525
dbpedia560k,equal,756,47.029461711645126,48.29245153814554
dbpedia560k,equal,20,46.946341171860695,48.228190280497074
dbpedia560k,equal,161,46.965666115283966,48.263114877045155
dbpedia560k,equal,229,44.54771988093853,48.1215538457036
dbpedia560k,equal,336,44.60231866687536,48.26742224395275
dbpedia560k,equal,930,46.84063605964184,48.12213592231274
dbpedia560k,equal,468,46.949367970228195,48.20607136934996
dbpedia560k,equal,625,44.46716047823429,48.22295159101486
dbpedia560k,equal,121,46.96438554674387,48.23075141757727
dbpedia560k,equal,274,44.566928409039974,48.162066377699375
dbpedia560k,equal,58,44.52711436897516,48.117595724761486
dbpedia560k,equal,216,46.934583224356174,48.1876777485013
dbpedia560k,equal,887,46.84587474912405,48.122950829565525
dbpedia560k,equal,512,44.5385230705142,48.13261330127716
dbpedia560k,equal,10,44.436194002628326,48.223184421658516
dbpedia560k,equal,180,44.60685886442661,48.18732850253582
dbpedia560k,equal,582,44.54725421965122,48.32260310649872
dbpedia560k,equal,613,44.4360775873065,48.19710738956928
dbpedia560k,equal,95,44.66553218662739,45.808497816324234
dbpedia560k,equal,640,46.850298531353474,48.071728087961674
dbpedia560k,equal,378,44.63398363441229,48.399087972939014
dbpedia560k,equal,742,46.88999615609646,48.13750274479389
dbpedia560k,equal,652,44.62781362235546,48.267305828630924
dbpedia560k,equal,796,44.506508857011795,45.64726259559393
dbpedia560k,equal,751,44.66634709388018,48.271496780216694
dbpedia560k,equal,988,46.89057823270559,48.19268360733986
dbpedia560k,equal,950,44.630724005401134,48.39769098907709
dbpedia560k,equal,817,46.900706365704536,48.108166083693504
dbpedia560k,equal,97,44.63666118681431,45.784167014062405
dbpedia560k,equal,80,47.632260248064995,48.9142257720232
dbpedia560k,equal,584,44.62734796106815,45.76880019158125
dbpedia560k,equal,801,44.603715650737286,48.37883170694113
dbpedia560k,equal,429,46.97544500231743,48.26253280043602
dbpedia560k,equal,178,44.5069745182991,48.29303361475468
dbpedia560k,equal,270,44.62141077965498,48.42202179133892
dbpedia560k,equal,129,46.90024070441723,48.14215935766697
dbpedia560k,equal,432,46.99022974818945,48.27312659472227
dbpedia560k,equal,522,44.59265619516373,48.209214583039284
dbpedia560k,equal,827,47.05216269940138,48.294197767972946
dbpedia560k,equal,201,44.64329686015844,48.256595619022846
dbpedia560k,equal,965,44.61151547729969,48.187561333179474
dbpedia560k,equal,601,44.492422603070736,48.28826058655977
dbpedia560k,equal,131,47.01141733676195,48.28348755836487
dbpedia560k,equal,939,46.88568878918886,48.16800355911255
dbpedia560k,equal,492,44.54632289707661,48.321555368602276
dbpedia560k,equal,985,44.51768472790718,48.11328835785389
dbpedia560k,equal,431,47.02445585280657,48.287445679306984
dbpedia560k,equal,331,46.990346163511276,48.242975026369095
dbpedia560k,equal,31,44.616986997425556,48.431684263050556
dbpedia560k,equal,26,44.49218977242708,48.128305934369564
dbpedia560k,equal,269,44.61640492081642,48.22202026844025
dbpedia560k,equal,851,47.55042027682066,48.80840424448252
dbpedia560k,equal,747,46.965316869318485,48.207235522568226
dbpedia560k,equal,774,44.417218305170536,48.19233436137438
dbpedia560k,equal,462,44.580898247659206,48.3769690617919
dbpedia560k,equal,77,46.874163672327995,48.11817780137062
dbpedia560k,equal,294,44.49160769581795,48.287445679306984
dbpedia560k,equal,352,46.82200960814953,48.07859659194946
dbpedia560k,equal,940,47.75088746100664,48.99175837635994
dbpedia560k,equal,976,47.61572927236557,48.83867222815752
dbpedia560k,equal,870,44.484855607151985,48.28046075999737
dbpedia560k,equal,700,44.467044062912464,48.22760820388794
dbpedia560k,equal,746,46.93889059126377,48.19082096219063
dbpedia560k,equal,517,44.55691669136286,48.16194996237755
dbpedia560k,equal,118,44.57542672753334,48.372428864240646
dbpedia560k,equal,974,46.969857066869736,48.22004120796919
dbpedia560k,equal,494,44.5821788161993,48.36765583604574
dbpedia560k,equal,88,44.44632213562727,48.22213668376207
dbpedia560k,equal,316,44.677406549453735,48.302579671144485
dbpedia560k,equal,669,46.860543079674244,48.113404773175716
dbpedia560k,equal,256,44.68858242034912,48.321555368602276
dbpedia560k,equal,759,44.48811523616314,48.258574679493904
dbpedia560k,equal,153,44.64422818273306,48.42027556151152
dbpedia560k,equal,911,46.83423321694136,48.100599087774754
dbpedia560k,equal,671,44.59300544112921,48.3890762552619
dbpedia560k,equal,830,46.81060090661049,48.081506974995136
dbpedia560k,equal,4,44.441199861466885,48.24309144169092
dbpedia560k,equal,474,46.859728172421455,48.122601583600044
dbpedia560k,equal,301,44.546788558363914,48.170797526836395
dbpedia560k,equal,841,47.53586836159229,48.80782216787338
dbpedia560k,equal,617,46.905362978577614,48.177316784858704
dbpedia560k,equal,167,44.42199133336544,48.01806062459946
dbpedia560k,equal,698,44.57647446542978,48.36136940866709
dbpedia560k,equal,618,46.88906483352184,48.10653626918793
dbpedia560k,equal,804,44.627697207033634,48.23796916753054
dbpedia560k,equal,679,47.58220165967941,48.85345697402954
dbpedia560k,equal,768,44.62094511836767,48.23587369173765
dbpedia560k,equal,604,44.476473703980446,48.080459237098694
dbpedia560k,equal,411,47.6716086268425,48.93261939287186
dbpedia560k,equal,93,47.513050958514214,48.789079301059246
dbpedia560k,equal,837,44.55598536878824,48.367888666689396
dbpedia560k,equal,427,46.74529191106558,48.01596514880657
dbpedia560k,equal,483,46.97602707892656,48.277550376951694
dbpedia560k,equal,835,44.44050136953592,48.02749026566744
dbpedia560k,equal,386,44.78311166167259,48.368703573942184
dbpedia560k,equal,513,44.50336564332247,48.27836528420448
dbpedia560k,equal,838,46.89500201493502,48.13692066818476
dbpedia560k,equal,68,44.47787068784237,48.25228825211525
dbpedia560k,equal,415,44.60709169507027,48.38267341256142
dbpedia560k,equal,524,44.516054913401604,48.102112486958504
dbpedia560k,equal,249,46.92608490586281,48.1980387121439
dbpedia560k,equal,15,44.95680332183838,48.03645424544811
dbpedia560k,equal,504,44.62606739252806,48.22213668376207
dbpedia560k,equal,127,47.521782107651234,48.77324681729078
dbpedia560k,equal,223,44.67659164220095,48.278016038239
dbpedia560k,equal,789,44.47100218385458,48.242625780403614
dbpedia560k,equal,307,44.4978941231966,48.287794925272465
dbpedia560k,equal,568,46.898378059268,48.18243905901909
dbpedia560k,equal,44,47.08126652985811,48.353918828070164
dbpedia560k,equal,174,47.603040002286434,48.85427188128233
dbpedia560k,equal,182,44.672866351902485,48.44798240810633
dbpedia560k,equal,442,44.555868953466415,48.33133425563574
dbpedia560k,equal,949,46.89139313995838,48.173475079238415
dbpedia560k,equal,252,44.531188905239105,45.66879943013191
dbpedia560k,equal,158,45.22642120718956,48.3216717839241
dbpedia560k,equal,580,44.57775503396988,48.18243905901909
dbpedia560k,equal,324,46.96007817983627,48.23179915547371
dbpedia560k,equal,854,46.9061778858304,48.2071191072464
dbpedia560k,equal,342,46.97567783296108,48.19768946617842
dbpedia560k,equal,219,46.84086889028549,48.10292739421129
dbpedia560k,equal,778,44.642132706940174,45.7988353446126
dbpedia560k,equal,564,44.47170067578554,48.07731602340937
dbpedia560k,equal,455,46.95006646215916,48.19268360733986
dbpedia560k,equal,845,44.3669268861413,48.14297426491976
dbpedia560k,equal,218,44.59207411855459,44.903019443154335
dbpedia560k,equal,461,46.906061470508575,48.17708395421505
dbpedia560k,equal,196,44.62245851755142,48.41736517846584
dbpedia560k,equal,21,44.54655572772026,45.669497922062874
dbpedia560k,equal,842,46.995701268315315,48.247864469885826
dbpedia560k,equal,13,44.58311013877392,48.36823791265488
dbpedia560k,equal,438,46.905362978577614,48.19827154278755
dbpedia560k,equal,188,44.476473703980446,48.272544518113136
dbpedia560k,equal,166,44.55656744539738,48.35263825953007
dbpedia560k,equal,37,47.54215478897095,48.820278607308865
dbpedia560k,equal,45,44.73351873457432,48.31841215491295
dbpedia560k,equal,204,44.44504156708717,48.08185622096062
dbpedia560k,equal,547,47.57614806294441,48.85299131274223
dbpedia560k,equal,297,46.80536221712828,48.04250784218311
dbpedia560k,equal,648,47.67230711877346,48.9924568682909
dbpedia560k,equal,280,46.751461923122406,48.06346260011196
dbpedia560k,equal,874,46.869623474776745,48.11061080545187
dbpedia560k,equal,410,44.42816134542227,48.22760820388794
dbpedia560k,equal,657,46.90466448664665,48.17661829292774
dbpedia560k,equal,847,46.90943751484156,48.23110066354275
dbpedia560k,equal,966,44.55691669136286,48.342859372496605
dbpedia560k,equal,354,46.76042590290308,48.02132025361061
dbpedia560k,equal,635,44.60685886442661,48.22039045393467
dbpedia560k,equal,116,44.53829023987055,48.14367275685072
dbpedia560k,equal,103,44.6271151304245,48.223999328911304
dbpedia560k,equal,709,44.59335468709469,48.218294978141785
dbpedia560k,equal,735,44.56285387277603,48.16788714379072
dbpedia560k,equal,731,44.585089199244976,48.220972530543804
dbpedia560k,equal,36,44.67298276722431,48.298039473593235
dbpedia560k,equal,420,46.93539813160896,48.17848093807697
dbpedia560k,equal,350,44.63596269488335,45.77788058668375
dbpedia560k,equal,675,46.90466448664665,48.15659485757351
dbpedia560k,equal,772,44.560409151017666,48.36590960621834
dbpedia560k,equal,0,44.487882405519485,48.09186793863773
dbpedia560k,equal,194,47.02084697782993,48.283953219652176
dbpedia560k,equal,677,46.85623571276665,48.11782855540514
dbpedia560k,equal,303,46.92724905908108,48.18360321223736
dbpedia560k,equal,440,46.830857172608376,48.093381337821484
dbpedia560k,equal,691,46.964152716100216,48.25822543352842
dbpedia560k,equal,982,46.764034777879715,48.01538307219744
dbpedia560k,equal,138,44.51745189726353,48.28802775591612
dbpedia560k,equal,711,45.01605872064829,48.09512756764889
dbpedia560k,equal,720,44.65784877538681,48.30304533243179
dbpedia560k,equal,318,44.45307422429323,48.04367199540138
dbpedia560k,equal,215,44.541084207594395,48.327259719371796
dbpedia560k,equal,722,46.88906483352184,48.0221351608634
dbpedia560k,equal,739,44.5506302639842,48.127840273082256
dbpedia560k,equal,343,46.749948523938656,48.006302677094936
dbpedia560k,equal,353,44.57100294530392,48.15706051886082
dbpedia560k,equal,399,46.798959374427795,48.050656914711
dbpedia560k,equal,90,46.92061338573694,48.24134521186352
dbpedia560k,equal,506,44.50289998203516,48.10688551515341
dbpedia560k,equal,543,47.69896622747183,48.94647281616926
dbpedia560k,equal,162,44.501968659460545,48.10804966837168
dbpedia560k,equal,687,44.60208583623171,48.44856448471546
dbpedia560k,equal,60,44.426997192204,48.28197415918112
dbpedia560k,equal,239,46.965666115283966,48.30746911466122
dbpedia560k,equal,396,46.88347689807415,48.17568697035313
dbpedia560k,equal,518,44.67787221074104,48.53378050029278
dbpedia560k,equal,979,44.55086309462786,48.186047933995724
dbpedia560k,equal,666,44.623157009482384,48.29256795346737
dbpedia560k,equal,458,44.447602704167366,48.23820199817419
dbpedia560k,equal,559,46.85204476118088,48.15403372049332
dbpedia560k,equal,259,44.35167647898197,48.207701183855534
dbpedia560k,equal,787,46.9541409984231,48.19605965167284
dbpedia560k,equal,585,44.538057409226894,48.32411650568247
dbpedia560k,equal,526,44.6089543402195,48.262765631079674
dbpedia560k,equal,857,44.522457756102085,48.39233588427305
dbpedia560k,equal,369,46.979403123259544,48.25158976018429
dbpedia560k,equal,978,44.582877308130264,48.17289300262928
dbpedia560k,equal,765,44.70336716622114,48.31829573959112
dbpedia560k,equal,883,44.43712532520294,48.29291719943285
dbpedia560k,equal,408,44.64678931981325,48.295361921191216
dbpedia560k,equal,466,44.478802010416985,48.09838719666004
dbpedia560k,equal,783,44.57239992916584,48.402464017271996
dbpedia560k,equal,818,46.84051964432001,48.107001930475235
dbpedia560k,equal,128,44.61733624339104,48.182206228375435
dbpedia560k,equal,67,44.575659558176994,48.16264845430851
dbpedia560k,equal,89,46.95064853876829,48.2071191072464
dbpedia560k,equal,286,44.48345862329006,48.23366180062294
dbpedia560k,equal,422,47.6370332762599,48.88908006250858
dbpedia560k,equal,534,44.536893256008625,48.15729334950447
dbpedia560k,equal,581,46.930741518735886,48.2028117403388
dbpedia560k,equal,782,46.771601773798466,48.072426579892635
dbpedia560k,equal,705,44.57554314285517,48.361485823988914
dbpedia560k,equal,925,46.86904139816761,48.12213592231274
dbpedia560k,equal,171,45.20895890891552,48.30397665500641
dbpedia560k,equal,360,46.84051964432001,48.081972636282444
dbpedia560k,equal,392,46.975910663604736,48.288493417203426
dbpedia560k,equal,821,46.92911170423031,48.1967581436038
dbpedia560k,equal,452,47.79186565428972,49.01445936411619
dbpedia560k,equal,858,47.661829739809036,48.91434218734503
dbpedia560k,equal,263,44.6029007434845,48.1980387121439
dbpedia560k,equal,145,44.58334296941757,48.177316784858704
dbpedia560k,equal,375,44.58182957023382,48.357294872403145
dbpedia560k,equal,987,44.54131703823805,48.15170541405678
dbpedia560k,equal,794,46.86613101512194,48.137386329472065
dbpedia560k,equal,70,46.819914132356644,48.09210076928139
dbpedia560k,equal,302,44.62758079171181,44.93782762438059
dbpedia560k,equal,211,46.80035635828972,48.10688551515341
dbpedia560k,equal,387,46.9645019620657,48.24076313525438
dbpedia560k,equal,278,44.442364014685154,48.045883886516094
dbpedia560k,equal,172,46.92398943006992,48.17638546228409
dbpedia560k,equal,384,46.798959374427795,48.06695505976677
dbpedia560k,equal,250,47.70234227180481,48.95881284028292
dbpedia560k,equal,755,46.87940236181021,48.139248974621296
dbpedia560k,equal,371,46.97428084909916,48.23214840143919
dbpedia560k,equal,726,44.47170067578554,48.06765355169773
dbpedia560k,equal,631,47.02061414718628,48.29734098166227
dbpedia560k,equal,135,44.49300467967987,48.101646825671196
dbpedia560k,equal,896,44.56657916307449,48.16229920834303
dbpedia560k,equal,81,44.596497900784016,48.37301094084978
dbpedia560k,equal,800,44.700573198497295,48.517598770558834
dbpedia560k,equal,589,44.48241088539362,48.07568620890379
dbpedia560k,equal,69,44.571817852556705,48.36078733205795
dbpedia560k,equal,482,44.43235229700804,48.233428969979286
dbpedia560k,equal,900,47.00117278844118,48.267655074596405
dbpedia560k,equal,662,44.48171239346266,48.09757228940725
dbpedia560k,equal,995,46.92003130912781,48.22202026844025
dbpedia560k,equal,836,47.636800445616245,48.89955744147301
dbpedia560k,equal,556,44.67845428735018,44.9867220595479
dbpedia560k,equal,23,46.7994250357151,48.11142571270466
dbpedia560k,equal,828,44.66495011001825,48.28197415918112
dbpedia560k,equal,402,44.41209603101015,48.19722380489111
dbpedia560k,equal,881,47.08557389676571,48.2974573969841
dbpedia560k,equal,221,46.82119470089674,48.05868957191706
dbpedia560k,equal,766,44.58299372345209,48.19687455892563
dbpedia560k,equal,861,44.651562348008156,48.448098823428154
dbpedia560k,equal,544,44.76797766983509,45.08788697421551
dbpedia560k,equal,390,47.03225567936897,48.27440716326237
dbpedia560k,equal,85,47.0008235424757,48.252870328724384
dbpedia560k,equal,843,44.49300467967987,48.078130930662155
dbpedia560k,equal,320,44.645508751273155,44.92641892284155
dbpedia560k,equal,708,44.46692764759064,48.06241486221552
dbpedia560k,equal,551,44.63153891265392,48.406654968857765
dbpedia560k,equal,126,44.491724111139774,44.782995246350765
dbpedia560k,equal,797,47.622364945709705,48.898858949542046
dbpedia560k,equal,973,44.461688958108425,48.25671203434467
dbpedia560k,equal,465,44.67659164220095,48.2671894133091
dbpedia560k,equal,569,44.50243432074785,48.10176324099302
dbpedia560k,equal,177,44.62699871510267,48.24192728847265
dbpedia560k,equal,407,44.52222492545843,44.82257645577192
dbpedia560k,equal,18,44.64294761419296,48.22784103453159
dbpedia560k,equal,486,44.60779018700123,44.918619096279144
dbpedia560k,equal,397,47.02981095761061,48.30211400985718
dbpedia560k,equal,941,44.66215614229441,48.42784255743027
dbpedia560k,equal,285,44.69288978725672,48.31806290894747
dbpedia560k,equal,338,47.55903501063585,48.8312216475606
dbpedia560k,equal,24,44.716522097587585,48.331450670957565
dbpedia560k,equal,770,45.0977822765708,48.19303285330534
dbpedia560k,equal,599,44.66704558581114,48.25752694159746
dbpedia560k,equal,94,44.57694012671709,48.20642061531544
dbpedia560k,equal,100,44.66692917048931,48.47289528697729
dbpedia560k,equal,385,46.82072903960943,48.14250860363245
dbpedia560k,equal,500,44.66215614229441,48.45194052904844
dbpedia560k,equal,169,46.85274325311184,48.09582605957985
dbpedia560k,equal,329,44.692191295325756,48.26870281249285
dbpedia560k,equal,607,46.889414079487324,48.084999434649944
dbpedia560k,equal,864,44.6029007434845,48.38663153350353
dbpedia560k,equal,545,44.53095607459545,48.120622523128986
dbpedia560k,equal,727,46.959961764514446,48.2404138892889
dbpedia560k,equal,945,46.91490903496742,48.17708395421505
dbpedia560k,equal,293,45.16821354627609,48.26777148991823
dbpedia560k,equal,232,44.50720734894276,48.09768870472908
dbpedia560k,equal,191,44.656917452812195,48.2525210827589
dbpedia560k,equal,251,46.95903044193983,48.265792429447174
dbpedia560k,equal,785,44.675543904304504,48.291636630892754
dbpedia560k,equal,668,44.608721509575844,48.233894631266594
dbpedia560k,equal,14,47.13516682386398,48.38663153350353
dbpedia560k,equal,344,46.86112515628338,48.13307896256447
dbpedia560k,equal,111,44.692191295325756,45.82852125167847
dbpedia560k,equal,341,44.52676512300968,48.29280078411102
dbpedia560k,equal,863,47.104316763579845,48.365211114287376
dbpedia560k,equal,52,46.860892325639725,48.171961680054665
dbpedia560k,equal,333,44.59603223949671,48.201996833086014
dbpedia560k,equal,665,46.97113763540983,48.23750350624323
dbpedia560k,equal,802,47.076260671019554,48.337504267692566
dbpedia560k,equal,744,44.574146158993244,48.17778244614601
dbpedia560k,equal,553,44.65342499315739,48.242975026369095
dbpedia560k,equal,695,44.532003812491894,48.126792535185814
dbpedia560k,equal,311,47.7455323562026,49.00654312223196
dbpedia560k,equal,82,44.482992962002754,48.13144914805889
dbpedia560k,equal,762,44.631888158619404,48.247748054564
dbpedia560k,equal,905,44.54166628420353,48.14821295440197
dbpedia560k,equal,479,45.197317376732826,48.30234684050083
dbpedia560k,equal,383,47.576380893588066,48.82761277258396
dbpedia560k,equal,104,44.65249367058277,48.25671203434467
dbpedia560k,equal,139,46.841916628181934,48.09396341443062
dbpedia560k,equal,663,44.686137698590755,45.84866110235453
dbpedia560k,equal,654,44.41069904714823,48.011308535933495
dbpedia560k,equal,710,44.637126848101616,48.2464674860239
dbpedia560k,equal,968,44.55691669136286,48.1574097648263
dbpedia560k,equal,822,47.04634193331003,48.26835356652737
dbpedia560k,equal,176,44.56657916307449,48.331799916923046
dbpedia560k,equal,425,44.639105908572674,48.4042102470994
dbpedia560k,equal,450,44.57379691302776,48.16881846636534
dbpedia560k,equal,49,46.99884448200464,48.25950600206852
dbpedia560k,equal,284,46.87486216425896,48.1379684060812
dbpedia560k,equal,540,44.591608457267284,48.348563723266125
dbpedia560k,equal,268,44.53165456652641,48.287445679306984
dbpedia560k,equal,942,44.60208583623171,48.21689799427986
dbpedia560k,equal,96,47.00012505054474,48.24204370379448
dbpedia560k,equal,454,44.644810259342194,48.386515118181705
dbpedia560k,equal,780,44.485670514404774,48.202346079051495
dbpedia560k,equal,347,44.59638148546219,48.191286623477936
dbpedia560k,equal,516,46.84017039835453,48.11096005141735
dbpedia560k,equal,719,44.547487050294876,48.31352271139622
dbpedia560k,equal,501,47.616660594940186,48.888614401221275
dbpedia560k,equal,899,44.661457650363445,48.44705108553171
dbpedia560k,equal,225,47.55181726068258,48.783374950289726
dbpedia560k,equal,990,46.928529627621174,48.02655894309282
dbpedia560k,equal,299,44.50720734894276,48.39198663830757
dbpedia560k,equal,850,44.62222568690777,48.39734174311161
dbpedia560k,equal,282,44.52269058674574,48.09873644262552
dbpedia560k,equal,566,47.78197035193443,48.988498747348785
dbpedia560k,equal,346,45.20767834037542,48.26707299798727
dbpedia560k,equal,786,44.62909419089556,48.234243877232075
dbpedia560k,equal,185,46.86904139816761,48.130983486771584
dbpedia560k,equal,612,47.07532934844494,48.37219603359699
dbpedia560k,equal,791,44.50150299817324,48.097106628119946
dbpedia560k,equal,389,44.61768548935652,48.422953113913536
dbpedia560k,equal,960,46.96089308708906,48.28348755836487
dbpedia560k,equal,78,44.70301792025566,48.30770194530487
dbpedia560k,equal,603,44.50185224413872,48.426678404212
dbpedia560k,equal,689,44.61721982806921,48.39745815843344
dbpedia560k,equal,291,47.60141018778086,48.904563300311565
dbpedia560k,equal,650,44.7174534201622,48.502348363399506
dbpedia560k,equal,537,47.70536907017231,48.968009650707245
dbpedia560k,equal,661,47.06589970737696,48.338319174945354
dbpedia560k,equal,909,47.61561285704374,48.86870738118887
dbpedia560k,equal,750,47.02084697782993,48.342859372496605
dbpedia560k,equal,856,44.54189911484718,48.317015171051025
dbpedia560k,equal,287,44.55377347767353,48.32888953387737
dbpedia560k,equal,198,44.64027006179094,48.41166082769632
dbpedia560k,equal,337,47.851004637777805,49.132853746414185
dbpedia560k,equal,248,44.66308746486902,48.25333599001169
dbpedia560k,equal,868,44.591957703232765,48.38337190449238
dbpedia560k,equal,405,44.44504156708717,48.22202026844025
dbpedia560k,equal,289,47.100940719246864,48.353103920817375
dbpedia560k,equal,63,46.89360503107309,48.127141781151295
dbpedia560k,equal,137,47.02131263911724,48.27242810279131
dbpedia560k,equal,749,46.881381422281265,48.18779416382313
dbpedia560k,equal,767,44.72734872251749,48.320041969418526
dbpedia560k,equal,706,44.59568299353123,48.2028117403388
dbpedia560k,equal,525,44.61605567485094,48.402114771306515
dbpedia560k,equal,673,44.52758003026247,48.28313831239939
dbpedia560k,equal,35,47.06589970737696,48.32330159842968
dbpedia560k,equal,165,44.487882405519485,48.26299846172333
dbpedia560k,equal,308,47.73843102157116,49.01038482785225
dbpedia560k,equal,413,44.6258345618844,48.22085611522198
dbpedia560k,equal,948,44.70197018235922,48.30199759453535
dbpedia560k,equal,810,46.91642243415117,48.18732850253582
dbpedia560k,equal,330,46.97008989751339,48.23203198611736
dbpedia560k,equal,122,47.61735908687115,48.908405005931854
dbpedia560k,equal,994,46.96066025644541,48.09268284589052
dbpedia560k,equal,430,44.723041355609894,48.299203626811504
dbpedia560k,equal,306,44.756452552974224,48.5412310808897
dbpedia560k,equal,724,44.639804400503635,48.225861974060535
dbpedia560k,equal,419,44.72734872251749,48.347050324082375
dbpedia560k,equal,936,46.96124233305454,48.20432513952255
dbpedia560k,equal,163,44.607557356357574,48.39361645281315
dbpedia560k,equal,992,44.48310937732458,48.26707299798727
dbpedia560k,equal,228,44.77414768189192,48.38826134800911
dbpedia560k,equal,757,44.63095683604479,48.20141475647688
dbpedia560k,equal,217,44.67950202524662,48.27091470360756
dbpedia560k,equal,656,47.675915993750095,48.947520554065704
dbpedia560k,equal,653,47.004781663417816,48.302230425179005
dbpedia560k,equal,576,44.44248043000698,48.21852780878544
dbpedia560k,equal,688,47.015026211738586,48.2823234051466
dbpedia560k,equal,866,46.92969378083944,48.20490721613169
dbpedia560k,equal,54,44.57274917513132,48.187910579144955
dbpedia560k,equal,570,44.651213102042675,44.9612271040678
dbpedia560k,equal,998,46.94005474448204,48.192450776696205
dbpedia560k,equal,562,47.73284308612347,48.97499457001686
dbpedia560k,equal,967,47.08138294517994,48.3532203361392
dbpedia560k,equal,753,44.662621803581715,44.9715880677104
dbpedia560k,equal,72,44.63200457394123,48.3890762552619
dbpedia560k,equal,685,46.96159157902002,48.217945732176304
dbpedia560k,equal,400,44.79731433093548,48.412359319627285
dbpedia560k,equal,230,44.62304059416056,48.18814340978861
dbpedia560k,equal,437,44.65098027139902,48.41701593250036
dbpedia560k,equal,664,44.512562453746796,48.27859811484814
dbpedia560k,equal,989,47.13900852948427,48.3968760818243
dbpedia560k,equal,242,44.43794023245573,48.21305628865957
dbpedia560k,equal,760,46.87136970460415,48.132496885955334
dbpedia560k,equal,231,44.681946747004986,48.271496780216694
dbpedia560k,equal,193,44.713844545185566,48.47894888371229
dbpedia560k,equal,51,46.92596849054098,48.172310926020145
dbpedia560k,equal,627,44.6258345618844,48.41142799705267
dbpedia560k,equal,824,47.59058356285095,48.842630349099636
dbpedia560k,equal,98,44.707790948450565,48.29373210668564
dbpedia560k,equal,148,46.891625970602036,48.14413841813803
dbpedia560k,equal,493,44.748070649802685,48.52865822613239
dbpedia560k,equal,296,44.76297181099653,48.35182335227728
dbpedia560k,equal,447,47.03679587692022,48.35776053369045
dbpedia560k,equal,315,46.904431656003,48.19605965167284
dbpedia560k,equal,495,44.55784801393747,48.331799916923046
dbpedia560k,equal,73,46.768924221396446,47.88092337548733
dbpedia560k,equal,902,44.66215614229441,48.44705108553171
dbpedia560k,equal,595,47.60501906275749,48.84751979261637
dbpedia560k,equal,916,44.54818554222584,44.85808312892914
dbpedia560k,equal,300,46.826316975057125,48.093730583786964
dbpedia560k,equal,220,46.965666115283966,48.10257814824581
dbpedia560k,equal,969,46.750763431191444,48.04111085832119
dbpedia560k,equal,388,44.577522203326225,48.332614824175835
dbpedia560k,equal,414,46.86031024903059,48.136571422219276
dbpedia560k,equal,886,47.650886699557304,48.897345550358295
dbpedia560k,equal,658,44.47135142982006,48.23680501431227
dbpedia560k,equal,736,45.02665251493454,48.11165854334831
dbpedia560k,equal,381,46.80990241467953,48.11130929738283
dbpedia560k,equal,114,45.0770603492856,48.156711272895336
dbpedia560k,equal,641,44.48543768376112,48.07254299521446
dbpedia560k,equal,573,46.87393084168434,48.1258612126112
dbpedia560k,equal,484,46.895118430256844,48.146117478609085
dbpedia560k,equal,848,46.92119546234608,48.18313755095005
dbpedia560k,equal,963,44.45796366780996,48.053101636469364
dbpedia560k,equal,32,47.031440772116184,48.302928917109966
dbpedia560k,equal,937,44.52688153833151,48.160902224481106
dbpedia560k,equal,150,44.746906496584415,48.5364580526948
dbpedia560k,equal,876,44.66786049306393,48.27277734875679
dbpedia560k,equal,332,44.63060759007931,48.23645576834679
dbpedia560k,equal,476,47.10990469902754,48.320856876671314
dbpedia560k,equal,508,47.10489884018898,48.35287109017372
dbpedia560k,equal,113,44.437358155846596,48.24809730052948
dbpedia560k,equal,394,47.03551530838013,48.296176828444004
dbpedia560k,equal,953,44.86646503210068,48.45159128308296
dbpedia560k,equal,546,47.0051309093833,48.266141675412655
dbpedia560k,equal,464,44.532353058457375,48.15659485757351
dbpedia560k,equal,895,44.58799958229065,48.36311563849449
dbpedia560k,equal,933,44.556218199431896,48.151821829378605
dbpedia560k,equal,725,47.83272743225098,49.11469295620918
dbpedia560k,equal,649,44.44143269211054,48.20746835321188
dbpedia560k,equal,541,44.73153967410326,48.3320327475667
dbpedia560k,equal,234,44.40604243427515,48.19303285330534
dbpedia560k,equal,712,44.792075641453266,48.38756285607815
dbpedia560k,equal,43,44.50662527233362,48.28267265111208
dbpedia560k,equal,380,47.56206180900335,48.82412031292915
dbpedia560k,equal,958,46.86869215220213,48.116897232830524
dbpedia560k,equal,445,44.56145688891411,48.342859372496605
dbpedia560k,equal,132,46.910252422094345,48.17219451069832
dbpedia560k,equal,105,44.58718467503786,48.37801679968834
dbpedia560k,equal,368,46.90862260758877,48.16160071641207
dbpedia560k,equal,298,44.58636976778507,48.402813263237476
dbpedia560k,equal,403,46.97986878454685,48.22295159101486
dbpedia560k,equal,523,44.577522203326225,48.3380863443017
dbpedia560k,equal,451,44.626882299780846,48.25997166335583
dbpedia560k,equal,265,44.6811318397522,48.28581586480141
dbpedia560k,equal,832,47.5212000310421,48.80828782916069
dbpedia560k,equal,875,46.85390740633011,48.150657676160336
dbpedia560k,equal,272,46.800123527646065,48.0731250718236
dbpedia560k,equal,606,46.96100950241089,48.25193900614977
dbpedia560k,equal,325,44.53631117939949,48.13331179320812
dbpedia560k,equal,775,44.47600804269314,48.247864469885826
dbpedia560k,equal,728,44.51535642147064,48.2914038002491
dbpedia560k,equal,748,44.6016201749444,48.37766755372286
dbpedia560k,equal,473,44.51698623597622,48.273010179400444
dbpedia560k,equal,244,47.00548015534878,48.32854028791189
dbpedia560k,equal,806,46.95029929280281,48.20222966372967
dbpedia560k,equal,8,45.16402259469032,48.25904034078121
dbpedia560k,equal,592,44.51663699001074,48.15252032130957
dbpedia560k,equal,734,46.941800974309444,48.23377821594477
dbpedia560k,equal,554,44.50790584087372,48.29326644539833
dbpedia560k,equal,769,44.74224988371134,48.34262654185295
dbpedia560k,equal,317,44.5968471467495,48.2101459056139
dbpedia560k,equal,401,47.02585283666849,48.235757276415825
dbpedia560k,equal,825,46.87043838202953,48.12248516827822
dbpedia560k,equal,173,44.48287654668093,48.258923925459385
dbpedia560k,equal,602,44.4464385509491,48.05054049938917
dbpedia560k,equal,944,47.676265239715576,48.95683377981186
dbpedia560k,equal,565,46.92445509135723,48.20665344595909
dbpedia560k,equal,999,44.71512511372566,48.38523454964161
dbpedia560k,equal,737,46.75122909247875,48.02318289875984
dbpedia560k,equal,707,44.62222568690777,44.9218787252903
dbpedia560k,equal,151,44.47787068784237,48.08790981769562
dbpedia560k,equal,428,44.60057243704796,48.22562914341688
dbpedia560k,equal,275,44.52501889318228,48.132031224668026
dbpedia560k,equal,667,44.50627602636814,48.30153193324804
dbpedia560k,equal,697,46.88010085374117,48.156711272895336
dbpedia560k,equal,555,47.661480493843555,48.928544856607914
dbpedia560k,equal,715,44.502667151391506,48.11771214008331
dbpedia560k,equal,572,44.49149128049612,48.266490921378136
dbpedia560k,equal,457,44.548301957547665,48.314337618649006
dbpedia560k,equal,404,46.95565439760685,48.2265604659915
dbpedia560k,equal,472,44.56797614693642,48.37312735617161
dbpedia560k,equal,214,47.01071884483099,48.27172961086035
dbpedia560k,equal,682,46.87136970460415,48.1531023979187
dbpedia560k,equal,154,44.63118966668844,48.41748159378767
dbpedia560k,equal,920,46.879518777132034,48.1228344142437
dbpedia560k,equal,510,44.626882299780846,48.417248763144016
dbpedia560k,equal,815,46.87043838202953,48.11258986592293
dbpedia560k,equal,106,44.58834882825613,48.37347660213709
dbpedia560k,equal,202,44.48229447007179,48.257410526275635
dbpedia560k,equal,717,44.56203896552324,48.18697925657034
dbpedia560k,equal,190,44.55272573977709,48.35776053369045
dbpedia560k,equal,608,47.12003283202648,48.39245229959488
dbpedia560k,equal,478,44.58904732018709,48.20316098630428
dbpedia560k,equal,773,44.651562348008156,48.257410526275635
dbpedia560k,equal,345,46.9753285869956,48.20746835321188
dbpedia560k,equal,892,47.72236570715904,48.9742960780859
dbpedia560k,equal,926,46.8892976641655,48.17207809537649
dbpedia560k,equal,357,46.93691153079271,48.21806214749813
dbpedia560k,equal,102,44.495915062725544,48.27289376407862
dbpedia560k,equal,511,46.956236474215984,48.25275391340256
dbpedia560k,equal,247,46.904897317290306,48.1859315186739
dbpedia560k,equal,227,44.71698775887489,45.02781666815281
dbpedia560k,equal,112,44.61687058210373,48.422953113913536
dbpedia560k,equal,583,44.52222492545843,48.333778977394104
dbpedia560k,equal,807,46.850997023284435,48.156711272895336
dbpedia560k,equal,245,44.64143421500921,48.247515223920345
dbpedia560k,equal,373,47.53749817609787,48.79920743405819
dbpedia560k,equal,632,44.592306949198246,48.17626904696226
dbpedia560k,equal,372,44.45808008313179,48.23412746191025
dbpedia560k,equal,527,44.7053462266922,48.30013494938612
dbpedia560k,equal,355,46.989298425614834,48.257061280310154
dbpedia560k,equal,379,46.98918201029301,48.25007636100054
dbpedia560k,equal,869,46.75623495131731,48.04262425750494
dbpedia560k,equal,914,47.69815132021904,48.97010512650013
dbpedia560k,equal,262,46.81898280978203,48.07556979358196
dbpedia560k,equal,971,46.881032176315784,48.15682768821716
dbpedia560k,equal,891,44.526997953653336,48.13156556338072
dbpedia560k,equal,833,44.59300544112921,48.378133215010166
dbpedia560k,equal,805,47.565437853336334,48.822956159710884
dbpedia560k,equal,84,44.62781362235546,48.287445679306984
dbpedia560k,equal,514,46.86613101512194,48.15694410353899
dbpedia560k,equal,61,44.6616904810071,48.258574679493904
dbpedia560k,equal,701,44.47833634912968,48.09279926121235
dbpedia560k,equal,530,46.92119546234608,48.17300941795111
dbpedia560k,equal,304,46.84703890234232,48.102461732923985
dbpedia560k,equal,183,44.42385397851467,48.217945732176304
dbpedia560k,equal,115,44.51535642147064,48.10141399502754
dbpedia560k,equal,398,44.57274917513132,44.87740807235241
dbpedia560k,equal,119,44.497428461909294,48.08313678950071
dbpedia560k,equal,189,47.040870413184166,48.32632839679718
dbpedia560k,equal,149,44.49905827641487,48.28313831239939
dbpedia560k,equal,913,44.657266698777676,44.957385398447514
dbpedia560k,equal,779,46.925852075219154,48.17673470824957
dbpedia560k,equal,267,47.70036321133375,48.97348117083311
dbpedia560k,equal,951,44.57158502191305,48.16160071641207
dbpedia560k,equal,813,46.93586379289627,48.19687455892563
dbpedia560k,equal,834,46.82468716055155,48.11177495867014
dbpedia560k,equal,819,46.89057823270559,48.17370790988207
dbpedia560k,equal,799,44.45156082510948,48.23703784495592
dbpedia560k,equal,224,46.92003130912781,48.17137960344553
dbpedia560k,equal,66,45.073218643665314,48.169284127652645
dbpedia560k,equal,120,44.57321483641863,48.19722380489111
dbpedia560k,equal,904,46.94086965173483,48.20397589355707
dbpedia560k,equal,557,44.56646274775267,48.18127490580082
dbpedia560k,equal,25,46.945526264607906,48.19710738956928
dbpedia560k,equal,443,44.60231866687536,48.40770270675421
dbpedia560k,equal,71,44.49766129255295,48.3125913888216
dbpedia560k,equal,614,44.59207411855459,48.3830226585269
dbpedia560k,equal,351,45.182532630860806,48.23715426027775
dbpedia560k,equal,906,46.99511919170618,48.30246325582266
dbpedia560k,equal,16,46.87090404331684,48.17405715584755
dbpedia560k,equal,844,46.96135874837637,48.25368523597717
dbpedia560k,equal,912,44.47659011930227,48.25263749808073
dbpedia560k,equal,788,47.64262121170759,48.9142257720232
dbpedia560k,equal,591,46.74529191106558,47.87708166986704
dbpedia560k,equal,439,46.98045086115599,48.21200855076313
dbpedia560k,equal,435,44.49801053851843,48.11293911188841
dbpedia560k,equal,257,47.0202649012208,48.26148506253958
dbpedia560k,equal,918,44.57239992916584,48.16753789782524
dbpedia560k,equal,124,44.57810427993536,48.18418528884649
dbpedia560k,equal,376,46.8249199911952,48.101646825671196
dbpedia560k,equal,718,44.56739407032728,48.172310926020145
dbpedia560k,equal,367,46.90897185355425,48.16008731722832
dbpedia560k,equal,27,44.6271151304245,48.21340553462505
dbpedia560k,equal,636,44.632586650550365,48.22865594178438
dbpedia560k,equal,579,46.9705555588007,48.25647920370102
dbpedia560k,equal,593,44.42303907126188,48.22260234504938
dbpedia560k,equal,529,46.95646930485964,48.19838795810938
dbpedia560k,equal,470,46.926201321184635,48.18814340978861
dbpedia560k,equal,702,44.64259836822748,48.27731754630804
dbpedia560k,equal,681,47.59221337735653,48.84437657892704
dbpedia560k,equal,366,44.66099198907614,48.46684169024229
dbpedia560k,equal,28,44.552842155098915,48.157526180148125
dbpedia560k,equal,46,47.07183688879013,48.332964070141315
dbpedia560k,equal,959,44.52141001820564,48.14588464796543
dbpedia560k,equal,903,44.66285463422537,48.30735269933939
dbpedia560k,equal,699,44.50604319572449,48.291985876858234
dbpedia560k,equal,19,44.60779018700123,48.21771290153265
dbpedia560k,equal,377,44.58113107830286,48.37196320295334
dbpedia560k,equal,75,44.72245927900076,48.3423937112093
dbpedia560k,equal,253,44.658081606030464,48.25799260288477
dbpedia560k,equal,33,47.07148764282465,48.35368599742651
dbpedia560k,equal,453,44.62746437638998,48.44146315008402
dbpedia560k,equal,441,47.10443317890167,48.31189289689064
dbpedia560k,equal,634,44.477987103164196,48.27359225600958
dbpedia560k,equal,924,44.75610330700874,48.56102168560028
dbpedia560k,equal,983,44.50324922800064,48.11887629330158
dbpedia560k,equal,57,44.86332181841135,48.49385004490614
dbpedia560k,equal,134,47.10501525551081,48.377434723079205
dbpedia560k,equal,777,47.8462316095829,49.088383093476295
dbpedia560k,equal,629,44.604530557990074,48.391520977020264
dbpedia560k,equal,532,44.60115451365709,48.37720189243555
dbpedia560k,equal,814,44.5216428488493,48.29664248973131
dbpedia560k,equal,947,44.6932390332222,48.33843559026718
dbpedia560k,equal,226,46.900007873773575,48.17137960344553
dbpedia560k,equal,890,44.626882299780846,48.23179915547371
dbpedia560k,equal,704,46.846107579767704,48.15810825675726
dbpedia560k,equal,694,46.96636460721493,48.16788714379072
dbpedia560k,equal,732,46.84505984187126,47.969166189432144
dbpedia560k,equal,852,47.04971797764301,48.3004841953516
dbpedia560k,equal,521,46.82387225329876,48.07149525731802
dbpedia560k,equal,882,46.919798478484154,48.16311411559582
dbpedia560k,equal,538,44.481828808784485,48.08173980563879
dbpedia560k,equal,322,44.64189987629652,48.23750350624323
dbpedia560k,equal,290,46.79907578974962,48.05659409612417
dbpedia560k,equal,552,44.66099198907614,48.255897127091885
dbpedia560k,equal,110,44.45703234523535,48.25147334486246
dbpedia560k,equal,823,44.62758079171181,48.40351175516844
dbpedia560k,equal,839,44.528511352837086,48.1336610391736
dbpedia560k,equal,255,44.600688852369785,48.21037873625755
dbpedia560k,equal,181,44.50592678040266,48.10560494661331
dbpedia560k,equal,528,47.06473555415869,48.3017647638917
dbpedia560k,equal,660,46.95903044193983,48.162066377699375
dbpedia560k,equal,87,46.95006646215916,48.18313755095005
dbpedia560k,equal,246,44.492073357105255,48.258109018206596
dbpedia560k,equal,192,44.657266698777676,44.968328438699245
dbpedia560k,equal,101,45.18718924373388,48.27289376407862
dbpedia560k,equal,140,44.56518217921257,48.35217259824276
dbpedia560k,equal,587,44.498126953840256,48.293150030076504
dbpedia560k,equal,199,44.67263352125883,48.47755189985037
dbpedia560k,equal,261,47.61235322803259,48.85380621999502
dbpedia560k,equal,809,44.53316796571016,48.12807310372591
dbpedia560k,equal,609,44.56797614693642,48.16311411559582
dbpedia560k,equal,867,47.06589970737696,48.386864364147186
dbpedia560k,equal,567,44.576008804142475,48.20188041776419
dbpedia560k,equal,931,44.82315853238106,45.98475061357021
dbpedia560k,equal,489,46.967179514467716,48.23901690542698
dbpedia560k,equal,889,44.67880353331566,48.29396493732929
dbpedia560k,equal,74,46.87556065618992,48.106187023222446
dbpedia560k,equal,957,47.639477998018265,48.84751979261637
dbpedia560k,equal,986,44.436659663915634,48.22749178856611
dbpedia560k,equal,179,46.99069540947676,48.26264921575785
dbpedia560k,equal,533,46.97497934103012,48.236921429634094
dbpedia560k,equal,279,46.98592238128185,48.28337114304304
dbpedia560k,equal,277,46.88906483352184,48.14472049474716
dbpedia560k,equal,292,47.06962499767542,48.20071626454592
dbpedia560k,equal,820,47.08138294517994,48.369052819907665
dbpedia560k,equal,577,44.617801904678345,48.21817856281996
dbpedia560k,equal,305,44.446089304983616,48.23214840143919
dbpedia560k,equal,83,44.72292494028807,45.03398668020964
dbpedia560k,equal,596,44.45691592991352,48.05740900337696
dbpedia560k,equal,39,44.60138734430075,48.21538459509611
dbpedia560k,equal,356,44.41826604306698,48.02329931408167
dbpedia560k,equal,574,44.67880353331566,44.9789222329855
dbpedia560k,equal,981,46.90862260758877,48.171612434089184
dbpedia560k,equal,571,46.92526999861002,48.19605965167284
dbpedia560k,equal,123,47.43051249533892,48.65787923336029
dbpedia560k,equal,520,46.95600364357233,48.22807386517525
dbpedia560k,equal,934,46.92096263170242,48.18732850253582
dbpedia560k,equal,961,46.91991489380598,48.18302113562822
dbpedia560k,equal,645,44.48054824024439,48.26555959880352
dbpedia560k,equal,954,44.582877308130264,44.8829960078001
dbpedia560k,equal,130,46.909903176128864,48.17277658730745
dbpedia560k,equal,917,47.110021114349365,48.38116001337767
dbpedia560k,equal,9,46.86485044658184,48.166257329285145
dbpedia560k,equal,908,47.78197035193443,49.03855733573437
dbpedia560k,equal,321,46.87171895056963,48.15286956727505
dbpedia560k,equal,879,47.66660276800394,48.94426092505455
dbpedia560k,equal,811,46.92526999861002,48.21538459509611
dbpedia560k,equal,598,44.64236553758383,48.417248763144016
dbpedia560k,equal,610,44.507323764264584,48.111891373991966
dbpedia560k,equal,64,44.70255225896835,45.002554543316364
dbpedia560k,equal,433,44.55575253814459,48.36078733205795
dbpedia560k,equal,740,44.662971049547195,48.26707299798727
dbpedia560k,equal,630,44.487183913588524,48.282090574502945
dbpedia560k,equal,644,46.9299266114831,48.20222966372967
dbpedia560k,equal,803,44.60138734430075,48.20746835321188
dbpedia560k,equal,597,47.02620208263397,48.26858639717102
dbpedia560k,equal,164,47.06683102995157,48.30805119127035
dbpedia560k,equal,860,44.705579057335854,48.30118268728256
dbpedia560k,equal,878,46.96205724030733,48.222835175693035
dbpedia560k,equal,471,44.65109668672085,48.238085582852364
dbpedia560k,equal,2,44.60744094103575,48.41294139623642
dbpedia560k,equal,898,44.665997847914696,44.96693145483732
dbpedia560k,equal,503,46.89057823270559,48.15356805920601
dbpedia560k,equal,99,47.09453787654638,48.32702688872814
dbpedia560k,equal,233,47.00908903032541,48.27289376407862
dbpedia560k,equal,884,47.09081258624792,48.381974920630455
dbpedia560k,equal,48,44.50150299817324,48.102461732923985
dbpedia560k,equal,460,44.64189987629652,48.4223710373044
dbpedia560k,equal,488,46.89139313995838,48.09279926121235
dbpedia560k,equal,237,44.61221396923065,48.21666516363621
dbpedia560k,equal,186,44.565764255821705,48.151821829378605
dbpedia560k,equal,977,44.59661431610584,48.37801679968834
dbpedia560k,equal,235,44.562737457454205,48.33762068301439
dbpedia560k,equal,628,47.00431600213051,48.261601477861404
dbpedia560k,equal,424,44.54620648175478,48.15158899873495
dbpedia560k,equal,273,44.646672904491425,48.24157804250717
dbpedia560k,equal,855,44.59242336452007,48.376619815826416
dbpedia560k,equal,877,47.00152203440666,48.22807386517525
dbpedia560k,equal,236,44.587417505681515,48.178015276789665
dbpedia560k,equal,871,44.74108573049307,48.52749407291412
dbpedia560k,equal,487,44.47600804269314,48.26183430850506
dbpedia560k,equal,696,44.6271151304245,48.42318594455719
dbpedia560k,equal,40,44.54667214304209,48.341695219278336
dbpedia560k,equal,758,44.67088729143143,48.43692295253277
dbpedia560k,equal,975,44.45051308721304,45.592780224978924
dbpedia560k,equal,92,44.601503759622574,48.22202026844025
dbpedia560k,equal,790,44.59172487258911,48.17778244614601
dbpedia560k,equal,309,44.528162106871605,48.32143895328045
dbpedia560k,equal,826,44.53212022781372,48.328423872590065
dbpedia560k,equal,812,46.99965938925743,48.25182259082794
dbpedia560k,equal,393,46.87136970460415,48.133544623851776
dbpedia560k,equal,168,47.241104766726494,48.55811130255461
dbpedia560k,equal,406,44.79731433093548,48.39233588427305
dbpedia560k,equal,676,47.23051097244024,48.512592911720276
